[     327ms] [LOG] [initGame] START, isMobile: false @ http://localhost:3001/main.js?v=1785343446443:289
[     327ms] [LOG] [initGame] creating scene... @ http://localhost:3001/main.js?v=1785343446443:292
[     327ms] [LOG] [initGame] scene created: true @ http://localhost:3001/main.js?v=1785343446443:294
[     476ms] [LOG] [NodePad] Pad 0: pos=(46.00, 0.00) data=(46.00, 0.00) @ http://localhost:3001/world/MapGeneratorNode.js?v=1783108959290:369
[     476ms] [LOG] [NodePad] Pad 1: pos=(45.91, -2.89) data=(45.91, -2.89) @ http://localhost:3001/world/MapGeneratorNode.js?v=1783108959290:369
[     492ms] [LOG] [MapGenSync] Synced 100 pads from node, first=(46.0, 0.0) second=(45.9, -2.9) @ http://localhost:3001/world/MapGenerator.js:637
[     697ms] [LOG] [MapGenerator] Before filter: 100 pads, first: (46.0, 0.0) @ http://localhost:3001/world/MapGenerator.js:5169
[     697ms] [LOG] [MapGenerator] After filter: 100 pads, first: (46.0, 0.0) second: (45.9, -2.9) @ http://localhost:3001/world/MapGenerator.js:5205
[     706ms] [LOG] [InstancedMesh] Collected 1757 candidate meshes @ http://localhost:3001/world/InstancedMeshSystem.js:24
[     706ms] [LOG] [InstancedMesh] Skipped: noMapGen=0, culled=0, aniInt=276, noGeoKey=0, matKey=0 @ http://localhost:3001/world/InstancedMeshSystem.js:25
[     750ms] [LOG] [InstancedMesh] Groups: 505, Replaced: 1409, Skipped(<2): 348 @ http://localhost:3001/world/InstancedMeshSystem.js:104
[     750ms] [LOG] [MapGenerator] InstancedMesh: 1409 meshes merged into 157 InstancedMesh (total before: 1005, after: 944) @ http://localhost:3001/world/MapGenerator.js:178
[     807ms] [LOG] [LootManager] generateChestsAsync: floorTiles=100, spots=40, chestCount=120 @ http://localhost:3001/items/LootManager.js:257
[    1630ms] [LOG] [Player] selectSlot: slot=0 weapon=knife mesh=exists this.mesh=exists socket=exists @ http://localhost:3001/entities/Player.js:838
[    1630ms] [LOG] [Player] selectSlot: attached weapon knife to socket, mesh.visible=true @ http://localhost:3001/entities/Player.js:851
[    1631ms] [LOG] [Player] updateViewWeapon: currentWeapon=knife fists=fists fpArmsVisible=false @ http://localhost:3001/entities/Player.js:1211
[    1631ms] [LOG] [Player] animateViewModelWeapon ENTER type=knife @ http://localhost:3001/entities/Player.js:1138
[    2314ms] [LOG] [Player] Weapon created: type=knife mesh=exists @ http://localhost:3001/entities/Player.js:1164
[    2315ms] [LOG] [Player] updateFirstPersonArmsVisibility: isFirstPerson=true currentWeapon=knife _lastArmWeaponType=null @ http://localhost:3001/entities/Player.js:811
[    2315ms] [LOG] [Player] updateFirstPersonArmsVisibility: setting showArms=false weaponType=knife @ http://localhost:3001/entities/Player.js:824
[    2315ms] [LOG] [Player] updateViewWeapon: currentWeapon=knife fists=fists fpArmsVisible=true @ http://localhost:3001/entities/Player.js:1211
[    2316ms] [LOG] [SpawnDebug] Total pads=100 BotPads=99 First=(46.0, 0.0) Second=(45.9, -2.9) Last=(45.9, 2.9) @ http://localhost:3001/main.js?v=1785343446443:621
[    2316ms] [LOG] [SpawnDebug] Bot 0: pad=(45.91, -2.89) spawn=(45.91, -2.89) distFromCenter=46.00 @ http://localhost:3001/main.js?v=1785343446443:633
[    2950ms] [LOG] [SpawnDebug] Bot 1: pad=(45.64, -5.77) spawn=(45.64, -5.77) distFromCenter=46.00 @ http://localhost:3001/main.js?v=1785343446443:633
[    3645ms] [LOG] [SpawnDebug] Bot 2: pad=(45.19, -8.62) spawn=(45.19, -8.62) distFromCenter=46.00 @ http://localhost:3001/main.js?v=1785343446443:633
[   64055ms] [LOG] [initGame] done: true true true @ http://localhost:3001/main.js?v=1785343446443:570
[   64412ms] [LOG] [LootManager] floorTiles path: created 40 chests @ http://localhost:3001/items/LootManager.js:299
[   64412ms] [LOG] [LootManager] random fallback path, chestCount=120 @ http://localhost:3001/items/LootManager.js:308
[   64756ms] [LOG] [Player] updateFirstPersonArmsVisibility: isFirstPerson=true currentWeapon=knife _lastArmWeaponType=knife @ http://localhost:3001/entities/Player.js:811
[   66285ms] [LOG] [Player] updateFirstPersonArmsVisibility: isFirstPerson=true currentWeapon=knife _lastArmWeaponType=knife @ http://localhost:3001/entities/Player.js:811
[   66592ms] [LOG] [Player] updateFirstPersonArmsVisibility: isFirstPerson=true currentWeapon=knife _lastArmWeaponType=knife @ http://localhost:3001/entities/Player.js:811
[   66773ms] [LOG] [LootManager] random fallback: created 120 chests @ http://localhost:3001/items/LootManager.js:336
[   66784ms] [LOG] [LootManager] Generated 120 chests @ http://localhost:3001/items/LootManager.js:44
[   66786ms] [LOG] [Player] updateFirstPersonArmsVisibility: isFirstPerson=true currentWeapon=knife _lastArmWeaponType=knife @ http://localhost:3001/entities/Player.js:811
[   66923ms] [LOG] [Player] updateFirstPersonArmsVisibility: isFirstPerson=true currentWeapon=knife _lastArmWeaponType=knife @ http://localhost:3001/entities/Player.js:811
[   67005ms] [LOG] [Player] updateFirstPersonArmsVisibility: isFirstPerson=true currentWeapon=knife _lastArmWeaponType=knife @ http://localhost:3001/entities/Player.js:811
[   67099ms] [LOG] [Player] updateFirstPersonArmsVisibility: isFirstPerson=true currentWeapon=knife _lastArmWeaponType=knife @ http://localhost:3001/entities/Player.js:811
[   67195ms] [LOG] [Player] updateFirstPersonArmsVisibility: isFirstPerson=true currentWeapon=knife _lastArmWeaponType=knife @ http://localhost:3001/entities/Player.js:811
[   67266ms] [LOG] [Player] updateFirstPersonArmsVisibility: isFirstPerson=true currentWeapon=knife _lastArmWeaponType=knife @ http://localhost:3001/entities/Player.js:811
[   67361ms] [LOG] [Player] updateFirstPersonArmsVisibility: isFirstPerson=true currentWeapon=knife _lastArmWeaponType=knife @ http://localhost:3001/entities/Player.js:811
[   67473ms] [LOG] [Player] updateFirstPersonArmsVisibility: isFirstPerson=true currentWeapon=knife _lastArmWeaponType=knife @ http://localhost:3001/entities/Player.js:811
[   67588ms] [LOG] [Player] updateFirstPersonArmsVisibility: isFirstPerson=true currentWeapon=knife _lastArmWeaponType=knife @ http://localhost:3001/entities/Player.js:811
[   67686ms] [LOG] [Player] updateFirstPersonArmsVisibility: isFirstPerson=true currentWeapon=knife _lastArmWeaponType=knife @ http://localhost:3001/entities/Player.js:811
[   67734ms] [LOG] [Player] updateFirstPersonArmsVisibility: isFirstPerson=true currentWeapon=knife _lastArmWeaponType=knife @ http://localhost:3001/entities/Player.js:811
[   67785ms] [LOG] [Player] updateFirstPersonArmsVisibility: isFirstPerson=true currentWeapon=knife _lastArmWeaponType=knife @ http://localhost:3001/entities/Player.js:811
[   67839ms] [LOG] [Player] updateFirstPersonArmsVisibility: isFirstPerson=true currentWeapon=knife _lastArmWeaponType=knife @ http://localhost:3001/entities/Player.js:811
[   67880ms] [LOG] [Player] updateFirstPersonArmsVisibility: isFirstPerson=true currentWeapon=knife _lastArmWeaponType=knife @ http://localhost:3001/entities/Player.js:811
[   67944ms] [LOG] [Player] updateFirstPersonArmsVisibility: isFirstPerson=true currentWeapon=knife _lastArmWeaponType=knife @ http://localhost:3001/entities/Player.js:811
[   68007ms] [LOG] [Player] updateFirstPersonArmsVisibility: isFirstPerson=true currentWeapon=knife _lastArmWeaponType=knife @ http://localhost:3001/entities/Player.js:811
[   68086ms] [LOG] [Player] updateFirstPersonArmsVisibility: isFirstPerson=true currentWeapon=knife _lastArmWeaponType=knife @ http://localhost:3001/entities/Player.js:811
[   68214ms] [LOG] [Player] updateFirstPersonArmsVisibility: isFirstPerson=true currentWeapon=knife _lastArmWeaponType=knife @ http://localhost:3001/entities/Player.js:811
[   68259ms] [LOG] [Player] updateFirstPersonArmsVisibility: isFirstPerson=true currentWeapon=knife _lastArmWeaponType=knife @ http://localhost:3001/entities/Player.js:811
[   68366ms] [LOG] [Player] updateFirstPersonArmsVisibility: isFirstPerson=true currentWeapon=knife _lastArmWeaponType=knife @ http://localhost:3001/entities/Player.js:811
[   68467ms] [LOG] [Player] updateFirstPersonArmsVisibility: isFirstPerson=true currentWeapon=knife _lastArmWeaponType=knife @ http://localhost:3001/entities/Player.js:811
[   68521ms] [LOG] [Player] updateFirstPersonArmsVisibility: isFirstPerson=true currentWeapon=knife _lastArmWeaponType=knife @ http://localhost:3001/entities/Player.js:811
[   68576ms] [LOG] [Player] updateFirstPersonArmsVisibility: isFirstPerson=true currentWeapon=knife _lastArmWeaponType=knife @ http://localhost:3001/entities/Player.js:811
[   68634ms] [LOG] [Player] updateFirstPersonArmsVisibility: isFirstPerson=true currentWeapon=knife _lastArmWeaponType=knife @ http://localhost:3001/entities/Player.js:811
[   68762ms] [LOG] [Player] updateFirstPersonArmsVisibility: isFirstPerson=true currentWeapon=knife _lastArmWeaponType=knife @ http://localhost:3001/entities/Player.js:811
[   68926ms] [LOG] [Player] updateFirstPersonArmsVisibility: isFirstPerson=true currentWeapon=knife _lastArmWeaponType=knife @ http://localhost:3001/entities/Player.js:811
[   69125ms] [LOG] [Player] updateFirstPersonArmsVisibility: isFirstPerson=true currentWeapon=knife _lastArmWeaponType=knife @ http://localhost:3001/entities/Player.js:811
[   69433ms] [LOG] [Player] updateFirstPersonArmsVisibility: isFirstPerson=true currentWeapon=knife _lastArmWeaponType=knife @ http://localhost:3001/entities/Player.js:811
[   71412ms] [LOG] [Player] updateFirstPersonArmsVisibility: isFirstPerson=true currentWeapon=knife _lastArmWeaponType=knife @ http://localhost:3001/entities/Player.js:811
[   71830ms] [LOG] [Player] updateFirstPersonArmsVisibility: isFirstPerson=true currentWeapon=knife _lastArmWeaponType=knife @ http://localhost:3001/entities/Player.js:811
[   71925ms] [LOG] [Player] updateFirstPersonArmsVisibility: isFirstPerson=true currentWeapon=knife _lastArmWeaponType=knife @ http://localhost:3001/entities/Player.js:811
[   72035ms] [LOG] [Player] updateFirstPersonArmsVisibility: isFirstPerson=true currentWeapon=knife _lastArmWeaponType=knife @ http://localhost:3001/entities/Player.js:811
[   72079ms] [LOG] [Player] updateFirstPersonArmsVisibility: isFirstPerson=true currentWeapon=knife _lastArmWeaponType=knife @ http://localhost:3001/entities/Player.js:811
[   72127ms] [LOG] [Player] updateFirstPersonArmsVisibility: isFirstPerson=true currentWeapon=knife _lastArmWeaponType=knife @ http://localhost:3001/entities/Player.js:811
[   72188ms] [LOG] [Player] updateFirstPersonArmsVisibility: isFirstPerson=true currentWeapon=knife _lastArmWeaponType=knife @ http://localhost:3001/entities/Player.js:811
[   72249ms] [LOG] [Player] updateFirstPersonArmsVisibility: isFirstPerson=true currentWeapon=knife _lastArmWeaponType=knife @ http://localhost:3001/entities/Player.js:811
[   72291ms] [LOG] [Player] updateFirstPersonArmsVisibility: isFirstPerson=true currentWeapon=knife _lastArmWeaponType=knife @ http://localhost:3001/entities/Player.js:811
[   72326ms] [LOG] [Player] updateFirstPersonArmsVisibility: isFirstPerson=true currentWeapon=knife _lastArmWeaponType=knife @ http://localhost:3001/entities/Player.js:811
[   72367ms] [LOG] [Player] updateFirstPersonArmsVisibility: isFirstPerson=true currentWeapon=knife _lastArmWeaponType=knife @ http://localhost:3001/entities/Player.js:811
[   72422ms] [LOG] [Player] updateFirstPersonArmsVisibility: isFirstPerson=true currentWeapon=knife _lastArmWeaponType=knife @ http://localhost:3001/entities/Player.js:811
[   72464ms] [LOG] [Player] updateFirstPersonArmsVisibility: isFirstPerson=true currentWeapon=knife _lastArmWeaponType=knife @ http://localhost:3001/entities/Player.js:811
[   72515ms] [LOG] [Player] updateFirstPersonArmsVisibility: isFirstPerson=true currentWeapon=knife _lastArmWeaponType=knife @ http://localhost:3001/entities/Player.js:811
[   72575ms] [LOG] [Player] updateFirstPersonArmsVisibility: isFirstPerson=true currentWeapon=knife _lastArmWeaponType=knife @ http://localhost:3001/entities/Player.js:811
[   72630ms] [LOG] [Player] updateFirstPersonArmsVisibility: isFirstPerson=true currentWeapon=knife _lastArmWeaponType=knife @ http://localhost:3001/entities/Player.js:811
[   72673ms] [LOG] [Player] updateFirstPersonArmsVisibility: isFirstPerson=true currentWeapon=knife _lastArmWeaponType=knife @ http://localhost:3001/entities/Player.js:811
[   72714ms] [LOG] [Player] updateFirstPersonArmsVisibility: isFirstPerson=true currentWeapon=knife _lastArmWeaponType=knife @ http://localhost:3001/entities/Player.js:811
[   72762ms] [LOG] [Player] updateFirstPersonArmsVisibility: isFirstPerson=true currentWeapon=knife _lastArmWeaponType=knife @ http://localhost:3001/entities/Player.js:811
[   72825ms] [LOG] [Player] updateFirstPersonArmsVisibility: isFirstPerson=true currentWeapon=knife _lastArmWeaponType=knife @ http://localhost:3001/entities/Player.js:811
[   72874ms] [LOG] [Player] updateFirstPersonArmsVisibility: isFirstPerson=true currentWeapon=knife _lastArmWeaponType=knife @ http://localhost:3001/entities/Player.js:811
[   72929ms] [LOG] [Player] updateFirstPersonArmsVisibility: isFirstPerson=true currentWeapon=knife _lastArmWeaponType=knife @ http://localhost:3001/entities/Player.js:811
[   72974ms] [LOG] [Player] updateFirstPersonArmsVisibility: isFirstPerson=true currentWeapon=knife _lastArmWeaponType=knife @ http://localhost:3001/entities/Player.js:811
[   73042ms] [LOG] [Player] updateFirstPersonArmsVisibility: isFirstPerson=true currentWeapon=knife _lastArmWeaponType=knife @ http://localhost:3001/entities/Player.js:811
[   73104ms] [LOG] [Player] updateFirstPersonArmsVisibility: isFirstPerson=true currentWeapon=knife _lastArmWeaponType=knife @ http://localhost:3001/entities/Player.js:811
[   73162ms] [LOG] [Player] updateFirstPersonArmsVisibility: isFirstPerson=true currentWeapon=knife _lastArmWeaponType=knife @ http://localhost:3001/entities/Player.js:811
[   73257ms] [LOG] [Player] updateFirstPersonArmsVisibility: isFirstPerson=true currentWeapon=knife _lastArmWeaponType=knife @ http://localhost:3001/entities/Player.js:811
[   73297ms] [LOG] [Player] updateFirstPersonArmsVisibility: isFirstPerson=true currentWeapon=knife _lastArmWeaponType=knife @ http://localhost:3001/entities/Player.js:811
[   73430ms] [LOG] [Player] updateFirstPersonArmsVisibility: isFirstPerson=true currentWeapon=knife _lastArmWeaponType=knife @ http://localhost:3001/entities/Player.js:811
[   73485ms] [LOG] [Player] updateFirstPersonArmsVisibility: isFirstPerson=true currentWeapon=knife _lastArmWeaponType=knife @ http://localhost:3001/entities/Player.js:811
[   73551ms] [LOG] [Player] updateFirstPersonArmsVisibility: isFirstPerson=true currentWeapon=knife _lastArmWeaponType=knife @ http://localhost:3001/entities/Player.js:811
[   73603ms] [LOG] [Player] updateFirstPersonArmsVisibility: isFirstPerson=true currentWeapon=knife _lastArmWeaponType=knife @ http://localhost:3001/entities/Player.js:811
[   73639ms] [LOG] [Player] updateFirstPersonArmsVisibility: isFirstPerson=true currentWeapon=knife _lastArmWeaponType=knife @ http://localhost:3001/entities/Player.js:811
[   73687ms] [LOG] [Player] updateFirstPersonArmsVisibility: isFirstPerson=true currentWeapon=knife _lastArmWeaponType=knife @ http://localhost:3001/entities/Player.js:811
[   73737ms] [LOG] [Player] updateFirstPersonArmsVisibility: isFirstPerson=true currentWeapon=knife _lastArmWeaponType=knife @ http://localhost:3001/entities/Player.js:811
[   73784ms] [LOG] [Player] updateFirstPersonArmsVisibility: isFirstPerson=true currentWeapon=knife _lastArmWeaponType=knife @ http://localhost:3001/entities/Player.js:811
[   73842ms] [LOG] [Player] updateFirstPersonArmsVisibility: isFirstPerson=true currentWeapon=knife _lastArmWeaponType=knife @ http://localhost:3001/entities/Player.js:811
[   73898ms] [LOG] [Player] updateFirstPersonArmsVisibility: isFirstPerson=true currentWeapon=knife _lastArmWeaponType=knife @ http://localhost:3001/entities/Player.js:811
[   73965ms] [LOG] [Player] updateFirstPersonArmsVisibility: isFirstPerson=true currentWeapon=knife _lastArmWeaponType=knife @ http://localhost:3001/entities/Player.js:811
[   74013ms] [LOG] [Player] updateFirstPersonArmsVisibility: isFirstPerson=true currentWeapon=knife _lastArmWeaponType=knife @ http://localhost:3001/entities/Player.js:811
[   74055ms] [LOG] [Player] updateFirstPersonArmsVisibility: isFirstPerson=true currentWeapon=knife _lastArmWeaponType=knife @ http://localhost:3001/entities/Player.js:811
[   74097ms] [LOG] [Player] updateFirstPersonArmsVisibility: isFirstPerson=true currentWeapon=knife _lastArmWeaponType=knife @ http://localhost:3001/entities/Player.js:811
[   74145ms] [LOG] [Player] updateFirstPersonArmsVisibility: isFirstPerson=true currentWeapon=knife _lastArmWeaponType=knife @ http://localhost:3001/entities/Player.js:811
[   74221ms] [LOG] [Player] updateFirstPersonArmsVisibility: isFirstPerson=true currentWeapon=knife _lastArmWeaponType=knife @ http://localhost:3001/entities/Player.js:811
[   74273ms] [LOG] [Player] updateFirstPersonArmsVisibility: isFirstPerson=true currentWeapon=knife _lastArmWeaponType=knife @ http://localhost:3001/entities/Player.js:811
[   74339ms] [LOG] [Player] updateFirstPersonArmsVisibility: isFirstPerson=true currentWeapon=knife _lastArmWeaponType=knife @ http://localhost:3001/entities/Player.js:811
[   74402ms] [LOG] [Player] updateFirstPersonArmsVisibility: isFirstPerson=true currentWeapon=knife _lastArmWeaponType=knife @ http://localhost:3001/entities/Player.js:811
[   74464ms] [LOG] [Player] updateFirstPersonArmsVisibility: isFirstPerson=true currentWeapon=knife _lastArmWeaponType=knife @ http://localhost:3001/entities/Player.js:811
[   74505ms] [LOG] [Player] updateFirstPersonArmsVisibility: isFirstPerson=true currentWeapon=knife _lastArmWeaponType=knife @ http://localhost:3001/entities/Player.js:811
[   74547ms] [LOG] [Player] updateFirstPersonArmsVisibility: isFirstPerson=true currentWeapon=knife _lastArmWeaponType=knife @ http://localhost:3001/entities/Player.js:811
[   74614ms] [LOG] [Player] updateFirstPersonArmsVisibility: isFirstPerson=true currentWeapon=knife _lastArmWeaponType=knife @ http://localhost:3001/entities/Player.js:811
[   74680ms] [LOG] [Player] updateFirstPersonArmsVisibility: isFirstPerson=true currentWeapon=knife _lastArmWeaponType=knife @ http://localhost:3001/entities/Player.js:811
[   74730ms] [LOG] [Player] updateFirstPersonArmsVisibility: isFirstPerson=true currentWeapon=knife _lastArmWeaponType=knife @ http://localhost:3001/entities/Player.js:811
[   74777ms] [LOG] [Player] updateFirstPersonArmsVisibility: isFirstPerson=true currentWeapon=knife _lastArmWeaponType=knife @ http://localhost:3001/entities/Player.js:811
[   74821ms] [LOG] [Player] updateFirstPersonArmsVisibility: isFirstPerson=true currentWeapon=knife _lastArmWeaponType=knife @ http://localhost:3001/entities/Player.js:811
[   74846ms] [LOG] [Player] updateFirstPersonArmsVisibility: isFirstPerson=true currentWeapon=knife _lastArmWeaponType=knife @ http://localhost:3001/entities/Player.js:811
[   74903ms] [LOG] [Player] updateFirstPersonArmsVisibility: isFirstPerson=true currentWeapon=knife _lastArmWeaponType=knife @ http://localhost:3001/entities/Player.js:811
[   74992ms] [LOG] [Player] updateFirstPersonArmsVisibility: isFirstPerson=true currentWeapon=knife _lastArmWeaponType=knife @ http://localhost:3001/entities/Player.js:811
[   75043ms] [LOG] [Player] updateFirstPersonArmsVisibility: isFirstPerson=true currentWeapon=knife _lastArmWeaponType=knife @ http://localhost:3001/entities/Player.js:811
[   75100ms] [LOG] [Player] updateFirstPersonArmsVisibility: isFirstPerson=true currentWeapon=knife _lastArmWeaponType=knife @ http://localhost:3001/entities/Player.js:811
[   75138ms] [LOG] [Player] updateFirstPersonArmsVisibility: isFirstPerson=true currentWeapon=knife _lastArmWeaponType=knife @ http://localhost:3001/entities/Player.js:811
[   75182ms] [LOG] [Player] updateFirstPersonArmsVisibility: isFirstPerson=true currentWeapon=knife _lastArmWeaponType=knife @ http://localhost:3001/entities/Player.js:811
[   75229ms] [LOG] [Player] updateFirstPersonArmsVisibility: isFirstPerson=true currentWeapon=knife _lastArmWeaponType=knife @ http://localhost:3001/entities/Player.js:811
[   75283ms] [LOG] [Player] updateFirstPersonArmsVisibility: isFirstPerson=true currentWeapon=knife _lastArmWeaponType=knife @ http://localhost:3001/entities/Player.js:811
[   75340ms] [LOG] [Player] updateFirstPersonArmsVisibility: isFirstPerson=true currentWeapon=knife _lastArmWeaponType=knife @ http://localhost:3001/entities/Player.js:811
[   75388ms] [LOG] [Player] updateFirstPersonArmsVisibility: isFirstPerson=true currentWeapon=knife _lastArmWeaponType=knife @ http://localhost:3001/entities/Player.js:811
[   75439ms] [LOG] [Player] updateFirstPersonArmsVisibility: isFirstPerson=true currentWeapon=knife _lastArmWeaponType=knife @ http://localhost:3001/entities/Player.js:811
[   75488ms] [LOG] [Player] updateFirstPersonArmsVisibility: isFirstPerson=true currentWeapon=knife _lastArmWeaponType=knife @ http://localhost:3001/entities/Player.js:811
[   75550ms] [LOG] [Player] updateFirstPersonArmsVisibility: isFirstPerson=true currentWeapon=knife _lastArmWeaponType=knife @ http://localhost:3001/entities/Player.js:811
[   75624ms] [LOG] [Player] updateFirstPersonArmsVisibility: isFirstPerson=true currentWeapon=knife _lastArmWeaponType=knife @ http://localhost:3001/entities/Player.js:811
[   75674ms] [LOG] [Player] updateFirstPersonArmsVisibility: isFirstPerson=true currentWeapon=knife _lastArmWeaponType=knife @ http://localhost:3001/entities/Player.js:811
[   75717ms] [LOG] [Player] updateFirstPersonArmsVisibility: isFirstPerson=true currentWeapon=knife _lastArmWeaponType=knife @ http://localhost:3001/entities/Player.js:811
[   75757ms] [LOG] [Player] updateFirstPersonArmsVisibility: isFirstPerson=true currentWeapon=knife _lastArmWeaponType=knife @ http://localhost:3001/entities/Player.js:811
[   75815ms] [LOG] [Player] updateFirstPersonArmsVisibility: isFirstPerson=true currentWeapon=knife _lastArmWeaponType=knife @ http://localhost:3001/entities/Player.js:811
[   75863ms] [LOG] [Player] updateFirstPersonArmsVisibility: isFirstPerson=true currentWeapon=knife _lastArmWeaponType=knife @ http://localhost:3001/entities/Player.js:811
[   75923ms] [LOG] [Player] updateFirstPersonArmsVisibility: isFirstPerson=true currentWeapon=knife _lastArmWeaponType=knife @ http://localhost:3001/entities/Player.js:811
[   75964ms] [LOG] [Player] updateFirstPersonArmsVisibility: isFirstPerson=true currentWeapon=knife _lastArmWeaponType=knife @ http://localhost:3001/entities/Player.js:811
[   76006ms] [LOG] [Player] updateFirstPersonArmsVisibility: isFirstPerson=true currentWeapon=knife _lastArmWeaponType=knife @ http://localhost:3001/entities/Player.js:811
[   76049ms] [LOG] [Player] updateFirstPersonArmsVisibility: isFirstPerson=true currentWeapon=knife _lastArmWeaponType=knife @ http://localhost:3001/entities/Player.js:811
[   76099ms] [LOG] [Player] updateFirstPersonArmsVisibility: isFirstPerson=true currentWeapon=knife _lastArmWeaponType=knife @ http://localhost:3001/entities/Player.js:811
[   76159ms] [LOG] [Player] updateFirstPersonArmsVisibility: isFirstPerson=true currentWeapon=knife _lastArmWeaponType=knife @ http://localhost:3001/entities/Player.js:811
[   76194ms] [LOG] [Player] updateFirstPersonArmsVisibility: isFirstPerson=true currentWeapon=knife _lastArmWeaponType=knife @ http://localhost:3001/entities/Player.js:811
[   76236ms] [LOG] [Player] updateFirstPersonArmsVisibility: isFirstPerson=true currentWeapon=knife _lastArmWeaponType=knife @ http://localhost:3001/entities/Player.js:811
[   76292ms] [LOG] [Player] updateFirstPersonArmsVisibility: isFirstPerson=true currentWeapon=knife _lastArmWeaponType=knife @ http://localhost:3001/entities/Player.js:811
[   76332ms] [LOG] [Player] updateFirstPersonArmsVisibility: isFirstPerson=true currentWeapon=knife _lastArmWeaponType=knife @ http://localhost:3001/entities/Player.js:811
[   76367ms] [LOG] [Player] updateFirstPersonArmsVisibility: isFirstPerson=true currentWeapon=knife _lastArmWeaponType=knife @ http://localhost:3001/entities/Player.js:811
[   76411ms] [LOG] [Player] updateFirstPersonArmsVisibility: isFirstPerson=true currentWeapon=knife _lastArmWeaponType=knife @ http://localhost:3001/entities/Player.js:811
[   76459ms] [LOG] [Player] updateFirstPersonArmsVisibility: isFirstPerson=true currentWeapon=knife _lastArmWeaponType=knife @ http://localhost:3001/entities/Player.js:811
[   76499ms] [LOG] [Player] updateFirstPersonArmsVisibility: isFirstPerson=true currentWeapon=knife _lastArmWeaponType=knife @ http://localhost:3001/entities/Player.js:811
[   76556ms] [LOG] [Player] updateFirstPersonArmsVisibility: isFirstPerson=true currentWeapon=knife _lastArmWeaponType=knife @ http://localhost:3001/entities/Player.js:811
[   76616ms] [LOG] [Player] updateFirstPersonArmsVisibility: isFirstPerson=true currentWeapon=knife _lastArmWeaponType=knife @ http://localhost:3001/entities/Player.js:811
[   76665ms] [LOG] [Player] updateFirstPersonArmsVisibility: isFirstPerson=true currentWeapon=knife _lastArmWeaponType=knife @ http://localhost:3001/entities/Player.js:811
[   76714ms] [LOG] [Player] updateFirstPersonArmsVisibility: isFirstPerson=true currentWeapon=knife _lastArmWeaponType=knife @ http://localhost:3001/entities/Player.js:811
[   76763ms] [LOG] [Player] updateFirstPersonArmsVisibility: isFirstPerson=true currentWeapon=knife _lastArmWeaponType=knife @ http://localhost:3001/entities/Player.js:811
[   76811ms] [LOG] [Player] updateFirstPersonArmsVisibility: isFirstPerson=true currentWeapon=knife _lastArmWeaponType=knife @ http://localhost:3001/entities/Player.js:811
[   76877ms] [LOG] [Player] updateFirstPersonArmsVisibility: isFirstPerson=true currentWeapon=knife _lastArmWeaponType=knife @ http://localhost:3001/entities/Player.js:811
[   76930ms] [LOG] [Player] updateFirstPersonArmsVisibility: isFirstPerson=true currentWeapon=knife _lastArmWeaponType=knife @ http://localhost:3001/entities/Player.js:811
[   76991ms] [LOG] [Player] updateFirstPersonArmsVisibility: isFirstPerson=true currentWeapon=knife _lastArmWeaponType=knife @ http://localhost:3001/entities/Player.js:811
[   77029ms] [LOG] [Player] updateFirstPersonArmsVisibility: isFirstPerson=true currentWeapon=knife _lastArmWeaponType=knife @ http://localhost:3001/entities/Player.js:811
[   77075ms] [LOG] [Player] updateFirstPersonArmsVisibility: isFirstPerson=true currentWeapon=knife _lastArmWeaponType=knife @ http://localhost:3001/entities/Player.js:811
[   77124ms] [LOG] [Player] updateFirstPersonArmsVisibility: isFirstPerson=true currentWeapon=knife _lastArmWeaponType=knife @ http://localhost:3001/entities/Player.js:811
[   77190ms] [LOG] [Player] updateFirstPersonArmsVisibility: isFirstPerson=true currentWeapon=knife _lastArmWeaponType=knife @ http://localhost:3001/entities/Player.js:811
[   77255ms] [LOG] [Player] updateFirstPersonArmsVisibility: isFirstPerson=true currentWeapon=knife _lastArmWeaponType=knife @ http://localhost:3001/entities/Player.js:811
[   77305ms] [LOG] [Player] updateFirstPersonArmsVisibility: isFirstPerson=true currentWeapon=knife _lastArmWeaponType=knife @ http://localhost:3001/entities/Player.js:811
[   77342ms] [LOG] [Player] updateFirstPersonArmsVisibility: isFirstPerson=true currentWeapon=knife _lastArmWeaponType=knife @ http://localhost:3001/entities/Player.js:811
[   77395ms] [LOG] [Player] updateFirstPersonArmsVisibility: isFirstPerson=true currentWeapon=knife _lastArmWeaponType=knife @ http://localhost:3001/entities/Player.js:811
[   77458ms] [LOG] [Player] updateFirstPersonArmsVisibility: isFirstPerson=true currentWeapon=knife _lastArmWeaponType=knife @ http://localhost:3001/entities/Player.js:811
[   77501ms] [LOG] [Player] updateFirstPersonArmsVisibility: isFirstPerson=true currentWeapon=knife _lastArmWeaponType=knife @ http://localhost:3001/entities/Player.js:811
[   77541ms] [LOG] [Player] updateFirstPersonArmsVisibility: isFirstPerson=true currentWeapon=knife _lastArmWeaponType=knife @ http://localhost:3001/entities/Player.js:811
[   77572ms] [LOG] [Player] updateFirstPersonArmsVisibility: isFirstPerson=true currentWeapon=knife _lastArmWeaponType=knife @ http://localhost:3001/entities/Player.js:811
[   77603ms] [LOG] [Player] updateFirstPersonArmsVisibility: isFirstPerson=true currentWeapon=knife _lastArmWeaponType=knife @ http://localhost:3001/entities/Player.js:811
[   77647ms] [LOG] [Player] updateFirstPersonArmsVisibility: isFirstPerson=true currentWeapon=knife _lastArmWeaponType=knife @ http://localhost:3001/entities/Player.js:811
[   77714ms] [LOG] [Player] updateFirstPersonArmsVisibility: isFirstPerson=true currentWeapon=knife _lastArmWeaponType=knife @ http://localhost:3001/entities/Player.js:811
[   77750ms] [LOG] [Player] updateFirstPersonArmsVisibility: isFirstPerson=true currentWeapon=knife _lastArmWeaponType=knife @ http://localhost:3001/entities/Player.js:811
[   77785ms] [LOG] [Player] updateFirstPersonArmsVisibility: isFirstPerson=true currentWeapon=knife _lastArmWeaponType=knife @ http://localhost:3001/entities/Player.js:811
[   77819ms] [LOG] [Player] updateFirstPersonArmsVisibility: isFirstPerson=true currentWeapon=knife _lastArmWeaponType=knife @ http://localhost:3001/entities/Player.js:811
[   77860ms] [LOG] [Player] updateFirstPersonArmsVisibility: isFirstPerson=true currentWeapon=knife _lastArmWeaponType=knife @ http://localhost:3001/entities/Player.js:811
[   77914ms] [LOG] [Player] updateFirstPersonArmsVisibility: isFirstPerson=true currentWeapon=knife _lastArmWeaponType=knife @ http://localhost:3001/entities/Player.js:811
[   77957ms] [LOG] [Player] updateFirstPersonArmsVisibility: isFirstPerson=true currentWeapon=knife _lastArmWeaponType=knife @ http://localhost:3001/entities/Player.js:811
[   78001ms] [LOG] [Player] updateFirstPersonArmsVisibility: isFirstPerson=true currentWeapon=knife _lastArmWeaponType=knife @ http://localhost:3001/entities/Player.js:811
[   78049ms] [LOG] [Player] updateFirstPersonArmsVisibility: isFirstPerson=true currentWeapon=knife _lastArmWeaponType=knife @ http://localhost:3001/entities/Player.js:811
[   78111ms] [LOG] [Player] updateFirstPersonArmsVisibility: isFirstPerson=true currentWeapon=knife _lastArmWeaponType=knife @ http://localhost:3001/entities/Player.js:811
[   78165ms] [LOG] [Player] updateFirstPersonArmsVisibility: isFirstPerson=true currentWeapon=knife _lastArmWeaponType=knife @ http://localhost:3001/entities/Player.js:811
[   78236ms] [LOG] [Player] updateFirstPersonArmsVisibility: isFirstPerson=true currentWeapon=knife _lastArmWeaponType=knife @ http://localhost:3001/entities/Player.js:811
[   78279ms] [LOG] [Player] updateFirstPersonArmsVisibility: isFirstPerson=true currentWeapon=knife _lastArmWeaponType=knife @ http://localhost:3001/entities/Player.js:811
[   78340ms] [LOG] [Player] updateFirstPersonArmsVisibility: isFirstPerson=true currentWeapon=knife _lastArmWeaponType=knife @ http://localhost:3001/entities/Player.js:811
[   78375ms] [LOG] [Player] updateFirstPersonArmsVisibility: isFirstPerson=true currentWeapon=knife _lastArmWeaponType=knife @ http://localhost:3001/entities/Player.js:811
[   78417ms] [LOG] [Player] updateFirstPersonArmsVisibility: isFirstPerson=true currentWeapon=knife _lastArmWeaponType=knife @ http://localhost:3001/entities/Player.js:811
[   78458ms] [LOG] [Player] updateFirstPersonArmsVisibility: isFirstPerson=true currentWeapon=knife _lastArmWeaponType=knife @ http://localhost:3001/entities/Player.js:811
[   78499ms] [LOG] [Player] updateFirstPersonArmsVisibility: isFirstPerson=true currentWeapon=knife _lastArmWeaponType=knife @ http://localhost:3001/entities/Player.js:811
[   78565ms] [LOG] [Player] updateFirstPersonArmsVisibility: isFirstPerson=true currentWeapon=knife _lastArmWeaponType=knife @ http://localhost:3001/entities/Player.js:811
[   78821ms] [LOG] [Player] updateFirstPersonArmsVisibility: isFirstPerson=true currentWeapon=knife _lastArmWeaponType=knife @ http://localhost:3001/entities/Player.js:811
[   78875ms] [LOG] [Player] updateFirstPersonArmsVisibility: isFirstPerson=true currentWeapon=knife _lastArmWeaponType=knife @ http://localhost:3001/entities/Player.js:811
[   78937ms] [LOG] [Player] updateFirstPersonArmsVisibility: isFirstPerson=true currentWeapon=knife _lastArmWeaponType=knife @ http://localhost:3001/entities/Player.js:811
[   78999ms] [LOG] [Player] updateFirstPersonArmsVisibility: isFirstPerson=true currentWeapon=knife _lastArmWeaponType=knife @ http://localhost:3001/entities/Player.js:811
[   79056ms] [LOG] [Player] updateFirstPersonArmsVisibility: isFirstPerson=true currentWeapon=knife _lastArmWeaponType=knife @ http://localhost:3001/entities/Player.js:811
[   79096ms] [LOG] [Player] updateFirstPersonArmsVisibility: isFirstPerson=true currentWeapon=knife _lastArmWeaponType=knife @ http://localhost:3001/entities/Player.js:811
[   79139ms] [LOG] [Player] updateFirstPersonArmsVisibility: isFirstPerson=true currentWeapon=knife _lastArmWeaponType=knife @ http://localhost:3001/entities/Player.js:811
[   79193ms] [LOG] [Player] updateFirstPersonArmsVisibility: isFirstPerson=true currentWeapon=knife _lastArmWeaponType=knife @ http://localhost:3001/entities/Player.js:811
[   79279ms] [LOG] [Player] updateFirstPersonArmsVisibility: isFirstPerson=true currentWeapon=knife _lastArmWeaponType=knife @ http://localhost:3001/entities/Player.js:811
[   79348ms] [LOG] [Player] updateFirstPersonArmsVisibility: isFirstPerson=true currentWeapon=knife _lastArmWeaponType=knife @ http://localhost:3001/entities/Player.js:811
[   79405ms] [LOG] [Player] updateFirstPersonArmsVisibility: isFirstPerson=true currentWeapon=knife _lastArmWeaponType=knife @ http://localhost:3001/entities/Player.js:811
[   79445ms] [LOG] [Player] updateFirstPersonArmsVisibility: isFirstPerson=true currentWeapon=knife _lastArmWeaponType=knife @ http://localhost:3001/entities/Player.js:811
[   79489ms] [LOG] [Player] updateFirstPersonArmsVisibility: isFirstPerson=true currentWeapon=knife _lastArmWeaponType=knife @ http://localhost:3001/entities/Player.js:811
[   79535ms] [LOG] [Player] updateFirstPersonArmsVisibility: isFirstPerson=true currentWeapon=knife _lastArmWeaponType=knife @ http://localhost:3001/entities/Player.js:811
[   79578ms] [LOG] [Player] updateFirstPersonArmsVisibility: isFirstPerson=true currentWeapon=knife _lastArmWeaponType=knife @ http://localhost:3001/entities/Player.js:811
[   79618ms] [LOG] [Player] updateFirstPersonArmsVisibility: isFirstPerson=true currentWeapon=knife _lastArmWeaponType=knife @ http://localhost:3001/entities/Player.js:811
[   79680ms] [LOG] [Player] updateFirstPersonArmsVisibility: isFirstPerson=true currentWeapon=knife _lastArmWeaponType=knife @ http://localhost:3001/entities/Player.js:811
[   79716ms] [LOG] [Player] updateFirstPersonArmsVisibility: isFirstPerson=true currentWeapon=knife _lastArmWeaponType=knife @ http://localhost:3001/entities/Player.js:811
[   79743ms] [LOG] [Player] updateFirstPersonArmsVisibility: isFirstPerson=true currentWeapon=knife _lastArmWeaponType=knife @ http://localhost:3001/entities/Player.js:811
[   79820ms] [LOG] [Player] updateFirstPersonArmsVisibility: isFirstPerson=true currentWeapon=knife _lastArmWeaponType=knife @ http://localhost:3001/entities/Player.js:811
[   79880ms] [LOG] [Player] updateFirstPersonArmsVisibility: isFirstPerson=true currentWeapon=knife _lastArmWeaponType=knife @ http://localhost:3001/entities/Player.js:811
[   79917ms] [LOG] [Player] updateFirstPersonArmsVisibility: isFirstPerson=true currentWeapon=knife _lastArmWeaponType=knife @ http://localhost:3001/entities/Player.js:811
[   79972ms] [LOG] [Player] updateFirstPersonArmsVisibility: isFirstPerson=true currentWeapon=knife _lastArmWeaponType=knife @ http://localhost:3001/entities/Player.js:811
[   80036ms] [LOG] [Player] updateFirstPersonArmsVisibility: isFirstPerson=true currentWeapon=knife _lastArmWeaponType=knife @ http://localhost:3001/entities/Player.js:811
[   80092ms] [LOG] [Player] updateFirstPersonArmsVisibility: isFirstPerson=true currentWeapon=knife _lastArmWeaponType=knife @ http://localhost:3001/entities/Player.js:811
[   80148ms] [LOG] [Player] updateFirstPersonArmsVisibility: isFirstPerson=true currentWeapon=knife _lastArmWeaponType=knife @ http://localhost:3001/entities/Player.js:811
[   80187ms] [LOG] [Player] updateFirstPersonArmsVisibility: isFirstPerson=true currentWeapon=knife _lastArmWeaponType=knife @ http://localhost:3001/entities/Player.js:811
[   80229ms] [LOG] [Player] updateFirstPersonArmsVisibility: isFirstPerson=true currentWeapon=knife _lastArmWeaponType=knife @ http://localhost:3001/entities/Player.js:811
[   80272ms] [LOG] [Player] updateFirstPersonArmsVisibility: isFirstPerson=true currentWeapon=knife _lastArmWeaponType=knife @ http://localhost:3001/entities/Player.js:811
[   80340ms] [LOG] [Player] updateFirstPersonArmsVisibility: isFirstPerson=true currentWeapon=knife _lastArmWeaponType=knife @ http://localhost:3001/entities/Player.js:811
[   80480ms] [LOG] [Player] updateFirstPersonArmsVisibility: isFirstPerson=true currentWeapon=knife _lastArmWeaponType=knife @ http://localhost:3001/entities/Player.js:811
[   80568ms] [LOG] [Player] updateFirstPersonArmsVisibility: isFirstPerson=true currentWeapon=knife _lastArmWeaponType=knife @ http://localhost:3001/entities/Player.js:811
[   80619ms] [LOG] [Player] updateFirstPersonArmsVisibility: isFirstPerson=true currentWeapon=knife _lastArmWeaponType=knife @ http://localhost:3001/entities/Player.js:811
[   80661ms] [LOG] [Player] updateFirstPersonArmsVisibility: isFirstPerson=true currentWeapon=knife _lastArmWeaponType=knife @ http://localhost:3001/entities/Player.js:811
[   80702ms] [LOG] [Player] updateFirstPersonArmsVisibility: isFirstPerson=true currentWeapon=knife _lastArmWeaponType=knife @ http://localhost:3001/entities/Player.js:811
[   80742ms] [LOG] [Player] updateFirstPersonArmsVisibility: isFirstPerson=true currentWeapon=knife _lastArmWeaponType=knife @ http://localhost:3001/entities/Player.js:811
[   80787ms] [LOG] [Player] updateFirstPersonArmsVisibility: isFirstPerson=true currentWeapon=knife _lastArmWeaponType=knife @ http://localhost:3001/entities/Player.js:811
[   80815ms] [LOG] [Player] updateFirstPersonArmsVisibility: isFirstPerson=true currentWeapon=knife _lastArmWeaponType=knife @ http://localhost:3001/entities/Player.js:811
[   80876ms] [LOG] [Player] updateFirstPersonArmsVisibility: isFirstPerson=true currentWeapon=knife _lastArmWeaponType=knife @ http://localhost:3001/entities/Player.js:811
[   80924ms] [LOG] [Player] updateFirstPersonArmsVisibility: isFirstPerson=true currentWeapon=knife _lastArmWeaponType=knife @ http://localhost:3001/entities/Player.js:811
[   80971ms] [LOG] [Player] updateFirstPersonArmsVisibility: isFirstPerson=true currentWeapon=knife _lastArmWeaponType=knife @ http://localhost:3001/entities/Player.js:811
[   81013ms] [LOG] [Player] updateFirstPersonArmsVisibility: isFirstPerson=true currentWeapon=knife _lastArmWeaponType=knife @ http://localhost:3001/entities/Player.js:811
[   81050ms] [LOG] [Player] updateFirstPersonArmsVisibility: isFirstPerson=true currentWeapon=knife _lastArmWeaponType=knife @ http://localhost:3001/entities/Player.js:811
[   81098ms] [LOG] [Player] updateFirstPersonArmsVisibility: isFirstPerson=true currentWeapon=knife _lastArmWeaponType=knife @ http://localhost:3001/entities/Player.js:811
[   81370ms] [LOG] [Player] updateFirstPersonArmsVisibility: isFirstPerson=true currentWeapon=knife _lastArmWeaponType=knife @ http://localhost:3001/entities/Player.js:811
[   81493ms] [LOG] [Player] updateFirstPersonArmsVisibility: isFirstPerson=true currentWeapon=knife _lastArmWeaponType=knife @ http://localhost:3001/entities/Player.js:811
[   81599ms] [LOG] [Player] updateFirstPersonArmsVisibility: isFirstPerson=true currentWeapon=knife _lastArmWeaponType=knife @ http://localhost:3001/entities/Player.js:811
[   81778ms] [LOG] [Player] updateFirstPersonArmsVisibility: isFirstPerson=true currentWeapon=knife _lastArmWeaponType=knife @ http://localhost:3001/entities/Player.js:811
[   81864ms] [LOG] [Player] updateFirstPersonArmsVisibility: isFirstPerson=true currentWeapon=knife _lastArmWeaponType=knife @ http://localhost:3001/entities/Player.js:811
[   82829ms] [LOG] [Player] updateFirstPersonArmsVisibility: isFirstPerson=true currentWeapon=knife _lastArmWeaponType=knife @ http://localhost:3001/entities/Player.js:811
[   84051ms] [LOG] [Player] updateFirstPersonArmsVisibility: isFirstPerson=true currentWeapon=knife _lastArmWeaponType=knife @ http://localhost:3001/entities/Player.js:811
[   84204ms] [LOG] [Player] updateFirstPersonArmsVisibility: isFirstPerson=true currentWeapon=knife _lastArmWeaponType=knife @ http://localhost:3001/entities/Player.js:811
[   84536ms] [LOG] [Player] updateFirstPersonArmsVisibility: isFirstPerson=true currentWeapon=knife _lastArmWeaponType=knife @ http://localhost:3001/entities/Player.js:811
[   84605ms] [LOG] [Player] updateFirstPersonArmsVisibility: isFirstPerson=true currentWeapon=knife _lastArmWeaponType=knife @ http://localhost:3001/entities/Player.js:811
[   84648ms] [LOG] [Player] updateFirstPersonArmsVisibility: isFirstPerson=true currentWeapon=knife _lastArmWeaponType=knife @ http://localhost:3001/entities/Player.js:811
[   84717ms] [LOG] [Player] updateFirstPersonArmsVisibility: isFirstPerson=true currentWeapon=knife _lastArmWeaponType=knife @ http://localhost:3001/entities/Player.js:811
[   84770ms] [LOG] [Player] updateFirstPersonArmsVisibility: isFirstPerson=true currentWeapon=knife _lastArmWeaponType=knife @ http://localhost:3001/entities/Player.js:811
[   84828ms] [LOG] [Player] updateFirstPersonArmsVisibility: isFirstPerson=true currentWeapon=knife _lastArmWeaponType=knife @ http://localhost:3001/entities/Player.js:811
[   84881ms] [LOG] [Player] updateFirstPersonArmsVisibility: isFirstPerson=true currentWeapon=knife _lastArmWeaponType=knife @ http://localhost:3001/entities/Player.js:811
[   85040ms] [LOG] [Player] updateFirstPersonArmsVisibility: isFirstPerson=true currentWeapon=knife _lastArmWeaponType=knife @ http://localhost:3001/entities/Player.js:811
[   85085ms] [LOG] [Player] updateFirstPersonArmsVisibility: isFirstPerson=true currentWeapon=knife _lastArmWeaponType=knife @ http://localhost:3001/entities/Player.js:811
[   85124ms] [LOG] [Player] updateFirstPersonArmsVisibility: isFirstPerson=true currentWeapon=knife _lastArmWeaponType=knife @ http://localhost:3001/entities/Player.js:811
[   85203ms] [LOG] [Player] updateFirstPersonArmsVisibility: isFirstPerson=true currentWeapon=knife _lastArmWeaponType=knife @ http://localhost:3001/entities/Player.js:811
[   85249ms] [LOG] [Player] updateFirstPersonArmsVisibility: isFirstPerson=true currentWeapon=knife _lastArmWeaponType=knife @ http://localhost:3001/entities/Player.js:811
[   85293ms] [LOG] [Player] updateFirstPersonArmsVisibility: isFirstPerson=true currentWeapon=knife _lastArmWeaponType=knife @ http://localhost:3001/entities/Player.js:811
[   85339ms] [LOG] [Player] updateFirstPersonArmsVisibility: isFirstPerson=true currentWeapon=knife _lastArmWeaponType=knife @ http://localhost:3001/entities/Player.js:811
[   85383ms] [LOG] [Player] updateFirstPersonArmsVisibility: isFirstPerson=true currentWeapon=knife _lastArmWeaponType=knife @ http://localhost:3001/entities/Player.js:811
[   85424ms] [LOG] [Player] updateFirstPersonArmsVisibility: isFirstPerson=true currentWeapon=knife _lastArmWeaponType=knife @ http://localhost:3001/entities/Player.js:811
[   85493ms] [LOG] [Player] updateFirstPersonArmsVisibility: isFirstPerson=true currentWeapon=knife _lastArmWeaponType=knife @ http://localhost:3001/entities/Player.js:811
[   85558ms] [LOG] [Player] updateFirstPersonArmsVisibility: isFirstPerson=true currentWeapon=knife _lastArmWeaponType=knife @ http://localhost:3001/entities/Player.js:811
[   85646ms] [LOG] [Player] updateFirstPersonArmsVisibility: isFirstPerson=true currentWeapon=knife _lastArmWeaponType=knife @ http://localhost:3001/entities/Player.js:811
[   85716ms] [LOG] [Player] updateFirstPersonArmsVisibility: isFirstPerson=true currentWeapon=knife _lastArmWeaponType=knife @ http://localhost:3001/entities/Player.js:811
[   85792ms] [LOG] [Player] updateFirstPersonArmsVisibility: isFirstPerson=true currentWeapon=knife _lastArmWeaponType=knife @ http://localhost:3001/entities/Player.js:811
[   85853ms] [LOG] [Player] updateFirstPersonArmsVisibility: isFirstPerson=true currentWeapon=knife _lastArmWeaponType=knife @ http://localhost:3001/entities/Player.js:811
[   85902ms] [LOG] [Player] updateFirstPersonArmsVisibility: isFirstPerson=true currentWeapon=knife _lastArmWeaponType=knife @ http://localhost:3001/entities/Player.js:811
[   85943ms] [LOG] [Player] updateFirstPersonArmsVisibility: isFirstPerson=true currentWeapon=knife _lastArmWeaponType=knife @ http://localhost:3001/entities/Player.js:811
[   85988ms] [LOG] [Player] updateFirstPersonArmsVisibility: isFirstPerson=true currentWeapon=knife _lastArmWeaponType=knife @ http://localhost:3001/entities/Player.js:811
[   86064ms] [LOG] [Player] updateFirstPersonArmsVisibility: isFirstPerson=true currentWeapon=knife _lastArmWeaponType=knife @ http://localhost:3001/entities/Player.js:811
[   86118ms] [LOG] [Player] updateFirstPersonArmsVisibility: isFirstPerson=true currentWeapon=knife _lastArmWeaponType=knife @ http://localhost:3001/entities/Player.js:811
[   86161ms] [LOG] [Player] updateFirstPersonArmsVisibility: isFirstPerson=true currentWeapon=knife _lastArmWeaponType=knife @ http://localhost:3001/entities/Player.js:811
[   86201ms] [LOG] [Player] updateFirstPersonArmsVisibility: isFirstPerson=true currentWeapon=knife _lastArmWeaponType=knife @ http://localhost:3001/entities/Player.js:811
[   86231ms] [LOG] [Player] updateFirstPersonArmsVisibility: isFirstPerson=true currentWeapon=knife _lastArmWeaponType=knife @ http://localhost:3001/entities/Player.js:811
[   86278ms] [LOG] [Player] updateFirstPersonArmsVisibility: isFirstPerson=true currentWeapon=knife _lastArmWeaponType=knife @ http://localhost:3001/entities/Player.js:811
[   86320ms] [LOG] [Player] updateFirstPersonArmsVisibility: isFirstPerson=true currentWeapon=knife _lastArmWeaponType=knife @ http://localhost:3001/entities/Player.js:811
[   86376ms] [LOG] [Player] updateFirstPersonArmsVisibility: isFirstPerson=true currentWeapon=knife _lastArmWeaponType=knife @ http://localhost:3001/entities/Player.js:811
[   86417ms] [LOG] [Player] updateFirstPersonArmsVisibility: isFirstPerson=true currentWeapon=knife _lastArmWeaponType=knife @ http://localhost:3001/entities/Player.js:811
[   86493ms] [LOG] [Player] updateFirstPersonArmsVisibility: isFirstPerson=true currentWeapon=knife _lastArmWeaponType=knife @ http://localhost:3001/entities/Player.js:811
[   86549ms] [LOG] [Player] updateFirstPersonArmsVisibility: isFirstPerson=true currentWeapon=knife _lastArmWeaponType=knife @ http://localhost:3001/entities/Player.js:811
[   86588ms] [LOG] [Player] updateFirstPersonArmsVisibility: isFirstPerson=true currentWeapon=knife _lastArmWeaponType=knife @ http://localhost:3001/entities/Player.js:811
[   86632ms] [LOG] [Player] updateFirstPersonArmsVisibility: isFirstPerson=true currentWeapon=knife _lastArmWeaponType=knife @ http://localhost:3001/entities/Player.js:811
[   86680ms] [LOG] [Player] updateFirstPersonArmsVisibility: isFirstPerson=true currentWeapon=knife _lastArmWeaponType=knife @ http://localhost:3001/entities/Player.js:811
[   86721ms] [LOG] [Player] updateFirstPersonArmsVisibility: isFirstPerson=true currentWeapon=knife _lastArmWeaponType=knife @ http://localhost:3001/entities/Player.js:811
[   86764ms] [LOG] [Player] updateFirstPersonArmsVisibility: isFirstPerson=true currentWeapon=knife _lastArmWeaponType=knife @ http://localhost:3001/entities/Player.js:811
[   86864ms] [LOG] [Player] updateFirstPersonArmsVisibility: isFirstPerson=true currentWeapon=knife _lastArmWeaponType=knife @ http://localhost:3001/entities/Player.js:811
[   86918ms] [LOG] [Player] updateFirstPersonArmsVisibility: isFirstPerson=true currentWeapon=knife _lastArmWeaponType=knife @ http://localhost:3001/entities/Player.js:811
[   86965ms] [LOG] [Player] updateFirstPersonArmsVisibility: isFirstPerson=true currentWeapon=knife _lastArmWeaponType=knife @ http://localhost:3001/entities/Player.js:811
[   87005ms] [LOG] [Player] updateFirstPersonArmsVisibility: isFirstPerson=true currentWeapon=knife _lastArmWeaponType=knife @ http://localhost:3001/entities/Player.js:811
[   87050ms] [LOG] [Player] updateFirstPersonArmsVisibility: isFirstPerson=true currentWeapon=knife _lastArmWeaponType=knife @ http://localhost:3001/entities/Player.js:811
[   87132ms] [LOG] [Player] updateFirstPersonArmsVisibility: isFirstPerson=true currentWeapon=knife _lastArmWeaponType=knife @ http://localhost:3001/entities/Player.js:811
[   87195ms] [LOG] [Player] updateFirstPersonArmsVisibility: isFirstPerson=true currentWeapon=knife _lastArmWeaponType=knife @ http://localhost:3001/entities/Player.js:811
[   87258ms] [LOG] [Player] updateFirstPersonArmsVisibility: isFirstPerson=true currentWeapon=knife _lastArmWeaponType=knife @ http://localhost:3001/entities/Player.js:811
[   87369ms] [LOG] [Player] updateFirstPersonArmsVisibility: isFirstPerson=true currentWeapon=knife _lastArmWeaponType=knife @ http://localhost:3001/entities/Player.js:811
[   87415ms] [LOG] [Player] updateFirstPersonArmsVisibility: isFirstPerson=true currentWeapon=knife _lastArmWeaponType=knife @ http://localhost:3001/entities/Player.js:811
[   87471ms] [LOG] [Player] updateFirstPersonArmsVisibility: isFirstPerson=true currentWeapon=knife _lastArmWeaponType=knife @ http://localhost:3001/entities/Player.js:811
[   87516ms] [LOG] [Player] updateFirstPersonArmsVisibility: isFirstPerson=true currentWeapon=knife _lastArmWeaponType=knife @ http://localhost:3001/entities/Player.js:811
[   87556ms] [LOG] [Player] updateFirstPersonArmsVisibility: isFirstPerson=true currentWeapon=knife _lastArmWeaponType=knife @ http://localhost:3001/entities/Player.js:811
[   87603ms] [LOG] [Player] updateFirstPersonArmsVisibility: isFirstPerson=true currentWeapon=knife _lastArmWeaponType=knife @ http://localhost:3001/entities/Player.js:811
[   87638ms] [LOG] [Player] updateFirstPersonArmsVisibility: isFirstPerson=true currentWeapon=knife _lastArmWeaponType=knife @ http://localhost:3001/entities/Player.js:811
[   87680ms] [LOG] [Player] updateFirstPersonArmsVisibility: isFirstPerson=true currentWeapon=knife _lastArmWeaponType=knife @ http://localhost:3001/entities/Player.js:811
[   87723ms] [LOG] [Player] updateFirstPersonArmsVisibility: isFirstPerson=true currentWeapon=knife _lastArmWeaponType=knife @ http://localhost:3001/entities/Player.js:811
[   87770ms] [LOG] [Player] updateFirstPersonArmsVisibility: isFirstPerson=true currentWeapon=knife _lastArmWeaponType=knife @ http://localhost:3001/entities/Player.js:811
[   87855ms] [LOG] [Player] updateFirstPersonArmsVisibility: isFirstPerson=true currentWeapon=knife _lastArmWeaponType=knife @ http://localhost:3001/entities/Player.js:811
[   87959ms] [LOG] [Player] updateFirstPersonArmsVisibility: isFirstPerson=true currentWeapon=knife _lastArmWeaponType=knife @ http://localhost:3001/entities/Player.js:811
[   88013ms] [LOG] [Player] updateFirstPersonArmsVisibility: isFirstPerson=true currentWeapon=knife _lastArmWeaponType=knife @ http://localhost:3001/entities/Player.js:811
[   88083ms] [LOG] [Player] updateFirstPersonArmsVisibility: isFirstPerson=true currentWeapon=knife _lastArmWeaponType=knife @ http://localhost:3001/entities/Player.js:811
[   88119ms] [LOG] [Player] updateFirstPersonArmsVisibility: isFirstPerson=true currentWeapon=knife _lastArmWeaponType=knife @ http://localhost:3001/entities/Player.js:811
[   88159ms] [LOG] [Player] updateFirstPersonArmsVisibility: isFirstPerson=true currentWeapon=knife _lastArmWeaponType=knife @ http://localhost:3001/entities/Player.js:811
[   88202ms] [LOG] [Player] updateFirstPersonArmsVisibility: isFirstPerson=true currentWeapon=knife _lastArmWeaponType=knife @ http://localhost:3001/entities/Player.js:811
[   88242ms] [LOG] [Player] updateFirstPersonArmsVisibility: isFirstPerson=true currentWeapon=knife _lastArmWeaponType=knife @ http://localhost:3001/entities/Player.js:811
[   88279ms] [LOG] [Player] updateFirstPersonArmsVisibility: isFirstPerson=true currentWeapon=knife _lastArmWeaponType=knife @ http://localhost:3001/entities/Player.js:811
[   88320ms] [LOG] [Player] updateFirstPersonArmsVisibility: isFirstPerson=true currentWeapon=knife _lastArmWeaponType=knife @ http://localhost:3001/entities/Player.js:811
[   88367ms] [LOG] [Player] updateFirstPersonArmsVisibility: isFirstPerson=true currentWeapon=knife _lastArmWeaponType=knife @ http://localhost:3001/entities/Player.js:811
[   88397ms] [LOG] [Player] updateFirstPersonArmsVisibility: isFirstPerson=true currentWeapon=knife _lastArmWeaponType=knife @ http://localhost:3001/entities/Player.js:811
[   88446ms] [LOG] [Player] updateFirstPersonArmsVisibility: isFirstPerson=true currentWeapon=knife _lastArmWeaponType=knife @ http://localhost:3001/entities/Player.js:811
[   88496ms] [LOG] [Player] updateFirstPersonArmsVisibility: isFirstPerson=true currentWeapon=knife _lastArmWeaponType=knife @ http://localhost:3001/entities/Player.js:811
[   88561ms] [LOG] [Player] updateFirstPersonArmsVisibility: isFirstPerson=true currentWeapon=knife _lastArmWeaponType=knife @ http://localhost:3001/entities/Player.js:811
[   88619ms] [LOG] [Player] updateFirstPersonArmsVisibility: isFirstPerson=true currentWeapon=knife _lastArmWeaponType=knife @ http://localhost:3001/entities/Player.js:811
[   88665ms] [LOG] [Player] updateFirstPersonArmsVisibility: isFirstPerson=true currentWeapon=knife _lastArmWeaponType=knife @ http://localhost:3001/entities/Player.js:811
[   88725ms] [LOG] [Player] updateFirstPersonArmsVisibility: isFirstPerson=true currentWeapon=knife _lastArmWeaponType=knife @ http://localhost:3001/entities/Player.js:811
[   88772ms] [LOG] [Player] updateFirstPersonArmsVisibility: isFirstPerson=true currentWeapon=knife _lastArmWeaponType=knife @ http://localhost:3001/entities/Player.js:811
[   88833ms] [LOG] [Player] updateFirstPersonArmsVisibility: isFirstPerson=true currentWeapon=knife _lastArmWeaponType=knife @ http://localhost:3001/entities/Player.js:811
[   88874ms] [LOG] [Player] updateFirstPersonArmsVisibility: isFirstPerson=true currentWeapon=knife _lastArmWeaponType=knife @ http://localhost:3001/entities/Player.js:811
[   88901ms] [LOG] [Player] updateFirstPersonArmsVisibility: isFirstPerson=true currentWeapon=knife _lastArmWeaponType=knife @ http://localhost:3001/entities/Player.js:811
[   88949ms] [LOG] [Player] updateFirstPersonArmsVisibility: isFirstPerson=true currentWeapon=knife _lastArmWeaponType=knife @ http://localhost:3001/entities/Player.js:811
[   88984ms] [LOG] [Player] updateFirstPersonArmsVisibility: isFirstPerson=true currentWeapon=knife _lastArmWeaponType=knife @ http://localhost:3001/entities/Player.js:811
[   89027ms] [LOG] [Player] updateFirstPersonArmsVisibility: isFirstPerson=true currentWeapon=knife _lastArmWeaponType=knife @ http://localhost:3001/entities/Player.js:811
[   89076ms] [LOG] [Player] updateFirstPersonArmsVisibility: isFirstPerson=true currentWeapon=knife _lastArmWeaponType=knife @ http://localhost:3001/entities/Player.js:811
[   89123ms] [LOG] [Player] updateFirstPersonArmsVisibility: isFirstPerson=true currentWeapon=knife _lastArmWeaponType=knife @ http://localhost:3001/entities/Player.js:811
[   89124ms] [LOG] [CameraController] playerPos=46.00,4.04,0.00 targetY=4.19 camPos=46.00,4.19,0.00 @ http://localhost:3001/core/CameraController.js:240
[   89166ms] [LOG] [Player] updateFirstPersonArmsVisibility: isFirstPerson=true currentWeapon=knife _lastArmWeaponType=knife @ http://localhost:3001/entities/Player.js:811
[   89218ms] [LOG] [Player] updateFirstPersonArmsVisibility: isFirstPerson=true currentWeapon=knife _lastArmWeaponType=knife @ http://localhost:3001/entities/Player.js:811
[   89283ms] [LOG] [Player] updateFirstPersonArmsVisibility: isFirstPerson=true currentWeapon=knife _lastArmWeaponType=knife @ http://localhost:3001/entities/Player.js:811
[   89334ms] [LOG] [Player] updateFirstPersonArmsVisibility: isFirstPerson=true currentWeapon=knife _lastArmWeaponType=knife @ http://localhost:3001/entities/Player.js:811
[   89410ms] [LOG] [Player] updateFirstPersonArmsVisibility: isFirstPerson=true currentWeapon=knife _lastArmWeaponType=knife @ http://localhost:3001/entities/Player.js:811
[   89467ms] [LOG] [Player] updateFirstPersonArmsVisibility: isFirstPerson=true currentWeapon=knife _lastArmWeaponType=knife @ http://localhost:3001/entities/Player.js:811
[   89506ms] [LOG] [Player] updateFirstPersonArmsVisibility: isFirstPerson=true currentWeapon=knife _lastArmWeaponType=knife @ http://localhost:3001/entities/Player.js:811
[   89550ms] [LOG] [Player] updateFirstPersonArmsVisibility: isFirstPerson=true currentWeapon=knife _lastArmWeaponType=knife @ http://localhost:3001/entities/Player.js:811
[   89593ms] [LOG] [Player] updateFirstPersonArmsVisibility: isFirstPerson=true currentWeapon=knife _lastArmWeaponType=knife @ http://localhost:3001/entities/Player.js:811
[   89654ms] [LOG] [Player] updateFirstPersonArmsVisibility: isFirstPerson=true currentWeapon=knife _lastArmWeaponType=knife @ http://localhost:3001/entities/Player.js:811
[   89693ms] [LOG] [Player] updateFirstPersonArmsVisibility: isFirstPerson=true currentWeapon=knife _lastArmWeaponType=knife @ http://localhost:3001/entities/Player.js:811
[   89745ms] [LOG] [Player] updateFirstPersonArmsVisibility: isFirstPerson=true currentWeapon=knife _lastArmWeaponType=knife @ http://localhost:3001/entities/Player.js:811
[   89807ms] [LOG] [Player] updateFirstPersonArmsVisibility: isFirstPerson=true currentWeapon=knife _lastArmWeaponType=knife @ http://localhost:3001/entities/Player.js:811
[   89851ms] [LOG] [Player] updateFirstPersonArmsVisibility: isFirstPerson=true currentWeapon=knife _lastArmWeaponType=knife @ http://localhost:3001/entities/Player.js:811
[   89890ms] [LOG] [Player] updateFirstPersonArmsVisibility: isFirstPerson=true currentWeapon=knife _lastArmWeaponType=knife @ http://localhost:3001/entities/Player.js:811
[   89931ms] [LOG] [Player] updateFirstPersonArmsVisibility: isFirstPerson=true currentWeapon=knife _lastArmWeaponType=knife @ http://localhost:3001/entities/Player.js:811
[   89980ms] [LOG] [Player] updateFirstPersonArmsVisibility: isFirstPerson=true currentWeapon=knife _lastArmWeaponType=knife @ http://localhost:3001/entities/Player.js:811
[   90049ms] [LOG] [Player] updateFirstPersonArmsVisibility: isFirstPerson=true currentWeapon=knife _lastArmWeaponType=knife @ http://localhost:3001/entities/Player.js:811
[   90103ms] [LOG] [Player] updateFirstPersonArmsVisibility: isFirstPerson=true currentWeapon=knife _lastArmWeaponType=knife @ http://localhost:3001/entities/Player.js:811
[   90187ms] [LOG] [Player] updateFirstPersonArmsVisibility: isFirstPerson=true currentWeapon=knife _lastArmWeaponType=knife @ http://localhost:3001/entities/Player.js:811
[   90249ms] [LOG] [Player] updateFirstPersonArmsVisibility: isFirstPerson=true currentWeapon=knife _lastArmWeaponType=knife @ http://localhost:3001/entities/Player.js:811
[   90300ms] [LOG] [Player] updateFirstPersonArmsVisibility: isFirstPerson=true currentWeapon=knife _lastArmWeaponType=knife @ http://localhost:3001/entities/Player.js:811
[   90362ms] [LOG] [Player] updateFirstPersonArmsVisibility: isFirstPerson=true currentWeapon=knife _lastArmWeaponType=knife @ http://localhost:3001/entities/Player.js:811
[   90410ms] [LOG] [Player] updateFirstPersonArmsVisibility: isFirstPerson=true currentWeapon=knife _lastArmWeaponType=knife @ http://localhost:3001/entities/Player.js:811
[   90457ms] [LOG] [Player] updateFirstPersonArmsVisibility: isFirstPerson=true currentWeapon=knife _lastArmWeaponType=knife @ http://localhost:3001/entities/Player.js:811
[   90506ms] [LOG] [Player] updateFirstPersonArmsVisibility: isFirstPerson=true currentWeapon=knife _lastArmWeaponType=knife @ http://localhost:3001/entities/Player.js:811
[   90550ms] [LOG] [Player] updateFirstPersonArmsVisibility: isFirstPerson=true currentWeapon=knife _lastArmWeaponType=knife @ http://localhost:3001/entities/Player.js:811
[   90606ms] [LOG] [Player] updateFirstPersonArmsVisibility: isFirstPerson=true currentWeapon=knife _lastArmWeaponType=knife @ http://localhost:3001/entities/Player.js:811
[   90669ms] [LOG] [Player] updateFirstPersonArmsVisibility: isFirstPerson=true currentWeapon=knife _lastArmWeaponType=knife @ http://localhost:3001/entities/Player.js:811
[   90721ms] [LOG] [Player] updateFirstPersonArmsVisibility: isFirstPerson=true currentWeapon=knife _lastArmWeaponType=knife @ http://localhost:3001/entities/Player.js:811
[   90756ms] [LOG] [Player] updateFirstPersonArmsVisibility: isFirstPerson=true currentWeapon=knife _lastArmWeaponType=knife @ http://localhost:3001/entities/Player.js:811
[   90799ms] [LOG] [Player] updateFirstPersonArmsVisibility: isFirstPerson=true currentWeapon=knife _lastArmWeaponType=knife @ http://localhost:3001/entities/Player.js:811
[   90856ms] [LOG] [Player] updateFirstPersonArmsVisibility: isFirstPerson=true currentWeapon=knife _lastArmWeaponType=knife @ http://localhost:3001/entities/Player.js:811
[   90894ms] [LOG] [Player] updateFirstPersonArmsVisibility: isFirstPerson=true currentWeapon=knife _lastArmWeaponType=knife @ http://localhost:3001/entities/Player.js:811
[   90929ms] [LOG] [Player] updateFirstPersonArmsVisibility: isFirstPerson=true currentWeapon=knife _lastArmWeaponType=knife @ http://localhost:3001/entities/Player.js:811
[   90992ms] [LOG] [Player] updateFirstPersonArmsVisibility: isFirstPerson=true currentWeapon=knife _lastArmWeaponType=knife @ http://localhost:3001/entities/Player.js:811
[   91082ms] [LOG] [Player] updateFirstPersonArmsVisibility: isFirstPerson=true currentWeapon=knife _lastArmWeaponType=knife @ http://localhost:3001/entities/Player.js:811
[   91118ms] [LOG] [Player] updateFirstPersonArmsVisibility: isFirstPerson=true currentWeapon=knife _lastArmWeaponType=knife @ http://localhost:3001/entities/Player.js:811
[   91187ms] [LOG] [Player] updateFirstPersonArmsVisibility: isFirstPerson=true currentWeapon=knife _lastArmWeaponType=knife @ http://localhost:3001/entities/Player.js:811
[   91258ms] [LOG] [Player] updateFirstPersonArmsVisibility: isFirstPerson=true currentWeapon=knife _lastArmWeaponType=knife @ http://localhost:3001/entities/Player.js:811
[   91318ms] [LOG] [Player] updateFirstPersonArmsVisibility: isFirstPerson=true currentWeapon=knife _lastArmWeaponType=knife @ http://localhost:3001/entities/Player.js:811
[   91369ms] [LOG] [Player] updateFirstPersonArmsVisibility: isFirstPerson=true currentWeapon=knife _lastArmWeaponType=knife @ http://localhost:3001/entities/Player.js:811
[   91409ms] [LOG] [Player] updateFirstPersonArmsVisibility: isFirstPerson=true currentWeapon=knife _lastArmWeaponType=knife @ http://localhost:3001/entities/Player.js:811
[   91451ms] [LOG] [Player] updateFirstPersonArmsVisibility: isFirstPerson=true currentWeapon=knife _lastArmWeaponType=knife @ http://localhost:3001/entities/Player.js:811
[   91492ms] [LOG] [Player] updateFirstPersonArmsVisibility: isFirstPerson=true currentWeapon=knife _lastArmWeaponType=knife @ http://localhost:3001/entities/Player.js:811
[   91538ms] [LOG] [Player] updateFirstPersonArmsVisibility: isFirstPerson=true currentWeapon=knife _lastArmWeaponType=knife @ http://localhost:3001/entities/Player.js:811
[   91599ms] [LOG] [Player] updateFirstPersonArmsVisibility: isFirstPerson=true currentWeapon=knife _lastArmWeaponType=knife @ http://localhost:3001/entities/Player.js:811
[   91660ms] [LOG] [Player] updateFirstPersonArmsVisibility: isFirstPerson=true currentWeapon=knife _lastArmWeaponType=knife @ http://localhost:3001/entities/Player.js:811
[   91715ms] [LOG] [Player] updateFirstPersonArmsVisibility: isFirstPerson=true currentWeapon=knife _lastArmWeaponType=knife @ http://localhost:3001/entities/Player.js:811
[   91758ms] [LOG] [Player] updateFirstPersonArmsVisibility: isFirstPerson=true currentWeapon=knife _lastArmWeaponType=knife @ http://localhost:3001/entities/Player.js:811
[   91791ms] [LOG] [Player] updateFirstPersonArmsVisibility: isFirstPerson=true currentWeapon=knife _lastArmWeaponType=knife @ http://localhost:3001/entities/Player.js:811
[   91839ms] [LOG] [Player] updateFirstPersonArmsVisibility: isFirstPerson=true currentWeapon=knife _lastArmWeaponType=knife @ http://localhost:3001/entities/Player.js:811
[   91883ms] [LOG] [Player] updateFirstPersonArmsVisibility: isFirstPerson=true currentWeapon=knife _lastArmWeaponType=knife @ http://localhost:3001/entities/Player.js:811
[   91917ms] [LOG] [Player] updateFirstPersonArmsVisibility: isFirstPerson=true currentWeapon=knife _lastArmWeaponType=knife @ http://localhost:3001/entities/Player.js:811
[   91957ms] [LOG] [Player] updateFirstPersonArmsVisibility: isFirstPerson=true currentWeapon=knife _lastArmWeaponType=knife @ http://localhost:3001/entities/Player.js:811
[   92001ms] [LOG] [Player] updateFirstPersonArmsVisibility: isFirstPerson=true currentWeapon=knife _lastArmWeaponType=knife @ http://localhost:3001/entities/Player.js:811
[   92041ms] [LOG] [Player] updateFirstPersonArmsVisibility: isFirstPerson=true currentWeapon=knife _lastArmWeaponType=knife @ http://localhost:3001/entities/Player.js:811
[   92084ms] [LOG] [Player] updateFirstPersonArmsVisibility: isFirstPerson=true currentWeapon=knife _lastArmWeaponType=knife @ http://localhost:3001/entities/Player.js:811
[   92143ms] [LOG] [Player] updateFirstPersonArmsVisibility: isFirstPerson=true currentWeapon=knife _lastArmWeaponType=knife @ http://localhost:3001/entities/Player.js:811
[   92189ms] [LOG] [Player] updateFirstPersonArmsVisibility: isFirstPerson=true currentWeapon=knife _lastArmWeaponType=knife @ http://localhost:3001/entities/Player.js:811
[   92229ms] [LOG] [Player] updateFirstPersonArmsVisibility: isFirstPerson=true currentWeapon=knife _lastArmWeaponType=knife @ http://localhost:3001/entities/Player.js:811
[   92279ms] [LOG] [Player] updateFirstPersonArmsVisibility: isFirstPerson=true currentWeapon=knife _lastArmWeaponType=knife @ http://localhost:3001/entities/Player.js:811
[   92329ms] [LOG] [Player] updateFirstPersonArmsVisibility: isFirstPerson=true currentWeapon=knife _lastArmWeaponType=knife @ http://localhost:3001/entities/Player.js:811
[   92376ms] [LOG] [Player] updateFirstPersonArmsVisibility: isFirstPerson=true currentWeapon=knife _lastArmWeaponType=knife @ http://localhost:3001/entities/Player.js:811
[   92433ms] [LOG] [Player] updateFirstPersonArmsVisibility: isFirstPerson=true currentWeapon=knife _lastArmWeaponType=knife @ http://localhost:3001/entities/Player.js:811
[   92501ms] [LOG] [Player] updateFirstPersonArmsVisibility: isFirstPerson=true currentWeapon=knife _lastArmWeaponType=knife @ http://localhost:3001/entities/Player.js:811
[   92549ms] [LOG] [Player] updateFirstPersonArmsVisibility: isFirstPerson=true currentWeapon=knife _lastArmWeaponType=knife @ http://localhost:3001/entities/Player.js:811
[   92604ms] [LOG] [Player] updateFirstPersonArmsVisibility: isFirstPerson=true currentWeapon=knife _lastArmWeaponType=knife @ http://localhost:3001/entities/Player.js:811
[   92652ms] [LOG] [Player] updateFirstPersonArmsVisibility: isFirstPerson=true currentWeapon=knife _lastArmWeaponType=knife @ http://localhost:3001/entities/Player.js:811
[   92714ms] [LOG] [Player] updateFirstPersonArmsVisibility: isFirstPerson=true currentWeapon=knife _lastArmWeaponType=knife @ http://localhost:3001/entities/Player.js:811
[   92759ms] [LOG] [Player] updateFirstPersonArmsVisibility: isFirstPerson=true currentWeapon=knife _lastArmWeaponType=knife @ http://localhost:3001/entities/Player.js:811
[   92798ms] [LOG] [Player] updateFirstPersonArmsVisibility: isFirstPerson=true currentWeapon=knife _lastArmWeaponType=knife @ http://localhost:3001/entities/Player.js:811
[   92839ms] [LOG] [Player] updateFirstPersonArmsVisibility: isFirstPerson=true currentWeapon=knife _lastArmWeaponType=knife @ http://localhost:3001/entities/Player.js:811
[   92896ms] [LOG] [Player] updateFirstPersonArmsVisibility: isFirstPerson=true currentWeapon=knife _lastArmWeaponType=knife @ http://localhost:3001/entities/Player.js:811
[   92953ms] [LOG] [Player] updateFirstPersonArmsVisibility: isFirstPerson=true currentWeapon=knife _lastArmWeaponType=knife @ http://localhost:3001/entities/Player.js:811
[   93009ms] [LOG] [Player] updateFirstPersonArmsVisibility: isFirstPerson=true currentWeapon=knife _lastArmWeaponType=knife @ http://localhost:3001/entities/Player.js:811
[   93064ms] [LOG] [Player] updateFirstPersonArmsVisibility: isFirstPerson=true currentWeapon=knife _lastArmWeaponType=knife @ http://localhost:3001/entities/Player.js:811
[   93105ms] [LOG] [Player] updateFirstPersonArmsVisibility: isFirstPerson=true currentWeapon=knife _lastArmWeaponType=knife @ http://localhost:3001/entities/Player.js:811
[   93151ms] [LOG] [Player] updateFirstPersonArmsVisibility: isFirstPerson=true currentWeapon=knife _lastArmWeaponType=knife @ http://localhost:3001/entities/Player.js:811
[   93193ms] [LOG] [Player] updateFirstPersonArmsVisibility: isFirstPerson=true currentWeapon=knife _lastArmWeaponType=knife @ http://localhost:3001/entities/Player.js:811
[   93270ms] [LOG] [Player] updateFirstPersonArmsVisibility: isFirstPerson=true currentWeapon=knife _lastArmWeaponType=knife @ http://localhost:3001/entities/Player.js:811
[   93315ms] [LOG] [Player] updateFirstPersonArmsVisibility: isFirstPerson=true currentWeapon=knife _lastArmWeaponType=knife @ http://localhost:3001/entities/Player.js:811
[   93368ms] [LOG] [Player] updateFirstPersonArmsVisibility: isFirstPerson=true currentWeapon=knife _lastArmWeaponType=knife @ http://localhost:3001/entities/Player.js:811
[   93424ms] [LOG] [Player] updateFirstPersonArmsVisibility: isFirstPerson=true currentWeapon=knife _lastArmWeaponType=knife @ http://localhost:3001/entities/Player.js:811
[   93466ms] [LOG] [Player] updateFirstPersonArmsVisibility: isFirstPerson=true currentWeapon=knife _lastArmWeaponType=knife @ http://localhost:3001/entities/Player.js:811
[   93526ms] [LOG] [Player] updateFirstPersonArmsVisibility: isFirstPerson=true currentWeapon=knife _lastArmWeaponType=knife @ http://localhost:3001/entities/Player.js:811
[   93619ms] [LOG] [Player] updateFirstPersonArmsVisibility: isFirstPerson=true currentWeapon=knife _lastArmWeaponType=knife @ http://localhost:3001/entities/Player.js:811
[   93709ms] [LOG] [Player] updateFirstPersonArmsVisibility: isFirstPerson=true currentWeapon=knife _lastArmWeaponType=knife @ http://localhost:3001/entities/Player.js:811
[   93820ms] [LOG] [Player] updateFirstPersonArmsVisibility: isFirstPerson=true currentWeapon=knife _lastArmWeaponType=knife @ http://localhost:3001/entities/Player.js:811
[   93888ms] [LOG] [Player] updateFirstPersonArmsVisibility: isFirstPerson=true currentWeapon=knife _lastArmWeaponType=knife @ http://localhost:3001/entities/Player.js:811
[   93951ms] [LOG] [Player] updateFirstPersonArmsVisibility: isFirstPerson=true currentWeapon=knife _lastArmWeaponType=knife @ http://localhost:3001/entities/Player.js:811
[   94059ms] [LOG] [Player] updateFirstPersonArmsVisibility: isFirstPerson=true currentWeapon=knife _lastArmWeaponType=knife @ http://localhost:3001/entities/Player.js:811
[   94175ms] [LOG] [Player] updateFirstPersonArmsVisibility: isFirstPerson=true currentWeapon=knife _lastArmWeaponType=knife @ http://localhost:3001/entities/Player.js:811
[   94294ms] [LOG] [Player] updateFirstPersonArmsVisibility: isFirstPerson=true currentWeapon=knife _lastArmWeaponType=knife @ http://localhost:3001/entities/Player.js:811
[   94425ms] [LOG] [Player] updateFirstPersonArmsVisibility: isFirstPerson=true currentWeapon=knife _lastArmWeaponType=knife @ http://localhost:3001/entities/Player.js:811
[   94659ms] [LOG] [Player] updateFirstPersonArmsVisibility: isFirstPerson=true currentWeapon=knife _lastArmWeaponType=knife @ http://localhost:3001/entities/Player.js:811
[   95877ms] [LOG] [Player] updateFirstPersonArmsVisibility: isFirstPerson=true currentWeapon=knife _lastArmWeaponType=knife @ http://localhost:3001/entities/Player.js:811
[   96954ms] [LOG] [Player] updateFirstPersonArmsVisibility: isFirstPerson=true currentWeapon=knife _lastArmWeaponType=knife @ http://localhost:3001/entities/Player.js:811
[   97093ms] [LOG] [Player] updateFirstPersonArmsVisibility: isFirstPerson=true currentWeapon=knife _lastArmWeaponType=knife @ http://localhost:3001/entities/Player.js:811
[   97375ms] [LOG] [Player] updateFirstPersonArmsVisibility: isFirstPerson=true currentWeapon=knife _lastArmWeaponType=knife @ http://localhost:3001/entities/Player.js:811
[   97460ms] [LOG] [Player] updateFirstPersonArmsVisibility: isFirstPerson=true currentWeapon=knife _lastArmWeaponType=knife @ http://localhost:3001/entities/Player.js:811
[   97513ms] [LOG] [Player] updateFirstPersonArmsVisibility: isFirstPerson=true currentWeapon=knife _lastArmWeaponType=knife @ http://localhost:3001/entities/Player.js:811
[   97549ms] [LOG] [Player] updateFirstPersonArmsVisibility: isFirstPerson=true currentWeapon=knife _lastArmWeaponType=knife @ http://localhost:3001/entities/Player.js:811
[   97572ms] [LOG] [Player] updateFirstPersonArmsVisibility: isFirstPerson=true currentWeapon=knife _lastArmWeaponType=knife @ http://localhost:3001/entities/Player.js:811
[   97618ms] [LOG] [Player] updateFirstPersonArmsVisibility: isFirstPerson=true currentWeapon=knife _lastArmWeaponType=knife @ http://localhost:3001/entities/Player.js:811
[   97667ms] [LOG] [Player] updateFirstPersonArmsVisibility: isFirstPerson=true currentWeapon=knife _lastArmWeaponType=knife @ http://localhost:3001/entities/Player.js:811
[   97707ms] [LOG] [Player] updateFirstPersonArmsVisibility: isFirstPerson=true currentWeapon=knife _lastArmWeaponType=knife @ http://localhost:3001/entities/Player.js:811
[   97749ms] [LOG] [Player] updateFirstPersonArmsVisibility: isFirstPerson=true currentWeapon=knife _lastArmWeaponType=knife @ http://localhost:3001/entities/Player.js:811
[   97797ms] [LOG] [Player] updateFirstPersonArmsVisibility: isFirstPerson=true currentWeapon=knife _lastArmWeaponType=knife @ http://localhost:3001/entities/Player.js:811
[   97854ms] [LOG] [Player] updateFirstPersonArmsVisibility: isFirstPerson=true currentWeapon=knife _lastArmWeaponType=knife @ http://localhost:3001/entities/Player.js:811
[   97904ms] [LOG] [Player] updateFirstPersonArmsVisibility: isFirstPerson=true currentWeapon=knife _lastArmWeaponType=knife @ http://localhost:3001/entities/Player.js:811
[   97951ms] [LOG] [Player] updateFirstPersonArmsVisibility: isFirstPerson=true currentWeapon=knife _lastArmWeaponType=knife @ http://localhost:3001/entities/Player.js:811
[   98007ms] [LOG] [Player] updateFirstPersonArmsVisibility: isFirstPerson=true currentWeapon=knife _lastArmWeaponType=knife @ http://localhost:3001/entities/Player.js:811
[   98070ms] [LOG] [Player] updateFirstPersonArmsVisibility: isFirstPerson=true currentWeapon=knife _lastArmWeaponType=knife @ http://localhost:3001/entities/Player.js:811
[   98110ms] [LOG] [Player] updateFirstPersonArmsVisibility: isFirstPerson=true currentWeapon=knife _lastArmWeaponType=knife @ http://localhost:3001/entities/Player.js:811
[   98152ms] [LOG] [Player] updateFirstPersonArmsVisibility: isFirstPerson=true currentWeapon=knife _lastArmWeaponType=knife @ http://localhost:3001/entities/Player.js:811
[   98188ms] [LOG] [Player] updateFirstPersonArmsVisibility: isFirstPerson=true currentWeapon=knife _lastArmWeaponType=knife @ http://localhost:3001/entities/Player.js:811
[   98242ms] [LOG] [Player] updateFirstPersonArmsVisibility: isFirstPerson=true currentWeapon=knife _lastArmWeaponType=knife @ http://localhost:3001/entities/Player.js:811
[   98299ms] [LOG] [Player] updateFirstPersonArmsVisibility: isFirstPerson=true currentWeapon=knife _lastArmWeaponType=knife @ http://localhost:3001/entities/Player.js:811
[   98339ms] [LOG] [Player] updateFirstPersonArmsVisibility: isFirstPerson=true currentWeapon=knife _lastArmWeaponType=knife @ http://localhost:3001/entities/Player.js:811
[   98375ms] [LOG] [Player] updateFirstPersonArmsVisibility: isFirstPerson=true currentWeapon=knife _lastArmWeaponType=knife @ http://localhost:3001/entities/Player.js:811
[   98437ms] [LOG] [Player] updateFirstPersonArmsVisibility: isFirstPerson=true currentWeapon=knife _lastArmWeaponType=knife @ http://localhost:3001/entities/Player.js:811
[   98486ms] [LOG] [Player] updateFirstPersonArmsVisibility: isFirstPerson=true currentWeapon=knife _lastArmWeaponType=knife @ http://localhost:3001/entities/Player.js:811
[   98563ms] [LOG] [Player] updateFirstPersonArmsVisibility: isFirstPerson=true currentWeapon=knife _lastArmWeaponType=knife @ http://localhost:3001/entities/Player.js:811
[   98611ms] [LOG] [Player] updateFirstPersonArmsVisibility: isFirstPerson=true currentWeapon=knife _lastArmWeaponType=knife @ http://localhost:3001/entities/Player.js:811
[   98658ms] [LOG] [Player] updateFirstPersonArmsVisibility: isFirstPerson=true currentWeapon=knife _lastArmWeaponType=knife @ http://localhost:3001/entities/Player.js:811
[   98700ms] [LOG] [Player] updateFirstPersonArmsVisibility: isFirstPerson=true currentWeapon=knife _lastArmWeaponType=knife @ http://localhost:3001/entities/Player.js:811
[   98744ms] [LOG] [Player] updateFirstPersonArmsVisibility: isFirstPerson=true currentWeapon=knife _lastArmWeaponType=knife @ http://localhost:3001/entities/Player.js:811
[   98792ms] [LOG] [Player] updateFirstPersonArmsVisibility: isFirstPerson=true currentWeapon=knife _lastArmWeaponType=knife @ http://localhost:3001/entities/Player.js:811
[   98847ms] [LOG] [Player] updateFirstPersonArmsVisibility: isFirstPerson=true currentWeapon=knife _lastArmWeaponType=knife @ http://localhost:3001/entities/Player.js:811
[   98918ms] [LOG] [Player] updateFirstPersonArmsVisibility: isFirstPerson=true currentWeapon=knife _lastArmWeaponType=knife @ http://localhost:3001/entities/Player.js:811
[   98973ms] [LOG] [Player] updateFirstPersonArmsVisibility: isFirstPerson=true currentWeapon=knife _lastArmWeaponType=knife @ http://localhost:3001/entities/Player.js:811
[   99033ms] [LOG] [Player] updateFirstPersonArmsVisibility: isFirstPerson=true currentWeapon=knife _lastArmWeaponType=knife @ http://localhost:3001/entities/Player.js:811
[   99079ms] [LOG] [Player] updateFirstPersonArmsVisibility: isFirstPerson=true currentWeapon=knife _lastArmWeaponType=knife @ http://localhost:3001/entities/Player.js:811
[   99120ms] [LOG] [Player] updateFirstPersonArmsVisibility: isFirstPerson=true currentWeapon=knife _lastArmWeaponType=knife @ http://localhost:3001/entities/Player.js:811
[   99160ms] [LOG] [Player] updateFirstPersonArmsVisibility: isFirstPerson=true currentWeapon=knife _lastArmWeaponType=knife @ http://localhost:3001/entities/Player.js:811
[   99195ms] [LOG] [Player] updateFirstPersonArmsVisibility: isFirstPerson=true currentWeapon=knife _lastArmWeaponType=knife @ http://localhost:3001/entities/Player.js:811
[   99279ms] [LOG] [Player] updateFirstPersonArmsVisibility: isFirstPerson=true currentWeapon=knife _lastArmWeaponType=knife @ http://localhost:3001/entities/Player.js:811
[   99340ms] [LOG] [Player] updateFirstPersonArmsVisibility: isFirstPerson=true currentWeapon=knife _lastArmWeaponType=knife @ http://localhost:3001/entities/Player.js:811
[   99388ms] [LOG] [Player] updateFirstPersonArmsVisibility: isFirstPerson=true currentWeapon=knife _lastArmWeaponType=knife @ http://localhost:3001/entities/Player.js:811
[   99439ms] [LOG] [Player] updateFirstPersonArmsVisibility: isFirstPerson=true currentWeapon=knife _lastArmWeaponType=knife @ http://localhost:3001/entities/Player.js:811
[   99486ms] [LOG] [Player] updateFirstPersonArmsVisibility: isFirstPerson=true currentWeapon=knife _lastArmWeaponType=knife @ http://localhost:3001/entities/Player.js:811
[   99558ms] [LOG] [Player] updateFirstPersonArmsVisibility: isFirstPerson=true currentWeapon=knife _lastArmWeaponType=knife @ http://localhost:3001/entities/Player.js:811
[   99618ms] [LOG] [Player] updateFirstPersonArmsVisibility: isFirstPerson=true currentWeapon=knife _lastArmWeaponType=knife @ http://localhost:3001/entities/Player.js:811
[   99654ms] [LOG] [Player] updateFirstPersonArmsVisibility: isFirstPerson=true currentWeapon=knife _lastArmWeaponType=knife @ http://localhost:3001/entities/Player.js:811
[   99696ms] [LOG] [Player] updateFirstPersonArmsVisibility: isFirstPerson=true currentWeapon=knife _lastArmWeaponType=knife @ http://localhost:3001/entities/Player.js:811
[   99744ms] [LOG] [Player] updateFirstPersonArmsVisibility: isFirstPerson=true currentWeapon=knife _lastArmWeaponType=knife @ http://localhost:3001/entities/Player.js:811
[   99791ms] [LOG] [Player] updateFirstPersonArmsVisibility: isFirstPerson=true currentWeapon=knife _lastArmWeaponType=knife @ http://localhost:3001/entities/Player.js:811
[   99841ms] [LOG] [Player] updateFirstPersonArmsVisibility: isFirstPerson=true currentWeapon=knife _lastArmWeaponType=knife @ http://localhost:3001/entities/Player.js:811
[   99883ms] [LOG] [Player] updateFirstPersonArmsVisibility: isFirstPerson=true currentWeapon=knife _lastArmWeaponType=knife @ http://localhost:3001/entities/Player.js:811
[   99931ms] [LOG] [Player] updateFirstPersonArmsVisibility: isFirstPerson=true currentWeapon=knife _lastArmWeaponType=knife @ http://localhost:3001/entities/Player.js:811
[   99992ms] [LOG] [Player] updateFirstPersonArmsVisibility: isFirstPerson=true currentWeapon=knife _lastArmWeaponType=knife @ http://localhost:3001/entities/Player.js:811
[  100034ms] [LOG] [Player] updateFirstPersonArmsVisibility: isFirstPerson=true currentWeapon=knife _lastArmWeaponType=knife @ http://localhost:3001/entities/Player.js:811
[  100072ms] [LOG] [Player] updateFirstPersonArmsVisibility: isFirstPerson=true currentWeapon=knife _lastArmWeaponType=knife @ http://localhost:3001/entities/Player.js:811
[  100134ms] [LOG] [Player] updateFirstPersonArmsVisibility: isFirstPerson=true currentWeapon=knife _lastArmWeaponType=knife @ http://localhost:3001/entities/Player.js:811
[  100188ms] [LOG] [Player] updateFirstPersonArmsVisibility: isFirstPerson=true currentWeapon=knife _lastArmWeaponType=knife @ http://localhost:3001/entities/Player.js:811
[  100279ms] [LOG] [Player] updateFirstPersonArmsVisibility: isFirstPerson=true currentWeapon=knife _lastArmWeaponType=knife @ http://localhost:3001/entities/Player.js:811
[  100329ms] [LOG] [Player] updateFirstPersonArmsVisibility: isFirstPerson=true currentWeapon=knife _lastArmWeaponType=knife @ http://localhost:3001/entities/Player.js:811
[  100389ms] [LOG] [Player] updateFirstPersonArmsVisibility: isFirstPerson=true currentWeapon=knife _lastArmWeaponType=knife @ http://localhost:3001/entities/Player.js:811
[  100438ms] [LOG] [Player] updateFirstPersonArmsVisibility: isFirstPerson=true currentWeapon=knife _lastArmWeaponType=knife @ http://localhost:3001/entities/Player.js:811
[  100507ms] [LOG] [Player] updateFirstPersonArmsVisibility: isFirstPerson=true currentWeapon=knife _lastArmWeaponType=knife @ http://localhost:3001/entities/Player.js:811
[  100559ms] [LOG] [Player] updateFirstPersonArmsVisibility: isFirstPerson=true currentWeapon=knife _lastArmWeaponType=knife @ http://localhost:3001/entities/Player.js:811
[  100626ms] [LOG] [Player] updateFirstPersonArmsVisibility: isFirstPerson=true currentWeapon=knife _lastArmWeaponType=knife @ http://localhost:3001/entities/Player.js:811
[  100679ms] [LOG] [Player] updateFirstPersonArmsVisibility: isFirstPerson=true currentWeapon=knife _lastArmWeaponType=knife @ http://localhost:3001/entities/Player.js:811
[  100721ms] [LOG] [Player] updateFirstPersonArmsVisibility: isFirstPerson=true currentWeapon=knife _lastArmWeaponType=knife @ http://localhost:3001/entities/Player.js:811
[  100757ms] [LOG] [Player] updateFirstPersonArmsVisibility: isFirstPerson=true currentWeapon=knife _lastArmWeaponType=knife @ http://localhost:3001/entities/Player.js:811
[  100797ms] [LOG] [Player] updateFirstPersonArmsVisibility: isFirstPerson=true currentWeapon=knife _lastArmWeaponType=knife @ http://localhost:3001/entities/Player.js:811
[  100835ms] [LOG] [Player] updateFirstPersonArmsVisibility: isFirstPerson=true currentWeapon=knife _lastArmWeaponType=knife @ http://localhost:3001/entities/Player.js:811
[  100881ms] [LOG] [Player] updateFirstPersonArmsVisibility: isFirstPerson=true currentWeapon=knife _lastArmWeaponType=knife @ http://localhost:3001/entities/Player.js:811
[  100926ms] [LOG] [Player] updateFirstPersonArmsVisibility: isFirstPerson=true currentWeapon=knife _lastArmWeaponType=knife @ http://localhost:3001/entities/Player.js:811
[  100987ms] [LOG] [Player] updateFirstPersonArmsVisibility: isFirstPerson=true currentWeapon=knife _lastArmWeaponType=knife @ http://localhost:3001/entities/Player.js:811
[  101036ms] [LOG] [Player] updateFirstPersonArmsVisibility: isFirstPerson=true currentWeapon=knife _lastArmWeaponType=knife @ http://localhost:3001/entities/Player.js:811
[  101077ms] [LOG] [Player] updateFirstPersonArmsVisibility: isFirstPerson=true currentWeapon=knife _lastArmWeaponType=knife @ http://localhost:3001/entities/Player.js:811
[  101124ms] [LOG] [Player] updateFirstPersonArmsVisibility: isFirstPerson=true currentWeapon=knife _lastArmWeaponType=knife @ http://localhost:3001/entities/Player.js:811
[  101181ms] [LOG] [Player] updateFirstPersonArmsVisibility: isFirstPerson=true currentWeapon=knife _lastArmWeaponType=knife @ http://localhost:3001/entities/Player.js:811
[  101245ms] [LOG] [Player] updateFirstPersonArmsVisibility: isFirstPerson=true currentWeapon=knife _lastArmWeaponType=knife @ http://localhost:3001/entities/Player.js:811
[  101306ms] [LOG] [Player] updateFirstPersonArmsVisibility: isFirstPerson=true currentWeapon=knife _lastArmWeaponType=knife @ http://localhost:3001/entities/Player.js:811
[  101341ms] [LOG] [Player] updateFirstPersonArmsVisibility: isFirstPerson=true currentWeapon=knife _lastArmWeaponType=knife @ http://localhost:3001/entities/Player.js:811
[  101377ms] [LOG] [Player] updateFirstPersonArmsVisibility: isFirstPerson=true currentWeapon=knife _lastArmWeaponType=knife @ http://localhost:3001/entities/Player.js:811
[  101437ms] [LOG] [Player] updateFirstPersonArmsVisibility: isFirstPerson=true currentWeapon=knife _lastArmWeaponType=knife @ http://localhost:3001/entities/Player.js:811
[  101479ms] [LOG] [Player] updateFirstPersonArmsVisibility: isFirstPerson=true currentWeapon=knife _lastArmWeaponType=knife @ http://localhost:3001/entities/Player.js:811
[  101537ms] [LOG] [Player] updateFirstPersonArmsVisibility: isFirstPerson=true currentWeapon=knife _lastArmWeaponType=knife @ http://localhost:3001/entities/Player.js:811
[  101610ms] [LOG] [Player] updateFirstPersonArmsVisibility: isFirstPerson=true currentWeapon=knife _lastArmWeaponType=knife @ http://localhost:3001/entities/Player.js:811
[  101674ms] [LOG] [Player] updateFirstPersonArmsVisibility: isFirstPerson=true currentWeapon=knife _lastArmWeaponType=knife @ http://localhost:3001/entities/Player.js:811
[  101729ms] [LOG] [Player] updateFirstPersonArmsVisibility: isFirstPerson=true currentWeapon=knife _lastArmWeaponType=knife @ http://localhost:3001/entities/Player.js:811
[  101770ms] [LOG] [Player] updateFirstPersonArmsVisibility: isFirstPerson=true currentWeapon=knife _lastArmWeaponType=knife @ http://localhost:3001/entities/Player.js:811
[  101827ms] [LOG] [Player] updateFirstPersonArmsVisibility: isFirstPerson=true currentWeapon=knife _lastArmWeaponType=knife @ http://localhost:3001/entities/Player.js:811
[  101881ms] [LOG] [Player] updateFirstPersonArmsVisibility: isFirstPerson=true currentWeapon=knife _lastArmWeaponType=knife @ http://localhost:3001/entities/Player.js:811
[  101936ms] [LOG] [Player] updateFirstPersonArmsVisibility: isFirstPerson=true currentWeapon=knife _lastArmWeaponType=knife @ http://localhost:3001/entities/Player.js:811
[  101981ms] [LOG] [Player] updateFirstPersonArmsVisibility: isFirstPerson=true currentWeapon=knife _lastArmWeaponType=knife @ http://localhost:3001/entities/Player.js:811
[  102035ms] [LOG] [Player] updateFirstPersonArmsVisibility: isFirstPerson=true currentWeapon=knife _lastArmWeaponType=knife @ http://localhost:3001/entities/Player.js:811
[  102082ms] [LOG] [Player] updateFirstPersonArmsVisibility: isFirstPerson=true currentWeapon=knife _lastArmWeaponType=knife @ http://localhost:3001/entities/Player.js:811
[  102133ms] [LOG] [Player] updateFirstPersonArmsVisibility: isFirstPerson=true currentWeapon=knife _lastArmWeaponType=knife @ http://localhost:3001/entities/Player.js:811
[  102188ms] [LOG] [Player] updateFirstPersonArmsVisibility: isFirstPerson=true currentWeapon=knife _lastArmWeaponType=knife @ http://localhost:3001/entities/Player.js:811
[  102243ms] [LOG] [Player] updateFirstPersonArmsVisibility: isFirstPerson=true currentWeapon=knife _lastArmWeaponType=knife @ http://localhost:3001/entities/Player.js:811
[  102307ms] [LOG] [Player] updateFirstPersonArmsVisibility: isFirstPerson=true currentWeapon=knife _lastArmWeaponType=knife @ http://localhost:3001/entities/Player.js:811
[  102347ms] [LOG] [Player] updateFirstPersonArmsVisibility: isFirstPerson=true currentWeapon=knife _lastArmWeaponType=knife @ http://localhost:3001/entities/Player.js:811
[  102388ms] [LOG] [Player] updateFirstPersonArmsVisibility: isFirstPerson=true currentWeapon=knife _lastArmWeaponType=knife @ http://localhost:3001/entities/Player.js:811
[  102429ms] [LOG] [Player] updateFirstPersonArmsVisibility: isFirstPerson=true currentWeapon=knife _lastArmWeaponType=knife @ http://localhost:3001/entities/Player.js:811
[  102465ms] [LOG] [Player] updateFirstPersonArmsVisibility: isFirstPerson=true currentWeapon=knife _lastArmWeaponType=knife @ http://localhost:3001/entities/Player.js:811
[  102500ms] [LOG] [Player] updateFirstPersonArmsVisibility: isFirstPerson=true currentWeapon=knife _lastArmWeaponType=knife @ http://localhost:3001/entities/Player.js:811
[  102542ms] [LOG] [Player] updateFirstPersonArmsVisibility: isFirstPerson=true currentWeapon=knife _lastArmWeaponType=knife @ http://localhost:3001/entities/Player.js:811
[  102597ms] [LOG] [Player] updateFirstPersonArmsVisibility: isFirstPerson=true currentWeapon=knife _lastArmWeaponType=knife @ http://localhost:3001/entities/Player.js:811
[  102666ms] [LOG] [Player] updateFirstPersonArmsVisibility: isFirstPerson=true currentWeapon=knife _lastArmWeaponType=knife @ http://localhost:3001/entities/Player.js:811
[  102713ms] [LOG] [Player] updateFirstPersonArmsVisibility: isFirstPerson=true currentWeapon=knife _lastArmWeaponType=knife @ http://localhost:3001/entities/Player.js:811
[  102749ms] [LOG] [Player] updateFirstPersonArmsVisibility: isFirstPerson=true currentWeapon=knife _lastArmWeaponType=knife @ http://localhost:3001/entities/Player.js:811
[  102792ms] [LOG] [Player] updateFirstPersonArmsVisibility: isFirstPerson=true currentWeapon=knife _lastArmWeaponType=knife @ http://localhost:3001/entities/Player.js:811
[  102839ms] [LOG] [Player] updateFirstPersonArmsVisibility: isFirstPerson=true currentWeapon=knife _lastArmWeaponType=knife @ http://localhost:3001/entities/Player.js:811
[  102895ms] [LOG] [Player] updateFirstPersonArmsVisibility: isFirstPerson=true currentWeapon=knife _lastArmWeaponType=knife @ http://localhost:3001/entities/Player.js:811
[  102934ms] [LOG] [Player] updateFirstPersonArmsVisibility: isFirstPerson=true currentWeapon=knife _lastArmWeaponType=knife @ http://localhost:3001/entities/Player.js:811
[  102986ms] [LOG] [Player] updateFirstPersonArmsVisibility: isFirstPerson=true currentWeapon=knife _lastArmWeaponType=knife @ http://localhost:3001/entities/Player.js:811
[  103048ms] [LOG] [Player] updateFirstPersonArmsVisibility: isFirstPerson=true currentWeapon=knife _lastArmWeaponType=knife @ http://localhost:3001/entities/Player.js:811
[  103097ms] [LOG] [Player] updateFirstPersonArmsVisibility: isFirstPerson=true currentWeapon=knife _lastArmWeaponType=knife @ http://localhost:3001/entities/Player.js:811
[  103138ms] [LOG] [Player] updateFirstPersonArmsVisibility: isFirstPerson=true currentWeapon=knife _lastArmWeaponType=knife @ http://localhost:3001/entities/Player.js:811
[  103175ms] [LOG] [Player] updateFirstPersonArmsVisibility: isFirstPerson=true currentWeapon=knife _lastArmWeaponType=knife @ http://localhost:3001/entities/Player.js:811
[  103216ms] [LOG] [Player] updateFirstPersonArmsVisibility: isFirstPerson=true currentWeapon=knife _lastArmWeaponType=knife @ http://localhost:3001/entities/Player.js:811
[  103259ms] [LOG] [Player] updateFirstPersonArmsVisibility: isFirstPerson=true currentWeapon=knife _lastArmWeaponType=knife @ http://localhost:3001/entities/Player.js:811
[  103298ms] [LOG] [Player] updateFirstPersonArmsVisibility: isFirstPerson=true currentWeapon=knife _lastArmWeaponType=knife @ http://localhost:3001/entities/Player.js:811
[  103352ms] [LOG] [Player] updateFirstPersonArmsVisibility: isFirstPerson=true currentWeapon=knife _lastArmWeaponType=knife @ http://localhost:3001/entities/Player.js:811
[  103394ms] [LOG] [Player] updateFirstPersonArmsVisibility: isFirstPerson=true currentWeapon=knife _lastArmWeaponType=knife @ http://localhost:3001/entities/Player.js:811
[  103439ms] [LOG] [Player] updateFirstPersonArmsVisibility: isFirstPerson=true currentWeapon=knife _lastArmWeaponType=knife @ http://localhost:3001/entities/Player.js:811
[  103479ms] [LOG] [Player] updateFirstPersonArmsVisibility: isFirstPerson=true currentWeapon=knife _lastArmWeaponType=knife @ http://localhost:3001/entities/Player.js:811
[  103534ms] [LOG] [Player] updateFirstPersonArmsVisibility: isFirstPerson=true currentWeapon=knife _lastArmWeaponType=knife @ http://localhost:3001/entities/Player.js:811
[  103603ms] [LOG] [Player] updateFirstPersonArmsVisibility: isFirstPerson=true currentWeapon=knife _lastArmWeaponType=knife @ http://localhost:3001/entities/Player.js:811
[  103653ms] [LOG] [Player] updateFirstPersonArmsVisibility: isFirstPerson=true currentWeapon=knife _lastArmWeaponType=knife @ http://localhost:3001/entities/Player.js:811
[  103697ms] [LOG] [Player] updateFirstPersonArmsVisibility: isFirstPerson=true currentWeapon=knife _lastArmWeaponType=knife @ http://localhost:3001/entities/Player.js:811
[  103735ms] [LOG] [Player] updateFirstPersonArmsVisibility: isFirstPerson=true currentWeapon=knife _lastArmWeaponType=knife @ http://localhost:3001/entities/Player.js:811
[  103822ms] [LOG] [Player] updateFirstPersonArmsVisibility: isFirstPerson=true currentWeapon=knife _lastArmWeaponType=knife @ http://localhost:3001/entities/Player.js:811
[  103874ms] [LOG] [Player] updateFirstPersonArmsVisibility: isFirstPerson=true currentWeapon=knife _lastArmWeaponType=knife @ http://localhost:3001/entities/Player.js:811
[  103924ms] [LOG] [Player] updateFirstPersonArmsVisibility: isFirstPerson=true currentWeapon=knife _lastArmWeaponType=knife @ http://localhost:3001/entities/Player.js:811
[  103964ms] [LOG] [Player] updateFirstPersonArmsVisibility: isFirstPerson=true currentWeapon=knife _lastArmWeaponType=knife @ http://localhost:3001/entities/Player.js:811
[  104002ms] [LOG] [Player] updateFirstPersonArmsVisibility: isFirstPerson=true currentWeapon=knife _lastArmWeaponType=knife @ http://localhost:3001/entities/Player.js:811
[  104050ms] [LOG] [Player] updateFirstPersonArmsVisibility: isFirstPerson=true currentWeapon=knife _lastArmWeaponType=knife @ http://localhost:3001/entities/Player.js:811
[  104107ms] [LOG] [Player] updateFirstPersonArmsVisibility: isFirstPerson=true currentWeapon=knife _lastArmWeaponType=knife @ http://localhost:3001/entities/Player.js:811
[  104145ms] [LOG] [Player] updateFirstPersonArmsVisibility: isFirstPerson=true currentWeapon=knife _lastArmWeaponType=knife @ http://localhost:3001/entities/Player.js:811
[  104195ms] [LOG] [Player] updateFirstPersonArmsVisibility: isFirstPerson=true currentWeapon=knife _lastArmWeaponType=knife @ http://localhost:3001/entities/Player.js:811
[  104249ms] [LOG] [Player] updateFirstPersonArmsVisibility: isFirstPerson=true currentWeapon=knife _lastArmWeaponType=knife @ http://localhost:3001/entities/Player.js:811
[  104291ms] [LOG] [Player] updateFirstPersonArmsVisibility: isFirstPerson=true currentWeapon=knife _lastArmWeaponType=knife @ http://localhost:3001/entities/Player.js:811
[  104341ms] [LOG] [Player] updateFirstPersonArmsVisibility: isFirstPerson=true currentWeapon=knife _lastArmWeaponType=knife @ http://localhost:3001/entities/Player.js:811
[  104384ms] [LOG] [Player] updateFirstPersonArmsVisibility: isFirstPerson=true currentWeapon=knife _lastArmWeaponType=knife @ http://localhost:3001/entities/Player.js:811
[  104437ms] [LOG] [Player] updateFirstPersonArmsVisibility: isFirstPerson=true currentWeapon=knife _lastArmWeaponType=knife @ http://localhost:3001/entities/Player.js:811
[  104485ms] [LOG] [Player] updateFirstPersonArmsVisibility: isFirstPerson=true currentWeapon=knife _lastArmWeaponType=knife @ http://localhost:3001/entities/Player.js:811
[  104529ms] [LOG] [Player] updateFirstPersonArmsVisibility: isFirstPerson=true currentWeapon=knife _lastArmWeaponType=knife @ http://localhost:3001/entities/Player.js:811
[  104571ms] [LOG] [Player] updateFirstPersonArmsVisibility: isFirstPerson=true currentWeapon=knife _lastArmWeaponType=knife @ http://localhost:3001/entities/Player.js:811
[  104652ms] [LOG] [Player] updateFirstPersonArmsVisibility: isFirstPerson=true currentWeapon=knife _lastArmWeaponType=knife @ http://localhost:3001/entities/Player.js:811
[  104687ms] [LOG] [Player] updateFirstPersonArmsVisibility: isFirstPerson=true currentWeapon=knife _lastArmWeaponType=knife @ http://localhost:3001/entities/Player.js:811
[  104737ms] [LOG] [Player] updateFirstPersonArmsVisibility: isFirstPerson=true currentWeapon=knife _lastArmWeaponType=knife @ http://localhost:3001/entities/Player.js:811
[  104785ms] [LOG] [Player] updateFirstPersonArmsVisibility: isFirstPerson=true currentWeapon=knife _lastArmWeaponType=knife @ http://localhost:3001/entities/Player.js:811
[  104839ms] [LOG] [Player] updateFirstPersonArmsVisibility: isFirstPerson=true currentWeapon=knife _lastArmWeaponType=knife @ http://localhost:3001/entities/Player.js:811
[  104884ms] [LOG] [Player] updateFirstPersonArmsVisibility: isFirstPerson=true currentWeapon=knife _lastArmWeaponType=knife @ http://localhost:3001/entities/Player.js:811
[  104910ms] [LOG] [Player] updateFirstPersonArmsVisibility: isFirstPerson=true currentWeapon=knife _lastArmWeaponType=knife @ http://localhost:3001/entities/Player.js:811
[  104967ms] [LOG] [Player] updateFirstPersonArmsVisibility: isFirstPerson=true currentWeapon=knife _lastArmWeaponType=knife @ http://localhost:3001/entities/Player.js:811
[  105008ms] [LOG] [Player] updateFirstPersonArmsVisibility: isFirstPerson=true currentWeapon=knife _lastArmWeaponType=knife @ http://localhost:3001/entities/Player.js:811
[  105057ms] [LOG] [Player] updateFirstPersonArmsVisibility: isFirstPerson=true currentWeapon=knife _lastArmWeaponType=knife @ http://localhost:3001/entities/Player.js:811
[  105169ms] [LOG] [Player] updateFirstPersonArmsVisibility: isFirstPerson=true currentWeapon=knife _lastArmWeaponType=knife @ http://localhost:3001/entities/Player.js:811
[  105264ms] [LOG] [Player] updateFirstPersonArmsVisibility: isFirstPerson=true currentWeapon=knife _lastArmWeaponType=knife @ http://localhost:3001/entities/Player.js:811
[  105334ms] [LOG] [Player] updateFirstPersonArmsVisibility: isFirstPerson=true currentWeapon=knife _lastArmWeaponType=knife @ http://localhost:3001/entities/Player.js:811
[  105389ms] [LOG] [Player] updateFirstPersonArmsVisibility: isFirstPerson=true currentWeapon=knife _lastArmWeaponType=knife @ http://localhost:3001/entities/Player.js:811
[  105453ms] [LOG] [Player] updateFirstPersonArmsVisibility: isFirstPerson=true currentWeapon=knife _lastArmWeaponType=knife @ http://localhost:3001/entities/Player.js:811
[  105517ms] [LOG] [Player] updateFirstPersonArmsVisibility: isFirstPerson=true currentWeapon=knife _lastArmWeaponType=knife @ http://localhost:3001/entities/Player.js:811
[  105565ms] [LOG] [Player] updateFirstPersonArmsVisibility: isFirstPerson=true currentWeapon=knife _lastArmWeaponType=knife @ http://localhost:3001/entities/Player.js:811
[  105604ms] [LOG] [Player] updateFirstPersonArmsVisibility: isFirstPerson=true currentWeapon=knife _lastArmWeaponType=knife @ http://localhost:3001/entities/Player.js:811
[  105662ms] [LOG] [Player] updateFirstPersonArmsVisibility: isFirstPerson=true currentWeapon=knife _lastArmWeaponType=knife @ http://localhost:3001/entities/Player.js:811
[  105716ms] [LOG] [Player] updateFirstPersonArmsVisibility: isFirstPerson=true currentWeapon=knife _lastArmWeaponType=knife @ http://localhost:3001/entities/Player.js:811
[  105756ms] [LOG] [Player] updateFirstPersonArmsVisibility: isFirstPerson=true currentWeapon=knife _lastArmWeaponType=knife @ http://localhost:3001/entities/Player.js:811
[  105800ms] [LOG] [Player] updateFirstPersonArmsVisibility: isFirstPerson=true currentWeapon=knife _lastArmWeaponType=knife @ http://localhost:3001/entities/Player.js:811
[  105870ms] [LOG] [Player] updateFirstPersonArmsVisibility: isFirstPerson=true currentWeapon=knife _lastArmWeaponType=knife @ http://localhost:3001/entities/Player.js:811
[  105954ms] [LOG] [Player] updateFirstPersonArmsVisibility: isFirstPerson=true currentWeapon=knife _lastArmWeaponType=knife @ http://localhost:3001/entities/Player.js:811
[  106063ms] [LOG] [Player] updateFirstPersonArmsVisibility: isFirstPerson=true currentWeapon=knife _lastArmWeaponType=knife @ http://localhost:3001/entities/Player.js:811
[  106155ms] [LOG] [Player] updateFirstPersonArmsVisibility: isFirstPerson=true currentWeapon=knife _lastArmWeaponType=knife @ http://localhost:3001/entities/Player.js:811
[  106244ms] [LOG] [Player] updateFirstPersonArmsVisibility: isFirstPerson=true currentWeapon=knife _lastArmWeaponType=knife @ http://localhost:3001/entities/Player.js:811
[  106305ms] [LOG] [Player] updateFirstPersonArmsVisibility: isFirstPerson=true currentWeapon=knife _lastArmWeaponType=knife @ http://localhost:3001/entities/Player.js:811
[  106368ms] [LOG] [Player] updateFirstPersonArmsVisibility: isFirstPerson=true currentWeapon=knife _lastArmWeaponType=knife @ http://localhost:3001/entities/Player.js:811
[  106452ms] [LOG] [Player] updateFirstPersonArmsVisibility: isFirstPerson=true currentWeapon=knife _lastArmWeaponType=knife @ http://localhost:3001/entities/Player.js:811
[  106551ms] [LOG] [Player] updateFirstPersonArmsVisibility: isFirstPerson=true currentWeapon=knife _lastArmWeaponType=knife @ http://localhost:3001/entities/Player.js:811
[  106612ms] [LOG] [Player] updateFirstPersonArmsVisibility: isFirstPerson=true currentWeapon=knife _lastArmWeaponType=knife @ http://localhost:3001/entities/Player.js:811
[  106815ms] [LOG] [Player] updateFirstPersonArmsVisibility: isFirstPerson=true currentWeapon=knife _lastArmWeaponType=knife @ http://localhost:3001/entities/Player.js:811
[  106885ms] [LOG] [Player] updateFirstPersonArmsVisibility: isFirstPerson=true currentWeapon=knife _lastArmWeaponType=knife @ http://localhost:3001/entities/Player.js:811
[  106953ms] [LOG] [Player] updateFirstPersonArmsVisibility: isFirstPerson=true currentWeapon=knife _lastArmWeaponType=knife @ http://localhost:3001/entities/Player.js:811
[  107043ms] [LOG] [Player] updateFirstPersonArmsVisibility: isFirstPerson=true currentWeapon=knife _lastArmWeaponType=knife @ http://localhost:3001/entities/Player.js:811
[  107140ms] [LOG] [Player] updateFirstPersonArmsVisibility: isFirstPerson=true currentWeapon=knife _lastArmWeaponType=knife @ http://localhost:3001/entities/Player.js:811
[  107328ms] [LOG] [Player] updateFirstPersonArmsVisibility: isFirstPerson=true currentWeapon=knife _lastArmWeaponType=knife @ http://localhost:3001/entities/Player.js:811
[  107528ms] [LOG] [Player] updateFirstPersonArmsVisibility: isFirstPerson=true currentWeapon=knife _lastArmWeaponType=knife @ http://localhost:3001/entities/Player.js:811
[  107857ms] [LOG] [Player] updateFirstPersonArmsVisibility: isFirstPerson=true currentWeapon=knife _lastArmWeaponType=knife @ http://localhost:3001/entities/Player.js:811
[  109600ms] [LOG] [Player] updateFirstPersonArmsVisibility: isFirstPerson=true currentWeapon=knife _lastArmWeaponType=knife @ http://localhost:3001/entities/Player.js:811
[  109772ms] [LOG] [Player] updateFirstPersonArmsVisibility: isFirstPerson=true currentWeapon=knife _lastArmWeaponType=knife @ http://localhost:3001/entities/Player.js:811
[  109871ms] [LOG] [Player] updateFirstPersonArmsVisibility: isFirstPerson=true currentWeapon=knife _lastArmWeaponType=knife @ http://localhost:3001/entities/Player.js:811
[  109951ms] [LOG] [Player] updateFirstPersonArmsVisibility: isFirstPerson=true currentWeapon=knife _lastArmWeaponType=knife @ http://localhost:3001/entities/Player.js:811
[  110015ms] [LOG] [Player] updateFirstPersonArmsVisibility: isFirstPerson=true currentWeapon=knife _lastArmWeaponType=knife @ http://localhost:3001/entities/Player.js:811
[  110085ms] [LOG] [Player] updateFirstPersonArmsVisibility: isFirstPerson=true currentWeapon=knife _lastArmWeaponType=knife @ http://localhost:3001/entities/Player.js:811
[  110138ms] [LOG] [Player] updateFirstPersonArmsVisibility: isFirstPerson=true currentWeapon=knife _lastArmWeaponType=knife @ http://localhost:3001/entities/Player.js:811
[  110180ms] [LOG] [Player] updateFirstPersonArmsVisibility: isFirstPerson=true currentWeapon=knife _lastArmWeaponType=knife @ http://localhost:3001/entities/Player.js:811
[  110238ms] [LOG] [Player] updateFirstPersonArmsVisibility: isFirstPerson=true currentWeapon=knife _lastArmWeaponType=knife @ http://localhost:3001/entities/Player.js:811
[  110299ms] [LOG] [Player] updateFirstPersonArmsVisibility: isFirstPerson=true currentWeapon=knife _lastArmWeaponType=knife @ http://localhost:3001/entities/Player.js:811
[  110339ms] [LOG] [Player] updateFirstPersonArmsVisibility: isFirstPerson=true currentWeapon=knife _lastArmWeaponType=knife @ http://localhost:3001/entities/Player.js:811
[  110635ms] [LOG] [Player] updateFirstPersonArmsVisibility: isFirstPerson=true currentWeapon=knife _lastArmWeaponType=knife @ http://localhost:3001/entities/Player.js:811
[  110732ms] [LOG] [Player] updateFirstPersonArmsVisibility: isFirstPerson=true currentWeapon=knife _lastArmWeaponType=knife @ http://localhost:3001/entities/Player.js:811
[  110843ms] [LOG] [Player] updateFirstPersonArmsVisibility: isFirstPerson=true currentWeapon=knife _lastArmWeaponType=knife @ http://localhost:3001/entities/Player.js:811
[  110911ms] [LOG] [Player] updateFirstPersonArmsVisibility: isFirstPerson=true currentWeapon=knife _lastArmWeaponType=knife @ http://localhost:3001/entities/Player.js:811
[  111225ms] [LOG] [Player] updateFirstPersonArmsVisibility: isFirstPerson=true currentWeapon=knife _lastArmWeaponType=knife @ http://localhost:3001/entities/Player.js:811
[  111228ms] [LOG] [CameraController] playerPos=46.00,4.04,0.00 targetY=4.19 camPos=46.00,4.19,0.00 @ http://localhost:3001/core/CameraController.js:240
[  111304ms] [LOG] [Player] updateFirstPersonArmsVisibility: isFirstPerson=true currentWeapon=knife _lastArmWeaponType=knife @ http://localhost:3001/entities/Player.js:811
[  111384ms] [LOG] [Player] updateFirstPersonArmsVisibility: isFirstPerson=true currentWeapon=knife _lastArmWeaponType=knife @ http://localhost:3001/entities/Player.js:811
[  111424ms] [LOG] [Player] updateFirstPersonArmsVisibility: isFirstPerson=true currentWeapon=knife _lastArmWeaponType=knife @ http://localhost:3001/entities/Player.js:811
[  111466ms] [LOG] [Player] updateFirstPersonArmsVisibility: isFirstPerson=true currentWeapon=knife _lastArmWeaponType=knife @ http://localhost:3001/entities/Player.js:811
[  111549ms] [LOG] [Player] updateFirstPersonArmsVisibility: isFirstPerson=true currentWeapon=knife _lastArmWeaponType=knife @ http://localhost:3001/entities/Player.js:811
[  111605ms] [LOG] [Player] updateFirstPersonArmsVisibility: isFirstPerson=true currentWeapon=knife _lastArmWeaponType=knife @ http://localhost:3001/entities/Player.js:811
[  111695ms] [LOG] [Player] updateFirstPersonArmsVisibility: isFirstPerson=true currentWeapon=knife _lastArmWeaponType=knife @ http://localhost:3001/entities/Player.js:811
[  111736ms] [LOG] [Player] updateFirstPersonArmsVisibility: isFirstPerson=true currentWeapon=knife _lastArmWeaponType=knife @ http://localhost:3001/entities/Player.js:811
[  111778ms] [LOG] [Player] updateFirstPersonArmsVisibility: isFirstPerson=true currentWeapon=knife _lastArmWeaponType=knife @ http://localhost:3001/entities/Player.js:811
[  111827ms] [LOG] [Player] updateFirstPersonArmsVisibility: isFirstPerson=true currentWeapon=knife _lastArmWeaponType=knife @ http://localhost:3001/entities/Player.js:811
[  111869ms] [LOG] [Player] updateFirstPersonArmsVisibility: isFirstPerson=true currentWeapon=knife _lastArmWeaponType=knife @ http://localhost:3001/entities/Player.js:811
[  111909ms] [LOG] [Player] updateFirstPersonArmsVisibility: isFirstPerson=true currentWeapon=knife _lastArmWeaponType=knife @ http://localhost:3001/entities/Player.js:811
[  111952ms] [LOG] [Player] updateFirstPersonArmsVisibility: isFirstPerson=true currentWeapon=knife _lastArmWeaponType=knife @ http://localhost:3001/entities/Player.js:811
[  112006ms] [LOG] [Player] updateFirstPersonArmsVisibility: isFirstPerson=true currentWeapon=knife _lastArmWeaponType=knife @ http://localhost:3001/entities/Player.js:811
[  112053ms] [LOG] [Player] updateFirstPersonArmsVisibility: isFirstPerson=true currentWeapon=knife _lastArmWeaponType=knife @ http://localhost:3001/entities/Player.js:811
[  112089ms] [LOG] [Player] updateFirstPersonArmsVisibility: isFirstPerson=true currentWeapon=knife _lastArmWeaponType=knife @ http://localhost:3001/entities/Player.js:811
[  112120ms] [LOG] [Player] updateFirstPersonArmsVisibility: isFirstPerson=true currentWeapon=knife _lastArmWeaponType=knife @ http://localhost:3001/entities/Player.js:811
[  112168ms] [LOG] [Player] updateFirstPersonArmsVisibility: isFirstPerson=true currentWeapon=knife _lastArmWeaponType=knife @ http://localhost:3001/entities/Player.js:811
[  112214ms] [LOG] [Player] updateFirstPersonArmsVisibility: isFirstPerson=true currentWeapon=knife _lastArmWeaponType=knife @ http://localhost:3001/entities/Player.js:811
[  112270ms] [LOG] [Player] updateFirstPersonArmsVisibility: isFirstPerson=true currentWeapon=knife _lastArmWeaponType=knife @ http://localhost:3001/entities/Player.js:811
[  112318ms] [LOG] [Player] updateFirstPersonArmsVisibility: isFirstPerson=true currentWeapon=knife _lastArmWeaponType=knife @ http://localhost:3001/entities/Player.js:811
[  112375ms] [LOG] [Player] updateFirstPersonArmsVisibility: isFirstPerson=true currentWeapon=knife _lastArmWeaponType=knife @ http://localhost:3001/entities/Player.js:811
[  112423ms] [LOG] [Player] updateFirstPersonArmsVisibility: isFirstPerson=true currentWeapon=knife _lastArmWeaponType=knife @ http://localhost:3001/entities/Player.js:811
[  112464ms] [LOG] [Player] updateFirstPersonArmsVisibility: isFirstPerson=true currentWeapon=knife _lastArmWeaponType=knife @ http://localhost:3001/entities/Player.js:811
[  112513ms] [LOG] [Player] updateFirstPersonArmsVisibility: isFirstPerson=true currentWeapon=knife _lastArmWeaponType=knife @ http://localhost:3001/entities/Player.js:811
[  112568ms] [LOG] [Player] updateFirstPersonArmsVisibility: isFirstPerson=true currentWeapon=knife _lastArmWeaponType=knife @ http://localhost:3001/entities/Player.js:811
[  112604ms] [LOG] [Player] updateFirstPersonArmsVisibility: isFirstPerson=true currentWeapon=knife _lastArmWeaponType=knife @ http://localhost:3001/entities/Player.js:811
[  112638ms] [LOG] [Player] updateFirstPersonArmsVisibility: isFirstPerson=true currentWeapon=knife _lastArmWeaponType=knife @ http://localhost:3001/entities/Player.js:811
[  112683ms] [LOG] [Player] updateFirstPersonArmsVisibility: isFirstPerson=true currentWeapon=knife _lastArmWeaponType=knife @ http://localhost:3001/entities/Player.js:811
[  112729ms] [LOG] [Player] updateFirstPersonArmsVisibility: isFirstPerson=true currentWeapon=knife _lastArmWeaponType=knife @ http://localhost:3001/entities/Player.js:811
[  112778ms] [LOG] [Player] updateFirstPersonArmsVisibility: isFirstPerson=true currentWeapon=knife _lastArmWeaponType=knife @ http://localhost:3001/entities/Player.js:811
[  112826ms] [LOG] [Player] updateFirstPersonArmsVisibility: isFirstPerson=true currentWeapon=knife _lastArmWeaponType=knife @ http://localhost:3001/entities/Player.js:811
[  112869ms] [LOG] [Player] updateFirstPersonArmsVisibility: isFirstPerson=true currentWeapon=knife _lastArmWeaponType=knife @ http://localhost:3001/entities/Player.js:811
[  112903ms] [LOG] [Player] updateFirstPersonArmsVisibility: isFirstPerson=true currentWeapon=knife _lastArmWeaponType=knife @ http://localhost:3001/entities/Player.js:811
[  112945ms] [LOG] [Player] updateFirstPersonArmsVisibility: isFirstPerson=true currentWeapon=knife _lastArmWeaponType=knife @ http://localhost:3001/entities/Player.js:811
[  113007ms] [LOG] [Player] updateFirstPersonArmsVisibility: isFirstPerson=true currentWeapon=knife _lastArmWeaponType=knife @ http://localhost:3001/entities/Player.js:811
[  113062ms] [LOG] [Player] updateFirstPersonArmsVisibility: isFirstPerson=true currentWeapon=knife _lastArmWeaponType=knife @ http://localhost:3001/entities/Player.js:811
[  113132ms] [LOG] [Player] updateFirstPersonArmsVisibility: isFirstPerson=true currentWeapon=knife _lastArmWeaponType=knife @ http://localhost:3001/entities/Player.js:811
[  113187ms] [LOG] [Player] updateFirstPersonArmsVisibility: isFirstPerson=true currentWeapon=knife _lastArmWeaponType=knife @ http://localhost:3001/entities/Player.js:811
[  113278ms] [LOG] [Player] updateFirstPersonArmsVisibility: isFirstPerson=true currentWeapon=knife _lastArmWeaponType=knife @ http://localhost:3001/entities/Player.js:811
[  113326ms] [LOG] [Player] updateFirstPersonArmsVisibility: isFirstPerson=true currentWeapon=knife _lastArmWeaponType=knife @ http://localhost:3001/entities/Player.js:811
[  113368ms] [LOG] [Player] updateFirstPersonArmsVisibility: isFirstPerson=true currentWeapon=knife _lastArmWeaponType=knife @ http://localhost:3001/entities/Player.js:811
[  113418ms] [LOG] [Player] updateFirstPersonArmsVisibility: isFirstPerson=true currentWeapon=knife _lastArmWeaponType=knife @ http://localhost:3001/entities/Player.js:811
[  113494ms] [LOG] [Player] updateFirstPersonArmsVisibility: isFirstPerson=true currentWeapon=knife _lastArmWeaponType=knife @ http://localhost:3001/entities/Player.js:811
[  113550ms] [LOG] [Player] updateFirstPersonArmsVisibility: isFirstPerson=true currentWeapon=knife _lastArmWeaponType=knife @ http://localhost:3001/entities/Player.js:811
[  113599ms] [LOG] [Player] updateFirstPersonArmsVisibility: isFirstPerson=true currentWeapon=knife _lastArmWeaponType=knife @ http://localhost:3001/entities/Player.js:811
[  113658ms] [LOG] [Player] updateFirstPersonArmsVisibility: isFirstPerson=true currentWeapon=knife _lastArmWeaponType=knife @ http://localhost:3001/entities/Player.js:811
[  113709ms] [LOG] [Player] updateFirstPersonArmsVisibility: isFirstPerson=true currentWeapon=knife _lastArmWeaponType=knife @ http://localhost:3001/entities/Player.js:811
[  113752ms] [LOG] [Player] updateFirstPersonArmsVisibility: isFirstPerson=true currentWeapon=knife _lastArmWeaponType=knife @ http://localhost:3001/entities/Player.js:811
[  113793ms] [LOG] [Player] updateFirstPersonArmsVisibility: isFirstPerson=true currentWeapon=knife _lastArmWeaponType=knife @ http://localhost:3001/entities/Player.js:811
[  113847ms] [LOG] [Player] updateFirstPersonArmsVisibility: isFirstPerson=true currentWeapon=knife _lastArmWeaponType=knife @ http://localhost:3001/entities/Player.js:811
[  113890ms] [LOG] [Player] updateFirstPersonArmsVisibility: isFirstPerson=true currentWeapon=knife _lastArmWeaponType=knife @ http://localhost:3001/entities/Player.js:811
[  113923ms] [LOG] [Player] updateFirstPersonArmsVisibility: isFirstPerson=true currentWeapon=knife _lastArmWeaponType=knife @ http://localhost:3001/entities/Player.js:811
[  114135ms] [LOG] [Player] updateFirstPersonArmsVisibility: isFirstPerson=true currentWeapon=knife _lastArmWeaponType=knife @ http://localhost:3001/entities/Player.js:811
[  114179ms] [LOG] [Player] updateFirstPersonArmsVisibility: isFirstPerson=true currentWeapon=knife _lastArmWeaponType=knife @ http://localhost:3001/entities/Player.js:811
[  114222ms] [LOG] [Player] updateFirstPersonArmsVisibility: isFirstPerson=true currentWeapon=knife _lastArmWeaponType=knife @ http://localhost:3001/entities/Player.js:811
[  114280ms] [LOG] [Player] updateFirstPersonArmsVisibility: isFirstPerson=true currentWeapon=knife _lastArmWeaponType=knife @ http://localhost:3001/entities/Player.js:811
[  114349ms] [LOG] [Player] updateFirstPersonArmsVisibility: isFirstPerson=true currentWeapon=knife _lastArmWeaponType=knife @ http://localhost:3001/entities/Player.js:811
[  114398ms] [LOG] [Player] updateFirstPersonArmsVisibility: isFirstPerson=true currentWeapon=knife _lastArmWeaponType=knife @ http://localhost:3001/entities/Player.js:811
[  114450ms] [LOG] [Player] updateFirstPersonArmsVisibility: isFirstPerson=true currentWeapon=knife _lastArmWeaponType=knife @ http://localhost:3001/entities/Player.js:811
[  114500ms] [LOG] [Player] updateFirstPersonArmsVisibility: isFirstPerson=true currentWeapon=knife _lastArmWeaponType=knife @ http://localhost:3001/entities/Player.js:811
[  114628ms] [LOG] [Player] updateFirstPersonArmsVisibility: isFirstPerson=true currentWeapon=knife _lastArmWeaponType=knife @ http://localhost:3001/entities/Player.js:811
[  114710ms] [LOG] [Player] updateFirstPersonArmsVisibility: isFirstPerson=true currentWeapon=knife _lastArmWeaponType=knife @ http://localhost:3001/entities/Player.js:811
[  114764ms] [LOG] [Player] updateFirstPersonArmsVisibility: isFirstPerson=true currentWeapon=knife _lastArmWeaponType=knife @ http://localhost:3001/entities/Player.js:811
[  114811ms] [LOG] [Player] updateFirstPersonArmsVisibility: isFirstPerson=true currentWeapon=knife _lastArmWeaponType=knife @ http://localhost:3001/entities/Player.js:811
[  114854ms] [LOG] [Player] updateFirstPersonArmsVisibility: isFirstPerson=true currentWeapon=knife _lastArmWeaponType=knife @ http://localhost:3001/entities/Player.js:811
[  114904ms] [LOG] [Player] updateFirstPersonArmsVisibility: isFirstPerson=true currentWeapon=knife _lastArmWeaponType=knife @ http://localhost:3001/entities/Player.js:811
[  114944ms] [LOG] [Player] updateFirstPersonArmsVisibility: isFirstPerson=true currentWeapon=knife _lastArmWeaponType=knife @ http://localhost:3001/entities/Player.js:811
[  114985ms] [LOG] [Player] updateFirstPersonArmsVisibility: isFirstPerson=true currentWeapon=knife _lastArmWeaponType=knife @ http://localhost:3001/entities/Player.js:811
[  115051ms] [LOG] [Player] updateFirstPersonArmsVisibility: isFirstPerson=true currentWeapon=knife _lastArmWeaponType=knife @ http://localhost:3001/entities/Player.js:811
[  115103ms] [LOG] [Player] updateFirstPersonArmsVisibility: isFirstPerson=true currentWeapon=knife _lastArmWeaponType=knife @ http://localhost:3001/entities/Player.js:811
[  115148ms] [LOG] [Player] updateFirstPersonArmsVisibility: isFirstPerson=true currentWeapon=knife _lastArmWeaponType=knife @ http://localhost:3001/entities/Player.js:811
[  115187ms] [LOG] [Player] updateFirstPersonArmsVisibility: isFirstPerson=true currentWeapon=knife _lastArmWeaponType=knife @ http://localhost:3001/entities/Player.js:811
[  115239ms] [LOG] [Player] updateFirstPersonArmsVisibility: isFirstPerson=true currentWeapon=knife _lastArmWeaponType=knife @ http://localhost:3001/entities/Player.js:811
[  115314ms] [LOG] [Player] updateFirstPersonArmsVisibility: isFirstPerson=true currentWeapon=knife _lastArmWeaponType=knife @ http://localhost:3001/entities/Player.js:811
[  115376ms] [LOG] [Player] updateFirstPersonArmsVisibility: isFirstPerson=true currentWeapon=knife _lastArmWeaponType=knife @ http://localhost:3001/entities/Player.js:811
[  115437ms] [LOG] [Player] updateFirstPersonArmsVisibility: isFirstPerson=true currentWeapon=knife _lastArmWeaponType=knife @ http://localhost:3001/entities/Player.js:811
[  115487ms] [LOG] [Player] updateFirstPersonArmsVisibility: isFirstPerson=true currentWeapon=knife _lastArmWeaponType=knife @ http://localhost:3001/entities/Player.js:811
[  115555ms] [LOG] [Player] updateFirstPersonArmsVisibility: isFirstPerson=true currentWeapon=knife _lastArmWeaponType=knife @ http://localhost:3001/entities/Player.js:811
[  115610ms] [LOG] [Player] updateFirstPersonArmsVisibility: isFirstPerson=true currentWeapon=knife _lastArmWeaponType=knife @ http://localhost:3001/entities/Player.js:811
[  115681ms] [LOG] [Player] updateFirstPersonArmsVisibility: isFirstPerson=true currentWeapon=knife _lastArmWeaponType=knife @ http://localhost:3001/entities/Player.js:811
[  115728ms] [LOG] [Player] updateFirstPersonArmsVisibility: isFirstPerson=true currentWeapon=knife _lastArmWeaponType=knife @ http://localhost:3001/entities/Player.js:811
[  115770ms] [LOG] [Player] updateFirstPersonArmsVisibility: isFirstPerson=true currentWeapon=knife _lastArmWeaponType=knife @ http://localhost:3001/entities/Player.js:811
[  115812ms] [LOG] [Player] updateFirstPersonArmsVisibility: isFirstPerson=true currentWeapon=knife _lastArmWeaponType=knife @ http://localhost:3001/entities/Player.js:811
[  115860ms] [LOG] [Player] updateFirstPersonArmsVisibility: isFirstPerson=true currentWeapon=knife _lastArmWeaponType=knife @ http://localhost:3001/entities/Player.js:811
[  115911ms] [LOG] [Player] updateFirstPersonArmsVisibility: isFirstPerson=true currentWeapon=knife _lastArmWeaponType=knife @ http://localhost:3001/entities/Player.js:811
[  115992ms] [LOG] [Player] updateFirstPersonArmsVisibility: isFirstPerson=true currentWeapon=knife _lastArmWeaponType=knife @ http://localhost:3001/entities/Player.js:811
[  116064ms] [LOG] [Player] updateFirstPersonArmsVisibility: isFirstPerson=true currentWeapon=knife _lastArmWeaponType=knife @ http://localhost:3001/entities/Player.js:811
[  116111ms] [LOG] [Player] updateFirstPersonArmsVisibility: isFirstPerson=true currentWeapon=knife _lastArmWeaponType=knife @ http://localhost:3001/entities/Player.js:811
[  116166ms] [LOG] [Player] updateFirstPersonArmsVisibility: isFirstPerson=true currentWeapon=knife _lastArmWeaponType=knife @ http://localhost:3001/entities/Player.js:811
[  116214ms] [LOG] [Player] updateFirstPersonArmsVisibility: isFirstPerson=true currentWeapon=knife _lastArmWeaponType=knife @ http://localhost:3001/entities/Player.js:811
[  116257ms] [LOG] [Player] updateFirstPersonArmsVisibility: isFirstPerson=true currentWeapon=knife _lastArmWeaponType=knife @ http://localhost:3001/entities/Player.js:811
[  116278ms] [LOG] [Player] updateFirstPersonArmsVisibility: isFirstPerson=true currentWeapon=knife _lastArmWeaponType=knife @ http://localhost:3001/entities/Player.js:811
[  116325ms] [LOG] [Player] updateFirstPersonArmsVisibility: isFirstPerson=true currentWeapon=knife _lastArmWeaponType=knife @ http://localhost:3001/entities/Player.js:811
[  116429ms] [LOG] [Player] updateFirstPersonArmsVisibility: isFirstPerson=true currentWeapon=knife _lastArmWeaponType=knife @ http://localhost:3001/entities/Player.js:811
[  116487ms] [LOG] [Player] updateFirstPersonArmsVisibility: isFirstPerson=true currentWeapon=knife _lastArmWeaponType=knife @ http://localhost:3001/entities/Player.js:811
[  116547ms] [LOG] [Player] updateFirstPersonArmsVisibility: isFirstPerson=true currentWeapon=knife _lastArmWeaponType=knife @ http://localhost:3001/entities/Player.js:811
[  116590ms] [LOG] [Player] updateFirstPersonArmsVisibility: isFirstPerson=true currentWeapon=knife _lastArmWeaponType=knife @ http://localhost:3001/entities/Player.js:811
[  116632ms] [LOG] [Player] updateFirstPersonArmsVisibility: isFirstPerson=true currentWeapon=knife _lastArmWeaponType=knife @ http://localhost:3001/entities/Player.js:811
[  116675ms] [LOG] [Player] updateFirstPersonArmsVisibility: isFirstPerson=true currentWeapon=knife _lastArmWeaponType=knife @ http://localhost:3001/entities/Player.js:811
[  116710ms] [LOG] [Player] updateFirstPersonArmsVisibility: isFirstPerson=true currentWeapon=knife _lastArmWeaponType=knife @ http://localhost:3001/entities/Player.js:811
[  116751ms] [LOG] [Player] updateFirstPersonArmsVisibility: isFirstPerson=true currentWeapon=knife _lastArmWeaponType=knife @ http://localhost:3001/entities/Player.js:811
[  116791ms] [LOG] [Player] updateFirstPersonArmsVisibility: isFirstPerson=true currentWeapon=knife _lastArmWeaponType=knife @ http://localhost:3001/entities/Player.js:811
[  116833ms] [LOG] [Player] updateFirstPersonArmsVisibility: isFirstPerson=true currentWeapon=knife _lastArmWeaponType=knife @ http://localhost:3001/entities/Player.js:811
[  116903ms] [LOG] [Player] updateFirstPersonArmsVisibility: isFirstPerson=true currentWeapon=knife _lastArmWeaponType=knife @ http://localhost:3001/entities/Player.js:811
[  116951ms] [LOG] [Player] updateFirstPersonArmsVisibility: isFirstPerson=true currentWeapon=knife _lastArmWeaponType=knife @ http://localhost:3001/entities/Player.js:811
[  116992ms] [LOG] [Player] updateFirstPersonArmsVisibility: isFirstPerson=true currentWeapon=knife _lastArmWeaponType=knife @ http://localhost:3001/entities/Player.js:811
[  117035ms] [LOG] [Player] updateFirstPersonArmsVisibility: isFirstPerson=true currentWeapon=knife _lastArmWeaponType=knife @ http://localhost:3001/entities/Player.js:811
[  117084ms] [LOG] [Player] updateFirstPersonArmsVisibility: isFirstPerson=true currentWeapon=knife _lastArmWeaponType=knife @ http://localhost:3001/entities/Player.js:811
[  117147ms] [LOG] [Player] updateFirstPersonArmsVisibility: isFirstPerson=true currentWeapon=knife _lastArmWeaponType=knife @ http://localhost:3001/entities/Player.js:811
[  117209ms] [LOG] [Player] updateFirstPersonArmsVisibility: isFirstPerson=true currentWeapon=knife _lastArmWeaponType=knife @ http://localhost:3001/entities/Player.js:811
[  117397ms] [LOG] [Player] updateFirstPersonArmsVisibility: isFirstPerson=true currentWeapon=knife _lastArmWeaponType=knife @ http://localhost:3001/entities/Player.js:811
[  117461ms] [LOG] [Player] updateFirstPersonArmsVisibility: isFirstPerson=true currentWeapon=knife _lastArmWeaponType=knife @ http://localhost:3001/entities/Player.js:811
[  117537ms] [LOG] [Player] updateFirstPersonArmsVisibility: isFirstPerson=true currentWeapon=knife _lastArmWeaponType=knife @ http://localhost:3001/entities/Player.js:811
[  117576ms] [LOG] [Player] updateFirstPersonArmsVisibility: isFirstPerson=true currentWeapon=knife _lastArmWeaponType=knife @ http://localhost:3001/entities/Player.js:811
[  117612ms] [LOG] [Player] updateFirstPersonArmsVisibility: isFirstPerson=true currentWeapon=knife _lastArmWeaponType=knife @ http://localhost:3001/entities/Player.js:811
[  117655ms] [LOG] [Player] updateFirstPersonArmsVisibility: isFirstPerson=true currentWeapon=knife _lastArmWeaponType=knife @ http://localhost:3001/entities/Player.js:811
[  117696ms] [LOG] [Player] updateFirstPersonArmsVisibility: isFirstPerson=true currentWeapon=knife _lastArmWeaponType=knife @ http://localhost:3001/entities/Player.js:811
[  117766ms] [LOG] [Player] updateFirstPersonArmsVisibility: isFirstPerson=true currentWeapon=knife _lastArmWeaponType=knife @ http://localhost:3001/entities/Player.js:811
[  117850ms] [LOG] [Player] updateFirstPersonArmsVisibility: isFirstPerson=true currentWeapon=knife _lastArmWeaponType=knife @ http://localhost:3001/entities/Player.js:811
[  117937ms] [LOG] [Player] updateFirstPersonArmsVisibility: isFirstPerson=true currentWeapon=knife _lastArmWeaponType=knife @ http://localhost:3001/entities/Player.js:811
[  118000ms] [LOG] [Player] updateFirstPersonArmsVisibility: isFirstPerson=true currentWeapon=knife _lastArmWeaponType=knife @ http://localhost:3001/entities/Player.js:811
[  118098ms] [LOG] [Player] updateFirstPersonArmsVisibility: isFirstPerson=true currentWeapon=knife _lastArmWeaponType=knife @ http://localhost:3001/entities/Player.js:811
[  118190ms] [LOG] [Player] updateFirstPersonArmsVisibility: isFirstPerson=true currentWeapon=knife _lastArmWeaponType=knife @ http://localhost:3001/entities/Player.js:811
[  118271ms] [LOG] [Player] updateFirstPersonArmsVisibility: isFirstPerson=true currentWeapon=knife _lastArmWeaponType=knife @ http://localhost:3001/entities/Player.js:811
[  118335ms] [LOG] [Player] updateFirstPersonArmsVisibility: isFirstPerson=true currentWeapon=knife _lastArmWeaponType=knife @ http://localhost:3001/entities/Player.js:811
[  118397ms] [LOG] [Player] updateFirstPersonArmsVisibility: isFirstPerson=true currentWeapon=knife _lastArmWeaponType=knife @ http://localhost:3001/entities/Player.js:811
[  118468ms] [LOG] [Player] updateFirstPersonArmsVisibility: isFirstPerson=true currentWeapon=knife _lastArmWeaponType=knife @ http://localhost:3001/entities/Player.js:811
[  118553ms] [LOG] [Player] updateFirstPersonArmsVisibility: isFirstPerson=true currentWeapon=knife _lastArmWeaponType=knife @ http://localhost:3001/entities/Player.js:811
[  118654ms] [LOG] [Player] updateFirstPersonArmsVisibility: isFirstPerson=true currentWeapon=knife _lastArmWeaponType=knife @ http://localhost:3001/entities/Player.js:811
[  118758ms] [LOG] [Player] updateFirstPersonArmsVisibility: isFirstPerson=true currentWeapon=knife _lastArmWeaponType=knife @ http://localhost:3001/entities/Player.js:811
[  118840ms] [LOG] [Player] updateFirstPersonArmsVisibility: isFirstPerson=true currentWeapon=knife _lastArmWeaponType=knife @ http://localhost:3001/entities/Player.js:811
[  118910ms] [LOG] [Player] updateFirstPersonArmsVisibility: isFirstPerson=true currentWeapon=knife _lastArmWeaponType=knife @ http://localhost:3001/entities/Player.js:811
[  119001ms] [LOG] [Player] updateFirstPersonArmsVisibility: isFirstPerson=true currentWeapon=knife _lastArmWeaponType=knife @ http://localhost:3001/entities/Player.js:811
[  119071ms] [LOG] [Player] updateFirstPersonArmsVisibility: isFirstPerson=true currentWeapon=knife _lastArmWeaponType=knife @ http://localhost:3001/entities/Player.js:811
[  119161ms] [LOG] [Player] updateFirstPersonArmsVisibility: isFirstPerson=true currentWeapon=knife _lastArmWeaponType=knife @ http://localhost:3001/entities/Player.js:811
[  119267ms] [LOG] [Player] updateFirstPersonArmsVisibility: isFirstPerson=true currentWeapon=knife _lastArmWeaponType=knife @ http://localhost:3001/entities/Player.js:811
[  119371ms] [LOG] [Player] updateFirstPersonArmsVisibility: isFirstPerson=true currentWeapon=knife _lastArmWeaponType=knife @ http://localhost:3001/entities/Player.js:811
[  119451ms] [LOG] [Player] updateFirstPersonArmsVisibility: isFirstPerson=true currentWeapon=knife _lastArmWeaponType=knife @ http://localhost:3001/entities/Player.js:811
[  119512ms] [LOG] [Player] updateFirstPersonArmsVisibility: isFirstPerson=true currentWeapon=knife _lastArmWeaponType=knife @ http://localhost:3001/entities/Player.js:811
[  119555ms] [LOG] [Player] updateFirstPersonArmsVisibility: isFirstPerson=true currentWeapon=knife _lastArmWeaponType=knife @ http://localhost:3001/entities/Player.js:811
[  119624ms] [LOG] [Player] updateFirstPersonArmsVisibility: isFirstPerson=true currentWeapon=knife _lastArmWeaponType=knife @ http://localhost:3001/entities/Player.js:811
[  119667ms] [LOG] [Player] updateFirstPersonArmsVisibility: isFirstPerson=true currentWeapon=knife _lastArmWeaponType=knife @ http://localhost:3001/entities/Player.js:811
[  119700ms] [LOG] [Player] updateFirstPersonArmsVisibility: isFirstPerson=true currentWeapon=knife _lastArmWeaponType=knife @ http://localhost:3001/entities/Player.js:811
[  119749ms] [LOG] [Player] updateFirstPersonArmsVisibility: isFirstPerson=true currentWeapon=knife _lastArmWeaponType=knife @ http://localhost:3001/entities/Player.js:811
[  119953ms] [LOG] [Player] updateFirstPersonArmsVisibility: isFirstPerson=true currentWeapon=knife _lastArmWeaponType=knife @ http://localhost:3001/entities/Player.js:811
[  120106ms] [LOG] [Player] updateFirstPersonArmsVisibility: isFirstPerson=true currentWeapon=knife _lastArmWeaponType=knife @ http://localhost:3001/entities/Player.js:811
[  120404ms] [LOG] [Player] updateFirstPersonArmsVisibility: isFirstPerson=true currentWeapon=knife _lastArmWeaponType=knife @ http://localhost:3001/entities/Player.js:811
[  122145ms] [LOG] [Player] updateFirstPersonArmsVisibility: isFirstPerson=true currentWeapon=knife _lastArmWeaponType=knife @ http://localhost:3001/entities/Player.js:811
[  122229ms] [LOG] [Player] updateFirstPersonArmsVisibility: isFirstPerson=true currentWeapon=knife _lastArmWeaponType=knife @ http://localhost:3001/entities/Player.js:811
[  122334ms] [LOG] [Player] updateFirstPersonArmsVisibility: isFirstPerson=true currentWeapon=knife _lastArmWeaponType=knife @ http://localhost:3001/entities/Player.js:811
[  122488ms] [LOG] [Player] updateFirstPersonArmsVisibility: isFirstPerson=true currentWeapon=knife _lastArmWeaponType=knife @ http://localhost:3001/entities/Player.js:811
[  122597ms] [LOG] [Player] updateFirstPersonArmsVisibility: isFirstPerson=true currentWeapon=knife _lastArmWeaponType=knife @ http://localhost:3001/entities/Player.js:811
[  122689ms] [LOG] [Player] updateFirstPersonArmsVisibility: isFirstPerson=true currentWeapon=knife _lastArmWeaponType=knife @ http://localhost:3001/entities/Player.js:811
[  122820ms] [LOG] [Player] updateFirstPersonArmsVisibility: isFirstPerson=true currentWeapon=knife _lastArmWeaponType=knife @ http://localhost:3001/entities/Player.js:811
[  122933ms] [LOG] [Player] updateFirstPersonArmsVisibility: isFirstPerson=true currentWeapon=knife _lastArmWeaponType=knife @ http://localhost:3001/entities/Player.js:811
[  123244ms] [LOG] [Player] updateFirstPersonArmsVisibility: isFirstPerson=true currentWeapon=knife _lastArmWeaponType=knife @ http://localhost:3001/entities/Player.js:811
[  123305ms] [LOG] [Player] updateFirstPersonArmsVisibility: isFirstPerson=true currentWeapon=knife _lastArmWeaponType=knife @ http://localhost:3001/entities/Player.js:811
[  123376ms] [LOG] [Player] updateFirstPersonArmsVisibility: isFirstPerson=true currentWeapon=knife _lastArmWeaponType=knife @ http://localhost:3001/entities/Player.js:811
[  123496ms] [LOG] [Player] updateFirstPersonArmsVisibility: isFirstPerson=true currentWeapon=knife _lastArmWeaponType=knife @ http://localhost:3001/entities/Player.js:811
[  123891ms] [LOG] [Player] updateFirstPersonArmsVisibility: isFirstPerson=true currentWeapon=knife _lastArmWeaponType=knife @ http://localhost:3001/entities/Player.js:811
[  123967ms] [LOG] [Player] updateFirstPersonArmsVisibility: isFirstPerson=true currentWeapon=knife _lastArmWeaponType=knife @ http://localhost:3001/entities/Player.js:811
[  124071ms] [LOG] [Player] updateFirstPersonArmsVisibility: isFirstPerson=true currentWeapon=knife _lastArmWeaponType=knife @ http://localhost:3001/entities/Player.js:811
[  124133ms] [LOG] [Player] updateFirstPersonArmsVisibility: isFirstPerson=true currentWeapon=knife _lastArmWeaponType=knife @ http://localhost:3001/entities/Player.js:811
[  124211ms] [LOG] [Player] updateFirstPersonArmsVisibility: isFirstPerson=true currentWeapon=knife _lastArmWeaponType=knife @ http://localhost:3001/entities/Player.js:811
[  124288ms] [LOG] [Player] updateFirstPersonArmsVisibility: isFirstPerson=true currentWeapon=knife _lastArmWeaponType=knife @ http://localhost:3001/entities/Player.js:811
[  124453ms] [LOG] [Player] updateFirstPersonArmsVisibility: isFirstPerson=true currentWeapon=knife _lastArmWeaponType=knife @ http://localhost:3001/entities/Player.js:811
[  124555ms] [LOG] [Player] updateFirstPersonArmsVisibility: isFirstPerson=true currentWeapon=knife _lastArmWeaponType=knife @ http://localhost:3001/entities/Player.js:811
[  124772ms] [LOG] [Player] updateFirstPersonArmsVisibility: isFirstPerson=true currentWeapon=knife _lastArmWeaponType=knife @ http://localhost:3001/entities/Player.js:811
[  124906ms] [LOG] [Player] updateFirstPersonArmsVisibility: isFirstPerson=true currentWeapon=knife _lastArmWeaponType=knife @ http://localhost:3001/entities/Player.js:811
[  124992ms] [LOG] [Player] updateFirstPersonArmsVisibility: isFirstPerson=true currentWeapon=knife _lastArmWeaponType=knife @ http://localhost:3001/entities/Player.js:811
[  125052ms] [LOG] [Player] updateFirstPersonArmsVisibility: isFirstPerson=true currentWeapon=knife _lastArmWeaponType=knife @ http://localhost:3001/entities/Player.js:811
[  125098ms] [LOG] [Player] updateFirstPersonArmsVisibility: isFirstPerson=true currentWeapon=knife _lastArmWeaponType=knife @ http://localhost:3001/entities/Player.js:811
[  125159ms] [LOG] [Player] updateFirstPersonArmsVisibility: isFirstPerson=true currentWeapon=knife _lastArmWeaponType=knife @ http://localhost:3001/entities/Player.js:811
[  125256ms] [LOG] [Player] updateFirstPersonArmsVisibility: isFirstPerson=true currentWeapon=knife _lastArmWeaponType=knife @ http://localhost:3001/entities/Player.js:811
[  125356ms] [LOG] [Player] updateFirstPersonArmsVisibility: isFirstPerson=true currentWeapon=knife _lastArmWeaponType=knife @ http://localhost:3001/entities/Player.js:811
[  125547ms] [LOG] [Player] updateFirstPersonArmsVisibility: isFirstPerson=true currentWeapon=knife _lastArmWeaponType=knife @ http://localhost:3001/entities/Player.js:811
[  125660ms] [LOG] [Player] updateFirstPersonArmsVisibility: isFirstPerson=true currentWeapon=knife _lastArmWeaponType=knife @ http://localhost:3001/entities/Player.js:811
[  125770ms] [LOG] [Player] updateFirstPersonArmsVisibility: isFirstPerson=true currentWeapon=knife _lastArmWeaponType=knife @ http://localhost:3001/entities/Player.js:811
[  125892ms] [LOG] [Player] updateFirstPersonArmsVisibility: isFirstPerson=true currentWeapon=knife _lastArmWeaponType=knife @ http://localhost:3001/entities/Player.js:811
[  125961ms] [LOG] [Player] updateFirstPersonArmsVisibility: isFirstPerson=true currentWeapon=knife _lastArmWeaponType=knife @ http://localhost:3001/entities/Player.js:811
[  126023ms] [LOG] [Player] updateFirstPersonArmsVisibility: isFirstPerson=true currentWeapon=knife _lastArmWeaponType=knife @ http://localhost:3001/entities/Player.js:811
[  126120ms] [LOG] [Player] updateFirstPersonArmsVisibility: isFirstPerson=true currentWeapon=knife _lastArmWeaponType=knife @ http://localhost:3001/entities/Player.js:811
[  126175ms] [LOG] [Player] updateFirstPersonArmsVisibility: isFirstPerson=true currentWeapon=knife _lastArmWeaponType=knife @ http://localhost:3001/entities/Player.js:811
[  126274ms] [LOG] [Player] updateFirstPersonArmsVisibility: isFirstPerson=true currentWeapon=knife _lastArmWeaponType=knife @ http://localhost:3001/entities/Player.js:811
[  126334ms] [LOG] [Player] updateFirstPersonArmsVisibility: isFirstPerson=true currentWeapon=knife _lastArmWeaponType=knife @ http://localhost:3001/entities/Player.js:811
[  126383ms] [LOG] [Player] updateFirstPersonArmsVisibility: isFirstPerson=true currentWeapon=knife _lastArmWeaponType=knife @ http://localhost:3001/entities/Player.js:811
[  126440ms] [LOG] [Player] updateFirstPersonArmsVisibility: isFirstPerson=true currentWeapon=knife _lastArmWeaponType=knife @ http://localhost:3001/entities/Player.js:811
[  126542ms] [LOG] [Player] updateFirstPersonArmsVisibility: isFirstPerson=true currentWeapon=knife _lastArmWeaponType=knife @ http://localhost:3001/entities/Player.js:811
[  126620ms] [LOG] [Player] updateFirstPersonArmsVisibility: isFirstPerson=true currentWeapon=knife _lastArmWeaponType=knife @ http://localhost:3001/entities/Player.js:811
[  126680ms] [LOG] [Player] updateFirstPersonArmsVisibility: isFirstPerson=true currentWeapon=knife _lastArmWeaponType=knife @ http://localhost:3001/entities/Player.js:811
[  126750ms] [LOG] [Player] updateFirstPersonArmsVisibility: isFirstPerson=true currentWeapon=knife _lastArmWeaponType=knife @ http://localhost:3001/entities/Player.js:811
[  127003ms] [LOG] [Player] updateFirstPersonArmsVisibility: isFirstPerson=true currentWeapon=knife _lastArmWeaponType=knife @ http://localhost:3001/entities/Player.js:811
[  127187ms] [LOG] [Player] updateFirstPersonArmsVisibility: isFirstPerson=true currentWeapon=knife _lastArmWeaponType=knife @ http://localhost:3001/entities/Player.js:811
[  127274ms] [LOG] [Player] updateFirstPersonArmsVisibility: isFirstPerson=true currentWeapon=knife _lastArmWeaponType=knife @ http://localhost:3001/entities/Player.js:811
[  127369ms] [LOG] [Player] updateFirstPersonArmsVisibility: isFirstPerson=true currentWeapon=knife _lastArmWeaponType=knife @ http://localhost:3001/entities/Player.js:811
[  127444ms] [LOG] [Player] updateFirstPersonArmsVisibility: isFirstPerson=true currentWeapon=knife _lastArmWeaponType=knife @ http://localhost:3001/entities/Player.js:811
[  127521ms] [LOG] [Player] updateFirstPersonArmsVisibility: isFirstPerson=true currentWeapon=knife _lastArmWeaponType=knife @ http://localhost:3001/entities/Player.js:811
[  127613ms] [LOG] [Player] updateFirstPersonArmsVisibility: isFirstPerson=true currentWeapon=knife _lastArmWeaponType=knife @ http://localhost:3001/entities/Player.js:811
[  127681ms] [LOG] [Player] updateFirstPersonArmsVisibility: isFirstPerson=true currentWeapon=knife _lastArmWeaponType=knife @ http://localhost:3001/entities/Player.js:811
[  127760ms] [LOG] [Player] updateFirstPersonArmsVisibility: isFirstPerson=true currentWeapon=knife _lastArmWeaponType=knife @ http://localhost:3001/entities/Player.js:811
[  127845ms] [LOG] [Player] updateFirstPersonArmsVisibility: isFirstPerson=true currentWeapon=knife _lastArmWeaponType=knife @ http://localhost:3001/entities/Player.js:811
[  127905ms] [LOG] [Player] updateFirstPersonArmsVisibility: isFirstPerson=true currentWeapon=knife _lastArmWeaponType=knife @ http://localhost:3001/entities/Player.js:811
[  128066ms] [LOG] [Player] updateFirstPersonArmsVisibility: isFirstPerson=true currentWeapon=knife _lastArmWeaponType=knife @ http://localhost:3001/entities/Player.js:811
[  128127ms] [LOG] [Player] updateFirstPersonArmsVisibility: isFirstPerson=true currentWeapon=knife _lastArmWeaponType=knife @ http://localhost:3001/entities/Player.js:811
[  128196ms] [LOG] [Player] updateFirstPersonArmsVisibility: isFirstPerson=true currentWeapon=knife _lastArmWeaponType=knife @ http://localhost:3001/entities/Player.js:811
[  128278ms] [LOG] [Player] updateFirstPersonArmsVisibility: isFirstPerson=true currentWeapon=knife _lastArmWeaponType=knife @ http://localhost:3001/entities/Player.js:811
[  128396ms] [LOG] [Player] updateFirstPersonArmsVisibility: isFirstPerson=true currentWeapon=knife _lastArmWeaponType=knife @ http://localhost:3001/entities/Player.js:811
[  128502ms] [LOG] [Player] updateFirstPersonArmsVisibility: isFirstPerson=true currentWeapon=knife _lastArmWeaponType=knife @ http://localhost:3001/entities/Player.js:811
[  128583ms] [LOG] [Player] updateFirstPersonArmsVisibility: isFirstPerson=true currentWeapon=knife _lastArmWeaponType=knife @ http://localhost:3001/entities/Player.js:811
[  128662ms] [LOG] [Player] updateFirstPersonArmsVisibility: isFirstPerson=true currentWeapon=knife _lastArmWeaponType=knife @ http://localhost:3001/entities/Player.js:811
[  128822ms] [LOG] [Player] updateFirstPersonArmsVisibility: isFirstPerson=true currentWeapon=knife _lastArmWeaponType=knife @ http://localhost:3001/entities/Player.js:811
[  128888ms] [LOG] [Player] updateFirstPersonArmsVisibility: isFirstPerson=true currentWeapon=knife _lastArmWeaponType=knife @ http://localhost:3001/entities/Player.js:811
[  128954ms] [LOG] [Player] updateFirstPersonArmsVisibility: isFirstPerson=true currentWeapon=knife _lastArmWeaponType=knife @ http://localhost:3001/entities/Player.js:811
[  129023ms] [LOG] [Player] updateFirstPersonArmsVisibility: isFirstPerson=true currentWeapon=knife _lastArmWeaponType=knife @ http://localhost:3001/entities/Player.js:811
[  129097ms] [LOG] [Player] updateFirstPersonArmsVisibility: isFirstPerson=true currentWeapon=knife _lastArmWeaponType=knife @ http://localhost:3001/entities/Player.js:811
[  129133ms] [LOG] [Player] updateFirstPersonArmsVisibility: isFirstPerson=true currentWeapon=knife _lastArmWeaponType=knife @ http://localhost:3001/entities/Player.js:811
[  129250ms] [LOG] [Player] updateFirstPersonArmsVisibility: isFirstPerson=true currentWeapon=knife _lastArmWeaponType=knife @ http://localhost:3001/entities/Player.js:811
[  129336ms] [LOG] [Player] updateFirstPersonArmsVisibility: isFirstPerson=true currentWeapon=knife _lastArmWeaponType=knife @ http://localhost:3001/entities/Player.js:811
[  129453ms] [LOG] [Player] updateFirstPersonArmsVisibility: isFirstPerson=true currentWeapon=knife _lastArmWeaponType=knife @ http://localhost:3001/entities/Player.js:811
[  129543ms] [LOG] [Player] updateFirstPersonArmsVisibility: isFirstPerson=true currentWeapon=knife _lastArmWeaponType=knife @ http://localhost:3001/entities/Player.js:811
[  129626ms] [LOG] [Player] updateFirstPersonArmsVisibility: isFirstPerson=true currentWeapon=knife _lastArmWeaponType=knife @ http://localhost:3001/entities/Player.js:811
[  129792ms] [LOG] [Player] updateFirstPersonArmsVisibility: isFirstPerson=true currentWeapon=knife _lastArmWeaponType=knife @ http://localhost:3001/entities/Player.js:811
[  129849ms] [LOG] [Player] updateFirstPersonArmsVisibility: isFirstPerson=true currentWeapon=knife _lastArmWeaponType=knife @ http://localhost:3001/entities/Player.js:811
[  130107ms] [LOG] [Player] updateFirstPersonArmsVisibility: isFirstPerson=true currentWeapon=knife _lastArmWeaponType=knife @ http://localhost:3001/entities/Player.js:811
[  130222ms] [LOG] [Player] updateFirstPersonArmsVisibility: isFirstPerson=true currentWeapon=knife _lastArmWeaponType=knife @ http://localhost:3001/entities/Player.js:811
[  130369ms] [LOG] [Player] updateFirstPersonArmsVisibility: isFirstPerson=true currentWeapon=knife _lastArmWeaponType=knife @ http://localhost:3001/entities/Player.js:811
[  130423ms] [LOG] [Player] updateFirstPersonArmsVisibility: isFirstPerson=true currentWeapon=knife _lastArmWeaponType=knife @ http://localhost:3001/entities/Player.js:811
[  130481ms] [LOG] [Player] updateFirstPersonArmsVisibility: isFirstPerson=true currentWeapon=knife _lastArmWeaponType=knife @ http://localhost:3001/entities/Player.js:811
[  130569ms] [LOG] [Player] updateFirstPersonArmsVisibility: isFirstPerson=true currentWeapon=knife _lastArmWeaponType=knife @ http://localhost:3001/entities/Player.js:811
[  131100ms] [LOG] [Player] updateFirstPersonArmsVisibility: isFirstPerson=true currentWeapon=knife _lastArmWeaponType=knife @ http://localhost:3001/entities/Player.js:811
[  131452ms] [LOG] [Player] updateFirstPersonArmsVisibility: isFirstPerson=true currentWeapon=knife _lastArmWeaponType=knife @ http://localhost:3001/entities/Player.js:811
[  131561ms] [LOG] [Player] updateFirstPersonArmsVisibility: isFirstPerson=true currentWeapon=knife _lastArmWeaponType=knife @ http://localhost:3001/entities/Player.js:811
[  131660ms] [LOG] [Player] updateFirstPersonArmsVisibility: isFirstPerson=true currentWeapon=knife _lastArmWeaponType=knife @ http://localhost:3001/entities/Player.js:811
[  131773ms] [LOG] [Player] updateFirstPersonArmsVisibility: isFirstPerson=true currentWeapon=knife _lastArmWeaponType=knife @ http://localhost:3001/entities/Player.js:811
[  132010ms] [LOG] [Player] updateFirstPersonArmsVisibility: isFirstPerson=true currentWeapon=knife _lastArmWeaponType=knife @ http://localhost:3001/entities/Player.js:811
[  132147ms] [LOG] [Player] updateFirstPersonArmsVisibility: isFirstPerson=true currentWeapon=knife _lastArmWeaponType=knife @ http://localhost:3001/entities/Player.js:811
[  132257ms] [LOG] [Player] updateFirstPersonArmsVisibility: isFirstPerson=true currentWeapon=knife _lastArmWeaponType=knife @ http://localhost:3001/entities/Player.js:811
[  134677ms] [LOG] [Player] updateFirstPersonArmsVisibility: isFirstPerson=true currentWeapon=knife _lastArmWeaponType=knife @ http://localhost:3001/entities/Player.js:811
[  134968ms] [LOG] [Player] updateFirstPersonArmsVisibility: isFirstPerson=true currentWeapon=knife _lastArmWeaponType=knife @ http://localhost:3001/entities/Player.js:811
[  135337ms] [LOG] [Player] updateFirstPersonArmsVisibility: isFirstPerson=true currentWeapon=knife _lastArmWeaponType=knife @ http://localhost:3001/entities/Player.js:811
[  135572ms] [LOG] [Player] updateFirstPersonArmsVisibility: isFirstPerson=true currentWeapon=knife _lastArmWeaponType=knife @ http://localhost:3001/entities/Player.js:811
[  135708ms] [LOG] [Player] updateFirstPersonArmsVisibility: isFirstPerson=true currentWeapon=knife _lastArmWeaponType=knife @ http://localhost:3001/entities/Player.js:811
[  135917ms] [LOG] [Player] updateFirstPersonArmsVisibility: isFirstPerson=true currentWeapon=knife _lastArmWeaponType=knife @ http://localhost:3001/entities/Player.js:811
[  136064ms] [LOG] [Player] updateFirstPersonArmsVisibility: isFirstPerson=true currentWeapon=knife _lastArmWeaponType=knife @ http://localhost:3001/entities/Player.js:811
[  136253ms] [LOG] [Player] updateFirstPersonArmsVisibility: isFirstPerson=true currentWeapon=knife _lastArmWeaponType=knife @ http://localhost:3001/entities/Player.js:811
[  136428ms] [LOG] [Player] updateFirstPersonArmsVisibility: isFirstPerson=true currentWeapon=knife _lastArmWeaponType=knife @ http://localhost:3001/entities/Player.js:811
[  136516ms] [LOG] [Player] updateFirstPersonArmsVisibility: isFirstPerson=true currentWeapon=knife _lastArmWeaponType=knife @ http://localhost:3001/entities/Player.js:811
[  136704ms] [LOG] [Player] updateFirstPersonArmsVisibility: isFirstPerson=true currentWeapon=knife _lastArmWeaponType=knife @ http://localhost:3001/entities/Player.js:811
[  136847ms] [LOG] [Player] updateFirstPersonArmsVisibility: isFirstPerson=true currentWeapon=knife _lastArmWeaponType=knife @ http://localhost:3001/entities/Player.js:811
[  137038ms] [LOG] [Player] updateFirstPersonArmsVisibility: isFirstPerson=true currentWeapon=knife _lastArmWeaponType=knife @ http://localhost:3001/entities/Player.js:811
[  137129ms] [LOG] [Player] updateFirstPersonArmsVisibility: isFirstPerson=true currentWeapon=knife _lastArmWeaponType=knife @ http://localhost:3001/entities/Player.js:811
[  137259ms] [LOG] [Player] updateFirstPersonArmsVisibility: isFirstPerson=true currentWeapon=knife _lastArmWeaponType=knife @ http://localhost:3001/entities/Player.js:811
[  137398ms] [LOG] [Player] updateFirstPersonArmsVisibility: isFirstPerson=true currentWeapon=knife _lastArmWeaponType=knife @ http://localhost:3001/entities/Player.js:811
[  137487ms] [LOG] [Player] updateFirstPersonArmsVisibility: isFirstPerson=true currentWeapon=knife _lastArmWeaponType=knife @ http://localhost:3001/entities/Player.js:811
[  137578ms] [LOG] [Player] updateFirstPersonArmsVisibility: isFirstPerson=true currentWeapon=knife _lastArmWeaponType=knife @ http://localhost:3001/entities/Player.js:811
[  137661ms] [LOG] [Player] updateFirstPersonArmsVisibility: isFirstPerson=true currentWeapon=knife _lastArmWeaponType=knife @ http://localhost:3001/entities/Player.js:811
[  137753ms] [LOG] [Player] updateFirstPersonArmsVisibility: isFirstPerson=true currentWeapon=knife _lastArmWeaponType=knife @ http://localhost:3001/entities/Player.js:811
[  137850ms] [LOG] [Player] updateFirstPersonArmsVisibility: isFirstPerson=true currentWeapon=knife _lastArmWeaponType=knife @ http://localhost:3001/entities/Player.js:811
[  137938ms] [LOG] [Player] updateFirstPersonArmsVisibility: isFirstPerson=true currentWeapon=knife _lastArmWeaponType=knife @ http://localhost:3001/entities/Player.js:811
[  138029ms] [LOG] [Player] updateFirstPersonArmsVisibility: isFirstPerson=true currentWeapon=knife _lastArmWeaponType=knife @ http://localhost:3001/entities/Player.js:811
[  138160ms] [LOG] [Player] updateFirstPersonArmsVisibility: isFirstPerson=true currentWeapon=knife _lastArmWeaponType=knife @ http://localhost:3001/entities/Player.js:811
[  138418ms] [LOG] [Player] updateFirstPersonArmsVisibility: isFirstPerson=true currentWeapon=knife _lastArmWeaponType=knife @ http://localhost:3001/entities/Player.js:811
[  138584ms] [LOG] [Player] updateFirstPersonArmsVisibility: isFirstPerson=true currentWeapon=knife _lastArmWeaponType=knife @ http://localhost:3001/entities/Player.js:811
[  138687ms] [LOG] [Player] updateFirstPersonArmsVisibility: isFirstPerson=true currentWeapon=knife _lastArmWeaponType=knife @ http://localhost:3001/entities/Player.js:811
[  138798ms] [LOG] [Player] updateFirstPersonArmsVisibility: isFirstPerson=true currentWeapon=knife _lastArmWeaponType=knife @ http://localhost:3001/entities/Player.js:811
[  138912ms] [LOG] [Player] updateFirstPersonArmsVisibility: isFirstPerson=true currentWeapon=knife _lastArmWeaponType=knife @ http://localhost:3001/entities/Player.js:811
[  139030ms] [LOG] [Player] updateFirstPersonArmsVisibility: isFirstPerson=true currentWeapon=knife _lastArmWeaponType=knife @ http://localhost:3001/entities/Player.js:811
[  139104ms] [LOG] [Player] updateFirstPersonArmsVisibility: isFirstPerson=true currentWeapon=knife _lastArmWeaponType=knife @ http://localhost:3001/entities/Player.js:811
[  139194ms] [LOG] [Player] updateFirstPersonArmsVisibility: isFirstPerson=true currentWeapon=knife _lastArmWeaponType=knife @ http://localhost:3001/entities/Player.js:811
[  139258ms] [LOG] [Player] updateFirstPersonArmsVisibility: isFirstPerson=true currentWeapon=knife _lastArmWeaponType=knife @ http://localhost:3001/entities/Player.js:811
[  139378ms] [LOG] [Player] updateFirstPersonArmsVisibility: isFirstPerson=true currentWeapon=knife _lastArmWeaponType=knife @ http://localhost:3001/entities/Player.js:811
[  139458ms] [LOG] [Player] updateFirstPersonArmsVisibility: isFirstPerson=true currentWeapon=knife _lastArmWeaponType=knife @ http://localhost:3001/entities/Player.js:811
[  139529ms] [LOG] [Player] updateFirstPersonArmsVisibility: isFirstPerson=true currentWeapon=knife _lastArmWeaponType=knife @ http://localhost:3001/entities/Player.js:811
[  139577ms] [LOG] [Player] updateFirstPersonArmsVisibility: isFirstPerson=true currentWeapon=knife _lastArmWeaponType=knife @ http://localhost:3001/entities/Player.js:811
[  139621ms] [LOG] [Player] updateFirstPersonArmsVisibility: isFirstPerson=true currentWeapon=knife _lastArmWeaponType=knife @ http://localhost:3001/entities/Player.js:811
[  139674ms] [LOG] [Player] updateFirstPersonArmsVisibility: isFirstPerson=true currentWeapon=knife _lastArmWeaponType=knife @ http://localhost:3001/entities/Player.js:811
[  139745ms] [LOG] [Player] updateFirstPersonArmsVisibility: isFirstPerson=true currentWeapon=knife _lastArmWeaponType=knife @ http://localhost:3001/entities/Player.js:811
[  139834ms] [LOG] [Player] updateFirstPersonArmsVisibility: isFirstPerson=true currentWeapon=knife _lastArmWeaponType=knife @ http://localhost:3001/entities/Player.js:811
[  139892ms] [LOG] [Player] updateFirstPersonArmsVisibility: isFirstPerson=true currentWeapon=knife _lastArmWeaponType=knife @ http://localhost:3001/entities/Player.js:811
[  139946ms] [LOG] [Player] updateFirstPersonArmsVisibility: isFirstPerson=true currentWeapon=knife _lastArmWeaponType=knife @ http://localhost:3001/entities/Player.js:811
[  140008ms] [LOG] [Player] updateFirstPersonArmsVisibility: isFirstPerson=true currentWeapon=knife _lastArmWeaponType=knife @ http://localhost:3001/entities/Player.js:811
[  140077ms] [LOG] [Player] updateFirstPersonArmsVisibility: isFirstPerson=true currentWeapon=knife _lastArmWeaponType=knife @ http://localhost:3001/entities/Player.js:811
[  140152ms] [LOG] [Player] updateFirstPersonArmsVisibility: isFirstPerson=true currentWeapon=knife _lastArmWeaponType=knife @ http://localhost:3001/entities/Player.js:811
[  140246ms] [LOG] [Player] updateFirstPersonArmsVisibility: isFirstPerson=true currentWeapon=knife _lastArmWeaponType=knife @ http://localhost:3001/entities/Player.js:811
[  140346ms] [LOG] [Player] updateFirstPersonArmsVisibility: isFirstPerson=true currentWeapon=knife _lastArmWeaponType=knife @ http://localhost:3001/entities/Player.js:811
[  140430ms] [LOG] [Player] updateFirstPersonArmsVisibility: isFirstPerson=true currentWeapon=knife _lastArmWeaponType=knife @ http://localhost:3001/entities/Player.js:811
[  140478ms] [LOG] [Player] updateFirstPersonArmsVisibility: isFirstPerson=true currentWeapon=knife _lastArmWeaponType=knife @ http://localhost:3001/entities/Player.js:811
[  140571ms] [LOG] [Player] updateFirstPersonArmsVisibility: isFirstPerson=true currentWeapon=knife _lastArmWeaponType=knife @ http://localhost:3001/entities/Player.js:811
[  140626ms] [LOG] [Player] updateFirstPersonArmsVisibility: isFirstPerson=true currentWeapon=knife _lastArmWeaponType=knife @ http://localhost:3001/entities/Player.js:811
[  140698ms] [LOG] [Player] updateFirstPersonArmsVisibility: isFirstPerson=true currentWeapon=knife _lastArmWeaponType=knife @ http://localhost:3001/entities/Player.js:811
[  140764ms] [LOG] [Player] updateFirstPersonArmsVisibility: isFirstPerson=true currentWeapon=knife _lastArmWeaponType=knife @ http://localhost:3001/entities/Player.js:811
[  140874ms] [LOG] [Player] updateFirstPersonArmsVisibility: isFirstPerson=true currentWeapon=knife _lastArmWeaponType=knife @ http://localhost:3001/entities/Player.js:811
[  140925ms] [LOG] [Player] updateFirstPersonArmsVisibility: isFirstPerson=true currentWeapon=knife _lastArmWeaponType=knife @ http://localhost:3001/entities/Player.js:811
[  141000ms] [LOG] [Player] updateFirstPersonArmsVisibility: isFirstPerson=true currentWeapon=knife _lastArmWeaponType=knife @ http://localhost:3001/entities/Player.js:811
[  141062ms] [LOG] [Player] updateFirstPersonArmsVisibility: isFirstPerson=true currentWeapon=knife _lastArmWeaponType=knife @ http://localhost:3001/entities/Player.js:811
[  141140ms] [LOG] [Player] updateFirstPersonArmsVisibility: isFirstPerson=true currentWeapon=knife _lastArmWeaponType=knife @ http://localhost:3001/entities/Player.js:811
[  141194ms] [LOG] [Player] updateFirstPersonArmsVisibility: isFirstPerson=true currentWeapon=knife _lastArmWeaponType=knife @ http://localhost:3001/entities/Player.js:811
[  141244ms] [LOG] [Player] updateFirstPersonArmsVisibility: isFirstPerson=true currentWeapon=knife _lastArmWeaponType=knife @ http://localhost:3001/entities/Player.js:811
[  141296ms] [LOG] [Player] updateFirstPersonArmsVisibility: isFirstPerson=true currentWeapon=knife _lastArmWeaponType=knife @ http://localhost:3001/entities/Player.js:811
[  141297ms] [LOG] [CameraController] playerPos=46.00,4.04,0.00 targetY=4.19 camPos=46.00,4.19,0.00 @ http://localhost:3001/core/CameraController.js:240
[  141552ms] [LOG] [Player] updateFirstPersonArmsVisibility: isFirstPerson=true currentWeapon=knife _lastArmWeaponType=knife @ http://localhost:3001/entities/Player.js:811
[  141634ms] [LOG] [Player] updateFirstPersonArmsVisibility: isFirstPerson=true currentWeapon=knife _lastArmWeaponType=knife @ http://localhost:3001/entities/Player.js:811
[  141757ms] [LOG] [Player] updateFirstPersonArmsVisibility: isFirstPerson=true currentWeapon=knife _lastArmWeaponType=knife @ http://localhost:3001/entities/Player.js:811
[  141860ms] [LOG] [Player] updateFirstPersonArmsVisibility: isFirstPerson=true currentWeapon=knife _lastArmWeaponType=knife @ http://localhost:3001/entities/Player.js:811
[  142092ms] [LOG] [Player] updateFirstPersonArmsVisibility: isFirstPerson=true currentWeapon=knife _lastArmWeaponType=knife @ http://localhost:3001/entities/Player.js:811
[  142270ms] [LOG] [Player] updateFirstPersonArmsVisibility: isFirstPerson=true currentWeapon=knife _lastArmWeaponType=knife @ http://localhost:3001/entities/Player.js:811
[  142453ms] [LOG] [Player] updateFirstPersonArmsVisibility: isFirstPerson=true currentWeapon=knife _lastArmWeaponType=knife @ http://localhost:3001/entities/Player.js:811
[  142746ms] [LOG] [Player] updateFirstPersonArmsVisibility: isFirstPerson=true currentWeapon=knife _lastArmWeaponType=knife @ http://localhost:3001/entities/Player.js:811
[  142856ms] [LOG] [Player] updateFirstPersonArmsVisibility: isFirstPerson=true currentWeapon=knife _lastArmWeaponType=knife @ http://localhost:3001/entities/Player.js:811
[  143002ms] [LOG] [Player] updateFirstPersonArmsVisibility: isFirstPerson=true currentWeapon=knife _lastArmWeaponType=knife @ http://localhost:3001/entities/Player.js:811
[  143117ms] [LOG] [Player] updateFirstPersonArmsVisibility: isFirstPerson=true currentWeapon=knife _lastArmWeaponType=knife @ http://localhost:3001/entities/Player.js:811
[  143287ms] [LOG] [Player] updateFirstPersonArmsVisibility: isFirstPerson=true currentWeapon=knife _lastArmWeaponType=knife @ http://localhost:3001/entities/Player.js:811
[  143478ms] [LOG] [Player] updateFirstPersonArmsVisibility: isFirstPerson=true currentWeapon=knife _lastArmWeaponType=knife @ http://localhost:3001/entities/Player.js:811
[  143527ms] [LOG] [Player] updateFirstPersonArmsVisibility: isFirstPerson=true currentWeapon=knife _lastArmWeaponType=knife @ http://localhost:3001/entities/Player.js:811
[  143593ms] [LOG] [Player] updateFirstPersonArmsVisibility: isFirstPerson=true currentWeapon=knife _lastArmWeaponType=knife @ http://localhost:3001/entities/Player.js:811
[  143680ms] [LOG] [Player] updateFirstPersonArmsVisibility: isFirstPerson=true currentWeapon=knife _lastArmWeaponType=knife @ http://localhost:3001/entities/Player.js:811
[  143756ms] [LOG] [Player] updateFirstPersonArmsVisibility: isFirstPerson=true currentWeapon=knife _lastArmWeaponType=knife @ http://localhost:3001/entities/Player.js:811
[  143799ms] [LOG] [Player] updateFirstPersonArmsVisibility: isFirstPerson=true currentWeapon=knife _lastArmWeaponType=knife @ http://localhost:3001/entities/Player.js:811
[  143854ms] [LOG] [Player] updateFirstPersonArmsVisibility: isFirstPerson=true currentWeapon=knife _lastArmWeaponType=knife @ http://localhost:3001/entities/Player.js:811
[  143933ms] [LOG] [Player] updateFirstPersonArmsVisibility: isFirstPerson=true currentWeapon=knife _lastArmWeaponType=knife @ http://localhost:3001/entities/Player.js:811
[  144013ms] [LOG] [Player] updateFirstPersonArmsVisibility: isFirstPerson=true currentWeapon=knife _lastArmWeaponType=knife @ http://localhost:3001/entities/Player.js:811
[  144079ms] [LOG] [Player] updateFirstPersonArmsVisibility: isFirstPerson=true currentWeapon=knife _lastArmWeaponType=knife @ http://localhost:3001/entities/Player.js:811
[  144184ms] [LOG] [Player] updateFirstPersonArmsVisibility: isFirstPerson=true currentWeapon=knife _lastArmWeaponType=knife @ http://localhost:3001/entities/Player.js:811
[  144264ms] [LOG] [Player] updateFirstPersonArmsVisibility: isFirstPerson=true currentWeapon=knife _lastArmWeaponType=knife @ http://localhost:3001/entities/Player.js:811
[  144341ms] [LOG] [Player] updateFirstPersonArmsVisibility: isFirstPerson=true currentWeapon=knife _lastArmWeaponType=knife @ http://localhost:3001/entities/Player.js:811
[  144425ms] [LOG] [Player] updateFirstPersonArmsVisibility: isFirstPerson=true currentWeapon=knife _lastArmWeaponType=knife @ http://localhost:3001/entities/Player.js:811
[  144479ms] [LOG] [Player] updateFirstPersonArmsVisibility: isFirstPerson=true currentWeapon=knife _lastArmWeaponType=knife @ http://localhost:3001/entities/Player.js:811
[  144697ms] [LOG] [Player] updateFirstPersonArmsVisibility: isFirstPerson=true currentWeapon=knife _lastArmWeaponType=knife @ http://localhost:3001/entities/Player.js:811
[  144808ms] [LOG] [Player] updateFirstPersonArmsVisibility: isFirstPerson=true currentWeapon=knife _lastArmWeaponType=knife @ http://localhost:3001/entities/Player.js:811
[  144954ms] [LOG] [Player] updateFirstPersonArmsVisibility: isFirstPerson=true currentWeapon=knife _lastArmWeaponType=knife @ http://localhost:3001/entities/Player.js:811
[  145420ms] [LOG] [Player] updateFirstPersonArmsVisibility: isFirstPerson=true currentWeapon=knife _lastArmWeaponType=knife @ http://localhost:3001/entities/Player.js:811
[  147191ms] [LOG] [Player] updateFirstPersonArmsVisibility: isFirstPerson=true currentWeapon=knife _lastArmWeaponType=knife @ http://localhost:3001/entities/Player.js:811
[  147341ms] [LOG] [Player] updateFirstPersonArmsVisibility: isFirstPerson=true currentWeapon=knife _lastArmWeaponType=knife @ http://localhost:3001/entities/Player.js:811
[  147417ms] [LOG] [Player] updateFirstPersonArmsVisibility: isFirstPerson=true currentWeapon=knife _lastArmWeaponType=knife @ http://localhost:3001/entities/Player.js:811
[  147531ms] [LOG] [Player] updateFirstPersonArmsVisibility: isFirstPerson=true currentWeapon=knife _lastArmWeaponType=knife @ http://localhost:3001/entities/Player.js:811
[  147605ms] [LOG] [Player] updateFirstPersonArmsVisibility: isFirstPerson=true currentWeapon=knife _lastArmWeaponType=knife @ http://localhost:3001/entities/Player.js:811
[  147739ms] [LOG] [Player] updateFirstPersonArmsVisibility: isFirstPerson=true currentWeapon=knife _lastArmWeaponType=knife @ http://localhost:3001/entities/Player.js:811
[  147809ms] [LOG] [Player] updateFirstPersonArmsVisibility: isFirstPerson=true currentWeapon=knife _lastArmWeaponType=knife @ http://localhost:3001/entities/Player.js:811
[  147890ms] [LOG] [Player] updateFirstPersonArmsVisibility: isFirstPerson=true currentWeapon=knife _lastArmWeaponType=knife @ http://localhost:3001/entities/Player.js:811
[  147972ms] [LOG] [Player] updateFirstPersonArmsVisibility: isFirstPerson=true currentWeapon=knife _lastArmWeaponType=knife @ http://localhost:3001/entities/Player.js:811
[  148015ms] [LOG] [Player] updateFirstPersonArmsVisibility: isFirstPerson=true currentWeapon=knife _lastArmWeaponType=knife @ http://localhost:3001/entities/Player.js:811
[  148070ms] [LOG] [Player] updateFirstPersonArmsVisibility: isFirstPerson=true currentWeapon=knife _lastArmWeaponType=knife @ http://localhost:3001/entities/Player.js:811
[  148132ms] [LOG] [Player] updateFirstPersonArmsVisibility: isFirstPerson=true currentWeapon=knife _lastArmWeaponType=knife @ http://localhost:3001/entities/Player.js:811
[  148163ms] [LOG] [Player] updateFirstPersonArmsVisibility: isFirstPerson=true currentWeapon=knife _lastArmWeaponType=knife @ http://localhost:3001/entities/Player.js:811
[  148266ms] [LOG] [Player] updateFirstPersonArmsVisibility: isFirstPerson=true currentWeapon=knife _lastArmWeaponType=knife @ http://localhost:3001/entities/Player.js:811
[  148409ms] [LOG] [Player] updateFirstPersonArmsVisibility: isFirstPerson=true currentWeapon=knife _lastArmWeaponType=knife @ http://localhost:3001/entities/Player.js:811
[  148471ms] [LOG] [Player] updateFirstPersonArmsVisibility: isFirstPerson=true currentWeapon=knife _lastArmWeaponType=knife @ http://localhost:3001/entities/Player.js:811
[  148529ms] [LOG] [Player] updateFirstPersonArmsVisibility: isFirstPerson=true currentWeapon=knife _lastArmWeaponType=knife @ http://localhost:3001/entities/Player.js:811
[  148591ms] [LOG] [Player] updateFirstPersonArmsVisibility: isFirstPerson=true currentWeapon=knife _lastArmWeaponType=knife @ http://localhost:3001/entities/Player.js:811
[  148695ms] [LOG] [Player] updateFirstPersonArmsVisibility: isFirstPerson=true currentWeapon=knife _lastArmWeaponType=knife @ http://localhost:3001/entities/Player.js:811
[  148757ms] [LOG] [Player] updateFirstPersonArmsVisibility: isFirstPerson=true currentWeapon=knife _lastArmWeaponType=knife @ http://localhost:3001/entities/Player.js:811
[  148833ms] [LOG] [Player] updateFirstPersonArmsVisibility: isFirstPerson=true currentWeapon=knife _lastArmWeaponType=knife @ http://localhost:3001/entities/Player.js:811
[  148939ms] [LOG] [Player] updateFirstPersonArmsVisibility: isFirstPerson=true currentWeapon=knife _lastArmWeaponType=knife @ http://localhost:3001/entities/Player.js:811
[  149038ms] [LOG] [Player] updateFirstPersonArmsVisibility: isFirstPerson=true currentWeapon=knife _lastArmWeaponType=knife @ http://localhost:3001/entities/Player.js:811
[  149097ms] [LOG] [Player] updateFirstPersonArmsVisibility: isFirstPerson=true currentWeapon=knife _lastArmWeaponType=knife @ http://localhost:3001/entities/Player.js:811
[  149187ms] [LOG] [Player] updateFirstPersonArmsVisibility: isFirstPerson=true currentWeapon=knife _lastArmWeaponType=knife @ http://localhost:3001/entities/Player.js:811
[  149273ms] [LOG] [Player] updateFirstPersonArmsVisibility: isFirstPerson=true currentWeapon=knife _lastArmWeaponType=knife @ http://localhost:3001/entities/Player.js:811
[  149336ms] [LOG] [Player] updateFirstPersonArmsVisibility: isFirstPerson=true currentWeapon=knife _lastArmWeaponType=knife @ http://localhost:3001/entities/Player.js:811
[  149455ms] [LOG] [Player] updateFirstPersonArmsVisibility: isFirstPerson=true currentWeapon=knife _lastArmWeaponType=knife @ http://localhost:3001/entities/Player.js:811
[  149529ms] [LOG] [Player] updateFirstPersonArmsVisibility: isFirstPerson=true currentWeapon=knife _lastArmWeaponType=knife @ http://localhost:3001/entities/Player.js:811
[  149614ms] [LOG] [Player] updateFirstPersonArmsVisibility: isFirstPerson=true currentWeapon=knife _lastArmWeaponType=knife @ http://localhost:3001/entities/Player.js:811
[  149691ms] [LOG] [Player] updateFirstPersonArmsVisibility: isFirstPerson=true currentWeapon=knife _lastArmWeaponType=knife @ http://localhost:3001/entities/Player.js:811
[  149738ms] [LOG] [Player] updateFirstPersonArmsVisibility: isFirstPerson=true currentWeapon=knife _lastArmWeaponType=knife @ http://localhost:3001/entities/Player.js:811
[  149795ms] [LOG] [Player] updateFirstPersonArmsVisibility: isFirstPerson=true currentWeapon=knife _lastArmWeaponType=knife @ http://localhost:3001/entities/Player.js:811
[  149856ms] [LOG] [Player] updateFirstPersonArmsVisibility: isFirstPerson=true currentWeapon=knife _lastArmWeaponType=knife @ http://localhost:3001/entities/Player.js:811
[  149922ms] [LOG] [Player] updateFirstPersonArmsVisibility: isFirstPerson=true currentWeapon=knife _lastArmWeaponType=knife @ http://localhost:3001/entities/Player.js:811
[  149993ms] [LOG] [Player] updateFirstPersonArmsVisibility: isFirstPerson=true currentWeapon=knife _lastArmWeaponType=knife @ http://localhost:3001/entities/Player.js:811
[  150041ms] [LOG] [Player] updateFirstPersonArmsVisibility: isFirstPerson=true currentWeapon=knife _lastArmWeaponType=knife @ http://localhost:3001/entities/Player.js:811
[  150099ms] [LOG] [Player] updateFirstPersonArmsVisibility: isFirstPerson=true currentWeapon=knife _lastArmWeaponType=knife @ http://localhost:3001/entities/Player.js:811
[  150134ms] [LOG] [Player] updateFirstPersonArmsVisibility: isFirstPerson=true currentWeapon=knife _lastArmWeaponType=knife @ http://localhost:3001/entities/Player.js:811
[  150189ms] [LOG] [Player] updateFirstPersonArmsVisibility: isFirstPerson=true currentWeapon=knife _lastArmWeaponType=knife @ http://localhost:3001/entities/Player.js:811
[  150251ms] [LOG] [Player] updateFirstPersonArmsVisibility: isFirstPerson=true currentWeapon=knife _lastArmWeaponType=knife @ http://localhost:3001/entities/Player.js:811
[  150300ms] [LOG] [Player] updateFirstPersonArmsVisibility: isFirstPerson=true currentWeapon=knife _lastArmWeaponType=knife @ http://localhost:3001/entities/Player.js:811
[  150362ms] [LOG] [Player] updateFirstPersonArmsVisibility: isFirstPerson=true currentWeapon=knife _lastArmWeaponType=knife @ http://localhost:3001/entities/Player.js:811
[  150425ms] [LOG] [Player] updateFirstPersonArmsVisibility: isFirstPerson=true currentWeapon=knife _lastArmWeaponType=knife @ http://localhost:3001/entities/Player.js:811
[  150490ms] [LOG] [Player] updateFirstPersonArmsVisibility: isFirstPerson=true currentWeapon=knife _lastArmWeaponType=knife @ http://localhost:3001/entities/Player.js:811
[  150592ms] [LOG] [Player] updateFirstPersonArmsVisibility: isFirstPerson=true currentWeapon=knife _lastArmWeaponType=knife @ http://localhost:3001/entities/Player.js:811
[  150628ms] [LOG] [Player] updateFirstPersonArmsVisibility: isFirstPerson=true currentWeapon=knife _lastArmWeaponType=knife @ http://localhost:3001/entities/Player.js:811
[  150710ms] [LOG] [Player] updateFirstPersonArmsVisibility: isFirstPerson=true currentWeapon=knife _lastArmWeaponType=knife @ http://localhost:3001/entities/Player.js:811
[  150800ms] [LOG] [Player] updateFirstPersonArmsVisibility: isFirstPerson=true currentWeapon=knife _lastArmWeaponType=knife @ http://localhost:3001/entities/Player.js:811
[  150848ms] [LOG] [Player] updateFirstPersonArmsVisibility: isFirstPerson=true currentWeapon=knife _lastArmWeaponType=knife @ http://localhost:3001/entities/Player.js:811
[  150925ms] [LOG] [Player] updateFirstPersonArmsVisibility: isFirstPerson=true currentWeapon=knife _lastArmWeaponType=knife @ http://localhost:3001/entities/Player.js:811
[  150967ms] [LOG] [Player] updateFirstPersonArmsVisibility: isFirstPerson=true currentWeapon=knife _lastArmWeaponType=knife @ http://localhost:3001/entities/Player.js:811
[  151139ms] [LOG] [Player] updateFirstPersonArmsVisibility: isFirstPerson=true currentWeapon=knife _lastArmWeaponType=knife @ http://localhost:3001/entities/Player.js:811
[  151208ms] [LOG] [Player] updateFirstPersonArmsVisibility: isFirstPerson=true currentWeapon=knife _lastArmWeaponType=knife @ http://localhost:3001/entities/Player.js:811
[  151272ms] [LOG] [Player] updateFirstPersonArmsVisibility: isFirstPerson=true currentWeapon=knife _lastArmWeaponType=knife @ http://localhost:3001/entities/Player.js:811
[  151360ms] [LOG] [Player] updateFirstPersonArmsVisibility: isFirstPerson=true currentWeapon=knife _lastArmWeaponType=knife @ http://localhost:3001/entities/Player.js:811
[  151411ms] [LOG] [Player] updateFirstPersonArmsVisibility: isFirstPerson=true currentWeapon=knife _lastArmWeaponType=knife @ http://localhost:3001/entities/Player.js:811
[  151481ms] [LOG] [Player] updateFirstPersonArmsVisibility: isFirstPerson=true currentWeapon=knife _lastArmWeaponType=knife @ http://localhost:3001/entities/Player.js:811
[  151537ms] [LOG] [Player] updateFirstPersonArmsVisibility: isFirstPerson=true currentWeapon=knife _lastArmWeaponType=knife @ http://localhost:3001/entities/Player.js:811
[  151627ms] [LOG] [Player] updateFirstPersonArmsVisibility: isFirstPerson=true currentWeapon=knife _lastArmWeaponType=knife @ http://localhost:3001/entities/Player.js:811
[  151731ms] [LOG] [Player] updateFirstPersonArmsVisibility: isFirstPerson=true currentWeapon=knife _lastArmWeaponType=knife @ http://localhost:3001/entities/Player.js:811
[  151772ms] [LOG] [Player] updateFirstPersonArmsVisibility: isFirstPerson=true currentWeapon=knife _lastArmWeaponType=knife @ http://localhost:3001/entities/Player.js:811
[  151836ms] [LOG] [Player] updateFirstPersonArmsVisibility: isFirstPerson=true currentWeapon=knife _lastArmWeaponType=knife @ http://localhost:3001/entities/Player.js:811
[  151891ms] [LOG] [Player] updateFirstPersonArmsVisibility: isFirstPerson=true currentWeapon=knife _lastArmWeaponType=knife @ http://localhost:3001/entities/Player.js:811
[  151967ms] [LOG] [Player] updateFirstPersonArmsVisibility: isFirstPerson=true currentWeapon=knife _lastArmWeaponType=knife @ http://localhost:3001/entities/Player.js:811
[  152029ms] [LOG] [Player] updateFirstPersonArmsVisibility: isFirstPerson=true currentWeapon=knife _lastArmWeaponType=knife @ http://localhost:3001/entities/Player.js:811
[  152083ms] [LOG] [Player] updateFirstPersonArmsVisibility: isFirstPerson=true currentWeapon=knife _lastArmWeaponType=knife @ http://localhost:3001/entities/Player.js:811
[  152146ms] [LOG] [Player] updateFirstPersonArmsVisibility: isFirstPerson=true currentWeapon=knife _lastArmWeaponType=knife @ http://localhost:3001/entities/Player.js:811
[  152273ms] [LOG] [Player] updateFirstPersonArmsVisibility: isFirstPerson=true currentWeapon=knife _lastArmWeaponType=knife @ http://localhost:3001/entities/Player.js:811
[  152461ms] [LOG] [Player] updateFirstPersonArmsVisibility: isFirstPerson=true currentWeapon=knife _lastArmWeaponType=knife @ http://localhost:3001/entities/Player.js:811
[  152560ms] [LOG] [Player] updateFirstPersonArmsVisibility: isFirstPerson=true currentWeapon=knife _lastArmWeaponType=knife @ http://localhost:3001/entities/Player.js:811
[  152647ms] [LOG] [Player] updateFirstPersonArmsVisibility: isFirstPerson=true currentWeapon=knife _lastArmWeaponType=knife @ http://localhost:3001/entities/Player.js:811
[  152709ms] [LOG] [Player] updateFirstPersonArmsVisibility: isFirstPerson=true currentWeapon=knife _lastArmWeaponType=knife @ http://localhost:3001/entities/Player.js:811
[  152805ms] [LOG] [Player] updateFirstPersonArmsVisibility: isFirstPerson=true currentWeapon=knife _lastArmWeaponType=knife @ http://localhost:3001/entities/Player.js:811
[  152855ms] [LOG] [Player] updateFirstPersonArmsVisibility: isFirstPerson=true currentWeapon=knife _lastArmWeaponType=knife @ http://localhost:3001/entities/Player.js:811
[  152924ms] [LOG] [Player] updateFirstPersonArmsVisibility: isFirstPerson=true currentWeapon=knife _lastArmWeaponType=knife @ http://localhost:3001/entities/Player.js:811
[  152987ms] [LOG] [Player] updateFirstPersonArmsVisibility: isFirstPerson=true currentWeapon=knife _lastArmWeaponType=knife @ http://localhost:3001/entities/Player.js:811
[  153064ms] [LOG] [Player] updateFirstPersonArmsVisibility: isFirstPerson=true currentWeapon=knife _lastArmWeaponType=knife @ http://localhost:3001/entities/Player.js:811
[  153134ms] [LOG] [Player] updateFirstPersonArmsVisibility: isFirstPerson=true currentWeapon=knife _lastArmWeaponType=knife @ http://localhost:3001/entities/Player.js:811
[  153191ms] [LOG] [Player] updateFirstPersonArmsVisibility: isFirstPerson=true currentWeapon=knife _lastArmWeaponType=knife @ http://localhost:3001/entities/Player.js:811
[  153273ms] [LOG] [Player] updateFirstPersonArmsVisibility: isFirstPerson=true currentWeapon=knife _lastArmWeaponType=knife @ http://localhost:3001/entities/Player.js:811
[  153362ms] [LOG] [Player] updateFirstPersonArmsVisibility: isFirstPerson=true currentWeapon=knife _lastArmWeaponType=knife @ http://localhost:3001/entities/Player.js:811
[  153424ms] [LOG] [Player] updateFirstPersonArmsVisibility: isFirstPerson=true currentWeapon=knife _lastArmWeaponType=knife @ http://localhost:3001/entities/Player.js:811
[  153494ms] [LOG] [Player] updateFirstPersonArmsVisibility: isFirstPerson=true currentWeapon=knife _lastArmWeaponType=knife @ http://localhost:3001/entities/Player.js:811
[  153563ms] [LOG] [Player] updateFirstPersonArmsVisibility: isFirstPerson=true currentWeapon=knife _lastArmWeaponType=knife @ http://localhost:3001/entities/Player.js:811
[  153647ms] [LOG] [Player] updateFirstPersonArmsVisibility: isFirstPerson=true currentWeapon=knife _lastArmWeaponType=knife @ http://localhost:3001/entities/Player.js:811
[  153848ms] [LOG] [Player] updateFirstPersonArmsVisibility: isFirstPerson=true currentWeapon=knife _lastArmWeaponType=knife @ http://localhost:3001/entities/Player.js:811
[  153969ms] [LOG] [Player] updateFirstPersonArmsVisibility: isFirstPerson=true currentWeapon=knife _lastArmWeaponType=knife @ http://localhost:3001/entities/Player.js:811
[  154072ms] [LOG] [Player] updateFirstPersonArmsVisibility: isFirstPerson=true currentWeapon=knife _lastArmWeaponType=knife @ http://localhost:3001/entities/Player.js:811
[  154196ms] [LOG] [Player] updateFirstPersonArmsVisibility: isFirstPerson=true currentWeapon=knife _lastArmWeaponType=knife @ http://localhost:3001/entities/Player.js:811
[  154372ms] [LOG] [Player] updateFirstPersonArmsVisibility: isFirstPerson=true currentWeapon=knife _lastArmWeaponType=knife @ http://localhost:3001/entities/Player.js:811
[  154531ms] [LOG] [Player] updateFirstPersonArmsVisibility: isFirstPerson=true currentWeapon=knife _lastArmWeaponType=knife @ http://localhost:3001/entities/Player.js:811
[  154698ms] [LOG] [Player] updateFirstPersonArmsVisibility: isFirstPerson=true currentWeapon=knife _lastArmWeaponType=knife @ http://localhost:3001/entities/Player.js:811
[  154840ms] [LOG] [Player] updateFirstPersonArmsVisibility: isFirstPerson=true currentWeapon=knife _lastArmWeaponType=knife @ http://localhost:3001/entities/Player.js:811
[  154906ms] [LOG] [Player] updateFirstPersonArmsVisibility: isFirstPerson=true currentWeapon=knife _lastArmWeaponType=knife @ http://localhost:3001/entities/Player.js:811
[  155169ms] [LOG] [Player] updateFirstPersonArmsVisibility: isFirstPerson=true currentWeapon=knife _lastArmWeaponType=knife @ http://localhost:3001/entities/Player.js:811
[  155301ms] [LOG] [Player] updateFirstPersonArmsVisibility: isFirstPerson=true currentWeapon=knife _lastArmWeaponType=knife @ http://localhost:3001/entities/Player.js:811
[  155404ms] [LOG] [Player] updateFirstPersonArmsVisibility: isFirstPerson=true currentWeapon=knife _lastArmWeaponType=knife @ http://localhost:3001/entities/Player.js:811
[  155502ms] [LOG] [Player] updateFirstPersonArmsVisibility: isFirstPerson=true currentWeapon=knife _lastArmWeaponType=knife @ http://localhost:3001/entities/Player.js:811
[  155584ms] [LOG] [Player] updateFirstPersonArmsVisibility: isFirstPerson=true currentWeapon=knife _lastArmWeaponType=knife @ http://localhost:3001/entities/Player.js:811
[  155656ms] [LOG] [Player] updateFirstPersonArmsVisibility: isFirstPerson=true currentWeapon=knife _lastArmWeaponType=knife @ http://localhost:3001/entities/Player.js:811
[  155722ms] [LOG] [Player] updateFirstPersonArmsVisibility: isFirstPerson=true currentWeapon=knife _lastArmWeaponType=knife @ http://localhost:3001/entities/Player.js:811
[  155778ms] [LOG] [Player] updateFirstPersonArmsVisibility: isFirstPerson=true currentWeapon=knife _lastArmWeaponType=knife @ http://localhost:3001/entities/Player.js:811
[  155826ms] [LOG] [Player] updateFirstPersonArmsVisibility: isFirstPerson=true currentWeapon=knife _lastArmWeaponType=knife @ http://localhost:3001/entities/Player.js:811
[  155885ms] [LOG] [Player] updateFirstPersonArmsVisibility: isFirstPerson=true currentWeapon=knife _lastArmWeaponType=knife @ http://localhost:3001/entities/Player.js:811
[  155946ms] [LOG] [Player] updateFirstPersonArmsVisibility: isFirstPerson=true currentWeapon=knife _lastArmWeaponType=knife @ http://localhost:3001/entities/Player.js:811
[  155994ms] [LOG] [Player] updateFirstPersonArmsVisibility: isFirstPerson=true currentWeapon=knife _lastArmWeaponType=knife @ http://localhost:3001/entities/Player.js:811
[  156080ms] [LOG] [Player] updateFirstPersonArmsVisibility: isFirstPerson=true currentWeapon=knife _lastArmWeaponType=knife @ http://localhost:3001/entities/Player.js:811
[  156195ms] [LOG] [Player] updateFirstPersonArmsVisibility: isFirstPerson=true currentWeapon=knife _lastArmWeaponType=knife @ http://localhost:3001/entities/Player.js:811
[  156266ms] [LOG] [Player] updateFirstPersonArmsVisibility: isFirstPerson=true currentWeapon=knife _lastArmWeaponType=knife @ http://localhost:3001/entities/Player.js:811
[  156313ms] [LOG] [Player] updateFirstPersonArmsVisibility: isFirstPerson=true currentWeapon=knife _lastArmWeaponType=knife @ http://localhost:3001/entities/Player.js:811
[  156377ms] [LOG] [Player] updateFirstPersonArmsVisibility: isFirstPerson=true currentWeapon=knife _lastArmWeaponType=knife @ http://localhost:3001/entities/Player.js:811
[  156444ms] [LOG] [Player] updateFirstPersonArmsVisibility: isFirstPerson=true currentWeapon=knife _lastArmWeaponType=knife @ http://localhost:3001/entities/Player.js:811
[  156482ms] [LOG] [Player] updateFirstPersonArmsVisibility: isFirstPerson=true currentWeapon=knife _lastArmWeaponType=knife @ http://localhost:3001/entities/Player.js:811
[  156550ms] [LOG] [Player] updateFirstPersonArmsVisibility: isFirstPerson=true currentWeapon=knife _lastArmWeaponType=knife @ http://localhost:3001/entities/Player.js:811
[  156621ms] [LOG] [Player] updateFirstPersonArmsVisibility: isFirstPerson=true currentWeapon=knife _lastArmWeaponType=knife @ http://localhost:3001/entities/Player.js:811
[  156675ms] [LOG] [Player] updateFirstPersonArmsVisibility: isFirstPerson=true currentWeapon=knife _lastArmWeaponType=knife @ http://localhost:3001/entities/Player.js:811
[  156730ms] [LOG] [Player] updateFirstPersonArmsVisibility: isFirstPerson=true currentWeapon=knife _lastArmWeaponType=knife @ http://localhost:3001/entities/Player.js:811
[  156798ms] [LOG] [Player] updateFirstPersonArmsVisibility: isFirstPerson=true currentWeapon=knife _lastArmWeaponType=knife @ http://localhost:3001/entities/Player.js:811
[  156835ms] [LOG] [Player] updateFirstPersonArmsVisibility: isFirstPerson=true currentWeapon=knife _lastArmWeaponType=knife @ http://localhost:3001/entities/Player.js:811
[  156876ms] [LOG] [Player] updateFirstPersonArmsVisibility: isFirstPerson=true currentWeapon=knife _lastArmWeaponType=knife @ http://localhost:3001/entities/Player.js:811
[  156938ms] [LOG] [Player] updateFirstPersonArmsVisibility: isFirstPerson=true currentWeapon=knife _lastArmWeaponType=knife @ http://localhost:3001/entities/Player.js:811
[  156984ms] [LOG] [Player] updateFirstPersonArmsVisibility: isFirstPerson=true currentWeapon=knife _lastArmWeaponType=knife @ http://localhost:3001/entities/Player.js:811
[  157028ms] [LOG] [Player] updateFirstPersonArmsVisibility: isFirstPerson=true currentWeapon=knife _lastArmWeaponType=knife @ http://localhost:3001/entities/Player.js:811
[  157084ms] [LOG] [Player] updateFirstPersonArmsVisibility: isFirstPerson=true currentWeapon=knife _lastArmWeaponType=knife @ http://localhost:3001/entities/Player.js:811
[  157148ms] [LOG] [Player] updateFirstPersonArmsVisibility: isFirstPerson=true currentWeapon=knife _lastArmWeaponType=knife @ http://localhost:3001/entities/Player.js:811
[  157231ms] [LOG] [Player] updateFirstPersonArmsVisibility: isFirstPerson=true currentWeapon=knife _lastArmWeaponType=knife @ http://localhost:3001/entities/Player.js:811
[  157309ms] [LOG] [Player] updateFirstPersonArmsVisibility: isFirstPerson=true currentWeapon=knife _lastArmWeaponType=knife @ http://localhost:3001/entities/Player.js:811
[  157372ms] [LOG] [Player] updateFirstPersonArmsVisibility: isFirstPerson=true currentWeapon=knife _lastArmWeaponType=knife @ http://localhost:3001/entities/Player.js:811
[  157773ms] [LOG] [Player] updateFirstPersonArmsVisibility: isFirstPerson=true currentWeapon=knife _lastArmWeaponType=knife @ http://localhost:3001/entities/Player.js:811
[  159655ms] [LOG] [Player] updateFirstPersonArmsVisibility: isFirstPerson=true currentWeapon=knife _lastArmWeaponType=knife @ http://localhost:3001/entities/Player.js:811
[  159781ms] [LOG] [Player] updateFirstPersonArmsVisibility: isFirstPerson=true currentWeapon=knife _lastArmWeaponType=knife @ http://localhost:3001/entities/Player.js:811
[  159857ms] [LOG] [Player] updateFirstPersonArmsVisibility: isFirstPerson=true currentWeapon=knife _lastArmWeaponType=knife @ http://localhost:3001/entities/Player.js:811
[  160030ms] [LOG] [Player] updateFirstPersonArmsVisibility: isFirstPerson=true currentWeapon=knife _lastArmWeaponType=knife @ http://localhost:3001/entities/Player.js:811
[  160104ms] [LOG] [Player] updateFirstPersonArmsVisibility: isFirstPerson=true currentWeapon=knife _lastArmWeaponType=knife @ http://localhost:3001/entities/Player.js:811
[  160180ms] [LOG] [Player] updateFirstPersonArmsVisibility: isFirstPerson=true currentWeapon=knife _lastArmWeaponType=knife @ http://localhost:3001/entities/Player.js:811
[  160238ms] [LOG] [Player] updateFirstPersonArmsVisibility: isFirstPerson=true currentWeapon=knife _lastArmWeaponType=knife @ http://localhost:3001/entities/Player.js:811
[  160309ms] [LOG] [Player] updateFirstPersonArmsVisibility: isFirstPerson=true currentWeapon=knife _lastArmWeaponType=knife @ http://localhost:3001/entities/Player.js:811
[  160388ms] [LOG] [Player] updateFirstPersonArmsVisibility: isFirstPerson=true currentWeapon=knife _lastArmWeaponType=knife @ http://localhost:3001/entities/Player.js:811
[  160447ms] [LOG] [Player] updateFirstPersonArmsVisibility: isFirstPerson=true currentWeapon=knife _lastArmWeaponType=knife @ http://localhost:3001/entities/Player.js:811
[  160544ms] [LOG] [Player] updateFirstPersonArmsVisibility: isFirstPerson=true currentWeapon=knife _lastArmWeaponType=knife @ http://localhost:3001/entities/Player.js:811
[  160590ms] [LOG] [Player] updateFirstPersonArmsVisibility: isFirstPerson=true currentWeapon=knife _lastArmWeaponType=knife @ http://localhost:3001/entities/Player.js:811
[  160632ms] [LOG] [Player] updateFirstPersonArmsVisibility: isFirstPerson=true currentWeapon=knife _lastArmWeaponType=knife @ http://localhost:3001/entities/Player.js:811
[  160718ms] [LOG] [Player] updateFirstPersonArmsVisibility: isFirstPerson=true currentWeapon=knife _lastArmWeaponType=knife @ http://localhost:3001/entities/Player.js:811
[  160806ms] [LOG] [Player] updateFirstPersonArmsVisibility: isFirstPerson=true currentWeapon=knife _lastArmWeaponType=knife @ http://localhost:3001/entities/Player.js:811
[  160884ms] [LOG] [Player] updateFirstPersonArmsVisibility: isFirstPerson=true currentWeapon=knife _lastArmWeaponType=knife @ http://localhost:3001/entities/Player.js:811
[  160944ms] [LOG] [Player] updateFirstPersonArmsVisibility: isFirstPerson=true currentWeapon=knife _lastArmWeaponType=knife @ http://localhost:3001/entities/Player.js:811
[  161009ms] [LOG] [Player] updateFirstPersonArmsVisibility: isFirstPerson=true currentWeapon=knife _lastArmWeaponType=knife @ http://localhost:3001/entities/Player.js:811
[  161057ms] [LOG] [Player] updateFirstPersonArmsVisibility: isFirstPerson=true currentWeapon=knife _lastArmWeaponType=knife @ http://localhost:3001/entities/Player.js:811
[  161108ms] [LOG] [Player] updateFirstPersonArmsVisibility: isFirstPerson=true currentWeapon=knife _lastArmWeaponType=knife @ http://localhost:3001/entities/Player.js:811
[  161168ms] [LOG] [Player] updateFirstPersonArmsVisibility: isFirstPerson=true currentWeapon=knife _lastArmWeaponType=knife @ http://localhost:3001/entities/Player.js:811
[  161244ms] [LOG] [Player] updateFirstPersonArmsVisibility: isFirstPerson=true currentWeapon=knife _lastArmWeaponType=knife @ http://localhost:3001/entities/Player.js:811
[  161341ms] [LOG] [Player] updateFirstPersonArmsVisibility: isFirstPerson=true currentWeapon=knife _lastArmWeaponType=knife @ http://localhost:3001/entities/Player.js:811
[  161459ms] [LOG] [Player] updateFirstPersonArmsVisibility: isFirstPerson=true currentWeapon=knife _lastArmWeaponType=knife @ http://localhost:3001/entities/Player.js:811
[  161557ms] [LOG] [Player] updateFirstPersonArmsVisibility: isFirstPerson=true currentWeapon=knife _lastArmWeaponType=knife @ http://localhost:3001/entities/Player.js:811
[  161626ms] [LOG] [Player] updateFirstPersonArmsVisibility: isFirstPerson=true currentWeapon=knife _lastArmWeaponType=knife @ http://localhost:3001/entities/Player.js:811
[  161681ms] [LOG] [Player] updateFirstPersonArmsVisibility: isFirstPerson=true currentWeapon=knife _lastArmWeaponType=knife @ http://localhost:3001/entities/Player.js:811
[  161758ms] [LOG] [Player] updateFirstPersonArmsVisibility: isFirstPerson=true currentWeapon=knife _lastArmWeaponType=knife @ http://localhost:3001/entities/Player.js:811
[  161819ms] [LOG] [Player] updateFirstPersonArmsVisibility: isFirstPerson=true currentWeapon=knife _lastArmWeaponType=knife @ http://localhost:3001/entities/Player.js:811
[  161903ms] [LOG] [Player] updateFirstPersonArmsVisibility: isFirstPerson=true currentWeapon=knife _lastArmWeaponType=knife @ http://localhost:3001/entities/Player.js:811
[  161962ms] [LOG] [Player] updateFirstPersonArmsVisibility: isFirstPerson=true currentWeapon=knife _lastArmWeaponType=knife @ http://localhost:3001/entities/Player.js:811
[  162015ms] [LOG] [Player] updateFirstPersonArmsVisibility: isFirstPerson=true currentWeapon=knife _lastArmWeaponType=knife @ http://localhost:3001/entities/Player.js:811
[  162051ms] [LOG] [Player] updateFirstPersonArmsVisibility: isFirstPerson=true currentWeapon=knife _lastArmWeaponType=knife @ http://localhost:3001/entities/Player.js:811
[  162092ms] [LOG] [Player] updateFirstPersonArmsVisibility: isFirstPerson=true currentWeapon=knife _lastArmWeaponType=knife @ http://localhost:3001/entities/Player.js:811
[  162147ms] [LOG] [Player] updateFirstPersonArmsVisibility: isFirstPerson=true currentWeapon=knife _lastArmWeaponType=knife @ http://localhost:3001/entities/Player.js:811
[  162250ms] [LOG] [Player] updateFirstPersonArmsVisibility: isFirstPerson=true currentWeapon=knife _lastArmWeaponType=knife @ http://localhost:3001/entities/Player.js:811
[  162501ms] [LOG] [Player] updateFirstPersonArmsVisibility: isFirstPerson=true currentWeapon=knife _lastArmWeaponType=knife @ http://localhost:3001/entities/Player.js:811
[  162585ms] [LOG] [Player] updateFirstPersonArmsVisibility: isFirstPerson=true currentWeapon=knife _lastArmWeaponType=knife @ http://localhost:3001/entities/Player.js:811
[  162649ms] [LOG] [Player] updateFirstPersonArmsVisibility: isFirstPerson=true currentWeapon=knife _lastArmWeaponType=knife @ http://localhost:3001/entities/Player.js:811
[  162697ms] [LOG] [Player] updateFirstPersonArmsVisibility: isFirstPerson=true currentWeapon=knife _lastArmWeaponType=knife @ http://localhost:3001/entities/Player.js:811
[  162752ms] [LOG] [Player] updateFirstPersonArmsVisibility: isFirstPerson=true currentWeapon=knife _lastArmWeaponType=knife @ http://localhost:3001/entities/Player.js:811
[  162805ms] [LOG] [Player] updateFirstPersonArmsVisibility: isFirstPerson=true currentWeapon=knife _lastArmWeaponType=knife @ http://localhost:3001/entities/Player.js:811
[  162856ms] [LOG] [Player] updateFirstPersonArmsVisibility: isFirstPerson=true currentWeapon=knife _lastArmWeaponType=knife @ http://localhost:3001/entities/Player.js:811
[  162897ms] [LOG] [Player] updateFirstPersonArmsVisibility: isFirstPerson=true currentWeapon=knife _lastArmWeaponType=knife @ http://localhost:3001/entities/Player.js:811
[  162948ms] [LOG] [Player] updateFirstPersonArmsVisibility: isFirstPerson=true currentWeapon=knife _lastArmWeaponType=knife @ http://localhost:3001/entities/Player.js:811
[  163029ms] [LOG] [Player] updateFirstPersonArmsVisibility: isFirstPerson=true currentWeapon=knife _lastArmWeaponType=knife @ http://localhost:3001/entities/Player.js:811
[  163099ms] [LOG] [Player] updateFirstPersonArmsVisibility: isFirstPerson=true currentWeapon=knife _lastArmWeaponType=knife @ http://localhost:3001/entities/Player.js:811
[  163154ms] [LOG] [Player] updateFirstPersonArmsVisibility: isFirstPerson=true currentWeapon=knife _lastArmWeaponType=knife @ http://localhost:3001/entities/Player.js:811
[  163210ms] [LOG] [Player] updateFirstPersonArmsVisibility: isFirstPerson=true currentWeapon=knife _lastArmWeaponType=knife @ http://localhost:3001/entities/Player.js:811
[  163293ms] [LOG] [Player] updateFirstPersonArmsVisibility: isFirstPerson=true currentWeapon=knife _lastArmWeaponType=knife @ http://localhost:3001/entities/Player.js:811
[  163496ms] [LOG] [Player] updateFirstPersonArmsVisibility: isFirstPerson=true currentWeapon=knife _lastArmWeaponType=knife @ http://localhost:3001/entities/Player.js:811
[  163688ms] [LOG] [Player] updateFirstPersonArmsVisibility: isFirstPerson=true currentWeapon=knife _lastArmWeaponType=knife @ http://localhost:3001/entities/Player.js:811
[  163750ms] [LOG] [Player] updateFirstPersonArmsVisibility: isFirstPerson=true currentWeapon=knife _lastArmWeaponType=knife @ http://localhost:3001/entities/Player.js:811
[  163819ms] [LOG] [Player] updateFirstPersonArmsVisibility: isFirstPerson=true currentWeapon=knife _lastArmWeaponType=knife @ http://localhost:3001/entities/Player.js:811
[  163877ms] [LOG] [Player] updateFirstPersonArmsVisibility: isFirstPerson=true currentWeapon=knife _lastArmWeaponType=knife @ http://localhost:3001/entities/Player.js:811
[  163939ms] [LOG] [Player] updateFirstPersonArmsVisibility: isFirstPerson=true currentWeapon=knife _lastArmWeaponType=knife @ http://localhost:3001/entities/Player.js:811
[  163972ms] [LOG] [Player] updateFirstPersonArmsVisibility: isFirstPerson=true currentWeapon=knife _lastArmWeaponType=knife @ http://localhost:3001/entities/Player.js:811
[  164023ms] [LOG] [Player] updateFirstPersonArmsVisibility: isFirstPerson=true currentWeapon=knife _lastArmWeaponType=knife @ http://localhost:3001/entities/Player.js:811
[  164125ms] [LOG] [Player] updateFirstPersonArmsVisibility: isFirstPerson=true currentWeapon=knife _lastArmWeaponType=knife @ http://localhost:3001/entities/Player.js:811
[  164219ms] [LOG] [Player] updateFirstPersonArmsVisibility: isFirstPerson=true currentWeapon=knife _lastArmWeaponType=knife @ http://localhost:3001/entities/Player.js:811
[  164294ms] [LOG] [Player] updateFirstPersonArmsVisibility: isFirstPerson=true currentWeapon=knife _lastArmWeaponType=knife @ http://localhost:3001/entities/Player.js:811
[  164358ms] [LOG] [Player] updateFirstPersonArmsVisibility: isFirstPerson=true currentWeapon=knife _lastArmWeaponType=knife @ http://localhost:3001/entities/Player.js:811
[  164442ms] [LOG] [Player] updateFirstPersonArmsVisibility: isFirstPerson=true currentWeapon=knife _lastArmWeaponType=knife @ http://localhost:3001/entities/Player.js:811
[  164501ms] [LOG] [Player] updateFirstPersonArmsVisibility: isFirstPerson=true currentWeapon=knife _lastArmWeaponType=knife @ http://localhost:3001/entities/Player.js:811
[  164563ms] [LOG] [Player] updateFirstPersonArmsVisibility: isFirstPerson=true currentWeapon=knife _lastArmWeaponType=knife @ http://localhost:3001/entities/Player.js:811
[  164662ms] [LOG] [Player] updateFirstPersonArmsVisibility: isFirstPerson=true currentWeapon=knife _lastArmWeaponType=knife @ http://localhost:3001/entities/Player.js:811
[  164736ms] [LOG] [Player] updateFirstPersonArmsVisibility: isFirstPerson=true currentWeapon=knife _lastArmWeaponType=knife @ http://localhost:3001/entities/Player.js:811
[  164806ms] [LOG] [Player] updateFirstPersonArmsVisibility: isFirstPerson=true currentWeapon=knife _lastArmWeaponType=knife @ http://localhost:3001/entities/Player.js:811
[  164910ms] [LOG] [Player] updateFirstPersonArmsVisibility: isFirstPerson=true currentWeapon=knife _lastArmWeaponType=knife @ http://localhost:3001/entities/Player.js:811
[  164979ms] [LOG] [Player] updateFirstPersonArmsVisibility: isFirstPerson=true currentWeapon=knife _lastArmWeaponType=knife @ http://localhost:3001/entities/Player.js:811
[  165027ms] [LOG] [Player] updateFirstPersonArmsVisibility: isFirstPerson=true currentWeapon=knife _lastArmWeaponType=knife @ http://localhost:3001/entities/Player.js:811
[  165099ms] [LOG] [Player] updateFirstPersonArmsVisibility: isFirstPerson=true currentWeapon=knife _lastArmWeaponType=knife @ http://localhost:3001/entities/Player.js:811
[  165169ms] [LOG] [Player] updateFirstPersonArmsVisibility: isFirstPerson=true currentWeapon=knife _lastArmWeaponType=knife @ http://localhost:3001/entities/Player.js:811
[  165265ms] [LOG] [Player] updateFirstPersonArmsVisibility: isFirstPerson=true currentWeapon=knife _lastArmWeaponType=knife @ http://localhost:3001/entities/Player.js:811
[  165344ms] [LOG] [Player] updateFirstPersonArmsVisibility: isFirstPerson=true currentWeapon=knife _lastArmWeaponType=knife @ http://localhost:3001/entities/Player.js:811
[  165444ms] [LOG] [Player] updateFirstPersonArmsVisibility: isFirstPerson=true currentWeapon=knife _lastArmWeaponType=knife @ http://localhost:3001/entities/Player.js:811
[  165563ms] [LOG] [Player] updateFirstPersonArmsVisibility: isFirstPerson=true currentWeapon=knife _lastArmWeaponType=knife @ http://localhost:3001/entities/Player.js:811
[  165656ms] [LOG] [Player] updateFirstPersonArmsVisibility: isFirstPerson=true currentWeapon=knife _lastArmWeaponType=knife @ http://localhost:3001/entities/Player.js:811
[  165822ms] [LOG] [Player] updateFirstPersonArmsVisibility: isFirstPerson=true currentWeapon=knife _lastArmWeaponType=knife @ http://localhost:3001/entities/Player.js:811
[  165917ms] [LOG] [Player] updateFirstPersonArmsVisibility: isFirstPerson=true currentWeapon=knife _lastArmWeaponType=knife @ http://localhost:3001/entities/Player.js:811
[  166071ms] [LOG] [Player] updateFirstPersonArmsVisibility: isFirstPerson=true currentWeapon=knife _lastArmWeaponType=knife @ http://localhost:3001/entities/Player.js:811
[  166165ms] [LOG] [Player] updateFirstPersonArmsVisibility: isFirstPerson=true currentWeapon=knife _lastArmWeaponType=knife @ http://localhost:3001/entities/Player.js:811
[  166288ms] [LOG] [Player] updateFirstPersonArmsVisibility: isFirstPerson=true currentWeapon=knife _lastArmWeaponType=knife @ http://localhost:3001/entities/Player.js:811
[  166466ms] [LOG] [Player] updateFirstPersonArmsVisibility: isFirstPerson=true currentWeapon=knife _lastArmWeaponType=knife @ http://localhost:3001/entities/Player.js:811
[  166586ms] [LOG] [Player] updateFirstPersonArmsVisibility: isFirstPerson=true currentWeapon=knife _lastArmWeaponType=knife @ http://localhost:3001/entities/Player.js:811
[  166663ms] [LOG] [Player] updateFirstPersonArmsVisibility: isFirstPerson=true currentWeapon=knife _lastArmWeaponType=knife @ http://localhost:3001/entities/Player.js:811
[  166851ms] [LOG] [Player] updateFirstPersonArmsVisibility: isFirstPerson=true currentWeapon=knife _lastArmWeaponType=knife @ http://localhost:3001/entities/Player.js:811
[  166988ms] [LOG] [Player] updateFirstPersonArmsVisibility: isFirstPerson=true currentWeapon=knife _lastArmWeaponType=knife @ http://localhost:3001/entities/Player.js:811
[  167134ms] [LOG] [Player] updateFirstPersonArmsVisibility: isFirstPerson=true currentWeapon=knife _lastArmWeaponType=knife @ http://localhost:3001/entities/Player.js:811
[  167335ms] [LOG] [Player] updateFirstPersonArmsVisibility: isFirstPerson=true currentWeapon=knife _lastArmWeaponType=knife @ http://localhost:3001/entities/Player.js:811
[  167445ms] [LOG] [Player] updateFirstPersonArmsVisibility: isFirstPerson=true currentWeapon=knife _lastArmWeaponType=knife @ http://localhost:3001/entities/Player.js:811
[  167556ms] [LOG] [Player] updateFirstPersonArmsVisibility: isFirstPerson=true currentWeapon=knife _lastArmWeaponType=knife @ http://localhost:3001/entities/Player.js:811
[  167607ms] [LOG] [Player] updateFirstPersonArmsVisibility: isFirstPerson=true currentWeapon=knife _lastArmWeaponType=knife @ http://localhost:3001/entities/Player.js:811
[  167661ms] [LOG] [Player] updateFirstPersonArmsVisibility: isFirstPerson=true currentWeapon=knife _lastArmWeaponType=knife @ http://localhost:3001/entities/Player.js:811
[  167718ms] [LOG] [Player] updateFirstPersonArmsVisibility: isFirstPerson=true currentWeapon=knife _lastArmWeaponType=knife @ http://localhost:3001/entities/Player.js:811
[  167775ms] [LOG] [Player] updateFirstPersonArmsVisibility: isFirstPerson=true currentWeapon=knife _lastArmWeaponType=knife @ http://localhost:3001/entities/Player.js:811
[  167847ms] [LOG] [Player] updateFirstPersonArmsVisibility: isFirstPerson=true currentWeapon=knife _lastArmWeaponType=knife @ http://localhost:3001/entities/Player.js:811
[  167904ms] [LOG] [Player] updateFirstPersonArmsVisibility: isFirstPerson=true currentWeapon=knife _lastArmWeaponType=knife @ http://localhost:3001/entities/Player.js:811
[  167981ms] [LOG] [Player] updateFirstPersonArmsVisibility: isFirstPerson=true currentWeapon=knife _lastArmWeaponType=knife @ http://localhost:3001/entities/Player.js:811
[  168112ms] [LOG] [Player] updateFirstPersonArmsVisibility: isFirstPerson=true currentWeapon=knife _lastArmWeaponType=knife @ http://localhost:3001/entities/Player.js:811
[  168184ms] [LOG] [Player] updateFirstPersonArmsVisibility: isFirstPerson=true currentWeapon=knife _lastArmWeaponType=knife @ http://localhost:3001/entities/Player.js:811
[  168257ms] [LOG] [Player] updateFirstPersonArmsVisibility: isFirstPerson=true currentWeapon=knife _lastArmWeaponType=knife @ http://localhost:3001/entities/Player.js:811
[  168312ms] [LOG] [Player] updateFirstPersonArmsVisibility: isFirstPerson=true currentWeapon=knife _lastArmWeaponType=knife @ http://localhost:3001/entities/Player.js:811
[  168361ms] [LOG] [Player] updateFirstPersonArmsVisibility: isFirstPerson=true currentWeapon=knife _lastArmWeaponType=knife @ http://localhost:3001/entities/Player.js:811
[  168432ms] [LOG] [Player] updateFirstPersonArmsVisibility: isFirstPerson=true currentWeapon=knife _lastArmWeaponType=knife @ http://localhost:3001/entities/Player.js:811
[  168492ms] [LOG] [Player] updateFirstPersonArmsVisibility: isFirstPerson=true currentWeapon=knife _lastArmWeaponType=knife @ http://localhost:3001/entities/Player.js:811
[  168580ms] [LOG] [Player] updateFirstPersonArmsVisibility: isFirstPerson=true currentWeapon=knife _lastArmWeaponType=knife @ http://localhost:3001/entities/Player.js:811
[  168657ms] [LOG] [Player] updateFirstPersonArmsVisibility: isFirstPerson=true currentWeapon=knife _lastArmWeaponType=knife @ http://localhost:3001/entities/Player.js:811
[  168722ms] [LOG] [Player] updateFirstPersonArmsVisibility: isFirstPerson=true currentWeapon=knife _lastArmWeaponType=knife @ http://localhost:3001/entities/Player.js:811
[  168775ms] [LOG] [Player] updateFirstPersonArmsVisibility: isFirstPerson=true currentWeapon=knife _lastArmWeaponType=knife @ http://localhost:3001/entities/Player.js:811
[  168849ms] [LOG] [Player] updateFirstPersonArmsVisibility: isFirstPerson=true currentWeapon=knife _lastArmWeaponType=knife @ http://localhost:3001/entities/Player.js:811
[  168912ms] [LOG] [Player] updateFirstPersonArmsVisibility: isFirstPerson=true currentWeapon=knife _lastArmWeaponType=knife @ http://localhost:3001/entities/Player.js:811
[  168968ms] [LOG] [Player] updateFirstPersonArmsVisibility: isFirstPerson=true currentWeapon=knife _lastArmWeaponType=knife @ http://localhost:3001/entities/Player.js:811
[  169007ms] [LOG] [Player] updateFirstPersonArmsVisibility: isFirstPerson=true currentWeapon=knife _lastArmWeaponType=knife @ http://localhost:3001/entities/Player.js:811
[  169062ms] [LOG] [Player] updateFirstPersonArmsVisibility: isFirstPerson=true currentWeapon=knife _lastArmWeaponType=knife @ http://localhost:3001/entities/Player.js:811
[  169134ms] [LOG] [Player] updateFirstPersonArmsVisibility: isFirstPerson=true currentWeapon=knife _lastArmWeaponType=knife @ http://localhost:3001/entities/Player.js:811
[  169257ms] [LOG] [Player] updateFirstPersonArmsVisibility: isFirstPerson=true currentWeapon=knife _lastArmWeaponType=knife @ http://localhost:3001/entities/Player.js:811
[  169330ms] [LOG] [Player] updateFirstPersonArmsVisibility: isFirstPerson=true currentWeapon=knife _lastArmWeaponType=knife @ http://localhost:3001/entities/Player.js:811
[  169398ms] [LOG] [Player] updateFirstPersonArmsVisibility: isFirstPerson=true currentWeapon=knife _lastArmWeaponType=knife @ http://localhost:3001/entities/Player.js:811
[  169451ms] [LOG] [Player] updateFirstPersonArmsVisibility: isFirstPerson=true currentWeapon=knife _lastArmWeaponType=knife @ http://localhost:3001/entities/Player.js:811
[  169495ms] [LOG] [Player] updateFirstPersonArmsVisibility: isFirstPerson=true currentWeapon=knife _lastArmWeaponType=knife @ http://localhost:3001/entities/Player.js:811
[  169541ms] [LOG] [Player] updateFirstPersonArmsVisibility: isFirstPerson=true currentWeapon=knife _lastArmWeaponType=knife @ http://localhost:3001/entities/Player.js:811
[  169598ms] [LOG] [Player] updateFirstPersonArmsVisibility: isFirstPerson=true currentWeapon=knife _lastArmWeaponType=knife @ http://localhost:3001/entities/Player.js:811
[  169679ms] [LOG] [Player] updateFirstPersonArmsVisibility: isFirstPerson=true currentWeapon=knife _lastArmWeaponType=knife @ http://localhost:3001/entities/Player.js:811
[  169774ms] [LOG] [Player] updateFirstPersonArmsVisibility: isFirstPerson=true currentWeapon=knife _lastArmWeaponType=knife @ http://localhost:3001/entities/Player.js:811
[  169829ms] [LOG] [Player] updateFirstPersonArmsVisibility: isFirstPerson=true currentWeapon=knife _lastArmWeaponType=knife @ http://localhost:3001/entities/Player.js:811
[  169882ms] [LOG] [Player] updateFirstPersonArmsVisibility: isFirstPerson=true currentWeapon=knife _lastArmWeaponType=knife @ http://localhost:3001/entities/Player.js:811
[  170019ms] [LOG] [Player] updateFirstPersonArmsVisibility: isFirstPerson=true currentWeapon=knife _lastArmWeaponType=knife @ http://localhost:3001/entities/Player.js:811
[  170850ms] [LOG] [Player] updateFirstPersonArmsVisibility: isFirstPerson=true currentWeapon=knife _lastArmWeaponType=knife @ http://localhost:3001/entities/Player.js:811
[  172792ms] [LOG] [Player] updateFirstPersonArmsVisibility: isFirstPerson=true currentWeapon=knife _lastArmWeaponType=knife @ http://localhost:3001/entities/Player.js:811
[  173196ms] [LOG] [Player] updateFirstPersonArmsVisibility: isFirstPerson=true currentWeapon=knife _lastArmWeaponType=knife @ http://localhost:3001/entities/Player.js:811
[  173335ms] [LOG] [Player] updateFirstPersonArmsVisibility: isFirstPerson=true currentWeapon=knife _lastArmWeaponType=knife @ http://localhost:3001/entities/Player.js:811
[  173452ms] [LOG] [Player] updateFirstPersonArmsVisibility: isFirstPerson=true currentWeapon=knife _lastArmWeaponType=knife @ http://localhost:3001/entities/Player.js:811
[  173567ms] [LOG] [Player] updateFirstPersonArmsVisibility: isFirstPerson=true currentWeapon=knife _lastArmWeaponType=knife @ http://localhost:3001/entities/Player.js:811
[  173640ms] [LOG] [Player] updateFirstPersonArmsVisibility: isFirstPerson=true currentWeapon=knife _lastArmWeaponType=knife @ http://localhost:3001/entities/Player.js:811
[  173697ms] [LOG] [Player] updateFirstPersonArmsVisibility: isFirstPerson=true currentWeapon=knife _lastArmWeaponType=knife @ http://localhost:3001/entities/Player.js:811
[  173869ms] [LOG] [Player] updateFirstPersonArmsVisibility: isFirstPerson=true currentWeapon=knife _lastArmWeaponType=knife @ http://localhost:3001/entities/Player.js:811
[  173948ms] [LOG] [Player] updateFirstPersonArmsVisibility: isFirstPerson=true currentWeapon=knife _lastArmWeaponType=knife @ http://localhost:3001/entities/Player.js:811
[  174018ms] [LOG] [Player] updateFirstPersonArmsVisibility: isFirstPerson=true currentWeapon=knife _lastArmWeaponType=knife @ http://localhost:3001/entities/Player.js:811
[  174024ms] [LOG] [CameraController] playerPos=46.00,4.04,0.00 targetY=4.19 camPos=46.00,4.19,0.00 @ http://localhost:3001/core/CameraController.js:240
[  174119ms] [LOG] [Player] updateFirstPersonArmsVisibility: isFirstPerson=true currentWeapon=knife _lastArmWeaponType=knife @ http://localhost:3001/entities/Player.js:811
[  174183ms] [LOG] [Player] updateFirstPersonArmsVisibility: isFirstPerson=true currentWeapon=knife _lastArmWeaponType=knife @ http://localhost:3001/entities/Player.js:811
[  174237ms] [LOG] [Player] updateFirstPersonArmsVisibility: isFirstPerson=true currentWeapon=knife _lastArmWeaponType=knife @ http://localhost:3001/entities/Player.js:811
[  174293ms] [LOG] [Player] updateFirstPersonArmsVisibility: isFirstPerson=true currentWeapon=knife _lastArmWeaponType=knife @ http://localhost:3001/entities/Player.js:811
[  174389ms] [LOG] [Player] updateFirstPersonArmsVisibility: isFirstPerson=true currentWeapon=knife _lastArmWeaponType=knife @ http://localhost:3001/entities/Player.js:811
[  174501ms] [LOG] [Player] updateFirstPersonArmsVisibility: isFirstPerson=true currentWeapon=knife _lastArmWeaponType=knife @ http://localhost:3001/entities/Player.js:811
[  174577ms] [LOG] [Player] updateFirstPersonArmsVisibility: isFirstPerson=true currentWeapon=knife _lastArmWeaponType=knife @ http://localhost:3001/entities/Player.js:811
[  174664ms] [LOG] [Player] updateFirstPersonArmsVisibility: isFirstPerson=true currentWeapon=knife _lastArmWeaponType=knife @ http://localhost:3001/entities/Player.js:811
[  174753ms] [LOG] [Player] updateFirstPersonArmsVisibility: isFirstPerson=true currentWeapon=knife _lastArmWeaponType=knife @ http://localhost:3001/entities/Player.js:811
[  174837ms] [LOG] [Player] updateFirstPersonArmsVisibility: isFirstPerson=true currentWeapon=knife _lastArmWeaponType=knife @ http://localhost:3001/entities/Player.js:811
[  174954ms] [LOG] [Player] updateFirstPersonArmsVisibility: isFirstPerson=true currentWeapon=knife _lastArmWeaponType=knife @ http://localhost:3001/entities/Player.js:811
[  175024ms] [LOG] [Player] updateFirstPersonArmsVisibility: isFirstPerson=true currentWeapon=knife _lastArmWeaponType=knife @ http://localhost:3001/entities/Player.js:811
[  175122ms] [LOG] [Player] updateFirstPersonArmsVisibility: isFirstPerson=true currentWeapon=knife _lastArmWeaponType=knife @ http://localhost:3001/entities/Player.js:811
[  175219ms] [LOG] [Player] updateFirstPersonArmsVisibility: isFirstPerson=true currentWeapon=knife _lastArmWeaponType=knife @ http://localhost:3001/entities/Player.js:811
[  175280ms] [LOG] [Player] updateFirstPersonArmsVisibility: isFirstPerson=true currentWeapon=knife _lastArmWeaponType=knife @ http://localhost:3001/entities/Player.js:811
[  175337ms] [LOG] [Player] updateFirstPersonArmsVisibility: isFirstPerson=true currentWeapon=knife _lastArmWeaponType=knife @ http://localhost:3001/entities/Player.js:811
[  175397ms] [LOG] [Player] updateFirstPersonArmsVisibility: isFirstPerson=true currentWeapon=knife _lastArmWeaponType=knife @ http://localhost:3001/entities/Player.js:811
[  175473ms] [LOG] [Player] updateFirstPersonArmsVisibility: isFirstPerson=true currentWeapon=knife _lastArmWeaponType=knife @ http://localhost:3001/entities/Player.js:811
[  175537ms] [LOG] [Player] updateFirstPersonArmsVisibility: isFirstPerson=true currentWeapon=knife _lastArmWeaponType=knife @ http://localhost:3001/entities/Player.js:811
[  175604ms] [LOG] [Player] updateFirstPersonArmsVisibility: isFirstPerson=true currentWeapon=knife _lastArmWeaponType=knife @ http://localhost:3001/entities/Player.js:811
[  175684ms] [LOG] [Player] updateFirstPersonArmsVisibility: isFirstPerson=true currentWeapon=knife _lastArmWeaponType=knife @ http://localhost:3001/entities/Player.js:811
[  175777ms] [LOG] [Player] updateFirstPersonArmsVisibility: isFirstPerson=true currentWeapon=knife _lastArmWeaponType=knife @ http://localhost:3001/entities/Player.js:811
[  175850ms] [LOG] [Player] updateFirstPersonArmsVisibility: isFirstPerson=true currentWeapon=knife _lastArmWeaponType=knife @ http://localhost:3001/entities/Player.js:811
[  175926ms] [LOG] [Player] updateFirstPersonArmsVisibility: isFirstPerson=true currentWeapon=knife _lastArmWeaponType=knife @ http://localhost:3001/entities/Player.js:811
[  176000ms] [LOG] [Player] updateFirstPersonArmsVisibility: isFirstPerson=true currentWeapon=knife _lastArmWeaponType=knife @ http://localhost:3001/entities/Player.js:811
[  176062ms] [LOG] [Player] updateFirstPersonArmsVisibility: isFirstPerson=true currentWeapon=knife _lastArmWeaponType=knife @ http://localhost:3001/entities/Player.js:811
[  176153ms] [LOG] [Player] updateFirstPersonArmsVisibility: isFirstPerson=true currentWeapon=knife _lastArmWeaponType=knife @ http://localhost:3001/entities/Player.js:811
[  176223ms] [LOG] [Player] updateFirstPersonArmsVisibility: isFirstPerson=true currentWeapon=knife _lastArmWeaponType=knife @ http://localhost:3001/entities/Player.js:811
[  176265ms] [LOG] [Player] updateFirstPersonArmsVisibility: isFirstPerson=true currentWeapon=knife _lastArmWeaponType=knife @ http://localhost:3001/entities/Player.js:811
[  176371ms] [LOG] [Player] updateFirstPersonArmsVisibility: isFirstPerson=true currentWeapon=knife _lastArmWeaponType=knife @ http://localhost:3001/entities/Player.js:811
[  176460ms] [LOG] [Player] updateFirstPersonArmsVisibility: isFirstPerson=true currentWeapon=knife _lastArmWeaponType=knife @ http://localhost:3001/entities/Player.js:811
[  176536ms] [LOG] [Player] updateFirstPersonArmsVisibility: isFirstPerson=true currentWeapon=knife _lastArmWeaponType=knife @ http://localhost:3001/entities/Player.js:811
[  176570ms] [LOG] [Player] updateFirstPersonArmsVisibility: isFirstPerson=true currentWeapon=knife _lastArmWeaponType=knife @ http://localhost:3001/entities/Player.js:811
[  176627ms] [LOG] [Player] updateFirstPersonArmsVisibility: isFirstPerson=true currentWeapon=knife _lastArmWeaponType=knife @ http://localhost:3001/entities/Player.js:811
[  176687ms] [LOG] [Player] updateFirstPersonArmsVisibility: isFirstPerson=true currentWeapon=knife _lastArmWeaponType=knife @ http://localhost:3001/entities/Player.js:811
[  176722ms] [LOG] [Player] updateFirstPersonArmsVisibility: isFirstPerson=true currentWeapon=knife _lastArmWeaponType=knife @ http://localhost:3001/entities/Player.js:811
[  176780ms] [LOG] [Player] updateFirstPersonArmsVisibility: isFirstPerson=true currentWeapon=knife _lastArmWeaponType=knife @ http://localhost:3001/entities/Player.js:811
[  176857ms] [LOG] [Player] updateFirstPersonArmsVisibility: isFirstPerson=true currentWeapon=knife _lastArmWeaponType=knife @ http://localhost:3001/entities/Player.js:811
[  176925ms] [LOG] [Player] updateFirstPersonArmsVisibility: isFirstPerson=true currentWeapon=knife _lastArmWeaponType=knife @ http://localhost:3001/entities/Player.js:811
[  176988ms] [LOG] [Player] updateFirstPersonArmsVisibility: isFirstPerson=true currentWeapon=knife _lastArmWeaponType=knife @ http://localhost:3001/entities/Player.js:811
[  177053ms] [LOG] [Player] updateFirstPersonArmsVisibility: isFirstPerson=true currentWeapon=knife _lastArmWeaponType=knife @ http://localhost:3001/entities/Player.js:811
[  177113ms] [LOG] [Player] updateFirstPersonArmsVisibility: isFirstPerson=true currentWeapon=knife _lastArmWeaponType=knife @ http://localhost:3001/entities/Player.js:811
[  177219ms] [LOG] [Player] updateFirstPersonArmsVisibility: isFirstPerson=true currentWeapon=knife _lastArmWeaponType=knife @ http://localhost:3001/entities/Player.js:811
[  177322ms] [LOG] [Player] updateFirstPersonArmsVisibility: isFirstPerson=true currentWeapon=knife _lastArmWeaponType=knife @ http://localhost:3001/entities/Player.js:811
[  177383ms] [LOG] [Player] updateFirstPersonArmsVisibility: isFirstPerson=true currentWeapon=knife _lastArmWeaponType=knife @ http://localhost:3001/entities/Player.js:811
[  177438ms] [LOG] [Player] updateFirstPersonArmsVisibility: isFirstPerson=true currentWeapon=knife _lastArmWeaponType=knife @ http://localhost:3001/entities/Player.js:811
[  177549ms] [LOG] [Player] updateFirstPersonArmsVisibility: isFirstPerson=true currentWeapon=knife _lastArmWeaponType=knife @ http://localhost:3001/entities/Player.js:811
[  177642ms] [LOG] [Player] updateFirstPersonArmsVisibility: isFirstPerson=true currentWeapon=knife _lastArmWeaponType=knife @ http://localhost:3001/entities/Player.js:811
[  177760ms] [LOG] [Player] updateFirstPersonArmsVisibility: isFirstPerson=true currentWeapon=knife _lastArmWeaponType=knife @ http://localhost:3001/entities/Player.js:811
[  177954ms] [LOG] [Player] updateFirstPersonArmsVisibility: isFirstPerson=true currentWeapon=knife _lastArmWeaponType=knife @ http://localhost:3001/entities/Player.js:811
[  178212ms] [LOG] [Player] updateFirstPersonArmsVisibility: isFirstPerson=true currentWeapon=knife _lastArmWeaponType=knife @ http://localhost:3001/entities/Player.js:811
[  178329ms] [LOG] [Player] updateFirstPersonArmsVisibility: isFirstPerson=true currentWeapon=knife _lastArmWeaponType=knife @ http://localhost:3001/entities/Player.js:811
[  178539ms] [LOG] [Player] updateFirstPersonArmsVisibility: isFirstPerson=true currentWeapon=knife _lastArmWeaponType=knife @ http://localhost:3001/entities/Player.js:811
[  178636ms] [LOG] [Player] updateFirstPersonArmsVisibility: isFirstPerson=true currentWeapon=knife _lastArmWeaponType=knife @ http://localhost:3001/entities/Player.js:811
[  178730ms] [LOG] [Player] updateFirstPersonArmsVisibility: isFirstPerson=true currentWeapon=knife _lastArmWeaponType=knife @ http://localhost:3001/entities/Player.js:811
[  178815ms] [LOG] [Player] updateFirstPersonArmsVisibility: isFirstPerson=true currentWeapon=knife _lastArmWeaponType=knife @ http://localhost:3001/entities/Player.js:811
[  178990ms] [LOG] [Player] updateFirstPersonArmsVisibility: isFirstPerson=true currentWeapon=knife _lastArmWeaponType=knife @ http://localhost:3001/entities/Player.js:811
[  179198ms] [LOG] [Player] updateFirstPersonArmsVisibility: isFirstPerson=true currentWeapon=knife _lastArmWeaponType=knife @ http://localhost:3001/entities/Player.js:811
[  179433ms] [LOG] [Player] updateFirstPersonArmsVisibility: isFirstPerson=true currentWeapon=knife _lastArmWeaponType=knife @ http://localhost:3001/entities/Player.js:811
[  179510ms] [LOG] [Player] updateFirstPersonArmsVisibility: isFirstPerson=true currentWeapon=knife _lastArmWeaponType=knife @ http://localhost:3001/entities/Player.js:811
[  179559ms] [LOG] [Player] updateFirstPersonArmsVisibility: isFirstPerson=true currentWeapon=knife _lastArmWeaponType=knife @ http://localhost:3001/entities/Player.js:811
[  179631ms] [LOG] [Player] updateFirstPersonArmsVisibility: isFirstPerson=true currentWeapon=knife _lastArmWeaponType=knife @ http://localhost:3001/entities/Player.js:811
[  179677ms] [LOG] [Player] updateFirstPersonArmsVisibility: isFirstPerson=true currentWeapon=knife _lastArmWeaponType=knife @ http://localhost:3001/entities/Player.js:811
[  179786ms] [LOG] [Player] updateFirstPersonArmsVisibility: isFirstPerson=true currentWeapon=knife _lastArmWeaponType=knife @ http://localhost:3001/entities/Player.js:811
[  179840ms] [LOG] [Player] updateFirstPersonArmsVisibility: isFirstPerson=true currentWeapon=knife _lastArmWeaponType=knife @ http://localhost:3001/entities/Player.js:811
[  179895ms] [LOG] [Player] updateFirstPersonArmsVisibility: isFirstPerson=true currentWeapon=knife _lastArmWeaponType=knife @ http://localhost:3001/entities/Player.js:811
[  179947ms] [LOG] [Player] updateFirstPersonArmsVisibility: isFirstPerson=true currentWeapon=knife _lastArmWeaponType=knife @ http://localhost:3001/entities/Player.js:811
[  180007ms] [LOG] [Player] updateFirstPersonArmsVisibility: isFirstPerson=true currentWeapon=knife _lastArmWeaponType=knife @ http://localhost:3001/entities/Player.js:811
[  180065ms] [LOG] [Player] updateFirstPersonArmsVisibility: isFirstPerson=true currentWeapon=knife _lastArmWeaponType=knife @ http://localhost:3001/entities/Player.js:811
[  180343ms] [LOG] [Player] updateFirstPersonArmsVisibility: isFirstPerson=true currentWeapon=knife _lastArmWeaponType=knife @ http://localhost:3001/entities/Player.js:811
[  180432ms] [LOG] [Player] updateFirstPersonArmsVisibility: isFirstPerson=true currentWeapon=knife _lastArmWeaponType=knife @ http://localhost:3001/entities/Player.js:811
[  180496ms] [LOG] [Player] updateFirstPersonArmsVisibility: isFirstPerson=true currentWeapon=knife _lastArmWeaponType=knife @ http://localhost:3001/entities/Player.js:811
[  180577ms] [LOG] [Player] updateFirstPersonArmsVisibility: isFirstPerson=true currentWeapon=knife _lastArmWeaponType=knife @ http://localhost:3001/entities/Player.js:811
[  180656ms] [LOG] [Player] updateFirstPersonArmsVisibility: isFirstPerson=true currentWeapon=knife _lastArmWeaponType=knife @ http://localhost:3001/entities/Player.js:811
[  180704ms] [LOG] [Player] updateFirstPersonArmsVisibility: isFirstPerson=true currentWeapon=knife _lastArmWeaponType=knife @ http://localhost:3001/entities/Player.js:811
[  180764ms] [LOG] [Player] updateFirstPersonArmsVisibility: isFirstPerson=true currentWeapon=knife _lastArmWeaponType=knife @ http://localhost:3001/entities/Player.js:811
[  180869ms] [LOG] [Player] updateFirstPersonArmsVisibility: isFirstPerson=true currentWeapon=knife _lastArmWeaponType=knife @ http://localhost:3001/entities/Player.js:811
[  180913ms] [LOG] [Player] updateFirstPersonArmsVisibility: isFirstPerson=true currentWeapon=knife _lastArmWeaponType=knife @ http://localhost:3001/entities/Player.js:811
[  180970ms] [LOG] [Player] updateFirstPersonArmsVisibility: isFirstPerson=true currentWeapon=knife _lastArmWeaponType=knife @ http://localhost:3001/entities/Player.js:811
[  181029ms] [LOG] [Player] updateFirstPersonArmsVisibility: isFirstPerson=true currentWeapon=knife _lastArmWeaponType=knife @ http://localhost:3001/entities/Player.js:811
[  181079ms] [LOG] [Player] updateFirstPersonArmsVisibility: isFirstPerson=true currentWeapon=knife _lastArmWeaponType=knife @ http://localhost:3001/entities/Player.js:811
[  181184ms] [LOG] [Player] updateFirstPersonArmsVisibility: isFirstPerson=true currentWeapon=knife _lastArmWeaponType=knife @ http://localhost:3001/entities/Player.js:811
[  181259ms] [LOG] [Player] updateFirstPersonArmsVisibility: isFirstPerson=true currentWeapon=knife _lastArmWeaponType=knife @ http://localhost:3001/entities/Player.js:811
[  181321ms] [LOG] [Player] updateFirstPersonArmsVisibility: isFirstPerson=true currentWeapon=knife _lastArmWeaponType=knife @ http://localhost:3001/entities/Player.js:811
[  181432ms] [LOG] [Player] updateFirstPersonArmsVisibility: isFirstPerson=true currentWeapon=knife _lastArmWeaponType=knife @ http://localhost:3001/entities/Player.js:811
[  181496ms] [LOG] [Player] updateFirstPersonArmsVisibility: isFirstPerson=true currentWeapon=knife _lastArmWeaponType=knife @ http://localhost:3001/entities/Player.js:811
[  181564ms] [LOG] [Player] updateFirstPersonArmsVisibility: isFirstPerson=true currentWeapon=knife _lastArmWeaponType=knife @ http://localhost:3001/entities/Player.js:811
[  181649ms] [LOG] [Player] updateFirstPersonArmsVisibility: isFirstPerson=true currentWeapon=knife _lastArmWeaponType=knife @ http://localhost:3001/entities/Player.js:811
[  181680ms] [LOG] [Player] updateFirstPersonArmsVisibility: isFirstPerson=true currentWeapon=knife _lastArmWeaponType=knife @ http://localhost:3001/entities/Player.js:811
[  181752ms] [LOG] [Player] updateFirstPersonArmsVisibility: isFirstPerson=true currentWeapon=knife _lastArmWeaponType=knife @ http://localhost:3001/entities/Player.js:811
[  181823ms] [LOG] [Player] updateFirstPersonArmsVisibility: isFirstPerson=true currentWeapon=knife _lastArmWeaponType=knife @ http://localhost:3001/entities/Player.js:811
[  181864ms] [LOG] [Player] updateFirstPersonArmsVisibility: isFirstPerson=true currentWeapon=knife _lastArmWeaponType=knife @ http://localhost:3001/entities/Player.js:811
[  181917ms] [LOG] [Player] updateFirstPersonArmsVisibility: isFirstPerson=true currentWeapon=knife _lastArmWeaponType=knife @ http://localhost:3001/entities/Player.js:811
[  182034ms] [LOG] [Player] updateFirstPersonArmsVisibility: isFirstPerson=true currentWeapon=knife _lastArmWeaponType=knife @ http://localhost:3001/entities/Player.js:811
[  182106ms] [LOG] [Player] updateFirstPersonArmsVisibility: isFirstPerson=true currentWeapon=knife _lastArmWeaponType=knife @ http://localhost:3001/entities/Player.js:811
[  182229ms] [LOG] [Player] updateFirstPersonArmsVisibility: isFirstPerson=true currentWeapon=knife _lastArmWeaponType=knife @ http://localhost:3001/entities/Player.js:811
[  182315ms] [LOG] [Player] updateFirstPersonArmsVisibility: isFirstPerson=true currentWeapon=knife _lastArmWeaponType=knife @ http://localhost:3001/entities/Player.js:811
[  182516ms] [LOG] [Player] updateFirstPersonArmsVisibility: isFirstPerson=true currentWeapon=knife _lastArmWeaponType=knife @ http://localhost:3001/entities/Player.js:811
[  182611ms] [LOG] [Player] updateFirstPersonArmsVisibility: isFirstPerson=true currentWeapon=knife _lastArmWeaponType=knife @ http://localhost:3001/entities/Player.js:811
[  182689ms] [LOG] [Player] updateFirstPersonArmsVisibility: isFirstPerson=true currentWeapon=knife _lastArmWeaponType=knife @ http://localhost:3001/entities/Player.js:811
[  182850ms] [LOG] [Player] updateFirstPersonArmsVisibility: isFirstPerson=true currentWeapon=knife _lastArmWeaponType=knife @ http://localhost:3001/entities/Player.js:811
[  183163ms] [LOG] [Player] updateFirstPersonArmsVisibility: isFirstPerson=true currentWeapon=knife _lastArmWeaponType=knife @ http://localhost:3001/entities/Player.js:811
[  184941ms] [LOG] [Player] updateFirstPersonArmsVisibility: isFirstPerson=true currentWeapon=knife _lastArmWeaponType=knife @ http://localhost:3001/entities/Player.js:811
[  185536ms] [LOG] [Player] updateFirstPersonArmsVisibility: isFirstPerson=true currentWeapon=knife _lastArmWeaponType=knife @ http://localhost:3001/entities/Player.js:811
[  185704ms] [LOG] [Player] updateFirstPersonArmsVisibility: isFirstPerson=true currentWeapon=knife _lastArmWeaponType=knife @ http://localhost:3001/entities/Player.js:811
[  185867ms] [LOG] [Player] updateFirstPersonArmsVisibility: isFirstPerson=true currentWeapon=knife _lastArmWeaponType=knife @ http://localhost:3001/entities/Player.js:811
[  185941ms] [LOG] [Player] updateFirstPersonArmsVisibility: isFirstPerson=true currentWeapon=knife _lastArmWeaponType=knife @ http://localhost:3001/entities/Player.js:811
[  186015ms] [LOG] [Player] updateFirstPersonArmsVisibility: isFirstPerson=true currentWeapon=knife _lastArmWeaponType=knife @ http://localhost:3001/entities/Player.js:811
[  186115ms] [LOG] [Player] updateFirstPersonArmsVisibility: isFirstPerson=true currentWeapon=knife _lastArmWeaponType=knife @ http://localhost:3001/entities/Player.js:811
[  186186ms] [LOG] [Player] updateFirstPersonArmsVisibility: isFirstPerson=true currentWeapon=knife _lastArmWeaponType=knife @ http://localhost:3001/entities/Player.js:811
[  186271ms] [LOG] [Player] updateFirstPersonArmsVisibility: isFirstPerson=true currentWeapon=knife _lastArmWeaponType=knife @ http://localhost:3001/entities/Player.js:811
[  186333ms] [LOG] [Player] updateFirstPersonArmsVisibility: isFirstPerson=true currentWeapon=knife _lastArmWeaponType=knife @ http://localhost:3001/entities/Player.js:811
[  186418ms] [LOG] [Player] updateFirstPersonArmsVisibility: isFirstPerson=true currentWeapon=knife _lastArmWeaponType=knife @ http://localhost:3001/entities/Player.js:811
[  186469ms] [LOG] [Player] updateFirstPersonArmsVisibility: isFirstPerson=true currentWeapon=knife _lastArmWeaponType=knife @ http://localhost:3001/entities/Player.js:811
[  186551ms] [LOG] [Player] updateFirstPersonArmsVisibility: isFirstPerson=true currentWeapon=knife _lastArmWeaponType=knife @ http://localhost:3001/entities/Player.js:811
[  186632ms] [LOG] [Player] updateFirstPersonArmsVisibility: isFirstPerson=true currentWeapon=knife _lastArmWeaponType=knife @ http://localhost:3001/entities/Player.js:811
[  186702ms] [LOG] [Player] updateFirstPersonArmsVisibility: isFirstPerson=true currentWeapon=knife _lastArmWeaponType=knife @ http://localhost:3001/entities/Player.js:811
[  186745ms] [LOG] [Player] updateFirstPersonArmsVisibility: isFirstPerson=true currentWeapon=knife _lastArmWeaponType=knife @ http://localhost:3001/entities/Player.js:811
[  186795ms] [LOG] [Player] updateFirstPersonArmsVisibility: isFirstPerson=true currentWeapon=knife _lastArmWeaponType=knife @ http://localhost:3001/entities/Player.js:811
[  186829ms] [LOG] [Player] updateFirstPersonArmsVisibility: isFirstPerson=true currentWeapon=knife _lastArmWeaponType=knife @ http://localhost:3001/entities/Player.js:811
[  186907ms] [LOG] [Player] updateFirstPersonArmsVisibility: isFirstPerson=true currentWeapon=knife _lastArmWeaponType=knife @ http://localhost:3001/entities/Player.js:811
[  186968ms] [LOG] [Player] updateFirstPersonArmsVisibility: isFirstPerson=true currentWeapon=knife _lastArmWeaponType=knife @ http://localhost:3001/entities/Player.js:811
[  187023ms] [LOG] [Player] updateFirstPersonArmsVisibility: isFirstPerson=true currentWeapon=knife _lastArmWeaponType=knife @ http://localhost:3001/entities/Player.js:811
[  187078ms] [LOG] [Player] updateFirstPersonArmsVisibility: isFirstPerson=true currentWeapon=knife _lastArmWeaponType=knife @ http://localhost:3001/entities/Player.js:811
[  187147ms] [LOG] [Player] updateFirstPersonArmsVisibility: isFirstPerson=true currentWeapon=knife _lastArmWeaponType=knife @ http://localhost:3001/entities/Player.js:811
[  187214ms] [LOG] [Player] updateFirstPersonArmsVisibility: isFirstPerson=true currentWeapon=knife _lastArmWeaponType=knife @ http://localhost:3001/entities/Player.js:811
[  187279ms] [LOG] [Player] updateFirstPersonArmsVisibility: isFirstPerson=true currentWeapon=knife _lastArmWeaponType=knife @ http://localhost:3001/entities/Player.js:811
[  187357ms] [LOG] [Player] updateFirstPersonArmsVisibility: isFirstPerson=true currentWeapon=knife _lastArmWeaponType=knife @ http://localhost:3001/entities/Player.js:811
[  187405ms] [LOG] [Player] updateFirstPersonArmsVisibility: isFirstPerson=true currentWeapon=knife _lastArmWeaponType=knife @ http://localhost:3001/entities/Player.js:811
[  187452ms] [LOG] [Player] updateFirstPersonArmsVisibility: isFirstPerson=true currentWeapon=knife _lastArmWeaponType=knife @ http://localhost:3001/entities/Player.js:811
[  187508ms] [LOG] [Player] updateFirstPersonArmsVisibility: isFirstPerson=true currentWeapon=knife _lastArmWeaponType=knife @ http://localhost:3001/entities/Player.js:811
[  187589ms] [LOG] [Player] updateFirstPersonArmsVisibility: isFirstPerson=true currentWeapon=knife _lastArmWeaponType=knife @ http://localhost:3001/entities/Player.js:811
[  187676ms] [LOG] [Player] updateFirstPersonArmsVisibility: isFirstPerson=true currentWeapon=knife _lastArmWeaponType=knife @ http://localhost:3001/entities/Player.js:811
[  187778ms] [LOG] [Player] updateFirstPersonArmsVisibility: isFirstPerson=true currentWeapon=knife _lastArmWeaponType=knife @ http://localhost:3001/entities/Player.js:811
[  187835ms] [LOG] [Player] updateFirstPersonArmsVisibility: isFirstPerson=true currentWeapon=knife _lastArmWeaponType=knife @ http://localhost:3001/entities/Player.js:811
[  187900ms] [LOG] [Player] updateFirstPersonArmsVisibility: isFirstPerson=true currentWeapon=knife _lastArmWeaponType=knife @ http://localhost:3001/entities/Player.js:811
[  187968ms] [LOG] [Player] updateFirstPersonArmsVisibility: isFirstPerson=true currentWeapon=knife _lastArmWeaponType=knife @ http://localhost:3001/entities/Player.js:811
[  188017ms] [LOG] [Player] updateFirstPersonArmsVisibility: isFirstPerson=true currentWeapon=knife _lastArmWeaponType=knife @ http://localhost:3001/entities/Player.js:811
[  188063ms] [LOG] [Player] updateFirstPersonArmsVisibility: isFirstPerson=true currentWeapon=knife _lastArmWeaponType=knife @ http://localhost:3001/entities/Player.js:811
[  188121ms] [LOG] [Player] updateFirstPersonArmsVisibility: isFirstPerson=true currentWeapon=knife _lastArmWeaponType=knife @ http://localhost:3001/entities/Player.js:811
[  188203ms] [LOG] [Player] updateFirstPersonArmsVisibility: isFirstPerson=true currentWeapon=knife _lastArmWeaponType=knife @ http://localhost:3001/entities/Player.js:811
[  188315ms] [LOG] [Player] updateFirstPersonArmsVisibility: isFirstPerson=true currentWeapon=knife _lastArmWeaponType=knife @ http://localhost:3001/entities/Player.js:811
[  188410ms] [LOG] [Player] updateFirstPersonArmsVisibility: isFirstPerson=true currentWeapon=knife _lastArmWeaponType=knife @ http://localhost:3001/entities/Player.js:811
[  188461ms] [LOG] [Player] updateFirstPersonArmsVisibility: isFirstPerson=true currentWeapon=knife _lastArmWeaponType=knife @ http://localhost:3001/entities/Player.js:811
[  188565ms] [LOG] [Player] updateFirstPersonArmsVisibility: isFirstPerson=true currentWeapon=knife _lastArmWeaponType=knife @ http://localhost:3001/entities/Player.js:811
[  188663ms] [LOG] [Player] updateFirstPersonArmsVisibility: isFirstPerson=true currentWeapon=knife _lastArmWeaponType=knife @ http://localhost:3001/entities/Player.js:811
[  188743ms] [LOG] [Player] updateFirstPersonArmsVisibility: isFirstPerson=true currentWeapon=knife _lastArmWeaponType=knife @ http://localhost:3001/entities/Player.js:811
[  188802ms] [LOG] [Player] updateFirstPersonArmsVisibility: isFirstPerson=true currentWeapon=knife _lastArmWeaponType=knife @ http://localhost:3001/entities/Player.js:811
[  188878ms] [LOG] [Player] updateFirstPersonArmsVisibility: isFirstPerson=true currentWeapon=knife _lastArmWeaponType=knife @ http://localhost:3001/entities/Player.js:811
[  188914ms] [LOG] [Player] updateFirstPersonArmsVisibility: isFirstPerson=true currentWeapon=knife _lastArmWeaponType=knife @ http://localhost:3001/entities/Player.js:811
[  188982ms] [LOG] [Player] updateFirstPersonArmsVisibility: isFirstPerson=true currentWeapon=knife _lastArmWeaponType=knife @ http://localhost:3001/entities/Player.js:811
[  189034ms] [LOG] [Player] updateFirstPersonArmsVisibility: isFirstPerson=true currentWeapon=knife _lastArmWeaponType=knife @ http://localhost:3001/entities/Player.js:811
[  189067ms] [LOG] [Player] updateFirstPersonArmsVisibility: isFirstPerson=true currentWeapon=knife _lastArmWeaponType=knife @ http://localhost:3001/entities/Player.js:811
[  189111ms] [LOG] [Player] updateFirstPersonArmsVisibility: isFirstPerson=true currentWeapon=knife _lastArmWeaponType=knife @ http://localhost:3001/entities/Player.js:811
[  189178ms] [LOG] [Player] updateFirstPersonArmsVisibility: isFirstPerson=true currentWeapon=knife _lastArmWeaponType=knife @ http://localhost:3001/entities/Player.js:811
[  189218ms] [LOG] [Player] updateFirstPersonArmsVisibility: isFirstPerson=true currentWeapon=knife _lastArmWeaponType=knife @ http://localhost:3001/entities/Player.js:811
[  189302ms] [LOG] [Player] updateFirstPersonArmsVisibility: isFirstPerson=true currentWeapon=knife _lastArmWeaponType=knife @ http://localhost:3001/entities/Player.js:811
[  189343ms] [LOG] [Player] updateFirstPersonArmsVisibility: isFirstPerson=true currentWeapon=knife _lastArmWeaponType=knife @ http://localhost:3001/entities/Player.js:811
[  189458ms] [LOG] [Player] updateFirstPersonArmsVisibility: isFirstPerson=true currentWeapon=knife _lastArmWeaponType=knife @ http://localhost:3001/entities/Player.js:811
[  189502ms] [LOG] [Player] updateFirstPersonArmsVisibility: isFirstPerson=true currentWeapon=knife _lastArmWeaponType=knife @ http://localhost:3001/entities/Player.js:811
[  189552ms] [LOG] [Player] updateFirstPersonArmsVisibility: isFirstPerson=true currentWeapon=knife _lastArmWeaponType=knife @ http://localhost:3001/entities/Player.js:811
[  189592ms] [LOG] [Player] updateFirstPersonArmsVisibility: isFirstPerson=true currentWeapon=knife _lastArmWeaponType=knife @ http://localhost:3001/entities/Player.js:811
[  189627ms] [LOG] [Player] updateFirstPersonArmsVisibility: isFirstPerson=true currentWeapon=knife _lastArmWeaponType=knife @ http://localhost:3001/entities/Player.js:811
[  189674ms] [LOG] [Player] updateFirstPersonArmsVisibility: isFirstPerson=true currentWeapon=knife _lastArmWeaponType=knife @ http://localhost:3001/entities/Player.js:811
[  189771ms] [LOG] [Player] updateFirstPersonArmsVisibility: isFirstPerson=true currentWeapon=knife _lastArmWeaponType=knife @ http://localhost:3001/entities/Player.js:811
[  189879ms] [LOG] [Player] updateFirstPersonArmsVisibility: isFirstPerson=true currentWeapon=knife _lastArmWeaponType=knife @ http://localhost:3001/entities/Player.js:811
[  190023ms] [LOG] [Player] updateFirstPersonArmsVisibility: isFirstPerson=true currentWeapon=knife _lastArmWeaponType=knife @ http://localhost:3001/entities/Player.js:811
[  190192ms] [LOG] [Player] updateFirstPersonArmsVisibility: isFirstPerson=true currentWeapon=knife _lastArmWeaponType=knife @ http://localhost:3001/entities/Player.js:811
[  190283ms] [LOG] [Player] updateFirstPersonArmsVisibility: isFirstPerson=true currentWeapon=knife _lastArmWeaponType=knife @ http://localhost:3001/entities/Player.js:811
[  190413ms] [LOG] [Player] updateFirstPersonArmsVisibility: isFirstPerson=true currentWeapon=knife _lastArmWeaponType=knife @ http://localhost:3001/entities/Player.js:811
[  190622ms] [LOG] [Player] updateFirstPersonArmsVisibility: isFirstPerson=true currentWeapon=knife _lastArmWeaponType=knife @ http://localhost:3001/entities/Player.js:811
[  190878ms] [LOG] [Player] updateFirstPersonArmsVisibility: isFirstPerson=true currentWeapon=knife _lastArmWeaponType=knife @ http://localhost:3001/entities/Player.js:811
[  191135ms] [LOG] [Player] updateFirstPersonArmsVisibility: isFirstPerson=true currentWeapon=knife _lastArmWeaponType=knife @ http://localhost:3001/entities/Player.js:811
[  191670ms] [LOG] [Player] updateFirstPersonArmsVisibility: isFirstPerson=true currentWeapon=knife _lastArmWeaponType=knife @ http://localhost:3001/entities/Player.js:811
[  191870ms] [LOG] [Player] updateFirstPersonArmsVisibility: isFirstPerson=true currentWeapon=knife _lastArmWeaponType=knife @ http://localhost:3001/entities/Player.js:811
[  192141ms] [LOG] [Player] updateFirstPersonArmsVisibility: isFirstPerson=true currentWeapon=knife _lastArmWeaponType=knife @ http://localhost:3001/entities/Player.js:811
[  192709ms] [LOG] [Player] updateFirstPersonArmsVisibility: isFirstPerson=true currentWeapon=knife _lastArmWeaponType=knife @ http://localhost:3001/entities/Player.js:811
[  192828ms] [LOG] [Player] updateFirstPersonArmsVisibility: isFirstPerson=true currentWeapon=knife _lastArmWeaponType=knife @ http://localhost:3001/entities/Player.js:811
[  192926ms] [LOG] [Player] updateFirstPersonArmsVisibility: isFirstPerson=true currentWeapon=knife _lastArmWeaponType=knife @ http://localhost:3001/entities/Player.js:811
[  193143ms] [LOG] [Player] updateFirstPersonArmsVisibility: isFirstPerson=true currentWeapon=knife _lastArmWeaponType=knife @ http://localhost:3001/entities/Player.js:811
[  193196ms] [LOG] [Player] updateFirstPersonArmsVisibility: isFirstPerson=true currentWeapon=knife _lastArmWeaponType=knife @ http://localhost:3001/entities/Player.js:811
[  193265ms] [LOG] [Player] updateFirstPersonArmsVisibility: isFirstPerson=true currentWeapon=knife _lastArmWeaponType=knife @ http://localhost:3001/entities/Player.js:811
[  193322ms] [LOG] [Player] updateFirstPersonArmsVisibility: isFirstPerson=true currentWeapon=knife _lastArmWeaponType=knife @ http://localhost:3001/entities/Player.js:811
[  193370ms] [LOG] [Player] updateFirstPersonArmsVisibility: isFirstPerson=true currentWeapon=knife _lastArmWeaponType=knife @ http://localhost:3001/entities/Player.js:811
[  193426ms] [LOG] [Player] updateFirstPersonArmsVisibility: isFirstPerson=true currentWeapon=knife _lastArmWeaponType=knife @ http://localhost:3001/entities/Player.js:811
[  193472ms] [LOG] [Player] updateFirstPersonArmsVisibility: isFirstPerson=true currentWeapon=knife _lastArmWeaponType=knife @ http://localhost:3001/entities/Player.js:811
[  193530ms] [LOG] [Player] updateFirstPersonArmsVisibility: isFirstPerson=true currentWeapon=knife _lastArmWeaponType=knife @ http://localhost:3001/entities/Player.js:811
[  193601ms] [LOG] [Player] updateFirstPersonArmsVisibility: isFirstPerson=true currentWeapon=knife _lastArmWeaponType=knife @ http://localhost:3001/entities/Player.js:811
[  193727ms] [LOG] [Player] updateFirstPersonArmsVisibility: isFirstPerson=true currentWeapon=knife _lastArmWeaponType=knife @ http://localhost:3001/entities/Player.js:811
[  193782ms] [LOG] [Player] updateFirstPersonArmsVisibility: isFirstPerson=true currentWeapon=knife _lastArmWeaponType=knife @ http://localhost:3001/entities/Player.js:811
[  193840ms] [LOG] [Player] updateFirstPersonArmsVisibility: isFirstPerson=true currentWeapon=knife _lastArmWeaponType=knife @ http://localhost:3001/entities/Player.js:811
[  193932ms] [LOG] [Player] updateFirstPersonArmsVisibility: isFirstPerson=true currentWeapon=knife _lastArmWeaponType=knife @ http://localhost:3001/entities/Player.js:811
[  194022ms] [LOG] [Player] updateFirstPersonArmsVisibility: isFirstPerson=true currentWeapon=knife _lastArmWeaponType=knife @ http://localhost:3001/entities/Player.js:811
[  194086ms] [LOG] [Player] updateFirstPersonArmsVisibility: isFirstPerson=true currentWeapon=knife _lastArmWeaponType=knife @ http://localhost:3001/entities/Player.js:811
[  194147ms] [LOG] [Player] updateFirstPersonArmsVisibility: isFirstPerson=true currentWeapon=knife _lastArmWeaponType=knife @ http://localhost:3001/entities/Player.js:811
[  194233ms] [LOG] [Player] updateFirstPersonArmsVisibility: isFirstPerson=true currentWeapon=knife _lastArmWeaponType=knife @ http://localhost:3001/entities/Player.js:811
[  194344ms] [LOG] [Player] updateFirstPersonArmsVisibility: isFirstPerson=true currentWeapon=knife _lastArmWeaponType=knife @ http://localhost:3001/entities/Player.js:811
[  194758ms] [LOG] [Player] updateFirstPersonArmsVisibility: isFirstPerson=true currentWeapon=knife _lastArmWeaponType=knife @ http://localhost:3001/entities/Player.js:811
[  194892ms] [LOG] [Player] updateFirstPersonArmsVisibility: isFirstPerson=true currentWeapon=knife _lastArmWeaponType=knife @ http://localhost:3001/entities/Player.js:811
[  195129ms] [LOG] [Player] updateFirstPersonArmsVisibility: isFirstPerson=true currentWeapon=knife _lastArmWeaponType=knife @ http://localhost:3001/entities/Player.js:811
[  195323ms] [LOG] [Player] updateFirstPersonArmsVisibility: isFirstPerson=true currentWeapon=knife _lastArmWeaponType=knife @ http://localhost:3001/entities/Player.js:811
[  196900ms] [LOG] [Player] updateFirstPersonArmsVisibility: isFirstPerson=true currentWeapon=knife _lastArmWeaponType=knife @ http://localhost:3001/entities/Player.js:811
[  197385ms] [LOG] [Player] updateFirstPersonArmsVisibility: isFirstPerson=true currentWeapon=knife _lastArmWeaponType=knife @ http://localhost:3001/entities/Player.js:811
[  197940ms] [LOG] [Player] updateFirstPersonArmsVisibility: isFirstPerson=true currentWeapon=knife _lastArmWeaponType=knife @ http://localhost:3001/entities/Player.js:811
[  198024ms] [LOG] [Player] updateFirstPersonArmsVisibility: isFirstPerson=true currentWeapon=knife _lastArmWeaponType=knife @ http://localhost:3001/entities/Player.js:811
[  198106ms] [LOG] [Player] updateFirstPersonArmsVisibility: isFirstPerson=true currentWeapon=knife _lastArmWeaponType=knife @ http://localhost:3001/entities/Player.js:811
[  198261ms] [LOG] [Player] updateFirstPersonArmsVisibility: isFirstPerson=true currentWeapon=knife _lastArmWeaponType=knife @ http://localhost:3001/entities/Player.js:811
[  198370ms] [LOG] [Player] updateFirstPersonArmsVisibility: isFirstPerson=true currentWeapon=knife _lastArmWeaponType=knife @ http://localhost:3001/entities/Player.js:811
[  198526ms] [LOG] [Player] updateFirstPersonArmsVisibility: isFirstPerson=true currentWeapon=knife _lastArmWeaponType=knife @ http://localhost:3001/entities/Player.js:811
[  198682ms] [LOG] [Player] updateFirstPersonArmsVisibility: isFirstPerson=true currentWeapon=knife _lastArmWeaponType=knife @ http://localhost:3001/entities/Player.js:811
[  198904ms] [LOG] [Player] updateFirstPersonArmsVisibility: isFirstPerson=true currentWeapon=knife _lastArmWeaponType=knife @ http://localhost:3001/entities/Player.js:811
[  199001ms] [LOG] [Player] updateFirstPersonArmsVisibility: isFirstPerson=true currentWeapon=knife _lastArmWeaponType=knife @ http://localhost:3001/entities/Player.js:811
[  199156ms] [LOG] [Player] updateFirstPersonArmsVisibility: isFirstPerson=true currentWeapon=knife _lastArmWeaponType=knife @ http://localhost:3001/entities/Player.js:811
[  199313ms] [LOG] [Player] updateFirstPersonArmsVisibility: isFirstPerson=true currentWeapon=knife _lastArmWeaponType=knife @ http://localhost:3001/entities/Player.js:811
[  199446ms] [LOG] [Player] updateFirstPersonArmsVisibility: isFirstPerson=true currentWeapon=knife _lastArmWeaponType=knife @ http://localhost:3001/entities/Player.js:811
[  199528ms] [LOG] [Player] updateFirstPersonArmsVisibility: isFirstPerson=true currentWeapon=knife _lastArmWeaponType=knife @ http://localhost:3001/entities/Player.js:811
[  199625ms] [LOG] [Player] updateFirstPersonArmsVisibility: isFirstPerson=true currentWeapon=knife _lastArmWeaponType=knife @ http://localhost:3001/entities/Player.js:811
[  199740ms] [LOG] [Player] updateFirstPersonArmsVisibility: isFirstPerson=true currentWeapon=knife _lastArmWeaponType=knife @ http://localhost:3001/entities/Player.js:811
[  199816ms] [LOG] [Player] updateFirstPersonArmsVisibility: isFirstPerson=true currentWeapon=knife _lastArmWeaponType=knife @ http://localhost:3001/entities/Player.js:811
[  199907ms] [LOG] [Player] updateFirstPersonArmsVisibility: isFirstPerson=true currentWeapon=knife _lastArmWeaponType=knife @ http://localhost:3001/entities/Player.js:811
[  200009ms] [LOG] [Player] updateFirstPersonArmsVisibility: isFirstPerson=true currentWeapon=knife _lastArmWeaponType=knife @ http://localhost:3001/entities/Player.js:811
[  200062ms] [LOG] [Player] updateFirstPersonArmsVisibility: isFirstPerson=true currentWeapon=knife _lastArmWeaponType=knife @ http://localhost:3001/entities/Player.js:811
[  200120ms] [LOG] [Player] updateFirstPersonArmsVisibility: isFirstPerson=true currentWeapon=knife _lastArmWeaponType=knife @ http://localhost:3001/entities/Player.js:811
[  200264ms] [LOG] [Player] updateFirstPersonArmsVisibility: isFirstPerson=true currentWeapon=knife _lastArmWeaponType=knife @ http://localhost:3001/entities/Player.js:811
[  200335ms] [LOG] [Player] updateFirstPersonArmsVisibility: isFirstPerson=true currentWeapon=knife _lastArmWeaponType=knife @ http://localhost:3001/entities/Player.js:811
[  200584ms] [LOG] [Player] updateFirstPersonArmsVisibility: isFirstPerson=true currentWeapon=knife _lastArmWeaponType=knife @ http://localhost:3001/entities/Player.js:811
[  200911ms] [LOG] [Player] updateFirstPersonArmsVisibility: isFirstPerson=true currentWeapon=knife _lastArmWeaponType=knife @ http://localhost:3001/entities/Player.js:811
[  201559ms] [LOG] [Player] updateFirstPersonArmsVisibility: isFirstPerson=true currentWeapon=knife _lastArmWeaponType=knife @ http://localhost:3001/entities/Player.js:811
[  202531ms] [LOG] [Player] updateFirstPersonArmsVisibility: isFirstPerson=true currentWeapon=knife _lastArmWeaponType=knife @ http://localhost:3001/entities/Player.js:811
[  202737ms] [LOG] [Player] updateFirstPersonArmsVisibility: isFirstPerson=true currentWeapon=knife _lastArmWeaponType=knife @ http://localhost:3001/entities/Player.js:811
[  202957ms] [LOG] [Player] updateFirstPersonArmsVisibility: isFirstPerson=true currentWeapon=knife _lastArmWeaponType=knife @ http://localhost:3001/entities/Player.js:811
[  203019ms] [LOG] [Player] updateFirstPersonArmsVisibility: isFirstPerson=true currentWeapon=knife _lastArmWeaponType=knife @ http://localhost:3001/entities/Player.js:811
[  203080ms] [LOG] [Player] updateFirstPersonArmsVisibility: isFirstPerson=true currentWeapon=knife _lastArmWeaponType=knife @ http://localhost:3001/entities/Player.js:811
[  203177ms] [LOG] [Player] updateFirstPersonArmsVisibility: isFirstPerson=true currentWeapon=knife _lastArmWeaponType=knife @ http://localhost:3001/entities/Player.js:811
[  203365ms] [LOG] [Player] updateFirstPersonArmsVisibility: isFirstPerson=true currentWeapon=knife _lastArmWeaponType=knife @ http://localhost:3001/entities/Player.js:811
[  203685ms] [LOG] [Player] updateFirstPersonArmsVisibility: isFirstPerson=true currentWeapon=knife _lastArmWeaponType=knife @ http://localhost:3001/entities/Player.js:811
[  204178ms] [LOG] [Player] updateFirstPersonArmsVisibility: isFirstPerson=true currentWeapon=knife _lastArmWeaponType=knife @ http://localhost:3001/entities/Player.js:811
[  204598ms] [LOG] [Player] updateFirstPersonArmsVisibility: isFirstPerson=true currentWeapon=knife _lastArmWeaponType=knife @ http://localhost:3001/entities/Player.js:811
[  204913ms] [LOG] [Player] updateFirstPersonArmsVisibility: isFirstPerson=true currentWeapon=knife _lastArmWeaponType=knife @ http://localhost:3001/entities/Player.js:811
[  205650ms] [LOG] [Player] updateFirstPersonArmsVisibility: isFirstPerson=true currentWeapon=knife _lastArmWeaponType=knife @ http://localhost:3001/entities/Player.js:811
[  205835ms] [LOG] [Player] updateFirstPersonArmsVisibility: isFirstPerson=true currentWeapon=knife _lastArmWeaponType=knife @ http://localhost:3001/entities/Player.js:811
[  206175ms] [LOG] [Player] updateFirstPersonArmsVisibility: isFirstPerson=true currentWeapon=knife _lastArmWeaponType=knife @ http://localhost:3001/entities/Player.js:811
[  206795ms] [LOG] [Player] updateFirstPersonArmsVisibility: isFirstPerson=true currentWeapon=knife _lastArmWeaponType=knife @ http://localhost:3001/entities/Player.js:811
[  207231ms] [LOG] [Player] updateFirstPersonArmsVisibility: isFirstPerson=true currentWeapon=knife _lastArmWeaponType=knife @ http://localhost:3001/entities/Player.js:811
[  207370ms] [LOG] [Player] updateFirstPersonArmsVisibility: isFirstPerson=true currentWeapon=knife _lastArmWeaponType=knife @ http://localhost:3001/entities/Player.js:811
[  207671ms] [LOG] [Player] updateFirstPersonArmsVisibility: isFirstPerson=true currentWeapon=knife _lastArmWeaponType=knife @ http://localhost:3001/entities/Player.js:811
[  207879ms] [LOG] [Player] updateFirstPersonArmsVisibility: isFirstPerson=true currentWeapon=knife _lastArmWeaponType=knife @ http://localhost:3001/entities/Player.js:811
[  208031ms] [LOG] [Player] updateFirstPersonArmsVisibility: isFirstPerson=true currentWeapon=knife _lastArmWeaponType=knife @ http://localhost:3001/entities/Player.js:811
[  208517ms] [LOG] [Player] updateFirstPersonArmsVisibility: isFirstPerson=true currentWeapon=knife _lastArmWeaponType=knife @ http://localhost:3001/entities/Player.js:811
[  209983ms] [LOG] [Player] updateFirstPersonArmsVisibility: isFirstPerson=true currentWeapon=knife _lastArmWeaponType=knife @ http://localhost:3001/entities/Player.js:811
[  221250ms] [LOG] [Player] updateFirstPersonArmsVisibility: isFirstPerson=true currentWeapon=knife _lastArmWeaponType=knife @ http://localhost:3001/entities/Player.js:811
[  228317ms] [LOG] [Player] updateFirstPersonArmsVisibility: isFirstPerson=true currentWeapon=knife _lastArmWeaponType=knife @ http://localhost:3001/entities/Player.js:811
[  234678ms] [LOG] [Player] updateFirstPersonArmsVisibility: isFirstPerson=true currentWeapon=knife _lastArmWeaponType=knife @ http://localhost:3001/entities/Player.js:811
[  235489ms] [LOG] [Player] updateFirstPersonArmsVisibility: isFirstPerson=true currentWeapon=knife _lastArmWeaponType=knife @ http://localhost:3001/entities/Player.js:811
[  236017ms] [LOG] [Player] updateFirstPersonArmsVisibility: isFirstPerson=true currentWeapon=knife _lastArmWeaponType=knife @ http://localhost:3001/entities/Player.js:811
[  236136ms] [LOG] [Player] updateFirstPersonArmsVisibility: isFirstPerson=true currentWeapon=knife _lastArmWeaponType=knife @ http://localhost:3001/entities/Player.js:811
[  246546ms] [LOG] [Player] updateFirstPersonArmsVisibility: isFirstPerson=true currentWeapon=knife _lastArmWeaponType=knife @ http://localhost:3001/entities/Player.js:811
[  247163ms] [LOG] [Player] updateFirstPersonArmsVisibility: isFirstPerson=true currentWeapon=knife _lastArmWeaponType=knife @ http://localhost:3001/entities/Player.js:811
[  249011ms] [LOG] [Player] updateFirstPersonArmsVisibility: isFirstPerson=true currentWeapon=knife _lastArmWeaponType=knife @ http://localhost:3001/entities/Player.js:811
[  249191ms] [LOG] [Player] updateFirstPersonArmsVisibility: isFirstPerson=true currentWeapon=knife _lastArmWeaponType=knife @ http://localhost:3001/entities/Player.js:811
[  249314ms] [LOG] [Player] updateFirstPersonArmsVisibility: isFirstPerson=true currentWeapon=knife _lastArmWeaponType=knife @ http://localhost:3001/entities/Player.js:811
[  250710ms] [LOG] [Player] updateFirstPersonArmsVisibility: isFirstPerson=true currentWeapon=knife _lastArmWeaponType=knife @ http://localhost:3001/entities/Player.js:811
[  250878ms] [LOG] [Player] updateFirstPersonArmsVisibility: isFirstPerson=true currentWeapon=knife _lastArmWeaponType=knife @ http://localhost:3001/entities/Player.js:811
[  251064ms] [LOG] [Player] updateFirstPersonArmsVisibility: isFirstPerson=true currentWeapon=knife _lastArmWeaponType=knife @ http://localhost:3001/entities/Player.js:811
[  251551ms] [LOG] [Player] updateFirstPersonArmsVisibility: isFirstPerson=true currentWeapon=knife _lastArmWeaponType=knife @ http://localhost:3001/entities/Player.js:811
[  251727ms] [LOG] [Player] updateFirstPersonArmsVisibility: isFirstPerson=true currentWeapon=knife _lastArmWeaponType=knife @ http://localhost:3001/entities/Player.js:811
[  251842ms] [LOG] [Player] updateFirstPersonArmsVisibility: isFirstPerson=true currentWeapon=knife _lastArmWeaponType=knife @ http://localhost:3001/entities/Player.js:811
[  253218ms] [LOG] [Player] updateFirstPersonArmsVisibility: isFirstPerson=true currentWeapon=knife _lastArmWeaponType=knife @ http://localhost:3001/entities/Player.js:811
[  253270ms] [LOG] [Player] updateFirstPersonArmsVisibility: isFirstPerson=true currentWeapon=knife _lastArmWeaponType=knife @ http://localhost:3001/entities/Player.js:811
[  253300ms] [LOG] [Player] updateFirstPersonArmsVisibility: isFirstPerson=true currentWeapon=knife _lastArmWeaponType=knife @ http://localhost:3001/entities/Player.js:811
[  253342ms] [LOG] [Player] updateFirstPersonArmsVisibility: isFirstPerson=true currentWeapon=knife _lastArmWeaponType=knife @ http://localhost:3001/entities/Player.js:811
[  253369ms] [LOG] [Player] updateFirstPersonArmsVisibility: isFirstPerson=true currentWeapon=knife _lastArmWeaponType=knife @ http://localhost:3001/entities/Player.js:811
[  253390ms] [LOG] [Player] updateFirstPersonArmsVisibility: isFirstPerson=true currentWeapon=knife _lastArmWeaponType=knife @ http://localhost:3001/entities/Player.js:811
[  253410ms] [LOG] [Player] updateFirstPersonArmsVisibility: isFirstPerson=true currentWeapon=knife _lastArmWeaponType=knife @ http://localhost:3001/entities/Player.js:811
[  253459ms] [LOG] [Player] updateFirstPersonArmsVisibility: isFirstPerson=true currentWeapon=knife _lastArmWeaponType=knife @ http://localhost:3001/entities/Player.js:811
[  253487ms] [LOG] [Player] updateFirstPersonArmsVisibility: isFirstPerson=true currentWeapon=knife _lastArmWeaponType=knife @ http://localhost:3001/entities/Player.js:811
[  253508ms] [LOG] [Player] updateFirstPersonArmsVisibility: isFirstPerson=true currentWeapon=knife _lastArmWeaponType=knife @ http://localhost:3001/entities/Player.js:811
[  253535ms] [LOG] [Player] updateFirstPersonArmsVisibility: isFirstPerson=true currentWeapon=knife _lastArmWeaponType=knife @ http://localhost:3001/entities/Player.js:811
[  253557ms] [LOG] [Player] updateFirstPersonArmsVisibility: isFirstPerson=true currentWeapon=knife _lastArmWeaponType=knife @ http://localhost:3001/entities/Player.js:811
[  253584ms] [LOG] [Player] updateFirstPersonArmsVisibility: isFirstPerson=true currentWeapon=knife _lastArmWeaponType=knife @ http://localhost:3001/entities/Player.js:811
[  253605ms] [LOG] [Player] updateFirstPersonArmsVisibility: isFirstPerson=true currentWeapon=knife _lastArmWeaponType=knife @ http://localhost:3001/entities/Player.js:811
[  253625ms] [LOG] [Player] updateFirstPersonArmsVisibility: isFirstPerson=true currentWeapon=knife _lastArmWeaponType=knife @ http://localhost:3001/entities/Player.js:811
[  253653ms] [LOG] [Player] updateFirstPersonArmsVisibility: isFirstPerson=true currentWeapon=knife _lastArmWeaponType=knife @ http://localhost:3001/entities/Player.js:811
[  253681ms] [LOG] [Player] updateFirstPersonArmsVisibility: isFirstPerson=true currentWeapon=knife _lastArmWeaponType=knife @ http://localhost:3001/entities/Player.js:811
[  253706ms] [LOG] [Player] updateFirstPersonArmsVisibility: isFirstPerson=true currentWeapon=knife _lastArmWeaponType=knife @ http://localhost:3001/entities/Player.js:811
[  253731ms] [LOG] [Player] updateFirstPersonArmsVisibility: isFirstPerson=true currentWeapon=knife _lastArmWeaponType=knife @ http://localhost:3001/entities/Player.js:811
[  253753ms] [LOG] [Player] updateFirstPersonArmsVisibility: isFirstPerson=true currentWeapon=knife _lastArmWeaponType=knife @ http://localhost:3001/entities/Player.js:811
[  253778ms] [LOG] [Player] updateFirstPersonArmsVisibility: isFirstPerson=true currentWeapon=knife _lastArmWeaponType=knife @ http://localhost:3001/entities/Player.js:811
[  253796ms] [LOG] [Player] updateFirstPersonArmsVisibility: isFirstPerson=true currentWeapon=knife _lastArmWeaponType=knife @ http://localhost:3001/entities/Player.js:811
[  253809ms] [LOG] [Player] updateFirstPersonArmsVisibility: isFirstPerson=true currentWeapon=knife _lastArmWeaponType=knife @ http://localhost:3001/entities/Player.js:811
[  253834ms] [LOG] [Player] updateFirstPersonArmsVisibility: isFirstPerson=true currentWeapon=knife _lastArmWeaponType=knife @ http://localhost:3001/entities/Player.js:811
[  253852ms] [LOG] [Player] updateFirstPersonArmsVisibility: isFirstPerson=true currentWeapon=knife _lastArmWeaponType=knife @ http://localhost:3001/entities/Player.js:811
