[     326ms] [LOG] [initGame] START, isMobile: false @ http://localhost:3001/main.js?v=1785343510015:289
[     326ms] [LOG] [initGame] creating scene... @ http://localhost:3001/main.js?v=1785343510015:292
[     327ms] [LOG] [initGame] scene created: true @ http://localhost:3001/main.js?v=1785343510015:294
[     510ms] [LOG] [NodePad] Pad 0: pos=(46.00, 0.00) data=(46.00, 0.00) @ http://localhost:3001/world/MapGeneratorNode.js?v=1783108959290:369
[     512ms] [LOG] [NodePad] Pad 1: pos=(45.91, -2.89) data=(45.91, -2.89) @ http://localhost:3001/world/MapGeneratorNode.js?v=1783108959290:369
[     524ms] [LOG] [MapGenSync] Synced 100 pads from node, first=(46.0, 0.0) second=(45.9, -2.9) @ http://localhost:3001/world/MapGenerator.js:637
[     762ms] [LOG] [MapGenerator] Before filter: 100 pads, first: (46.0, 0.0) @ http://localhost:3001/world/MapGenerator.js:5169
[     763ms] [LOG] [MapGenerator] After filter: 100 pads, first: (46.0, 0.0) second: (45.9, -2.9) @ http://localhost:3001/world/MapGenerator.js:5205
[     773ms] [LOG] [InstancedMesh] Collected 1757 candidate meshes @ http://localhost:3001/world/InstancedMeshSystem.js:24
[     773ms] [LOG] [InstancedMesh] Skipped: noMapGen=0, culled=0, aniInt=276, noGeoKey=0, matKey=0 @ http://localhost:3001/world/InstancedMeshSystem.js:25
[     818ms] [LOG] [InstancedMesh] Groups: 505, Replaced: 1409, Skipped(<2): 348 @ http://localhost:3001/world/InstancedMeshSystem.js:104
[     818ms] [LOG] [MapGenerator] InstancedMesh: 1409 meshes merged into 157 InstancedMesh (total before: 1005, after: 944) @ http://localhost:3001/world/MapGenerator.js:178
[     867ms] [LOG] [LootManager] generateChestsAsync: floorTiles=100, spots=40, chestCount=120 @ http://localhost:3001/items/LootManager.js:257
[    1635ms] [LOG] [Player] selectSlot: slot=0 weapon=knife mesh=exists this.mesh=exists socket=exists @ http://localhost:3001/entities/Player.js:838
[    1636ms] [LOG] [Player] selectSlot: attached weapon knife to socket, mesh.visible=true @ http://localhost:3001/entities/Player.js:851
[    1636ms] [LOG] [Player] updateViewWeapon: currentWeapon=knife fists=fists fpArmsVisible=false @ http://localhost:3001/entities/Player.js:1211
[    1636ms] [LOG] [Player] animateViewModelWeapon ENTER type=knife @ http://localhost:3001/entities/Player.js:1138
[    2339ms] [LOG] [Player] Weapon created: type=knife mesh=exists @ http://localhost:3001/entities/Player.js:1164
[    2340ms] [LOG] [Player] updateFirstPersonArmsVisibility: isFirstPerson=true currentWeapon=knife _lastArmWeaponType=null @ http://localhost:3001/entities/Player.js:811
[    2340ms] [LOG] [Player] updateFirstPersonArmsVisibility: setting showArms=false weaponType=knife @ http://localhost:3001/entities/Player.js:824
[    2340ms] [LOG] [Player] updateViewWeapon: currentWeapon=knife fists=fists fpArmsVisible=true @ http://localhost:3001/entities/Player.js:1211
[    2341ms] [LOG] [SpawnDebug] Total pads=100 BotPads=99 First=(46.0, 0.0) Second=(45.9, -2.9) Last=(45.9, 2.9) @ http://localhost:3001/main.js?v=1785343510015:621
[    2341ms] [LOG] [SpawnDebug] Bot 0: pad=(45.91, -2.89) spawn=(45.91, -2.89) distFromCenter=46.00 @ http://localhost:3001/main.js?v=1785343510015:633
[    3091ms] [LOG] [SpawnDebug] Bot 1: pad=(45.64, -5.77) spawn=(45.64, -5.77) distFromCenter=46.00 @ http://localhost:3001/main.js?v=1785343510015:633
[    3811ms] [LOG] [SpawnDebug] Bot 2: pad=(45.19, -8.62) spawn=(45.19, -8.62) distFromCenter=46.00 @ http://localhost:3001/main.js?v=1785343510015:633
[   65885ms] [LOG] [initGame] done: true true true @ http://localhost:3001/main.js?v=1785343510015:570
[   65960ms] [LOG] [LootManager] floorTiles path: created 40 chests @ http://localhost:3001/items/LootManager.js:299
[   65961ms] [LOG] [LootManager] random fallback path, chestCount=120 @ http://localhost:3001/items/LootManager.js:308
[   66032ms] [LOG] [Player] updateFirstPersonArmsVisibility: isFirstPerson=true currentWeapon=knife _lastArmWeaponType=knife @ http://localhost:3001/entities/Player.js:811
[   68537ms] [LOG] [Player] updateFirstPersonArmsVisibility: isFirstPerson=true currentWeapon=knife _lastArmWeaponType=knife @ http://localhost:3001/entities/Player.js:811
[   69594ms] [LOG] [Player] updateFirstPersonArmsVisibility: isFirstPerson=true currentWeapon=knife _lastArmWeaponType=knife @ http://localhost:3001/entities/Player.js:811
[   71693ms] [LOG] [LootManager] random fallback: created 120 chests @ http://localhost:3001/items/LootManager.js:336
[   71695ms] [LOG] [LootManager] Generated 120 chests @ http://localhost:3001/items/LootManager.js:44
[   71705ms] [LOG] [Player] updateFirstPersonArmsVisibility: isFirstPerson=true currentWeapon=knife _lastArmWeaponType=knife @ http://localhost:3001/entities/Player.js:811
[   72266ms] [LOG] [Player] updateFirstPersonArmsVisibility: isFirstPerson=true currentWeapon=knife _lastArmWeaponType=knife @ http://localhost:3001/entities/Player.js:811
[   72655ms] [LOG] [Player] updateFirstPersonArmsVisibility: isFirstPerson=true currentWeapon=knife _lastArmWeaponType=knife @ http://localhost:3001/entities/Player.js:811
[   72899ms] [LOG] [Player] updateFirstPersonArmsVisibility: isFirstPerson=true currentWeapon=knife _lastArmWeaponType=knife @ http://localhost:3001/entities/Player.js:811
[   73106ms] [LOG] [Player] updateFirstPersonArmsVisibility: isFirstPerson=true currentWeapon=knife _lastArmWeaponType=knife @ http://localhost:3001/entities/Player.js:811
[   73232ms] [LOG] [Player] updateFirstPersonArmsVisibility: isFirstPerson=true currentWeapon=knife _lastArmWeaponType=knife @ http://localhost:3001/entities/Player.js:811
[   73483ms] [LOG] [Player] updateFirstPersonArmsVisibility: isFirstPerson=true currentWeapon=knife _lastArmWeaponType=knife @ http://localhost:3001/entities/Player.js:811
[   73904ms] [LOG] [Player] updateFirstPersonArmsVisibility: isFirstPerson=true currentWeapon=knife _lastArmWeaponType=knife @ http://localhost:3001/entities/Player.js:811
[   74177ms] [LOG] [Player] updateFirstPersonArmsVisibility: isFirstPerson=true currentWeapon=knife _lastArmWeaponType=knife @ http://localhost:3001/entities/Player.js:811
[   74314ms] [LOG] [Player] updateFirstPersonArmsVisibility: isFirstPerson=true currentWeapon=knife _lastArmWeaponType=knife @ http://localhost:3001/entities/Player.js:811
[   74447ms] [LOG] [Player] updateFirstPersonArmsVisibility: isFirstPerson=true currentWeapon=knife _lastArmWeaponType=knife @ http://localhost:3001/entities/Player.js:811
[   74579ms] [LOG] [Player] updateFirstPersonArmsVisibility: isFirstPerson=true currentWeapon=knife _lastArmWeaponType=knife @ http://localhost:3001/entities/Player.js:811
[   74689ms] [LOG] [Player] updateFirstPersonArmsVisibility: isFirstPerson=true currentWeapon=knife _lastArmWeaponType=knife @ http://localhost:3001/entities/Player.js:811
[   74753ms] [LOG] [Player] updateFirstPersonArmsVisibility: isFirstPerson=true currentWeapon=knife _lastArmWeaponType=knife @ http://localhost:3001/entities/Player.js:811
[   74863ms] [LOG] [Player] updateFirstPersonArmsVisibility: isFirstPerson=true currentWeapon=knife _lastArmWeaponType=knife @ http://localhost:3001/entities/Player.js:811
[   74975ms] [LOG] [Player] updateFirstPersonArmsVisibility: isFirstPerson=true currentWeapon=knife _lastArmWeaponType=knife @ http://localhost:3001/entities/Player.js:811
[   75119ms] [LOG] [Player] updateFirstPersonArmsVisibility: isFirstPerson=true currentWeapon=knife _lastArmWeaponType=knife @ http://localhost:3001/entities/Player.js:811
[   75196ms] [LOG] [Player] updateFirstPersonArmsVisibility: isFirstPerson=true currentWeapon=knife _lastArmWeaponType=knife @ http://localhost:3001/entities/Player.js:811
[   75328ms] [LOG] [Player] updateFirstPersonArmsVisibility: isFirstPerson=true currentWeapon=knife _lastArmWeaponType=knife @ http://localhost:3001/entities/Player.js:811
[   75419ms] [LOG] [Player] updateFirstPersonArmsVisibility: isFirstPerson=true currentWeapon=knife _lastArmWeaponType=knife @ http://localhost:3001/entities/Player.js:811
[   75522ms] [LOG] [Player] updateFirstPersonArmsVisibility: isFirstPerson=true currentWeapon=knife _lastArmWeaponType=knife @ http://localhost:3001/entities/Player.js:811
[   75634ms] [LOG] [Player] updateFirstPersonArmsVisibility: isFirstPerson=true currentWeapon=knife _lastArmWeaponType=knife @ http://localhost:3001/entities/Player.js:811
[   75699ms] [LOG] [Player] updateFirstPersonArmsVisibility: isFirstPerson=true currentWeapon=knife _lastArmWeaponType=knife @ http://localhost:3001/entities/Player.js:811
[   75774ms] [LOG] [Player] updateFirstPersonArmsVisibility: isFirstPerson=true currentWeapon=knife _lastArmWeaponType=knife @ http://localhost:3001/entities/Player.js:811
[   75850ms] [LOG] [Player] updateFirstPersonArmsVisibility: isFirstPerson=true currentWeapon=knife _lastArmWeaponType=knife @ http://localhost:3001/entities/Player.js:811
[   75938ms] [LOG] [Player] updateFirstPersonArmsVisibility: isFirstPerson=true currentWeapon=knife _lastArmWeaponType=knife @ http://localhost:3001/entities/Player.js:811
[   75994ms] [LOG] [Player] updateFirstPersonArmsVisibility: isFirstPerson=true currentWeapon=knife _lastArmWeaponType=knife @ http://localhost:3001/entities/Player.js:811
[   76032ms] [LOG] [Player] updateFirstPersonArmsVisibility: isFirstPerson=true currentWeapon=knife _lastArmWeaponType=knife @ http://localhost:3001/entities/Player.js:811
[   76135ms] [LOG] [Player] updateFirstPersonArmsVisibility: isFirstPerson=true currentWeapon=knife _lastArmWeaponType=knife @ http://localhost:3001/entities/Player.js:811
[   76209ms] [LOG] [Player] updateFirstPersonArmsVisibility: isFirstPerson=true currentWeapon=knife _lastArmWeaponType=knife @ http://localhost:3001/entities/Player.js:811
[   76251ms] [LOG] [Player] updateFirstPersonArmsVisibility: isFirstPerson=true currentWeapon=knife _lastArmWeaponType=knife @ http://localhost:3001/entities/Player.js:811
[   76309ms] [LOG] [Player] updateFirstPersonArmsVisibility: isFirstPerson=true currentWeapon=knife _lastArmWeaponType=knife @ http://localhost:3001/entities/Player.js:811
[   76375ms] [LOG] [Player] updateFirstPersonArmsVisibility: isFirstPerson=true currentWeapon=knife _lastArmWeaponType=knife @ http://localhost:3001/entities/Player.js:811
[   76462ms] [LOG] [Player] updateFirstPersonArmsVisibility: isFirstPerson=true currentWeapon=knife _lastArmWeaponType=knife @ http://localhost:3001/entities/Player.js:811
[   76524ms] [LOG] [Player] updateFirstPersonArmsVisibility: isFirstPerson=true currentWeapon=knife _lastArmWeaponType=knife @ http://localhost:3001/entities/Player.js:811
[   76593ms] [LOG] [Player] updateFirstPersonArmsVisibility: isFirstPerson=true currentWeapon=knife _lastArmWeaponType=knife @ http://localhost:3001/entities/Player.js:811
[   76743ms] [LOG] [Player] updateFirstPersonArmsVisibility: isFirstPerson=true currentWeapon=knife _lastArmWeaponType=knife @ http://localhost:3001/entities/Player.js:811
[   76827ms] [LOG] [Player] updateFirstPersonArmsVisibility: isFirstPerson=true currentWeapon=knife _lastArmWeaponType=knife @ http://localhost:3001/entities/Player.js:811
[   76895ms] [LOG] [Player] updateFirstPersonArmsVisibility: isFirstPerson=true currentWeapon=knife _lastArmWeaponType=knife @ http://localhost:3001/entities/Player.js:811
[   76972ms] [LOG] [Player] updateFirstPersonArmsVisibility: isFirstPerson=true currentWeapon=knife _lastArmWeaponType=knife @ http://localhost:3001/entities/Player.js:811
[   77043ms] [LOG] [Player] updateFirstPersonArmsVisibility: isFirstPerson=true currentWeapon=knife _lastArmWeaponType=knife @ http://localhost:3001/entities/Player.js:811
[   77096ms] [LOG] [Player] updateFirstPersonArmsVisibility: isFirstPerson=true currentWeapon=knife _lastArmWeaponType=knife @ http://localhost:3001/entities/Player.js:811
[   77149ms] [LOG] [Player] updateFirstPersonArmsVisibility: isFirstPerson=true currentWeapon=knife _lastArmWeaponType=knife @ http://localhost:3001/entities/Player.js:811
[   77239ms] [LOG] [Player] updateFirstPersonArmsVisibility: isFirstPerson=true currentWeapon=knife _lastArmWeaponType=knife @ http://localhost:3001/entities/Player.js:811
[   77333ms] [LOG] [Player] updateFirstPersonArmsVisibility: isFirstPerson=true currentWeapon=knife _lastArmWeaponType=knife @ http://localhost:3001/entities/Player.js:811
[   77423ms] [LOG] [Player] updateFirstPersonArmsVisibility: isFirstPerson=true currentWeapon=knife _lastArmWeaponType=knife @ http://localhost:3001/entities/Player.js:811
[   77479ms] [LOG] [Player] updateFirstPersonArmsVisibility: isFirstPerson=true currentWeapon=knife _lastArmWeaponType=knife @ http://localhost:3001/entities/Player.js:811
[   77531ms] [LOG] [Player] updateFirstPersonArmsVisibility: isFirstPerson=true currentWeapon=knife _lastArmWeaponType=knife @ http://localhost:3001/entities/Player.js:811
[   77587ms] [LOG] [Player] updateFirstPersonArmsVisibility: isFirstPerson=true currentWeapon=knife _lastArmWeaponType=knife @ http://localhost:3001/entities/Player.js:811
[   77641ms] [LOG] [Player] updateFirstPersonArmsVisibility: isFirstPerson=true currentWeapon=knife _lastArmWeaponType=knife @ http://localhost:3001/entities/Player.js:811
[   77795ms] [LOG] [Player] updateFirstPersonArmsVisibility: isFirstPerson=true currentWeapon=knife _lastArmWeaponType=knife @ http://localhost:3001/entities/Player.js:811
[   77932ms] [LOG] [Player] updateFirstPersonArmsVisibility: isFirstPerson=true currentWeapon=knife _lastArmWeaponType=knife @ http://localhost:3001/entities/Player.js:811
[   78018ms] [LOG] [Player] updateFirstPersonArmsVisibility: isFirstPerson=true currentWeapon=knife _lastArmWeaponType=knife @ http://localhost:3001/entities/Player.js:811
[   78087ms] [LOG] [Player] updateFirstPersonArmsVisibility: isFirstPerson=true currentWeapon=knife _lastArmWeaponType=knife @ http://localhost:3001/entities/Player.js:811
[   78212ms] [LOG] [Player] updateFirstPersonArmsVisibility: isFirstPerson=true currentWeapon=knife _lastArmWeaponType=knife @ http://localhost:3001/entities/Player.js:811
[   78398ms] [LOG] [Player] updateFirstPersonArmsVisibility: isFirstPerson=true currentWeapon=knife _lastArmWeaponType=knife @ http://localhost:3001/entities/Player.js:811
[   78551ms] [LOG] [Player] updateFirstPersonArmsVisibility: isFirstPerson=true currentWeapon=knife _lastArmWeaponType=knife @ http://localhost:3001/entities/Player.js:811
[   78676ms] [LOG] [Player] updateFirstPersonArmsVisibility: isFirstPerson=true currentWeapon=knife _lastArmWeaponType=knife @ http://localhost:3001/entities/Player.js:811
[   78830ms] [LOG] [Player] updateFirstPersonArmsVisibility: isFirstPerson=true currentWeapon=knife _lastArmWeaponType=knife @ http://localhost:3001/entities/Player.js:811
[   79148ms] [LOG] [Player] updateFirstPersonArmsVisibility: isFirstPerson=true currentWeapon=knife _lastArmWeaponType=knife @ http://localhost:3001/entities/Player.js:811
[   79305ms] [LOG] [Player] updateFirstPersonArmsVisibility: isFirstPerson=true currentWeapon=knife _lastArmWeaponType=knife @ http://localhost:3001/entities/Player.js:811
[   79445ms] [LOG] [Player] updateFirstPersonArmsVisibility: isFirstPerson=true currentWeapon=knife _lastArmWeaponType=knife @ http://localhost:3001/entities/Player.js:811
[   79572ms] [LOG] [Player] updateFirstPersonArmsVisibility: isFirstPerson=true currentWeapon=knife _lastArmWeaponType=knife @ http://localhost:3001/entities/Player.js:811
[   79704ms] [LOG] [Player] updateFirstPersonArmsVisibility: isFirstPerson=true currentWeapon=knife _lastArmWeaponType=knife @ http://localhost:3001/entities/Player.js:811
[   79882ms] [LOG] [Player] updateFirstPersonArmsVisibility: isFirstPerson=true currentWeapon=knife _lastArmWeaponType=knife @ http://localhost:3001/entities/Player.js:811
[   79945ms] [LOG] [Player] updateFirstPersonArmsVisibility: isFirstPerson=true currentWeapon=knife _lastArmWeaponType=knife @ http://localhost:3001/entities/Player.js:811
[   80044ms] [LOG] [Player] updateFirstPersonArmsVisibility: isFirstPerson=true currentWeapon=knife _lastArmWeaponType=knife @ http://localhost:3001/entities/Player.js:811
[   80136ms] [LOG] [Player] updateFirstPersonArmsVisibility: isFirstPerson=true currentWeapon=knife _lastArmWeaponType=knife @ http://localhost:3001/entities/Player.js:811
[   80190ms] [LOG] [Player] updateFirstPersonArmsVisibility: isFirstPerson=true currentWeapon=knife _lastArmWeaponType=knife @ http://localhost:3001/entities/Player.js:811
[   80254ms] [LOG] [Player] updateFirstPersonArmsVisibility: isFirstPerson=true currentWeapon=knife _lastArmWeaponType=knife @ http://localhost:3001/entities/Player.js:811
[   80302ms] [LOG] [Player] updateFirstPersonArmsVisibility: isFirstPerson=true currentWeapon=knife _lastArmWeaponType=knife @ http://localhost:3001/entities/Player.js:811
[   80350ms] [LOG] [Player] updateFirstPersonArmsVisibility: isFirstPerson=true currentWeapon=knife _lastArmWeaponType=knife @ http://localhost:3001/entities/Player.js:811
[   80447ms] [LOG] [Player] updateFirstPersonArmsVisibility: isFirstPerson=true currentWeapon=knife _lastArmWeaponType=knife @ http://localhost:3001/entities/Player.js:811
[   80514ms] [LOG] [Player] updateFirstPersonArmsVisibility: isFirstPerson=true currentWeapon=knife _lastArmWeaponType=knife @ http://localhost:3001/entities/Player.js:811
[   80599ms] [LOG] [Player] updateFirstPersonArmsVisibility: isFirstPerson=true currentWeapon=knife _lastArmWeaponType=knife @ http://localhost:3001/entities/Player.js:811
[   80681ms] [LOG] [Player] updateFirstPersonArmsVisibility: isFirstPerson=true currentWeapon=knife _lastArmWeaponType=knife @ http://localhost:3001/entities/Player.js:811
[   80757ms] [LOG] [Player] updateFirstPersonArmsVisibility: isFirstPerson=true currentWeapon=knife _lastArmWeaponType=knife @ http://localhost:3001/entities/Player.js:811
[   80844ms] [LOG] [Player] updateFirstPersonArmsVisibility: isFirstPerson=true currentWeapon=knife _lastArmWeaponType=knife @ http://localhost:3001/entities/Player.js:811
[   80912ms] [LOG] [Player] updateFirstPersonArmsVisibility: isFirstPerson=true currentWeapon=knife _lastArmWeaponType=knife @ http://localhost:3001/entities/Player.js:811
[   81182ms] [LOG] [Player] updateFirstPersonArmsVisibility: isFirstPerson=true currentWeapon=knife _lastArmWeaponType=knife @ http://localhost:3001/entities/Player.js:811
[   81269ms] [LOG] [Player] updateFirstPersonArmsVisibility: isFirstPerson=true currentWeapon=knife _lastArmWeaponType=knife @ http://localhost:3001/entities/Player.js:811
[   81572ms] [LOG] [Player] updateFirstPersonArmsVisibility: isFirstPerson=true currentWeapon=knife _lastArmWeaponType=knife @ http://localhost:3001/entities/Player.js:811
[   81883ms] [LOG] [Player] updateFirstPersonArmsVisibility: isFirstPerson=true currentWeapon=knife _lastArmWeaponType=knife @ http://localhost:3001/entities/Player.js:811
[   82427ms] [LOG] [Player] updateFirstPersonArmsVisibility: isFirstPerson=true currentWeapon=knife _lastArmWeaponType=knife @ http://localhost:3001/entities/Player.js:811
[   83676ms] [LOG] [Player] updateFirstPersonArmsVisibility: isFirstPerson=true currentWeapon=knife _lastArmWeaponType=knife @ http://localhost:3001/entities/Player.js:811
[   83780ms] [LOG] [Player] updateFirstPersonArmsVisibility: isFirstPerson=true currentWeapon=knife _lastArmWeaponType=knife @ http://localhost:3001/entities/Player.js:811
[   83913ms] [LOG] [Player] updateFirstPersonArmsVisibility: isFirstPerson=true currentWeapon=knife _lastArmWeaponType=knife @ http://localhost:3001/entities/Player.js:811
[   84018ms] [LOG] [Player] updateFirstPersonArmsVisibility: isFirstPerson=true currentWeapon=knife _lastArmWeaponType=knife @ http://localhost:3001/entities/Player.js:811
[   84133ms] [LOG] [Player] updateFirstPersonArmsVisibility: isFirstPerson=true currentWeapon=knife _lastArmWeaponType=knife @ http://localhost:3001/entities/Player.js:811
[   84204ms] [LOG] [Player] updateFirstPersonArmsVisibility: isFirstPerson=true currentWeapon=knife _lastArmWeaponType=knife @ http://localhost:3001/entities/Player.js:811
[   84300ms] [LOG] [Player] updateFirstPersonArmsVisibility: isFirstPerson=true currentWeapon=knife _lastArmWeaponType=knife @ http://localhost:3001/entities/Player.js:811
[   84399ms] [LOG] [Player] updateFirstPersonArmsVisibility: isFirstPerson=true currentWeapon=knife _lastArmWeaponType=knife @ http://localhost:3001/entities/Player.js:811
[   84459ms] [LOG] [Player] updateFirstPersonArmsVisibility: isFirstPerson=true currentWeapon=knife _lastArmWeaponType=knife @ http://localhost:3001/entities/Player.js:811
[   84550ms] [LOG] [Player] updateFirstPersonArmsVisibility: isFirstPerson=true currentWeapon=knife _lastArmWeaponType=knife @ http://localhost:3001/entities/Player.js:811
[   84583ms] [LOG] [Player] updateFirstPersonArmsVisibility: isFirstPerson=true currentWeapon=knife _lastArmWeaponType=knife @ http://localhost:3001/entities/Player.js:811
[   84702ms] [LOG] [Player] updateFirstPersonArmsVisibility: isFirstPerson=true currentWeapon=knife _lastArmWeaponType=knife @ http://localhost:3001/entities/Player.js:811
[   84810ms] [LOG] [Player] updateFirstPersonArmsVisibility: isFirstPerson=true currentWeapon=knife _lastArmWeaponType=knife @ http://localhost:3001/entities/Player.js:811
[   84903ms] [LOG] [Player] updateFirstPersonArmsVisibility: isFirstPerson=true currentWeapon=knife _lastArmWeaponType=knife @ http://localhost:3001/entities/Player.js:811
[   84971ms] [LOG] [Player] updateFirstPersonArmsVisibility: isFirstPerson=true currentWeapon=knife _lastArmWeaponType=knife @ http://localhost:3001/entities/Player.js:811
[   85008ms] [LOG] [Player] updateFirstPersonArmsVisibility: isFirstPerson=true currentWeapon=knife _lastArmWeaponType=knife @ http://localhost:3001/entities/Player.js:811
[   85079ms] [LOG] [Player] updateFirstPersonArmsVisibility: isFirstPerson=true currentWeapon=knife _lastArmWeaponType=knife @ http://localhost:3001/entities/Player.js:811
[   85152ms] [LOG] [Player] updateFirstPersonArmsVisibility: isFirstPerson=true currentWeapon=knife _lastArmWeaponType=knife @ http://localhost:3001/entities/Player.js:811
[   85207ms] [LOG] [Player] updateFirstPersonArmsVisibility: isFirstPerson=true currentWeapon=knife _lastArmWeaponType=knife @ http://localhost:3001/entities/Player.js:811
[   85271ms] [LOG] [Player] updateFirstPersonArmsVisibility: isFirstPerson=true currentWeapon=knife _lastArmWeaponType=knife @ http://localhost:3001/entities/Player.js:811
[   85356ms] [LOG] [Player] updateFirstPersonArmsVisibility: isFirstPerson=true currentWeapon=knife _lastArmWeaponType=knife @ http://localhost:3001/entities/Player.js:811
[   85431ms] [LOG] [Player] updateFirstPersonArmsVisibility: isFirstPerson=true currentWeapon=knife _lastArmWeaponType=knife @ http://localhost:3001/entities/Player.js:811
[   85514ms] [LOG] [Player] updateFirstPersonArmsVisibility: isFirstPerson=true currentWeapon=knife _lastArmWeaponType=knife @ http://localhost:3001/entities/Player.js:811
[   85611ms] [LOG] [Player] updateFirstPersonArmsVisibility: isFirstPerson=true currentWeapon=knife _lastArmWeaponType=knife @ http://localhost:3001/entities/Player.js:811
[   85708ms] [LOG] [Player] updateFirstPersonArmsVisibility: isFirstPerson=true currentWeapon=knife _lastArmWeaponType=knife @ http://localhost:3001/entities/Player.js:811
[   85828ms] [LOG] [Player] updateFirstPersonArmsVisibility: isFirstPerson=true currentWeapon=knife _lastArmWeaponType=knife @ http://localhost:3001/entities/Player.js:811
[   85910ms] [LOG] [Player] updateFirstPersonArmsVisibility: isFirstPerson=true currentWeapon=knife _lastArmWeaponType=knife @ http://localhost:3001/entities/Player.js:811
[   85961ms] [LOG] [Player] updateFirstPersonArmsVisibility: isFirstPerson=true currentWeapon=knife _lastArmWeaponType=knife @ http://localhost:3001/entities/Player.js:811
[   86002ms] [LOG] [Player] updateFirstPersonArmsVisibility: isFirstPerson=true currentWeapon=knife _lastArmWeaponType=knife @ http://localhost:3001/entities/Player.js:811
[   86051ms] [LOG] [Player] updateFirstPersonArmsVisibility: isFirstPerson=true currentWeapon=knife _lastArmWeaponType=knife @ http://localhost:3001/entities/Player.js:811
[   86108ms] [LOG] [Player] updateFirstPersonArmsVisibility: isFirstPerson=true currentWeapon=knife _lastArmWeaponType=knife @ http://localhost:3001/entities/Player.js:811
[   86154ms] [LOG] [Player] updateFirstPersonArmsVisibility: isFirstPerson=true currentWeapon=knife _lastArmWeaponType=knife @ http://localhost:3001/entities/Player.js:811
[   86212ms] [LOG] [Player] updateFirstPersonArmsVisibility: isFirstPerson=true currentWeapon=knife _lastArmWeaponType=knife @ http://localhost:3001/entities/Player.js:811
[   86273ms] [LOG] [Player] updateFirstPersonArmsVisibility: isFirstPerson=true currentWeapon=knife _lastArmWeaponType=knife @ http://localhost:3001/entities/Player.js:811
[   86343ms] [LOG] [Player] updateFirstPersonArmsVisibility: isFirstPerson=true currentWeapon=knife _lastArmWeaponType=knife @ http://localhost:3001/entities/Player.js:811
[   86411ms] [LOG] [Player] updateFirstPersonArmsVisibility: isFirstPerson=true currentWeapon=knife _lastArmWeaponType=knife @ http://localhost:3001/entities/Player.js:811
[   86488ms] [LOG] [Player] updateFirstPersonArmsVisibility: isFirstPerson=true currentWeapon=knife _lastArmWeaponType=knife @ http://localhost:3001/entities/Player.js:811
[   86550ms] [LOG] [Player] updateFirstPersonArmsVisibility: isFirstPerson=true currentWeapon=knife _lastArmWeaponType=knife @ http://localhost:3001/entities/Player.js:811
[   86606ms] [LOG] [Player] updateFirstPersonArmsVisibility: isFirstPerson=true currentWeapon=knife _lastArmWeaponType=knife @ http://localhost:3001/entities/Player.js:811
[   86669ms] [LOG] [Player] updateFirstPersonArmsVisibility: isFirstPerson=true currentWeapon=knife _lastArmWeaponType=knife @ http://localhost:3001/entities/Player.js:811
[   86717ms] [LOG] [Player] updateFirstPersonArmsVisibility: isFirstPerson=true currentWeapon=knife _lastArmWeaponType=knife @ http://localhost:3001/entities/Player.js:811
[   86781ms] [LOG] [Player] updateFirstPersonArmsVisibility: isFirstPerson=true currentWeapon=knife _lastArmWeaponType=knife @ http://localhost:3001/entities/Player.js:811
[   86843ms] [LOG] [Player] updateFirstPersonArmsVisibility: isFirstPerson=true currentWeapon=knife _lastArmWeaponType=knife @ http://localhost:3001/entities/Player.js:811
[   86912ms] [LOG] [Player] updateFirstPersonArmsVisibility: isFirstPerson=true currentWeapon=knife _lastArmWeaponType=knife @ http://localhost:3001/entities/Player.js:811
[   86967ms] [LOG] [Player] updateFirstPersonArmsVisibility: isFirstPerson=true currentWeapon=knife _lastArmWeaponType=knife @ http://localhost:3001/entities/Player.js:811
[   87052ms] [LOG] [Player] updateFirstPersonArmsVisibility: isFirstPerson=true currentWeapon=knife _lastArmWeaponType=knife @ http://localhost:3001/entities/Player.js:811
[   87187ms] [LOG] [Player] updateFirstPersonArmsVisibility: isFirstPerson=true currentWeapon=knife _lastArmWeaponType=knife @ http://localhost:3001/entities/Player.js:811
[   87247ms] [LOG] [Player] updateFirstPersonArmsVisibility: isFirstPerson=true currentWeapon=knife _lastArmWeaponType=knife @ http://localhost:3001/entities/Player.js:811
[   87287ms] [LOG] [Player] updateFirstPersonArmsVisibility: isFirstPerson=true currentWeapon=knife _lastArmWeaponType=knife @ http://localhost:3001/entities/Player.js:811
[   87342ms] [LOG] [Player] updateFirstPersonArmsVisibility: isFirstPerson=true currentWeapon=knife _lastArmWeaponType=knife @ http://localhost:3001/entities/Player.js:811
[   87384ms] [LOG] [Player] updateFirstPersonArmsVisibility: isFirstPerson=true currentWeapon=knife _lastArmWeaponType=knife @ http://localhost:3001/entities/Player.js:811
[   87537ms] [LOG] [Player] updateFirstPersonArmsVisibility: isFirstPerson=true currentWeapon=knife _lastArmWeaponType=knife @ http://localhost:3001/entities/Player.js:811
[   87590ms] [LOG] [Player] updateFirstPersonArmsVisibility: isFirstPerson=true currentWeapon=knife _lastArmWeaponType=knife @ http://localhost:3001/entities/Player.js:811
[   87631ms] [LOG] [Player] updateFirstPersonArmsVisibility: isFirstPerson=true currentWeapon=knife _lastArmWeaponType=knife @ http://localhost:3001/entities/Player.js:811
[   87690ms] [LOG] [Player] updateFirstPersonArmsVisibility: isFirstPerson=true currentWeapon=knife _lastArmWeaponType=knife @ http://localhost:3001/entities/Player.js:811
[   87751ms] [LOG] [Player] updateFirstPersonArmsVisibility: isFirstPerson=true currentWeapon=knife _lastArmWeaponType=knife @ http://localhost:3001/entities/Player.js:811
[   87806ms] [LOG] [Player] updateFirstPersonArmsVisibility: isFirstPerson=true currentWeapon=knife _lastArmWeaponType=knife @ http://localhost:3001/entities/Player.js:811
[   87848ms] [LOG] [Player] updateFirstPersonArmsVisibility: isFirstPerson=true currentWeapon=knife _lastArmWeaponType=knife @ http://localhost:3001/entities/Player.js:811
[   87919ms] [LOG] [Player] updateFirstPersonArmsVisibility: isFirstPerson=true currentWeapon=knife _lastArmWeaponType=knife @ http://localhost:3001/entities/Player.js:811
[   87995ms] [LOG] [Player] updateFirstPersonArmsVisibility: isFirstPerson=true currentWeapon=knife _lastArmWeaponType=knife @ http://localhost:3001/entities/Player.js:811
[   88127ms] [LOG] [Player] updateFirstPersonArmsVisibility: isFirstPerson=true currentWeapon=knife _lastArmWeaponType=knife @ http://localhost:3001/entities/Player.js:811
[   88169ms] [LOG] [Player] updateFirstPersonArmsVisibility: isFirstPerson=true currentWeapon=knife _lastArmWeaponType=knife @ http://localhost:3001/entities/Player.js:811
[   88223ms] [LOG] [Player] updateFirstPersonArmsVisibility: isFirstPerson=true currentWeapon=knife _lastArmWeaponType=knife @ http://localhost:3001/entities/Player.js:811
[   88285ms] [LOG] [Player] updateFirstPersonArmsVisibility: isFirstPerson=true currentWeapon=knife _lastArmWeaponType=knife @ http://localhost:3001/entities/Player.js:811
[   88379ms] [LOG] [Player] updateFirstPersonArmsVisibility: isFirstPerson=true currentWeapon=knife _lastArmWeaponType=knife @ http://localhost:3001/entities/Player.js:811
[   88417ms] [LOG] [Player] updateFirstPersonArmsVisibility: isFirstPerson=true currentWeapon=knife _lastArmWeaponType=knife @ http://localhost:3001/entities/Player.js:811
[   88446ms] [LOG] [Player] updateFirstPersonArmsVisibility: isFirstPerson=true currentWeapon=knife _lastArmWeaponType=knife @ http://localhost:3001/entities/Player.js:811
[   88513ms] [LOG] [Player] updateFirstPersonArmsVisibility: isFirstPerson=true currentWeapon=knife _lastArmWeaponType=knife @ http://localhost:3001/entities/Player.js:811
[   88579ms] [LOG] [Player] updateFirstPersonArmsVisibility: isFirstPerson=true currentWeapon=knife _lastArmWeaponType=knife @ http://localhost:3001/entities/Player.js:811
[   88710ms] [LOG] [Player] updateFirstPersonArmsVisibility: isFirstPerson=true currentWeapon=knife _lastArmWeaponType=knife @ http://localhost:3001/entities/Player.js:811
[   88911ms] [LOG] [Player] updateFirstPersonArmsVisibility: isFirstPerson=true currentWeapon=knife _lastArmWeaponType=knife @ http://localhost:3001/entities/Player.js:811
[   88995ms] [LOG] [Player] updateFirstPersonArmsVisibility: isFirstPerson=true currentWeapon=knife _lastArmWeaponType=knife @ http://localhost:3001/entities/Player.js:811
[   89085ms] [LOG] [Player] updateFirstPersonArmsVisibility: isFirstPerson=true currentWeapon=knife _lastArmWeaponType=knife @ http://localhost:3001/entities/Player.js:811
[   89125ms] [LOG] [Player] updateFirstPersonArmsVisibility: isFirstPerson=true currentWeapon=knife _lastArmWeaponType=knife @ http://localhost:3001/entities/Player.js:811
[   89224ms] [LOG] [Player] updateFirstPersonArmsVisibility: isFirstPerson=true currentWeapon=knife _lastArmWeaponType=knife @ http://localhost:3001/entities/Player.js:811
[   89273ms] [LOG] [Player] updateFirstPersonArmsVisibility: isFirstPerson=true currentWeapon=knife _lastArmWeaponType=knife @ http://localhost:3001/entities/Player.js:811
[   89341ms] [LOG] [Player] updateFirstPersonArmsVisibility: isFirstPerson=true currentWeapon=knife _lastArmWeaponType=knife @ http://localhost:3001/entities/Player.js:811
[   89407ms] [LOG] [Player] updateFirstPersonArmsVisibility: isFirstPerson=true currentWeapon=knife _lastArmWeaponType=knife @ http://localhost:3001/entities/Player.js:811
[   89473ms] [LOG] [Player] updateFirstPersonArmsVisibility: isFirstPerson=true currentWeapon=knife _lastArmWeaponType=knife @ http://localhost:3001/entities/Player.js:811
[   89521ms] [LOG] [Player] updateFirstPersonArmsVisibility: isFirstPerson=true currentWeapon=knife _lastArmWeaponType=knife @ http://localhost:3001/entities/Player.js:811
[   89584ms] [LOG] [Player] updateFirstPersonArmsVisibility: isFirstPerson=true currentWeapon=knife _lastArmWeaponType=knife @ http://localhost:3001/entities/Player.js:811
[   89662ms] [LOG] [Player] updateFirstPersonArmsVisibility: isFirstPerson=true currentWeapon=knife _lastArmWeaponType=knife @ http://localhost:3001/entities/Player.js:811
[   89780ms] [LOG] [Player] updateFirstPersonArmsVisibility: isFirstPerson=true currentWeapon=knife _lastArmWeaponType=knife @ http://localhost:3001/entities/Player.js:811
[   89842ms] [LOG] [Player] updateFirstPersonArmsVisibility: isFirstPerson=true currentWeapon=knife _lastArmWeaponType=knife @ http://localhost:3001/entities/Player.js:811
[   89891ms] [LOG] [Player] updateFirstPersonArmsVisibility: isFirstPerson=true currentWeapon=knife _lastArmWeaponType=knife @ http://localhost:3001/entities/Player.js:811
[   89952ms] [LOG] [Player] updateFirstPersonArmsVisibility: isFirstPerson=true currentWeapon=knife _lastArmWeaponType=knife @ http://localhost:3001/entities/Player.js:811
[   90002ms] [LOG] [Player] updateFirstPersonArmsVisibility: isFirstPerson=true currentWeapon=knife _lastArmWeaponType=knife @ http://localhost:3001/entities/Player.js:811
[   90079ms] [LOG] [Player] updateFirstPersonArmsVisibility: isFirstPerson=true currentWeapon=knife _lastArmWeaponType=knife @ http://localhost:3001/entities/Player.js:811
[   90159ms] [LOG] [Player] updateFirstPersonArmsVisibility: isFirstPerson=true currentWeapon=knife _lastArmWeaponType=knife @ http://localhost:3001/entities/Player.js:811
[   90281ms] [LOG] [Player] updateFirstPersonArmsVisibility: isFirstPerson=true currentWeapon=knife _lastArmWeaponType=knife @ http://localhost:3001/entities/Player.js:811
[   90490ms] [LOG] [Player] updateFirstPersonArmsVisibility: isFirstPerson=true currentWeapon=knife _lastArmWeaponType=knife @ http://localhost:3001/entities/Player.js:811
[   90614ms] [LOG] [Player] updateFirstPersonArmsVisibility: isFirstPerson=true currentWeapon=knife _lastArmWeaponType=knife @ http://localhost:3001/entities/Player.js:811
[   90754ms] [LOG] [Player] updateFirstPersonArmsVisibility: isFirstPerson=true currentWeapon=knife _lastArmWeaponType=knife @ http://localhost:3001/entities/Player.js:811
[   90906ms] [LOG] [Player] updateFirstPersonArmsVisibility: isFirstPerson=true currentWeapon=knife _lastArmWeaponType=knife @ http://localhost:3001/entities/Player.js:811
[   91045ms] [LOG] [Player] updateFirstPersonArmsVisibility: isFirstPerson=true currentWeapon=knife _lastArmWeaponType=knife @ http://localhost:3001/entities/Player.js:811
[   91183ms] [LOG] [Player] updateFirstPersonArmsVisibility: isFirstPerson=true currentWeapon=knife _lastArmWeaponType=knife @ http://localhost:3001/entities/Player.js:811
[   91301ms] [LOG] [Player] updateFirstPersonArmsVisibility: isFirstPerson=true currentWeapon=knife _lastArmWeaponType=knife @ http://localhost:3001/entities/Player.js:811
[   91411ms] [LOG] [Player] updateFirstPersonArmsVisibility: isFirstPerson=true currentWeapon=knife _lastArmWeaponType=knife @ http://localhost:3001/entities/Player.js:811
[   91539ms] [LOG] [Player] updateFirstPersonArmsVisibility: isFirstPerson=true currentWeapon=knife _lastArmWeaponType=knife @ http://localhost:3001/entities/Player.js:811
[   91718ms] [LOG] [Player] updateFirstPersonArmsVisibility: isFirstPerson=true currentWeapon=knife _lastArmWeaponType=knife @ http://localhost:3001/entities/Player.js:811
[   91799ms] [LOG] [Player] updateFirstPersonArmsVisibility: isFirstPerson=true currentWeapon=knife _lastArmWeaponType=knife @ http://localhost:3001/entities/Player.js:811
[   91868ms] [LOG] [Player] updateFirstPersonArmsVisibility: isFirstPerson=true currentWeapon=knife _lastArmWeaponType=knife @ http://localhost:3001/entities/Player.js:811
[   91979ms] [LOG] [Player] updateFirstPersonArmsVisibility: isFirstPerson=true currentWeapon=knife _lastArmWeaponType=knife @ http://localhost:3001/entities/Player.js:811
[   92023ms] [LOG] [Player] updateFirstPersonArmsVisibility: isFirstPerson=true currentWeapon=knife _lastArmWeaponType=knife @ http://localhost:3001/entities/Player.js:811
[   92064ms] [LOG] [Player] updateFirstPersonArmsVisibility: isFirstPerson=true currentWeapon=knife _lastArmWeaponType=knife @ http://localhost:3001/entities/Player.js:811
[   92113ms] [LOG] [Player] updateFirstPersonArmsVisibility: isFirstPerson=true currentWeapon=knife _lastArmWeaponType=knife @ http://localhost:3001/entities/Player.js:811
[   92167ms] [LOG] [Player] updateFirstPersonArmsVisibility: isFirstPerson=true currentWeapon=knife _lastArmWeaponType=knife @ http://localhost:3001/entities/Player.js:811
[   92224ms] [LOG] [Player] updateFirstPersonArmsVisibility: isFirstPerson=true currentWeapon=knife _lastArmWeaponType=knife @ http://localhost:3001/entities/Player.js:811
[   92268ms] [LOG] [Player] updateFirstPersonArmsVisibility: isFirstPerson=true currentWeapon=knife _lastArmWeaponType=knife @ http://localhost:3001/entities/Player.js:811
[   92321ms] [LOG] [Player] updateFirstPersonArmsVisibility: isFirstPerson=true currentWeapon=knife _lastArmWeaponType=knife @ http://localhost:3001/entities/Player.js:811
[   92403ms] [LOG] [Player] updateFirstPersonArmsVisibility: isFirstPerson=true currentWeapon=knife _lastArmWeaponType=knife @ http://localhost:3001/entities/Player.js:811
[   92458ms] [LOG] [Player] updateFirstPersonArmsVisibility: isFirstPerson=true currentWeapon=knife _lastArmWeaponType=knife @ http://localhost:3001/entities/Player.js:811
[   92612ms] [LOG] [Player] updateFirstPersonArmsVisibility: isFirstPerson=true currentWeapon=knife _lastArmWeaponType=knife @ http://localhost:3001/entities/Player.js:811
[   92684ms] [LOG] [Player] updateFirstPersonArmsVisibility: isFirstPerson=true currentWeapon=knife _lastArmWeaponType=knife @ http://localhost:3001/entities/Player.js:811
[   92744ms] [LOG] [Player] updateFirstPersonArmsVisibility: isFirstPerson=true currentWeapon=knife _lastArmWeaponType=knife @ http://localhost:3001/entities/Player.js:811
[   92816ms] [LOG] [Player] updateFirstPersonArmsVisibility: isFirstPerson=true currentWeapon=knife _lastArmWeaponType=knife @ http://localhost:3001/entities/Player.js:811
[   92863ms] [LOG] [Player] updateFirstPersonArmsVisibility: isFirstPerson=true currentWeapon=knife _lastArmWeaponType=knife @ http://localhost:3001/entities/Player.js:811
[   92933ms] [LOG] [Player] updateFirstPersonArmsVisibility: isFirstPerson=true currentWeapon=knife _lastArmWeaponType=knife @ http://localhost:3001/entities/Player.js:811
[   93009ms] [LOG] [Player] updateFirstPersonArmsVisibility: isFirstPerson=true currentWeapon=knife _lastArmWeaponType=knife @ http://localhost:3001/entities/Player.js:811
[   93093ms] [LOG] [Player] updateFirstPersonArmsVisibility: isFirstPerson=true currentWeapon=knife _lastArmWeaponType=knife @ http://localhost:3001/entities/Player.js:811
[   93161ms] [LOG] [Player] updateFirstPersonArmsVisibility: isFirstPerson=true currentWeapon=knife _lastArmWeaponType=knife @ http://localhost:3001/entities/Player.js:811
[   93224ms] [LOG] [Player] updateFirstPersonArmsVisibility: isFirstPerson=true currentWeapon=knife _lastArmWeaponType=knife @ http://localhost:3001/entities/Player.js:811
[   93293ms] [LOG] [Player] updateFirstPersonArmsVisibility: isFirstPerson=true currentWeapon=knife _lastArmWeaponType=knife @ http://localhost:3001/entities/Player.js:811
[   93355ms] [LOG] [Player] updateFirstPersonArmsVisibility: isFirstPerson=true currentWeapon=knife _lastArmWeaponType=knife @ http://localhost:3001/entities/Player.js:811
[   93393ms] [LOG] [Player] updateFirstPersonArmsVisibility: isFirstPerson=true currentWeapon=knife _lastArmWeaponType=knife @ http://localhost:3001/entities/Player.js:811
[   93469ms] [LOG] [Player] updateFirstPersonArmsVisibility: isFirstPerson=true currentWeapon=knife _lastArmWeaponType=knife @ http://localhost:3001/entities/Player.js:811
[   93523ms] [LOG] [Player] updateFirstPersonArmsVisibility: isFirstPerson=true currentWeapon=knife _lastArmWeaponType=knife @ http://localhost:3001/entities/Player.js:811
[   93593ms] [LOG] [Player] updateFirstPersonArmsVisibility: isFirstPerson=true currentWeapon=knife _lastArmWeaponType=knife @ http://localhost:3001/entities/Player.js:811
[   93668ms] [LOG] [Player] updateFirstPersonArmsVisibility: isFirstPerson=true currentWeapon=knife _lastArmWeaponType=knife @ http://localhost:3001/entities/Player.js:811
[   93698ms] [LOG] [Player] updateFirstPersonArmsVisibility: isFirstPerson=true currentWeapon=knife _lastArmWeaponType=knife @ http://localhost:3001/entities/Player.js:811
[   93752ms] [LOG] [Player] updateFirstPersonArmsVisibility: isFirstPerson=true currentWeapon=knife _lastArmWeaponType=knife @ http://localhost:3001/entities/Player.js:811
[   93789ms] [LOG] [Player] updateFirstPersonArmsVisibility: isFirstPerson=true currentWeapon=knife _lastArmWeaponType=knife @ http://localhost:3001/entities/Player.js:811
[   93900ms] [LOG] [Player] updateFirstPersonArmsVisibility: isFirstPerson=true currentWeapon=knife _lastArmWeaponType=knife @ http://localhost:3001/entities/Player.js:811
[   94481ms] [LOG] [Player] updateFirstPersonArmsVisibility: isFirstPerson=true currentWeapon=knife _lastArmWeaponType=knife @ http://localhost:3001/entities/Player.js:811
[   96148ms] [LOG] [Player] updateFirstPersonArmsVisibility: isFirstPerson=true currentWeapon=knife _lastArmWeaponType=knife @ http://localhost:3001/entities/Player.js:811
[   96225ms] [LOG] [Player] updateFirstPersonArmsVisibility: isFirstPerson=true currentWeapon=knife _lastArmWeaponType=knife @ http://localhost:3001/entities/Player.js:811
[   96364ms] [LOG] [Player] updateFirstPersonArmsVisibility: isFirstPerson=true currentWeapon=knife _lastArmWeaponType=knife @ http://localhost:3001/entities/Player.js:811
[   96459ms] [LOG] [Player] updateFirstPersonArmsVisibility: isFirstPerson=true currentWeapon=knife _lastArmWeaponType=knife @ http://localhost:3001/entities/Player.js:811
[   96545ms] [LOG] [Player] updateFirstPersonArmsVisibility: isFirstPerson=true currentWeapon=knife _lastArmWeaponType=knife @ http://localhost:3001/entities/Player.js:811
[   96598ms] [LOG] [Player] updateFirstPersonArmsVisibility: isFirstPerson=true currentWeapon=knife _lastArmWeaponType=knife @ http://localhost:3001/entities/Player.js:811
[   96654ms] [LOG] [Player] updateFirstPersonArmsVisibility: isFirstPerson=true currentWeapon=knife _lastArmWeaponType=knife @ http://localhost:3001/entities/Player.js:811
[   96726ms] [LOG] [Player] updateFirstPersonArmsVisibility: isFirstPerson=true currentWeapon=knife _lastArmWeaponType=knife @ http://localhost:3001/entities/Player.js:811
[   96805ms] [LOG] [Player] updateFirstPersonArmsVisibility: isFirstPerson=true currentWeapon=knife _lastArmWeaponType=knife @ http://localhost:3001/entities/Player.js:811
[   96863ms] [LOG] [Player] updateFirstPersonArmsVisibility: isFirstPerson=true currentWeapon=knife _lastArmWeaponType=knife @ http://localhost:3001/entities/Player.js:811
[   96927ms] [LOG] [Player] updateFirstPersonArmsVisibility: isFirstPerson=true currentWeapon=knife _lastArmWeaponType=knife @ http://localhost:3001/entities/Player.js:811
[   96961ms] [LOG] [Player] updateFirstPersonArmsVisibility: isFirstPerson=true currentWeapon=knife _lastArmWeaponType=knife @ http://localhost:3001/entities/Player.js:811
[   97025ms] [LOG] [Player] updateFirstPersonArmsVisibility: isFirstPerson=true currentWeapon=knife _lastArmWeaponType=knife @ http://localhost:3001/entities/Player.js:811
[   97090ms] [LOG] [Player] updateFirstPersonArmsVisibility: isFirstPerson=true currentWeapon=knife _lastArmWeaponType=knife @ http://localhost:3001/entities/Player.js:811
[   97164ms] [LOG] [Player] updateFirstPersonArmsVisibility: isFirstPerson=true currentWeapon=knife _lastArmWeaponType=knife @ http://localhost:3001/entities/Player.js:811
[   97225ms] [LOG] [Player] updateFirstPersonArmsVisibility: isFirstPerson=true currentWeapon=knife _lastArmWeaponType=knife @ http://localhost:3001/entities/Player.js:811
[   97273ms] [LOG] [Player] updateFirstPersonArmsVisibility: isFirstPerson=true currentWeapon=knife _lastArmWeaponType=knife @ http://localhost:3001/entities/Player.js:811
[   97368ms] [LOG] [Player] updateFirstPersonArmsVisibility: isFirstPerson=true currentWeapon=knife _lastArmWeaponType=knife @ http://localhost:3001/entities/Player.js:811
[   97449ms] [LOG] [Player] updateFirstPersonArmsVisibility: isFirstPerson=true currentWeapon=knife _lastArmWeaponType=knife @ http://localhost:3001/entities/Player.js:811
[   97500ms] [LOG] [Player] updateFirstPersonArmsVisibility: isFirstPerson=true currentWeapon=knife _lastArmWeaponType=knife @ http://localhost:3001/entities/Player.js:811
[   97590ms] [LOG] [Player] updateFirstPersonArmsVisibility: isFirstPerson=true currentWeapon=knife _lastArmWeaponType=knife @ http://localhost:3001/entities/Player.js:811
[   97724ms] [LOG] [Player] updateFirstPersonArmsVisibility: isFirstPerson=true currentWeapon=knife _lastArmWeaponType=knife @ http://localhost:3001/entities/Player.js:811
[   97803ms] [LOG] [Player] updateFirstPersonArmsVisibility: isFirstPerson=true currentWeapon=knife _lastArmWeaponType=knife @ http://localhost:3001/entities/Player.js:811
[   97897ms] [LOG] [Player] updateFirstPersonArmsVisibility: isFirstPerson=true currentWeapon=knife _lastArmWeaponType=knife @ http://localhost:3001/entities/Player.js:811
[   97976ms] [LOG] [Player] updateFirstPersonArmsVisibility: isFirstPerson=true currentWeapon=knife _lastArmWeaponType=knife @ http://localhost:3001/entities/Player.js:811
[   98017ms] [LOG] [Player] updateFirstPersonArmsVisibility: isFirstPerson=true currentWeapon=knife _lastArmWeaponType=knife @ http://localhost:3001/entities/Player.js:811
[   98072ms] [LOG] [Player] updateFirstPersonArmsVisibility: isFirstPerson=true currentWeapon=knife _lastArmWeaponType=knife @ http://localhost:3001/entities/Player.js:811
[   98121ms] [LOG] [Player] updateFirstPersonArmsVisibility: isFirstPerson=true currentWeapon=knife _lastArmWeaponType=knife @ http://localhost:3001/entities/Player.js:811
[   98175ms] [LOG] [Player] updateFirstPersonArmsVisibility: isFirstPerson=true currentWeapon=knife _lastArmWeaponType=knife @ http://localhost:3001/entities/Player.js:811
[   98231ms] [LOG] [Player] updateFirstPersonArmsVisibility: isFirstPerson=true currentWeapon=knife _lastArmWeaponType=knife @ http://localhost:3001/entities/Player.js:811
[   98320ms] [LOG] [Player] updateFirstPersonArmsVisibility: isFirstPerson=true currentWeapon=knife _lastArmWeaponType=knife @ http://localhost:3001/entities/Player.js:811
[   98378ms] [LOG] [Player] updateFirstPersonArmsVisibility: isFirstPerson=true currentWeapon=knife _lastArmWeaponType=knife @ http://localhost:3001/entities/Player.js:811
[   98432ms] [LOG] [Player] updateFirstPersonArmsVisibility: isFirstPerson=true currentWeapon=knife _lastArmWeaponType=knife @ http://localhost:3001/entities/Player.js:811
[   98479ms] [LOG] [Player] updateFirstPersonArmsVisibility: isFirstPerson=true currentWeapon=knife _lastArmWeaponType=knife @ http://localhost:3001/entities/Player.js:811
[   98536ms] [LOG] [Player] updateFirstPersonArmsVisibility: isFirstPerson=true currentWeapon=knife _lastArmWeaponType=knife @ http://localhost:3001/entities/Player.js:811
[   98588ms] [LOG] [Player] updateFirstPersonArmsVisibility: isFirstPerson=true currentWeapon=knife _lastArmWeaponType=knife @ http://localhost:3001/entities/Player.js:811
[   98667ms] [LOG] [Player] updateFirstPersonArmsVisibility: isFirstPerson=true currentWeapon=knife _lastArmWeaponType=knife @ http://localhost:3001/entities/Player.js:811
[   98716ms] [LOG] [Player] updateFirstPersonArmsVisibility: isFirstPerson=true currentWeapon=knife _lastArmWeaponType=knife @ http://localhost:3001/entities/Player.js:811
[   98955ms] [LOG] [Player] updateFirstPersonArmsVisibility: isFirstPerson=true currentWeapon=knife _lastArmWeaponType=knife @ http://localhost:3001/entities/Player.js:811
[   99003ms] [LOG] [Player] updateFirstPersonArmsVisibility: isFirstPerson=true currentWeapon=knife _lastArmWeaponType=knife @ http://localhost:3001/entities/Player.js:811
[   99049ms] [LOG] [Player] updateFirstPersonArmsVisibility: isFirstPerson=true currentWeapon=knife _lastArmWeaponType=knife @ http://localhost:3001/entities/Player.js:811
[   99113ms] [LOG] [Player] updateFirstPersonArmsVisibility: isFirstPerson=true currentWeapon=knife _lastArmWeaponType=knife @ http://localhost:3001/entities/Player.js:811
[   99169ms] [LOG] [Player] updateFirstPersonArmsVisibility: isFirstPerson=true currentWeapon=knife _lastArmWeaponType=knife @ http://localhost:3001/entities/Player.js:811
[   99209ms] [LOG] [Player] updateFirstPersonArmsVisibility: isFirstPerson=true currentWeapon=knife _lastArmWeaponType=knife @ http://localhost:3001/entities/Player.js:811
[   99253ms] [LOG] [Player] updateFirstPersonArmsVisibility: isFirstPerson=true currentWeapon=knife _lastArmWeaponType=knife @ http://localhost:3001/entities/Player.js:811
[   99294ms] [LOG] [Player] updateFirstPersonArmsVisibility: isFirstPerson=true currentWeapon=knife _lastArmWeaponType=knife @ http://localhost:3001/entities/Player.js:811
[   99356ms] [LOG] [Player] updateFirstPersonArmsVisibility: isFirstPerson=true currentWeapon=knife _lastArmWeaponType=knife @ http://localhost:3001/entities/Player.js:811
[   99482ms] [LOG] [Player] updateFirstPersonArmsVisibility: isFirstPerson=true currentWeapon=knife _lastArmWeaponType=knife @ http://localhost:3001/entities/Player.js:811
[   99570ms] [LOG] [Player] updateFirstPersonArmsVisibility: isFirstPerson=true currentWeapon=knife _lastArmWeaponType=knife @ http://localhost:3001/entities/Player.js:811
[   99654ms] [LOG] [Player] updateFirstPersonArmsVisibility: isFirstPerson=true currentWeapon=knife _lastArmWeaponType=knife @ http://localhost:3001/entities/Player.js:811
[   99871ms] [LOG] [Player] updateFirstPersonArmsVisibility: isFirstPerson=true currentWeapon=knife _lastArmWeaponType=knife @ http://localhost:3001/entities/Player.js:811
[   99931ms] [LOG] [Player] updateFirstPersonArmsVisibility: isFirstPerson=true currentWeapon=knife _lastArmWeaponType=knife @ http://localhost:3001/entities/Player.js:811
[  100072ms] [LOG] [Player] updateFirstPersonArmsVisibility: isFirstPerson=true currentWeapon=knife _lastArmWeaponType=knife @ http://localhost:3001/entities/Player.js:811
[  100132ms] [LOG] [Player] updateFirstPersonArmsVisibility: isFirstPerson=true currentWeapon=knife _lastArmWeaponType=knife @ http://localhost:3001/entities/Player.js:811
[  100191ms] [LOG] [Player] updateFirstPersonArmsVisibility: isFirstPerson=true currentWeapon=knife _lastArmWeaponType=knife @ http://localhost:3001/entities/Player.js:811
[  100273ms] [LOG] [Player] updateFirstPersonArmsVisibility: isFirstPerson=true currentWeapon=knife _lastArmWeaponType=knife @ http://localhost:3001/entities/Player.js:811
[  100333ms] [LOG] [Player] updateFirstPersonArmsVisibility: isFirstPerson=true currentWeapon=knife _lastArmWeaponType=knife @ http://localhost:3001/entities/Player.js:811
[  100389ms] [LOG] [Player] updateFirstPersonArmsVisibility: isFirstPerson=true currentWeapon=knife _lastArmWeaponType=knife @ http://localhost:3001/entities/Player.js:811
[  100449ms] [LOG] [Player] updateFirstPersonArmsVisibility: isFirstPerson=true currentWeapon=knife _lastArmWeaponType=knife @ http://localhost:3001/entities/Player.js:811
[  100494ms] [LOG] [Player] updateFirstPersonArmsVisibility: isFirstPerson=true currentWeapon=knife _lastArmWeaponType=knife @ http://localhost:3001/entities/Player.js:811
[  100577ms] [LOG] [Player] updateFirstPersonArmsVisibility: isFirstPerson=true currentWeapon=knife _lastArmWeaponType=knife @ http://localhost:3001/entities/Player.js:811
[  100623ms] [LOG] [Player] updateFirstPersonArmsVisibility: isFirstPerson=true currentWeapon=knife _lastArmWeaponType=knife @ http://localhost:3001/entities/Player.js:811
[  100689ms] [LOG] [Player] updateFirstPersonArmsVisibility: isFirstPerson=true currentWeapon=knife _lastArmWeaponType=knife @ http://localhost:3001/entities/Player.js:811
[  100739ms] [LOG] [Player] updateFirstPersonArmsVisibility: isFirstPerson=true currentWeapon=knife _lastArmWeaponType=knife @ http://localhost:3001/entities/Player.js:811
[  100774ms] [LOG] [Player] updateFirstPersonArmsVisibility: isFirstPerson=true currentWeapon=knife _lastArmWeaponType=knife @ http://localhost:3001/entities/Player.js:811
[  100870ms] [LOG] [Player] updateFirstPersonArmsVisibility: isFirstPerson=true currentWeapon=knife _lastArmWeaponType=knife @ http://localhost:3001/entities/Player.js:811
[  100941ms] [LOG] [Player] updateFirstPersonArmsVisibility: isFirstPerson=true currentWeapon=knife _lastArmWeaponType=knife @ http://localhost:3001/entities/Player.js:811
[  101004ms] [LOG] [Player] updateFirstPersonArmsVisibility: isFirstPerson=true currentWeapon=knife _lastArmWeaponType=knife @ http://localhost:3001/entities/Player.js:811
[  101093ms] [LOG] [Player] updateFirstPersonArmsVisibility: isFirstPerson=true currentWeapon=knife _lastArmWeaponType=knife @ http://localhost:3001/entities/Player.js:811
[  101167ms] [LOG] [Player] updateFirstPersonArmsVisibility: isFirstPerson=true currentWeapon=knife _lastArmWeaponType=knife @ http://localhost:3001/entities/Player.js:811
[  101276ms] [LOG] [Player] updateFirstPersonArmsVisibility: isFirstPerson=true currentWeapon=knife _lastArmWeaponType=knife @ http://localhost:3001/entities/Player.js:811
[  101328ms] [LOG] [Player] updateFirstPersonArmsVisibility: isFirstPerson=true currentWeapon=knife _lastArmWeaponType=knife @ http://localhost:3001/entities/Player.js:811
[  101379ms] [LOG] [Player] updateFirstPersonArmsVisibility: isFirstPerson=true currentWeapon=knife _lastArmWeaponType=knife @ http://localhost:3001/entities/Player.js:811
[  101428ms] [LOG] [Player] updateFirstPersonArmsVisibility: isFirstPerson=true currentWeapon=knife _lastArmWeaponType=knife @ http://localhost:3001/entities/Player.js:811
[  101497ms] [LOG] [Player] updateFirstPersonArmsVisibility: isFirstPerson=true currentWeapon=knife _lastArmWeaponType=knife @ http://localhost:3001/entities/Player.js:811
[  101614ms] [LOG] [Player] updateFirstPersonArmsVisibility: isFirstPerson=true currentWeapon=knife _lastArmWeaponType=knife @ http://localhost:3001/entities/Player.js:811
[  101702ms] [LOG] [Player] updateFirstPersonArmsVisibility: isFirstPerson=true currentWeapon=knife _lastArmWeaponType=knife @ http://localhost:3001/entities/Player.js:811
[  101757ms] [LOG] [Player] updateFirstPersonArmsVisibility: isFirstPerson=true currentWeapon=knife _lastArmWeaponType=knife @ http://localhost:3001/entities/Player.js:811
[  101872ms] [LOG] [Player] updateFirstPersonArmsVisibility: isFirstPerson=true currentWeapon=knife _lastArmWeaponType=knife @ http://localhost:3001/entities/Player.js:811
[  101886ms] [LOG] [CameraController] playerPos=46.00,4.04,0.00 targetY=4.19 camPos=46.00,4.19,0.00 @ http://localhost:3001/core/CameraController.js:240
[  101990ms] [LOG] [Player] updateFirstPersonArmsVisibility: isFirstPerson=true currentWeapon=knife _lastArmWeaponType=knife @ http://localhost:3001/entities/Player.js:811
[  102157ms] [LOG] [Player] updateFirstPersonArmsVisibility: isFirstPerson=true currentWeapon=knife _lastArmWeaponType=knife @ http://localhost:3001/entities/Player.js:811
[  102342ms] [LOG] [Player] updateFirstPersonArmsVisibility: isFirstPerson=true currentWeapon=knife _lastArmWeaponType=knife @ http://localhost:3001/entities/Player.js:811
[  102558ms] [LOG] [Player] updateFirstPersonArmsVisibility: isFirstPerson=true currentWeapon=knife _lastArmWeaponType=knife @ http://localhost:3001/entities/Player.js:811
[  102704ms] [LOG] [Player] updateFirstPersonArmsVisibility: isFirstPerson=true currentWeapon=knife _lastArmWeaponType=knife @ http://localhost:3001/entities/Player.js:811
[  102884ms] [LOG] [Player] updateFirstPersonArmsVisibility: isFirstPerson=true currentWeapon=knife _lastArmWeaponType=knife @ http://localhost:3001/entities/Player.js:811
[  103059ms] [LOG] [Player] updateFirstPersonArmsVisibility: isFirstPerson=true currentWeapon=knife _lastArmWeaponType=knife @ http://localhost:3001/entities/Player.js:811
[  103198ms] [LOG] [Player] updateFirstPersonArmsVisibility: isFirstPerson=true currentWeapon=knife _lastArmWeaponType=knife @ http://localhost:3001/entities/Player.js:811
[  103295ms] [LOG] [Player] updateFirstPersonArmsVisibility: isFirstPerson=true currentWeapon=knife _lastArmWeaponType=knife @ http://localhost:3001/entities/Player.js:811
[  103406ms] [LOG] [Player] updateFirstPersonArmsVisibility: isFirstPerson=true currentWeapon=knife _lastArmWeaponType=knife @ http://localhost:3001/entities/Player.js:811
[  103496ms] [LOG] [Player] updateFirstPersonArmsVisibility: isFirstPerson=true currentWeapon=knife _lastArmWeaponType=knife @ http://localhost:3001/entities/Player.js:811
[  103551ms] [LOG] [Player] updateFirstPersonArmsVisibility: isFirstPerson=true currentWeapon=knife _lastArmWeaponType=knife @ http://localhost:3001/entities/Player.js:811
[  103690ms] [LOG] [Player] updateFirstPersonArmsVisibility: isFirstPerson=true currentWeapon=knife _lastArmWeaponType=knife @ http://localhost:3001/entities/Player.js:811
[  103792ms] [LOG] [Player] updateFirstPersonArmsVisibility: isFirstPerson=true currentWeapon=knife _lastArmWeaponType=knife @ http://localhost:3001/entities/Player.js:811
[  103862ms] [LOG] [Player] updateFirstPersonArmsVisibility: isFirstPerson=true currentWeapon=knife _lastArmWeaponType=knife @ http://localhost:3001/entities/Player.js:811
[  103972ms] [LOG] [Player] updateFirstPersonArmsVisibility: isFirstPerson=true currentWeapon=knife _lastArmWeaponType=knife @ http://localhost:3001/entities/Player.js:811
[  104043ms] [LOG] [Player] updateFirstPersonArmsVisibility: isFirstPerson=true currentWeapon=knife _lastArmWeaponType=knife @ http://localhost:3001/entities/Player.js:811
[  104105ms] [LOG] [Player] updateFirstPersonArmsVisibility: isFirstPerson=true currentWeapon=knife _lastArmWeaponType=knife @ http://localhost:3001/entities/Player.js:811
[  104154ms] [LOG] [Player] updateFirstPersonArmsVisibility: isFirstPerson=true currentWeapon=knife _lastArmWeaponType=knife @ http://localhost:3001/entities/Player.js:811
[  104210ms] [LOG] [Player] updateFirstPersonArmsVisibility: isFirstPerson=true currentWeapon=knife _lastArmWeaponType=knife @ http://localhost:3001/entities/Player.js:811
[  104267ms] [LOG] [Player] updateFirstPersonArmsVisibility: isFirstPerson=true currentWeapon=knife _lastArmWeaponType=knife @ http://localhost:3001/entities/Player.js:811
[  104321ms] [LOG] [Player] updateFirstPersonArmsVisibility: isFirstPerson=true currentWeapon=knife _lastArmWeaponType=knife @ http://localhost:3001/entities/Player.js:811
[  104399ms] [LOG] [Player] updateFirstPersonArmsVisibility: isFirstPerson=true currentWeapon=knife _lastArmWeaponType=knife @ http://localhost:3001/entities/Player.js:811
[  104529ms] [LOG] [Player] updateFirstPersonArmsVisibility: isFirstPerson=true currentWeapon=knife _lastArmWeaponType=knife @ http://localhost:3001/entities/Player.js:811
[  104614ms] [LOG] [Player] updateFirstPersonArmsVisibility: isFirstPerson=true currentWeapon=knife _lastArmWeaponType=knife @ http://localhost:3001/entities/Player.js:811
[  104674ms] [LOG] [Player] updateFirstPersonArmsVisibility: isFirstPerson=true currentWeapon=knife _lastArmWeaponType=knife @ http://localhost:3001/entities/Player.js:811
[  104703ms] [LOG] [Player] updateFirstPersonArmsVisibility: isFirstPerson=true currentWeapon=knife _lastArmWeaponType=knife @ http://localhost:3001/entities/Player.js:811
[  104753ms] [LOG] [Player] updateFirstPersonArmsVisibility: isFirstPerson=true currentWeapon=knife _lastArmWeaponType=knife @ http://localhost:3001/entities/Player.js:811
[  104821ms] [LOG] [Player] updateFirstPersonArmsVisibility: isFirstPerson=true currentWeapon=knife _lastArmWeaponType=knife @ http://localhost:3001/entities/Player.js:811
[  104871ms] [LOG] [Player] updateFirstPersonArmsVisibility: isFirstPerson=true currentWeapon=knife _lastArmWeaponType=knife @ http://localhost:3001/entities/Player.js:811
[  104927ms] [LOG] [Player] updateFirstPersonArmsVisibility: isFirstPerson=true currentWeapon=knife _lastArmWeaponType=knife @ http://localhost:3001/entities/Player.js:811
[  105000ms] [LOG] [Player] updateFirstPersonArmsVisibility: isFirstPerson=true currentWeapon=knife _lastArmWeaponType=knife @ http://localhost:3001/entities/Player.js:811
[  105065ms] [LOG] [Player] updateFirstPersonArmsVisibility: isFirstPerson=true currentWeapon=knife _lastArmWeaponType=knife @ http://localhost:3001/entities/Player.js:811
[  105131ms] [LOG] [Player] updateFirstPersonArmsVisibility: isFirstPerson=true currentWeapon=knife _lastArmWeaponType=knife @ http://localhost:3001/entities/Player.js:811
[  105189ms] [LOG] [Player] updateFirstPersonArmsVisibility: isFirstPerson=true currentWeapon=knife _lastArmWeaponType=knife @ http://localhost:3001/entities/Player.js:811
[  105247ms] [LOG] [Player] updateFirstPersonArmsVisibility: isFirstPerson=true currentWeapon=knife _lastArmWeaponType=knife @ http://localhost:3001/entities/Player.js:811
[  105301ms] [LOG] [Player] updateFirstPersonArmsVisibility: isFirstPerson=true currentWeapon=knife _lastArmWeaponType=knife @ http://localhost:3001/entities/Player.js:811
[  105363ms] [LOG] [Player] updateFirstPersonArmsVisibility: isFirstPerson=true currentWeapon=knife _lastArmWeaponType=knife @ http://localhost:3001/entities/Player.js:811
[  105424ms] [LOG] [Player] updateFirstPersonArmsVisibility: isFirstPerson=true currentWeapon=knife _lastArmWeaponType=knife @ http://localhost:3001/entities/Player.js:811
[  105495ms] [LOG] [Player] updateFirstPersonArmsVisibility: isFirstPerson=true currentWeapon=knife _lastArmWeaponType=knife @ http://localhost:3001/entities/Player.js:811
[  105558ms] [LOG] [Player] updateFirstPersonArmsVisibility: isFirstPerson=true currentWeapon=knife _lastArmWeaponType=knife @ http://localhost:3001/entities/Player.js:811
[  105659ms] [LOG] [Player] updateFirstPersonArmsVisibility: isFirstPerson=true currentWeapon=knife _lastArmWeaponType=knife @ http://localhost:3001/entities/Player.js:811
[  105749ms] [LOG] [Player] updateFirstPersonArmsVisibility: isFirstPerson=true currentWeapon=knife _lastArmWeaponType=knife @ http://localhost:3001/entities/Player.js:811
[  105815ms] [LOG] [Player] updateFirstPersonArmsVisibility: isFirstPerson=true currentWeapon=knife _lastArmWeaponType=knife @ http://localhost:3001/entities/Player.js:811
[  105868ms] [LOG] [Player] updateFirstPersonArmsVisibility: isFirstPerson=true currentWeapon=knife _lastArmWeaponType=knife @ http://localhost:3001/entities/Player.js:811
[  105933ms] [LOG] [Player] updateFirstPersonArmsVisibility: isFirstPerson=true currentWeapon=knife _lastArmWeaponType=knife @ http://localhost:3001/entities/Player.js:811
[  105975ms] [LOG] [Player] updateFirstPersonArmsVisibility: isFirstPerson=true currentWeapon=knife _lastArmWeaponType=knife @ http://localhost:3001/entities/Player.js:811
[  106017ms] [LOG] [Player] updateFirstPersonArmsVisibility: isFirstPerson=true currentWeapon=knife _lastArmWeaponType=knife @ http://localhost:3001/entities/Player.js:811
[  106086ms] [LOG] [Player] updateFirstPersonArmsVisibility: isFirstPerson=true currentWeapon=knife _lastArmWeaponType=knife @ http://localhost:3001/entities/Player.js:811
[  106171ms] [LOG] [Player] updateFirstPersonArmsVisibility: isFirstPerson=true currentWeapon=knife _lastArmWeaponType=knife @ http://localhost:3001/entities/Player.js:811
[  106252ms] [LOG] [Player] updateFirstPersonArmsVisibility: isFirstPerson=true currentWeapon=knife _lastArmWeaponType=knife @ http://localhost:3001/entities/Player.js:811
[  106300ms] [LOG] [Player] updateFirstPersonArmsVisibility: isFirstPerson=true currentWeapon=knife _lastArmWeaponType=knife @ http://localhost:3001/entities/Player.js:811
[  106395ms] [LOG] [Player] updateFirstPersonArmsVisibility: isFirstPerson=true currentWeapon=knife _lastArmWeaponType=knife @ http://localhost:3001/entities/Player.js:811
[  106558ms] [LOG] [Player] updateFirstPersonArmsVisibility: isFirstPerson=true currentWeapon=knife _lastArmWeaponType=knife @ http://localhost:3001/entities/Player.js:811
[  107567ms] [LOG] [Player] updateFirstPersonArmsVisibility: isFirstPerson=true currentWeapon=knife _lastArmWeaponType=knife @ http://localhost:3001/entities/Player.js:811
[  109404ms] [LOG] [Player] updateFirstPersonArmsVisibility: isFirstPerson=true currentWeapon=knife _lastArmWeaponType=knife @ http://localhost:3001/entities/Player.js:811
[  109641ms] [LOG] [Player] updateFirstPersonArmsVisibility: isFirstPerson=true currentWeapon=knife _lastArmWeaponType=knife @ http://localhost:3001/entities/Player.js:811
[  109725ms] [LOG] [Player] updateFirstPersonArmsVisibility: isFirstPerson=true currentWeapon=knife _lastArmWeaponType=knife @ http://localhost:3001/entities/Player.js:811
[  109835ms] [LOG] [Player] updateFirstPersonArmsVisibility: isFirstPerson=true currentWeapon=knife _lastArmWeaponType=knife @ http://localhost:3001/entities/Player.js:811
[  109903ms] [LOG] [Player] updateFirstPersonArmsVisibility: isFirstPerson=true currentWeapon=knife _lastArmWeaponType=knife @ http://localhost:3001/entities/Player.js:811
[  110015ms] [LOG] [Player] updateFirstPersonArmsVisibility: isFirstPerson=true currentWeapon=knife _lastArmWeaponType=knife @ http://localhost:3001/entities/Player.js:811
[  110114ms] [LOG] [Player] updateFirstPersonArmsVisibility: isFirstPerson=true currentWeapon=knife _lastArmWeaponType=knife @ http://localhost:3001/entities/Player.js:811
[  110321ms] [LOG] [Player] updateFirstPersonArmsVisibility: isFirstPerson=true currentWeapon=knife _lastArmWeaponType=knife @ http://localhost:3001/entities/Player.js:811
[  110391ms] [LOG] [Player] updateFirstPersonArmsVisibility: isFirstPerson=true currentWeapon=knife _lastArmWeaponType=knife @ http://localhost:3001/entities/Player.js:811
[  110463ms] [LOG] [Player] updateFirstPersonArmsVisibility: isFirstPerson=true currentWeapon=knife _lastArmWeaponType=knife @ http://localhost:3001/entities/Player.js:811
[  110559ms] [LOG] [Player] updateFirstPersonArmsVisibility: isFirstPerson=true currentWeapon=knife _lastArmWeaponType=knife @ http://localhost:3001/entities/Player.js:811
[  110599ms] [LOG] [Player] updateFirstPersonArmsVisibility: isFirstPerson=true currentWeapon=knife _lastArmWeaponType=knife @ http://localhost:3001/entities/Player.js:811
[  110684ms] [LOG] [Player] updateFirstPersonArmsVisibility: isFirstPerson=true currentWeapon=knife _lastArmWeaponType=knife @ http://localhost:3001/entities/Player.js:811
[  110808ms] [LOG] [Player] updateFirstPersonArmsVisibility: isFirstPerson=true currentWeapon=knife _lastArmWeaponType=knife @ http://localhost:3001/entities/Player.js:811
[  110945ms] [LOG] [Player] updateFirstPersonArmsVisibility: isFirstPerson=true currentWeapon=knife _lastArmWeaponType=knife @ http://localhost:3001/entities/Player.js:811
[  111073ms] [LOG] [Player] updateFirstPersonArmsVisibility: isFirstPerson=true currentWeapon=knife _lastArmWeaponType=knife @ http://localhost:3001/entities/Player.js:811
[  111143ms] [LOG] [Player] updateFirstPersonArmsVisibility: isFirstPerson=true currentWeapon=knife _lastArmWeaponType=knife @ http://localhost:3001/entities/Player.js:811
[  111209ms] [LOG] [Player] updateFirstPersonArmsVisibility: isFirstPerson=true currentWeapon=knife _lastArmWeaponType=knife @ http://localhost:3001/entities/Player.js:811
[  111278ms] [LOG] [Player] updateFirstPersonArmsVisibility: isFirstPerson=true currentWeapon=knife _lastArmWeaponType=knife @ http://localhost:3001/entities/Player.js:811
[  111397ms] [LOG] [Player] updateFirstPersonArmsVisibility: isFirstPerson=true currentWeapon=knife _lastArmWeaponType=knife @ http://localhost:3001/entities/Player.js:811
[  111507ms] [LOG] [Player] updateFirstPersonArmsVisibility: isFirstPerson=true currentWeapon=knife _lastArmWeaponType=knife @ http://localhost:3001/entities/Player.js:811
[  111539ms] [LOG] [Player] updateFirstPersonArmsVisibility: isFirstPerson=true currentWeapon=knife _lastArmWeaponType=knife @ http://localhost:3001/entities/Player.js:811
[  111598ms] [LOG] [Player] updateFirstPersonArmsVisibility: isFirstPerson=true currentWeapon=knife _lastArmWeaponType=knife @ http://localhost:3001/entities/Player.js:811
[  111656ms] [LOG] [Player] updateFirstPersonArmsVisibility: isFirstPerson=true currentWeapon=knife _lastArmWeaponType=knife @ http://localhost:3001/entities/Player.js:811
[  111723ms] [LOG] [Player] updateFirstPersonArmsVisibility: isFirstPerson=true currentWeapon=knife _lastArmWeaponType=knife @ http://localhost:3001/entities/Player.js:811
[  111772ms] [LOG] [Player] updateFirstPersonArmsVisibility: isFirstPerson=true currentWeapon=knife _lastArmWeaponType=knife @ http://localhost:3001/entities/Player.js:811
[  111814ms] [LOG] [Player] updateFirstPersonArmsVisibility: isFirstPerson=true currentWeapon=knife _lastArmWeaponType=knife @ http://localhost:3001/entities/Player.js:811
[  111864ms] [LOG] [Player] updateFirstPersonArmsVisibility: isFirstPerson=true currentWeapon=knife _lastArmWeaponType=knife @ http://localhost:3001/entities/Player.js:811
[  111931ms] [LOG] [Player] updateFirstPersonArmsVisibility: isFirstPerson=true currentWeapon=knife _lastArmWeaponType=knife @ http://localhost:3001/entities/Player.js:811
[  111974ms] [LOG] [Player] updateFirstPersonArmsVisibility: isFirstPerson=true currentWeapon=knife _lastArmWeaponType=knife @ http://localhost:3001/entities/Player.js:811
[  112035ms] [LOG] [Player] updateFirstPersonArmsVisibility: isFirstPerson=true currentWeapon=knife _lastArmWeaponType=knife @ http://localhost:3001/entities/Player.js:811
[  112136ms] [LOG] [Player] updateFirstPersonArmsVisibility: isFirstPerson=true currentWeapon=knife _lastArmWeaponType=knife @ http://localhost:3001/entities/Player.js:811
[  112187ms] [LOG] [Player] updateFirstPersonArmsVisibility: isFirstPerson=true currentWeapon=knife _lastArmWeaponType=knife @ http://localhost:3001/entities/Player.js:811
[  112238ms] [LOG] [Player] updateFirstPersonArmsVisibility: isFirstPerson=true currentWeapon=knife _lastArmWeaponType=knife @ http://localhost:3001/entities/Player.js:811
[  112342ms] [LOG] [Player] updateFirstPersonArmsVisibility: isFirstPerson=true currentWeapon=knife _lastArmWeaponType=knife @ http://localhost:3001/entities/Player.js:811
[  112417ms] [LOG] [Player] updateFirstPersonArmsVisibility: isFirstPerson=true currentWeapon=knife _lastArmWeaponType=knife @ http://localhost:3001/entities/Player.js:811
[  112475ms] [LOG] [Player] updateFirstPersonArmsVisibility: isFirstPerson=true currentWeapon=knife _lastArmWeaponType=knife @ http://localhost:3001/entities/Player.js:811
[  112563ms] [LOG] [Player] updateFirstPersonArmsVisibility: isFirstPerson=true currentWeapon=knife _lastArmWeaponType=knife @ http://localhost:3001/entities/Player.js:811
[  112615ms] [LOG] [Player] updateFirstPersonArmsVisibility: isFirstPerson=true currentWeapon=knife _lastArmWeaponType=knife @ http://localhost:3001/entities/Player.js:811
[  112660ms] [LOG] [Player] updateFirstPersonArmsVisibility: isFirstPerson=true currentWeapon=knife _lastArmWeaponType=knife @ http://localhost:3001/entities/Player.js:811
[  112755ms] [LOG] [Player] updateFirstPersonArmsVisibility: isFirstPerson=true currentWeapon=knife _lastArmWeaponType=knife @ http://localhost:3001/entities/Player.js:811
[  112848ms] [LOG] [Player] updateFirstPersonArmsVisibility: isFirstPerson=true currentWeapon=knife _lastArmWeaponType=knife @ http://localhost:3001/entities/Player.js:811
[  112919ms] [LOG] [Player] updateFirstPersonArmsVisibility: isFirstPerson=true currentWeapon=knife _lastArmWeaponType=knife @ http://localhost:3001/entities/Player.js:811
[  113003ms] [LOG] [Player] updateFirstPersonArmsVisibility: isFirstPerson=true currentWeapon=knife _lastArmWeaponType=knife @ http://localhost:3001/entities/Player.js:811
[  113070ms] [LOG] [Player] updateFirstPersonArmsVisibility: isFirstPerson=true currentWeapon=knife _lastArmWeaponType=knife @ http://localhost:3001/entities/Player.js:811
[  113139ms] [LOG] [Player] updateFirstPersonArmsVisibility: isFirstPerson=true currentWeapon=knife _lastArmWeaponType=knife @ http://localhost:3001/entities/Player.js:811
[  113198ms] [LOG] [Player] updateFirstPersonArmsVisibility: isFirstPerson=true currentWeapon=knife _lastArmWeaponType=knife @ http://localhost:3001/entities/Player.js:811
[  113273ms] [LOG] [Player] updateFirstPersonArmsVisibility: isFirstPerson=true currentWeapon=knife _lastArmWeaponType=knife @ http://localhost:3001/entities/Player.js:811
[  113344ms] [LOG] [Player] updateFirstPersonArmsVisibility: isFirstPerson=true currentWeapon=knife _lastArmWeaponType=knife @ http://localhost:3001/entities/Player.js:811
[  113405ms] [LOG] [Player] updateFirstPersonArmsVisibility: isFirstPerson=true currentWeapon=knife _lastArmWeaponType=knife @ http://localhost:3001/entities/Player.js:811
[  113469ms] [LOG] [Player] updateFirstPersonArmsVisibility: isFirstPerson=true currentWeapon=knife _lastArmWeaponType=knife @ http://localhost:3001/entities/Player.js:811
[  113530ms] [LOG] [Player] updateFirstPersonArmsVisibility: isFirstPerson=true currentWeapon=knife _lastArmWeaponType=knife @ http://localhost:3001/entities/Player.js:811
[  113639ms] [LOG] [Player] updateFirstPersonArmsVisibility: isFirstPerson=true currentWeapon=knife _lastArmWeaponType=knife @ http://localhost:3001/entities/Player.js:811
[  113712ms] [LOG] [Player] updateFirstPersonArmsVisibility: isFirstPerson=true currentWeapon=knife _lastArmWeaponType=knife @ http://localhost:3001/entities/Player.js:811
[  113821ms] [LOG] [Player] updateFirstPersonArmsVisibility: isFirstPerson=true currentWeapon=knife _lastArmWeaponType=knife @ http://localhost:3001/entities/Player.js:811
[  113920ms] [LOG] [Player] updateFirstPersonArmsVisibility: isFirstPerson=true currentWeapon=knife _lastArmWeaponType=knife @ http://localhost:3001/entities/Player.js:811
[  114003ms] [LOG] [Player] updateFirstPersonArmsVisibility: isFirstPerson=true currentWeapon=knife _lastArmWeaponType=knife @ http://localhost:3001/entities/Player.js:811
[  114178ms] [LOG] [Player] updateFirstPersonArmsVisibility: isFirstPerson=true currentWeapon=knife _lastArmWeaponType=knife @ http://localhost:3001/entities/Player.js:811
[  114274ms] [LOG] [Player] updateFirstPersonArmsVisibility: isFirstPerson=true currentWeapon=knife _lastArmWeaponType=knife @ http://localhost:3001/entities/Player.js:811
[  114489ms] [LOG] [Player] updateFirstPersonArmsVisibility: isFirstPerson=true currentWeapon=knife _lastArmWeaponType=knife @ http://localhost:3001/entities/Player.js:811
[  114641ms] [LOG] [Player] updateFirstPersonArmsVisibility: isFirstPerson=true currentWeapon=knife _lastArmWeaponType=knife @ http://localhost:3001/entities/Player.js:811
[  114760ms] [LOG] [Player] updateFirstPersonArmsVisibility: isFirstPerson=true currentWeapon=knife _lastArmWeaponType=knife @ http://localhost:3001/entities/Player.js:811
[  114885ms] [LOG] [Player] updateFirstPersonArmsVisibility: isFirstPerson=true currentWeapon=knife _lastArmWeaponType=knife @ http://localhost:3001/entities/Player.js:811
[  114991ms] [LOG] [Player] updateFirstPersonArmsVisibility: isFirstPerson=true currentWeapon=knife _lastArmWeaponType=knife @ http://localhost:3001/entities/Player.js:811
[  115078ms] [LOG] [Player] updateFirstPersonArmsVisibility: isFirstPerson=true currentWeapon=knife _lastArmWeaponType=knife @ http://localhost:3001/entities/Player.js:811
[  115252ms] [LOG] [Player] updateFirstPersonArmsVisibility: isFirstPerson=true currentWeapon=knife _lastArmWeaponType=knife @ http://localhost:3001/entities/Player.js:811
[  115356ms] [LOG] [Player] updateFirstPersonArmsVisibility: isFirstPerson=true currentWeapon=knife _lastArmWeaponType=knife @ http://localhost:3001/entities/Player.js:811
[  115503ms] [LOG] [Player] updateFirstPersonArmsVisibility: isFirstPerson=true currentWeapon=knife _lastArmWeaponType=knife @ http://localhost:3001/entities/Player.js:811
[  115681ms] [LOG] [Player] updateFirstPersonArmsVisibility: isFirstPerson=true currentWeapon=knife _lastArmWeaponType=knife @ http://localhost:3001/entities/Player.js:811
[  115897ms] [LOG] [Player] updateFirstPersonArmsVisibility: isFirstPerson=true currentWeapon=knife _lastArmWeaponType=knife @ http://localhost:3001/entities/Player.js:811
[  115955ms] [LOG] [Player] updateFirstPersonArmsVisibility: isFirstPerson=true currentWeapon=knife _lastArmWeaponType=knife @ http://localhost:3001/entities/Player.js:811
[  115994ms] [LOG] [Player] updateFirstPersonArmsVisibility: isFirstPerson=true currentWeapon=knife _lastArmWeaponType=knife @ http://localhost:3001/entities/Player.js:811
[  116049ms] [LOG] [Player] updateFirstPersonArmsVisibility: isFirstPerson=true currentWeapon=knife _lastArmWeaponType=knife @ http://localhost:3001/entities/Player.js:811
[  116100ms] [LOG] [Player] updateFirstPersonArmsVisibility: isFirstPerson=true currentWeapon=knife _lastArmWeaponType=knife @ http://localhost:3001/entities/Player.js:811
[  116204ms] [LOG] [Player] updateFirstPersonArmsVisibility: isFirstPerson=true currentWeapon=knife _lastArmWeaponType=knife @ http://localhost:3001/entities/Player.js:811
[  116259ms] [LOG] [Player] updateFirstPersonArmsVisibility: isFirstPerson=true currentWeapon=knife _lastArmWeaponType=knife @ http://localhost:3001/entities/Player.js:811
[  116322ms] [LOG] [Player] updateFirstPersonArmsVisibility: isFirstPerson=true currentWeapon=knife _lastArmWeaponType=knife @ http://localhost:3001/entities/Player.js:811
[  116405ms] [LOG] [Player] updateFirstPersonArmsVisibility: isFirstPerson=true currentWeapon=knife _lastArmWeaponType=knife @ http://localhost:3001/entities/Player.js:811
[  116460ms] [LOG] [Player] updateFirstPersonArmsVisibility: isFirstPerson=true currentWeapon=knife _lastArmWeaponType=knife @ http://localhost:3001/entities/Player.js:811
[  116502ms] [LOG] [Player] updateFirstPersonArmsVisibility: isFirstPerson=true currentWeapon=knife _lastArmWeaponType=knife @ http://localhost:3001/entities/Player.js:811
[  116724ms] [LOG] [Player] updateFirstPersonArmsVisibility: isFirstPerson=true currentWeapon=knife _lastArmWeaponType=knife @ http://localhost:3001/entities/Player.js:811
[  116857ms] [LOG] [Player] updateFirstPersonArmsVisibility: isFirstPerson=true currentWeapon=knife _lastArmWeaponType=knife @ http://localhost:3001/entities/Player.js:811
[  116955ms] [LOG] [Player] updateFirstPersonArmsVisibility: isFirstPerson=true currentWeapon=knife _lastArmWeaponType=knife @ http://localhost:3001/entities/Player.js:811
[  117014ms] [LOG] [Player] updateFirstPersonArmsVisibility: isFirstPerson=true currentWeapon=knife _lastArmWeaponType=knife @ http://localhost:3001/entities/Player.js:811
[  117099ms] [LOG] [Player] updateFirstPersonArmsVisibility: isFirstPerson=true currentWeapon=knife _lastArmWeaponType=knife @ http://localhost:3001/entities/Player.js:811
[  117142ms] [LOG] [Player] updateFirstPersonArmsVisibility: isFirstPerson=true currentWeapon=knife _lastArmWeaponType=knife @ http://localhost:3001/entities/Player.js:811
[  117205ms] [LOG] [Player] updateFirstPersonArmsVisibility: isFirstPerson=true currentWeapon=knife _lastArmWeaponType=knife @ http://localhost:3001/entities/Player.js:811
[  117307ms] [LOG] [Player] updateFirstPersonArmsVisibility: isFirstPerson=true currentWeapon=knife _lastArmWeaponType=knife @ http://localhost:3001/entities/Player.js:811
[  117369ms] [LOG] [Player] updateFirstPersonArmsVisibility: isFirstPerson=true currentWeapon=knife _lastArmWeaponType=knife @ http://localhost:3001/entities/Player.js:811
[  117426ms] [LOG] [Player] updateFirstPersonArmsVisibility: isFirstPerson=true currentWeapon=knife _lastArmWeaponType=knife @ http://localhost:3001/entities/Player.js:811
[  117509ms] [LOG] [Player] updateFirstPersonArmsVisibility: isFirstPerson=true currentWeapon=knife _lastArmWeaponType=knife @ http://localhost:3001/entities/Player.js:811
[  117558ms] [LOG] [Player] updateFirstPersonArmsVisibility: isFirstPerson=true currentWeapon=knife _lastArmWeaponType=knife @ http://localhost:3001/entities/Player.js:811
[  117675ms] [LOG] [Player] updateFirstPersonArmsVisibility: isFirstPerson=true currentWeapon=knife _lastArmWeaponType=knife @ http://localhost:3001/entities/Player.js:811
[  117740ms] [LOG] [Player] updateFirstPersonArmsVisibility: isFirstPerson=true currentWeapon=knife _lastArmWeaponType=knife @ http://localhost:3001/entities/Player.js:811
[  117857ms] [LOG] [Player] updateFirstPersonArmsVisibility: isFirstPerson=true currentWeapon=knife _lastArmWeaponType=knife @ http://localhost:3001/entities/Player.js:811
[  117911ms] [LOG] [Player] updateFirstPersonArmsVisibility: isFirstPerson=true currentWeapon=knife _lastArmWeaponType=knife @ http://localhost:3001/entities/Player.js:811
[  117982ms] [LOG] [Player] updateFirstPersonArmsVisibility: isFirstPerson=true currentWeapon=knife _lastArmWeaponType=knife @ http://localhost:3001/entities/Player.js:811
[  118035ms] [LOG] [Player] updateFirstPersonArmsVisibility: isFirstPerson=true currentWeapon=knife _lastArmWeaponType=knife @ http://localhost:3001/entities/Player.js:811
[  118099ms] [LOG] [Player] updateFirstPersonArmsVisibility: isFirstPerson=true currentWeapon=knife _lastArmWeaponType=knife @ http://localhost:3001/entities/Player.js:811
[  118162ms] [LOG] [Player] updateFirstPersonArmsVisibility: isFirstPerson=true currentWeapon=knife _lastArmWeaponType=knife @ http://localhost:3001/entities/Player.js:811
[  118223ms] [LOG] [Player] updateFirstPersonArmsVisibility: isFirstPerson=true currentWeapon=knife _lastArmWeaponType=knife @ http://localhost:3001/entities/Player.js:811
[  118280ms] [LOG] [Player] updateFirstPersonArmsVisibility: isFirstPerson=true currentWeapon=knife _lastArmWeaponType=knife @ http://localhost:3001/entities/Player.js:811
[  118336ms] [LOG] [Player] updateFirstPersonArmsVisibility: isFirstPerson=true currentWeapon=knife _lastArmWeaponType=knife @ http://localhost:3001/entities/Player.js:811
[  118476ms] [LOG] [Player] updateFirstPersonArmsVisibility: isFirstPerson=true currentWeapon=knife _lastArmWeaponType=knife @ http://localhost:3001/entities/Player.js:811
[  118531ms] [LOG] [Player] updateFirstPersonArmsVisibility: isFirstPerson=true currentWeapon=knife _lastArmWeaponType=knife @ http://localhost:3001/entities/Player.js:811
[  118632ms] [LOG] [Player] updateFirstPersonArmsVisibility: isFirstPerson=true currentWeapon=knife _lastArmWeaponType=knife @ http://localhost:3001/entities/Player.js:811
[  118732ms] [LOG] [Player] updateFirstPersonArmsVisibility: isFirstPerson=true currentWeapon=knife _lastArmWeaponType=knife @ http://localhost:3001/entities/Player.js:811
[  118955ms] [LOG] [Player] updateFirstPersonArmsVisibility: isFirstPerson=true currentWeapon=knife _lastArmWeaponType=knife @ http://localhost:3001/entities/Player.js:811
[  119028ms] [LOG] [Player] updateFirstPersonArmsVisibility: isFirstPerson=true currentWeapon=knife _lastArmWeaponType=knife @ http://localhost:3001/entities/Player.js:811
[  119121ms] [LOG] [Player] updateFirstPersonArmsVisibility: isFirstPerson=true currentWeapon=knife _lastArmWeaponType=knife @ http://localhost:3001/entities/Player.js:811
[  119266ms] [LOG] [Player] updateFirstPersonArmsVisibility: isFirstPerson=true currentWeapon=knife _lastArmWeaponType=knife @ http://localhost:3001/entities/Player.js:811
[  119560ms] [LOG] [Player] updateFirstPersonArmsVisibility: isFirstPerson=true currentWeapon=knife _lastArmWeaponType=knife @ http://localhost:3001/entities/Player.js:811
[  121359ms] [LOG] [Player] updateFirstPersonArmsVisibility: isFirstPerson=true currentWeapon=knife _lastArmWeaponType=knife @ http://localhost:3001/entities/Player.js:811
[  121949ms] [LOG] [Player] updateFirstPersonArmsVisibility: isFirstPerson=true currentWeapon=knife _lastArmWeaponType=knife @ http://localhost:3001/entities/Player.js:811
[  122115ms] [LOG] [Player] updateFirstPersonArmsVisibility: isFirstPerson=true currentWeapon=knife _lastArmWeaponType=knife @ http://localhost:3001/entities/Player.js:811
[  122268ms] [LOG] [Player] updateFirstPersonArmsVisibility: isFirstPerson=true currentWeapon=knife _lastArmWeaponType=knife @ http://localhost:3001/entities/Player.js:811
[  122330ms] [LOG] [Player] updateFirstPersonArmsVisibility: isFirstPerson=true currentWeapon=knife _lastArmWeaponType=knife @ http://localhost:3001/entities/Player.js:811
[  122397ms] [LOG] [Player] updateFirstPersonArmsVisibility: isFirstPerson=true currentWeapon=knife _lastArmWeaponType=knife @ http://localhost:3001/entities/Player.js:811
[  122488ms] [LOG] [Player] updateFirstPersonArmsVisibility: isFirstPerson=true currentWeapon=knife _lastArmWeaponType=knife @ http://localhost:3001/entities/Player.js:811
[  122549ms] [LOG] [Player] updateFirstPersonArmsVisibility: isFirstPerson=true currentWeapon=knife _lastArmWeaponType=knife @ http://localhost:3001/entities/Player.js:811
[  122627ms] [LOG] [Player] updateFirstPersonArmsVisibility: isFirstPerson=true currentWeapon=knife _lastArmWeaponType=knife @ http://localhost:3001/entities/Player.js:811
[  122690ms] [LOG] [Player] updateFirstPersonArmsVisibility: isFirstPerson=true currentWeapon=knife _lastArmWeaponType=knife @ http://localhost:3001/entities/Player.js:811
[  122751ms] [LOG] [Player] updateFirstPersonArmsVisibility: isFirstPerson=true currentWeapon=knife _lastArmWeaponType=knife @ http://localhost:3001/entities/Player.js:811
[  122808ms] [LOG] [Player] updateFirstPersonArmsVisibility: isFirstPerson=true currentWeapon=knife _lastArmWeaponType=knife @ http://localhost:3001/entities/Player.js:811
[  122864ms] [LOG] [Player] updateFirstPersonArmsVisibility: isFirstPerson=true currentWeapon=knife _lastArmWeaponType=knife @ http://localhost:3001/entities/Player.js:811
[  122941ms] [LOG] [Player] updateFirstPersonArmsVisibility: isFirstPerson=true currentWeapon=knife _lastArmWeaponType=knife @ http://localhost:3001/entities/Player.js:811
[  123049ms] [LOG] [Player] updateFirstPersonArmsVisibility: isFirstPerson=true currentWeapon=knife _lastArmWeaponType=knife @ http://localhost:3001/entities/Player.js:811
[  123104ms] [LOG] [Player] updateFirstPersonArmsVisibility: isFirstPerson=true currentWeapon=knife _lastArmWeaponType=knife @ http://localhost:3001/entities/Player.js:811
[  123163ms] [LOG] [Player] updateFirstPersonArmsVisibility: isFirstPerson=true currentWeapon=knife _lastArmWeaponType=knife @ http://localhost:3001/entities/Player.js:811
[  123212ms] [LOG] [Player] updateFirstPersonArmsVisibility: isFirstPerson=true currentWeapon=knife _lastArmWeaponType=knife @ http://localhost:3001/entities/Player.js:811
[  123252ms] [LOG] [Player] updateFirstPersonArmsVisibility: isFirstPerson=true currentWeapon=knife _lastArmWeaponType=knife @ http://localhost:3001/entities/Player.js:811
[  123337ms] [LOG] [Player] updateFirstPersonArmsVisibility: isFirstPerson=true currentWeapon=knife _lastArmWeaponType=knife @ http://localhost:3001/entities/Player.js:811
[  123403ms] [LOG] [Player] updateFirstPersonArmsVisibility: isFirstPerson=true currentWeapon=knife _lastArmWeaponType=knife @ http://localhost:3001/entities/Player.js:811
[  123467ms] [LOG] [Player] updateFirstPersonArmsVisibility: isFirstPerson=true currentWeapon=knife _lastArmWeaponType=knife @ http://localhost:3001/entities/Player.js:811
[  123532ms] [LOG] [Player] updateFirstPersonArmsVisibility: isFirstPerson=true currentWeapon=knife _lastArmWeaponType=knife @ http://localhost:3001/entities/Player.js:811
[  123631ms] [LOG] [Player] updateFirstPersonArmsVisibility: isFirstPerson=true currentWeapon=knife _lastArmWeaponType=knife @ http://localhost:3001/entities/Player.js:811
[  123696ms] [LOG] [Player] updateFirstPersonArmsVisibility: isFirstPerson=true currentWeapon=knife _lastArmWeaponType=knife @ http://localhost:3001/entities/Player.js:811
[  123774ms] [LOG] [Player] updateFirstPersonArmsVisibility: isFirstPerson=true currentWeapon=knife _lastArmWeaponType=knife @ http://localhost:3001/entities/Player.js:811
[  123823ms] [LOG] [Player] updateFirstPersonArmsVisibility: isFirstPerson=true currentWeapon=knife _lastArmWeaponType=knife @ http://localhost:3001/entities/Player.js:811
[  123892ms] [LOG] [Player] updateFirstPersonArmsVisibility: isFirstPerson=true currentWeapon=knife _lastArmWeaponType=knife @ http://localhost:3001/entities/Player.js:811
[  123947ms] [LOG] [Player] updateFirstPersonArmsVisibility: isFirstPerson=true currentWeapon=knife _lastArmWeaponType=knife @ http://localhost:3001/entities/Player.js:811
[  124008ms] [LOG] [Player] updateFirstPersonArmsVisibility: isFirstPerson=true currentWeapon=knife _lastArmWeaponType=knife @ http://localhost:3001/entities/Player.js:811
[  124100ms] [LOG] [Player] updateFirstPersonArmsVisibility: isFirstPerson=true currentWeapon=knife _lastArmWeaponType=knife @ http://localhost:3001/entities/Player.js:811
[  124197ms] [LOG] [Player] updateFirstPersonArmsVisibility: isFirstPerson=true currentWeapon=knife _lastArmWeaponType=knife @ http://localhost:3001/entities/Player.js:811
[  124289ms] [LOG] [Player] updateFirstPersonArmsVisibility: isFirstPerson=true currentWeapon=knife _lastArmWeaponType=knife @ http://localhost:3001/entities/Player.js:811
[  124351ms] [LOG] [Player] updateFirstPersonArmsVisibility: isFirstPerson=true currentWeapon=knife _lastArmWeaponType=knife @ http://localhost:3001/entities/Player.js:811
[  124385ms] [LOG] [Player] updateFirstPersonArmsVisibility: isFirstPerson=true currentWeapon=knife _lastArmWeaponType=knife @ http://localhost:3001/entities/Player.js:811
[  124419ms] [LOG] [Player] updateFirstPersonArmsVisibility: isFirstPerson=true currentWeapon=knife _lastArmWeaponType=knife @ http://localhost:3001/entities/Player.js:811
[  124480ms] [LOG] [Player] updateFirstPersonArmsVisibility: isFirstPerson=true currentWeapon=knife _lastArmWeaponType=knife @ http://localhost:3001/entities/Player.js:811
[  124538ms] [LOG] [Player] updateFirstPersonArmsVisibility: isFirstPerson=true currentWeapon=knife _lastArmWeaponType=knife @ http://localhost:3001/entities/Player.js:811
[  124623ms] [LOG] [Player] updateFirstPersonArmsVisibility: isFirstPerson=true currentWeapon=knife _lastArmWeaponType=knife @ http://localhost:3001/entities/Player.js:811
[  124732ms] [LOG] [Player] updateFirstPersonArmsVisibility: isFirstPerson=true currentWeapon=knife _lastArmWeaponType=knife @ http://localhost:3001/entities/Player.js:811
[  124829ms] [LOG] [Player] updateFirstPersonArmsVisibility: isFirstPerson=true currentWeapon=knife _lastArmWeaponType=knife @ http://localhost:3001/entities/Player.js:811
[  124921ms] [LOG] [Player] updateFirstPersonArmsVisibility: isFirstPerson=true currentWeapon=knife _lastArmWeaponType=knife @ http://localhost:3001/entities/Player.js:811
[  125015ms] [LOG] [Player] updateFirstPersonArmsVisibility: isFirstPerson=true currentWeapon=knife _lastArmWeaponType=knife @ http://localhost:3001/entities/Player.js:811
[  125099ms] [LOG] [Player] updateFirstPersonArmsVisibility: isFirstPerson=true currentWeapon=knife _lastArmWeaponType=knife @ http://localhost:3001/entities/Player.js:811
[  125184ms] [LOG] [Player] updateFirstPersonArmsVisibility: isFirstPerson=true currentWeapon=knife _lastArmWeaponType=knife @ http://localhost:3001/entities/Player.js:811
[  125265ms] [LOG] [Player] updateFirstPersonArmsVisibility: isFirstPerson=true currentWeapon=knife _lastArmWeaponType=knife @ http://localhost:3001/entities/Player.js:811
[  125332ms] [LOG] [Player] updateFirstPersonArmsVisibility: isFirstPerson=true currentWeapon=knife _lastArmWeaponType=knife @ http://localhost:3001/entities/Player.js:811
[  125399ms] [LOG] [Player] updateFirstPersonArmsVisibility: isFirstPerson=true currentWeapon=knife _lastArmWeaponType=knife @ http://localhost:3001/entities/Player.js:811
[  125428ms] [LOG] [Player] updateFirstPersonArmsVisibility: isFirstPerson=true currentWeapon=knife _lastArmWeaponType=knife @ http://localhost:3001/entities/Player.js:811
[  125483ms] [LOG] [Player] updateFirstPersonArmsVisibility: isFirstPerson=true currentWeapon=knife _lastArmWeaponType=knife @ http://localhost:3001/entities/Player.js:811
[  125526ms] [LOG] [Player] updateFirstPersonArmsVisibility: isFirstPerson=true currentWeapon=knife _lastArmWeaponType=knife @ http://localhost:3001/entities/Player.js:811
[  125562ms] [LOG] [Player] updateFirstPersonArmsVisibility: isFirstPerson=true currentWeapon=knife _lastArmWeaponType=knife @ http://localhost:3001/entities/Player.js:811
[  125607ms] [LOG] [Player] updateFirstPersonArmsVisibility: isFirstPerson=true currentWeapon=knife _lastArmWeaponType=knife @ http://localhost:3001/entities/Player.js:811
[  125654ms] [LOG] [Player] updateFirstPersonArmsVisibility: isFirstPerson=true currentWeapon=knife _lastArmWeaponType=knife @ http://localhost:3001/entities/Player.js:811
[  125695ms] [LOG] [Player] updateFirstPersonArmsVisibility: isFirstPerson=true currentWeapon=knife _lastArmWeaponType=knife @ http://localhost:3001/entities/Player.js:811
[  125733ms] [LOG] [Player] updateFirstPersonArmsVisibility: isFirstPerson=true currentWeapon=knife _lastArmWeaponType=knife @ http://localhost:3001/entities/Player.js:811
[  125775ms] [LOG] [Player] updateFirstPersonArmsVisibility: isFirstPerson=true currentWeapon=knife _lastArmWeaponType=knife @ http://localhost:3001/entities/Player.js:811
[  125859ms] [LOG] [Player] updateFirstPersonArmsVisibility: isFirstPerson=true currentWeapon=knife _lastArmWeaponType=knife @ http://localhost:3001/entities/Player.js:811
[  125917ms] [LOG] [Player] updateFirstPersonArmsVisibility: isFirstPerson=true currentWeapon=knife _lastArmWeaponType=knife @ http://localhost:3001/entities/Player.js:811
[  125969ms] [LOG] [Player] updateFirstPersonArmsVisibility: isFirstPerson=true currentWeapon=knife _lastArmWeaponType=knife @ http://localhost:3001/entities/Player.js:811
[  126033ms] [LOG] [Player] updateFirstPersonArmsVisibility: isFirstPerson=true currentWeapon=knife _lastArmWeaponType=knife @ http://localhost:3001/entities/Player.js:811
[  126127ms] [LOG] [Player] updateFirstPersonArmsVisibility: isFirstPerson=true currentWeapon=knife _lastArmWeaponType=knife @ http://localhost:3001/entities/Player.js:811
[  126188ms] [LOG] [Player] updateFirstPersonArmsVisibility: isFirstPerson=true currentWeapon=knife _lastArmWeaponType=knife @ http://localhost:3001/entities/Player.js:811
[  126231ms] [LOG] [Player] updateFirstPersonArmsVisibility: isFirstPerson=true currentWeapon=knife _lastArmWeaponType=knife @ http://localhost:3001/entities/Player.js:811
[  126294ms] [LOG] [Player] updateFirstPersonArmsVisibility: isFirstPerson=true currentWeapon=knife _lastArmWeaponType=knife @ http://localhost:3001/entities/Player.js:811
[  126579ms] [LOG] [Player] updateFirstPersonArmsVisibility: isFirstPerson=true currentWeapon=knife _lastArmWeaponType=knife @ http://localhost:3001/entities/Player.js:811
[  126628ms] [LOG] [Player] updateFirstPersonArmsVisibility: isFirstPerson=true currentWeapon=knife _lastArmWeaponType=knife @ http://localhost:3001/entities/Player.js:811
[  126754ms] [LOG] [Player] updateFirstPersonArmsVisibility: isFirstPerson=true currentWeapon=knife _lastArmWeaponType=knife @ http://localhost:3001/entities/Player.js:811
[  126815ms] [LOG] [Player] updateFirstPersonArmsVisibility: isFirstPerson=true currentWeapon=knife _lastArmWeaponType=knife @ http://localhost:3001/entities/Player.js:811
[  126935ms] [LOG] [Player] updateFirstPersonArmsVisibility: isFirstPerson=true currentWeapon=knife _lastArmWeaponType=knife @ http://localhost:3001/entities/Player.js:811
[  127069ms] [LOG] [Player] updateFirstPersonArmsVisibility: isFirstPerson=true currentWeapon=knife _lastArmWeaponType=knife @ http://localhost:3001/entities/Player.js:811
[  127234ms] [LOG] [Player] updateFirstPersonArmsVisibility: isFirstPerson=true currentWeapon=knife _lastArmWeaponType=knife @ http://localhost:3001/entities/Player.js:811
[  127323ms] [LOG] [Player] updateFirstPersonArmsVisibility: isFirstPerson=true currentWeapon=knife _lastArmWeaponType=knife @ http://localhost:3001/entities/Player.js:811
[  127531ms] [LOG] [Player] updateFirstPersonArmsVisibility: isFirstPerson=true currentWeapon=knife _lastArmWeaponType=knife @ http://localhost:3001/entities/Player.js:811
[  128109ms] [LOG] [Player] updateFirstPersonArmsVisibility: isFirstPerson=true currentWeapon=knife _lastArmWeaponType=knife @ http://localhost:3001/entities/Player.js:811
[  128253ms] [LOG] [Player] updateFirstPersonArmsVisibility: isFirstPerson=true currentWeapon=knife _lastArmWeaponType=knife @ http://localhost:3001/entities/Player.js:811
[  128384ms] [LOG] [Player] updateFirstPersonArmsVisibility: isFirstPerson=true currentWeapon=knife _lastArmWeaponType=knife @ http://localhost:3001/entities/Player.js:811
[  128558ms] [LOG] [Player] updateFirstPersonArmsVisibility: isFirstPerson=true currentWeapon=knife _lastArmWeaponType=knife @ http://localhost:3001/entities/Player.js:811
[  129022ms] [LOG] [Player] updateFirstPersonArmsVisibility: isFirstPerson=true currentWeapon=knife _lastArmWeaponType=knife @ http://localhost:3001/entities/Player.js:811
[  129169ms] [LOG] [Player] updateFirstPersonArmsVisibility: isFirstPerson=true currentWeapon=knife _lastArmWeaponType=knife @ http://localhost:3001/entities/Player.js:811
[  129282ms] [LOG] [Player] updateFirstPersonArmsVisibility: isFirstPerson=true currentWeapon=knife _lastArmWeaponType=knife @ http://localhost:3001/entities/Player.js:811
[  129378ms] [LOG] [Player] updateFirstPersonArmsVisibility: isFirstPerson=true currentWeapon=knife _lastArmWeaponType=knife @ http://localhost:3001/entities/Player.js:811
[  129518ms] [LOG] [Player] updateFirstPersonArmsVisibility: isFirstPerson=true currentWeapon=knife _lastArmWeaponType=knife @ http://localhost:3001/entities/Player.js:811
[  129584ms] [LOG] [Player] updateFirstPersonArmsVisibility: isFirstPerson=true currentWeapon=knife _lastArmWeaponType=knife @ http://localhost:3001/entities/Player.js:811
[  129642ms] [LOG] [Player] updateFirstPersonArmsVisibility: isFirstPerson=true currentWeapon=knife _lastArmWeaponType=knife @ http://localhost:3001/entities/Player.js:811
[  129712ms] [LOG] [Player] updateFirstPersonArmsVisibility: isFirstPerson=true currentWeapon=knife _lastArmWeaponType=knife @ http://localhost:3001/entities/Player.js:811
[  129768ms] [LOG] [Player] updateFirstPersonArmsVisibility: isFirstPerson=true currentWeapon=knife _lastArmWeaponType=knife @ http://localhost:3001/entities/Player.js:811
[  129821ms] [LOG] [Player] updateFirstPersonArmsVisibility: isFirstPerson=true currentWeapon=knife _lastArmWeaponType=knife @ http://localhost:3001/entities/Player.js:811
[  129892ms] [LOG] [Player] updateFirstPersonArmsVisibility: isFirstPerson=true currentWeapon=knife _lastArmWeaponType=knife @ http://localhost:3001/entities/Player.js:811
[  129948ms] [LOG] [Player] updateFirstPersonArmsVisibility: isFirstPerson=true currentWeapon=knife _lastArmWeaponType=knife @ http://localhost:3001/entities/Player.js:811
[  129988ms] [LOG] [Player] updateFirstPersonArmsVisibility: isFirstPerson=true currentWeapon=knife _lastArmWeaponType=knife @ http://localhost:3001/entities/Player.js:811
[  130090ms] [LOG] [Player] updateFirstPersonArmsVisibility: isFirstPerson=true currentWeapon=knife _lastArmWeaponType=knife @ http://localhost:3001/entities/Player.js:811
[  130217ms] [LOG] [Player] updateFirstPersonArmsVisibility: isFirstPerson=true currentWeapon=knife _lastArmWeaponType=knife @ http://localhost:3001/entities/Player.js:811
[  130257ms] [LOG] [Player] updateFirstPersonArmsVisibility: isFirstPerson=true currentWeapon=knife _lastArmWeaponType=knife @ http://localhost:3001/entities/Player.js:811
[  130324ms] [LOG] [Player] updateFirstPersonArmsVisibility: isFirstPerson=true currentWeapon=knife _lastArmWeaponType=knife @ http://localhost:3001/entities/Player.js:811
[  130397ms] [LOG] [Player] updateFirstPersonArmsVisibility: isFirstPerson=true currentWeapon=knife _lastArmWeaponType=knife @ http://localhost:3001/entities/Player.js:811
[  130481ms] [LOG] [Player] updateFirstPersonArmsVisibility: isFirstPerson=true currentWeapon=knife _lastArmWeaponType=knife @ http://localhost:3001/entities/Player.js:811
[  130560ms] [LOG] [Player] updateFirstPersonArmsVisibility: isFirstPerson=true currentWeapon=knife _lastArmWeaponType=knife @ http://localhost:3001/entities/Player.js:811
[  130620ms] [LOG] [Player] updateFirstPersonArmsVisibility: isFirstPerson=true currentWeapon=knife _lastArmWeaponType=knife @ http://localhost:3001/entities/Player.js:811
[  130649ms] [LOG] [Player] updateFirstPersonArmsVisibility: isFirstPerson=true currentWeapon=knife _lastArmWeaponType=knife @ http://localhost:3001/entities/Player.js:811
[  130842ms] [LOG] [Player] updateFirstPersonArmsVisibility: isFirstPerson=true currentWeapon=knife _lastArmWeaponType=knife @ http://localhost:3001/entities/Player.js:811
[  131031ms] [LOG] [Player] updateFirstPersonArmsVisibility: isFirstPerson=true currentWeapon=knife _lastArmWeaponType=knife @ http://localhost:3001/entities/Player.js:811
[  131232ms] [LOG] [Player] updateFirstPersonArmsVisibility: isFirstPerson=true currentWeapon=knife _lastArmWeaponType=knife @ http://localhost:3001/entities/Player.js:811
[  131442ms] [LOG] [Player] updateFirstPersonArmsVisibility: isFirstPerson=true currentWeapon=knife _lastArmWeaponType=knife @ http://localhost:3001/entities/Player.js:811
[  131586ms] [LOG] [Player] updateFirstPersonArmsVisibility: isFirstPerson=true currentWeapon=knife _lastArmWeaponType=knife @ http://localhost:3001/entities/Player.js:811
[  131740ms] [LOG] [Player] updateFirstPersonArmsVisibility: isFirstPerson=true currentWeapon=knife _lastArmWeaponType=knife @ http://localhost:3001/entities/Player.js:811
[  131879ms] [LOG] [Player] updateFirstPersonArmsVisibility: isFirstPerson=true currentWeapon=knife _lastArmWeaponType=knife @ http://localhost:3001/entities/Player.js:811
[  133364ms] [LOG] [Player] updateFirstPersonArmsVisibility: isFirstPerson=true currentWeapon=knife _lastArmWeaponType=knife @ http://localhost:3001/entities/Player.js:811
[  134274ms] [LOG] [Player] updateFirstPersonArmsVisibility: isFirstPerson=true currentWeapon=knife _lastArmWeaponType=knife @ http://localhost:3001/entities/Player.js:811
[  134356ms] [LOG] [Player] updateFirstPersonArmsVisibility: isFirstPerson=true currentWeapon=knife _lastArmWeaponType=knife @ http://localhost:3001/entities/Player.js:811
[  134495ms] [LOG] [Player] updateFirstPersonArmsVisibility: isFirstPerson=true currentWeapon=knife _lastArmWeaponType=knife @ http://localhost:3001/entities/Player.js:811
[  134698ms] [LOG] [Player] updateFirstPersonArmsVisibility: isFirstPerson=true currentWeapon=knife _lastArmWeaponType=knife @ http://localhost:3001/entities/Player.js:811
[  134825ms] [LOG] [Player] updateFirstPersonArmsVisibility: isFirstPerson=true currentWeapon=knife _lastArmWeaponType=knife @ http://localhost:3001/entities/Player.js:811
[  134947ms] [LOG] [Player] updateFirstPersonArmsVisibility: isFirstPerson=true currentWeapon=knife _lastArmWeaponType=knife @ http://localhost:3001/entities/Player.js:811
[  135101ms] [LOG] [Player] updateFirstPersonArmsVisibility: isFirstPerson=true currentWeapon=knife _lastArmWeaponType=knife @ http://localhost:3001/entities/Player.js:811
[  135335ms] [LOG] [Player] updateFirstPersonArmsVisibility: isFirstPerson=true currentWeapon=knife _lastArmWeaponType=knife @ http://localhost:3001/entities/Player.js:811
[  135419ms] [LOG] [Player] updateFirstPersonArmsVisibility: isFirstPerson=true currentWeapon=knife _lastArmWeaponType=knife @ http://localhost:3001/entities/Player.js:811
[  135530ms] [LOG] [Player] updateFirstPersonArmsVisibility: isFirstPerson=true currentWeapon=knife _lastArmWeaponType=knife @ http://localhost:3001/entities/Player.js:811
[  135712ms] [LOG] [Player] updateFirstPersonArmsVisibility: isFirstPerson=true currentWeapon=knife _lastArmWeaponType=knife @ http://localhost:3001/entities/Player.js:811
[  135811ms] [LOG] [Player] updateFirstPersonArmsVisibility: isFirstPerson=true currentWeapon=knife _lastArmWeaponType=knife @ http://localhost:3001/entities/Player.js:811
[  135920ms] [LOG] [Player] updateFirstPersonArmsVisibility: isFirstPerson=true currentWeapon=knife _lastArmWeaponType=knife @ http://localhost:3001/entities/Player.js:811
[  136002ms] [LOG] [Player] updateFirstPersonArmsVisibility: isFirstPerson=true currentWeapon=knife _lastArmWeaponType=knife @ http://localhost:3001/entities/Player.js:811
[  136122ms] [LOG] [Player] updateFirstPersonArmsVisibility: isFirstPerson=true currentWeapon=knife _lastArmWeaponType=knife @ http://localhost:3001/entities/Player.js:811
[  136197ms] [LOG] [Player] updateFirstPersonArmsVisibility: isFirstPerson=true currentWeapon=knife _lastArmWeaponType=knife @ http://localhost:3001/entities/Player.js:811
[  136251ms] [LOG] [Player] updateFirstPersonArmsVisibility: isFirstPerson=true currentWeapon=knife _lastArmWeaponType=knife @ http://localhost:3001/entities/Player.js:811
[  136324ms] [LOG] [Player] updateFirstPersonArmsVisibility: isFirstPerson=true currentWeapon=knife _lastArmWeaponType=knife @ http://localhost:3001/entities/Player.js:811
[  136385ms] [LOG] [Player] updateFirstPersonArmsVisibility: isFirstPerson=true currentWeapon=knife _lastArmWeaponType=knife @ http://localhost:3001/entities/Player.js:811
[  136442ms] [LOG] [Player] updateFirstPersonArmsVisibility: isFirstPerson=true currentWeapon=knife _lastArmWeaponType=knife @ http://localhost:3001/entities/Player.js:811
[  136510ms] [LOG] [Player] updateFirstPersonArmsVisibility: isFirstPerson=true currentWeapon=knife _lastArmWeaponType=knife @ http://localhost:3001/entities/Player.js:811
[  136588ms] [LOG] [Player] updateFirstPersonArmsVisibility: isFirstPerson=true currentWeapon=knife _lastArmWeaponType=knife @ http://localhost:3001/entities/Player.js:811
[  136682ms] [LOG] [Player] updateFirstPersonArmsVisibility: isFirstPerson=true currentWeapon=knife _lastArmWeaponType=knife @ http://localhost:3001/entities/Player.js:811
[  136752ms] [LOG] [Player] updateFirstPersonArmsVisibility: isFirstPerson=true currentWeapon=knife _lastArmWeaponType=knife @ http://localhost:3001/entities/Player.js:811
[  136885ms] [LOG] [Player] updateFirstPersonArmsVisibility: isFirstPerson=true currentWeapon=knife _lastArmWeaponType=knife @ http://localhost:3001/entities/Player.js:811
[  136885ms] [LOG] [CameraController] playerPos=46.00,4.04,0.00 targetY=4.19 camPos=46.00,4.19,0.00 @ http://localhost:3001/core/CameraController.js:240
[  137025ms] [LOG] [Player] updateFirstPersonArmsVisibility: isFirstPerson=true currentWeapon=knife _lastArmWeaponType=knife @ http://localhost:3001/entities/Player.js:811
[  137256ms] [LOG] [Player] updateFirstPersonArmsVisibility: isFirstPerson=true currentWeapon=knife _lastArmWeaponType=knife @ http://localhost:3001/entities/Player.js:811
[  137849ms] [LOG] [Player] updateFirstPersonArmsVisibility: isFirstPerson=true currentWeapon=knife _lastArmWeaponType=knife @ http://localhost:3001/entities/Player.js:811
[  138634ms] [LOG] [Player] updateFirstPersonArmsVisibility: isFirstPerson=true currentWeapon=knife _lastArmWeaponType=knife @ http://localhost:3001/entities/Player.js:811
[  139024ms] [LOG] [Player] updateFirstPersonArmsVisibility: isFirstPerson=true currentWeapon=knife _lastArmWeaponType=knife @ http://localhost:3001/entities/Player.js:811
[  139108ms] [LOG] [Player] updateFirstPersonArmsVisibility: isFirstPerson=true currentWeapon=knife _lastArmWeaponType=knife @ http://localhost:3001/entities/Player.js:811
[  139275ms] [LOG] [Player] updateFirstPersonArmsVisibility: isFirstPerson=true currentWeapon=knife _lastArmWeaponType=knife @ http://localhost:3001/entities/Player.js:811
[  139405ms] [LOG] [Player] updateFirstPersonArmsVisibility: isFirstPerson=true currentWeapon=knife _lastArmWeaponType=knife @ http://localhost:3001/entities/Player.js:811
[  139471ms] [LOG] [Player] updateFirstPersonArmsVisibility: isFirstPerson=true currentWeapon=knife _lastArmWeaponType=knife @ http://localhost:3001/entities/Player.js:811
[  139782ms] [LOG] [Player] updateFirstPersonArmsVisibility: isFirstPerson=true currentWeapon=knife _lastArmWeaponType=knife @ http://localhost:3001/entities/Player.js:811
[  140159ms] [LOG] [Player] updateFirstPersonArmsVisibility: isFirstPerson=true currentWeapon=knife _lastArmWeaponType=knife @ http://localhost:3001/entities/Player.js:811
[  140597ms] [LOG] [Player] updateFirstPersonArmsVisibility: isFirstPerson=true currentWeapon=knife _lastArmWeaponType=knife @ http://localhost:3001/entities/Player.js:811
[  141039ms] [LOG] [Player] updateFirstPersonArmsVisibility: isFirstPerson=true currentWeapon=knife _lastArmWeaponType=knife @ http://localhost:3001/entities/Player.js:811
[  141522ms] [LOG] [Player] updateFirstPersonArmsVisibility: isFirstPerson=true currentWeapon=knife _lastArmWeaponType=knife @ http://localhost:3001/entities/Player.js:811
[  142155ms] [LOG] [Player] updateFirstPersonArmsVisibility: isFirstPerson=true currentWeapon=knife _lastArmWeaponType=knife @ http://localhost:3001/entities/Player.js:811
[  142325ms] [LOG] [Player] updateFirstPersonArmsVisibility: isFirstPerson=true currentWeapon=knife _lastArmWeaponType=knife @ http://localhost:3001/entities/Player.js:811
[  142480ms] [LOG] [Player] updateFirstPersonArmsVisibility: isFirstPerson=true currentWeapon=knife _lastArmWeaponType=knife @ http://localhost:3001/entities/Player.js:811
[  142607ms] [LOG] [Player] updateFirstPersonArmsVisibility: isFirstPerson=true currentWeapon=knife _lastArmWeaponType=knife @ http://localhost:3001/entities/Player.js:811
[  143212ms] [LOG] [Player] updateFirstPersonArmsVisibility: isFirstPerson=true currentWeapon=knife _lastArmWeaponType=knife @ http://localhost:3001/entities/Player.js:811
[  143656ms] [LOG] [Player] updateFirstPersonArmsVisibility: isFirstPerson=true currentWeapon=knife _lastArmWeaponType=knife @ http://localhost:3001/entities/Player.js:811
[  143795ms] [LOG] [Player] updateFirstPersonArmsVisibility: isFirstPerson=true currentWeapon=knife _lastArmWeaponType=knife @ http://localhost:3001/entities/Player.js:811
[  144088ms] [LOG] [Player] updateFirstPersonArmsVisibility: isFirstPerson=true currentWeapon=knife _lastArmWeaponType=knife @ http://localhost:3001/entities/Player.js:811
[  144476ms] [LOG] [Player] updateFirstPersonArmsVisibility: isFirstPerson=true currentWeapon=knife _lastArmWeaponType=knife @ http://localhost:3001/entities/Player.js:811
[  144939ms] [LOG] [Player] updateFirstPersonArmsVisibility: isFirstPerson=true currentWeapon=knife _lastArmWeaponType=knife @ http://localhost:3001/entities/Player.js:811
[  146413ms] [LOG] [Player] updateFirstPersonArmsVisibility: isFirstPerson=true currentWeapon=knife _lastArmWeaponType=knife @ http://localhost:3001/entities/Player.js:811
[  157657ms] [LOG] [Player] updateFirstPersonArmsVisibility: isFirstPerson=true currentWeapon=knife _lastArmWeaponType=knife @ http://localhost:3001/entities/Player.js:811
[  167218ms] [LOG] [Player] updateFirstPersonArmsVisibility: isFirstPerson=true currentWeapon=knife _lastArmWeaponType=knife @ http://localhost:3001/entities/Player.js:811
[  183039ms] [LOG] [Player] updateFirstPersonArmsVisibility: isFirstPerson=true currentWeapon=knife _lastArmWeaponType=knife @ http://localhost:3001/entities/Player.js:811
[  185400ms] [LOG] [Player] updateFirstPersonArmsVisibility: isFirstPerson=true currentWeapon=knife _lastArmWeaponType=knife @ http://localhost:3001/entities/Player.js:811
[  185551ms] [LOG] [Player] updateFirstPersonArmsVisibility: isFirstPerson=true currentWeapon=knife _lastArmWeaponType=knife @ http://localhost:3001/entities/Player.js:811
[  185947ms] [LOG] [Player] updateFirstPersonArmsVisibility: isFirstPerson=true currentWeapon=knife _lastArmWeaponType=knife @ http://localhost:3001/entities/Player.js:811
[  186143ms] [LOG] [Player] updateFirstPersonArmsVisibility: isFirstPerson=true currentWeapon=knife _lastArmWeaponType=knife @ http://localhost:3001/entities/Player.js:811
[  187283ms] [LOG] [Player] updateFirstPersonArmsVisibility: isFirstPerson=true currentWeapon=knife _lastArmWeaponType=knife @ http://localhost:3001/entities/Player.js:811
[  187443ms] [LOG] [Player] updateFirstPersonArmsVisibility: isFirstPerson=true currentWeapon=knife _lastArmWeaponType=knife @ http://localhost:3001/entities/Player.js:811
[  187759ms] [LOG] [Player] updateFirstPersonArmsVisibility: isFirstPerson=true currentWeapon=knife _lastArmWeaponType=knife @ http://localhost:3001/entities/Player.js:811
[  187912ms] [LOG] [Player] updateFirstPersonArmsVisibility: isFirstPerson=true currentWeapon=knife _lastArmWeaponType=knife @ http://localhost:3001/entities/Player.js:811
[  188109ms] [LOG] [Player] updateFirstPersonArmsVisibility: isFirstPerson=true currentWeapon=knife _lastArmWeaponType=knife @ http://localhost:3001/entities/Player.js:811
[  188196ms] [LOG] [Player] updateFirstPersonArmsVisibility: isFirstPerson=true currentWeapon=knife _lastArmWeaponType=knife @ http://localhost:3001/entities/Player.js:811
[  188983ms] [LOG] [Player] updateFirstPersonArmsVisibility: isFirstPerson=true currentWeapon=knife _lastArmWeaponType=knife @ http://localhost:3001/entities/Player.js:811
[  190335ms] [LOG] [Player] updateFirstPersonArmsVisibility: isFirstPerson=true currentWeapon=knife _lastArmWeaponType=knife @ http://localhost:3001/entities/Player.js:811
[  190364ms] [LOG] [Player] updateFirstPersonArmsVisibility: isFirstPerson=true currentWeapon=knife _lastArmWeaponType=knife @ http://localhost:3001/entities/Player.js:811
[  190398ms] [LOG] [Player] updateFirstPersonArmsVisibility: isFirstPerson=true currentWeapon=knife _lastArmWeaponType=knife @ http://localhost:3001/entities/Player.js:811
[  190418ms] [LOG] [Player] updateFirstPersonArmsVisibility: isFirstPerson=true currentWeapon=knife _lastArmWeaponType=knife @ http://localhost:3001/entities/Player.js:811
[  190445ms] [LOG] [Player] updateFirstPersonArmsVisibility: isFirstPerson=true currentWeapon=knife _lastArmWeaponType=knife @ http://localhost:3001/entities/Player.js:811
[  190472ms] [LOG] [Player] updateFirstPersonArmsVisibility: isFirstPerson=true currentWeapon=knife _lastArmWeaponType=knife @ http://localhost:3001/entities/Player.js:811
[  190502ms] [LOG] [Player] updateFirstPersonArmsVisibility: isFirstPerson=true currentWeapon=knife _lastArmWeaponType=knife @ http://localhost:3001/entities/Player.js:811
[  190529ms] [LOG] [Player] updateFirstPersonArmsVisibility: isFirstPerson=true currentWeapon=knife _lastArmWeaponType=knife @ http://localhost:3001/entities/Player.js:811
[  190549ms] [LOG] [Player] updateFirstPersonArmsVisibility: isFirstPerson=true currentWeapon=knife _lastArmWeaponType=knife @ http://localhost:3001/entities/Player.js:811
[  190577ms] [LOG] [Player] updateFirstPersonArmsVisibility: isFirstPerson=true currentWeapon=knife _lastArmWeaponType=knife @ http://localhost:3001/entities/Player.js:811
[  190591ms] [LOG] [Player] updateFirstPersonArmsVisibility: isFirstPerson=true currentWeapon=knife _lastArmWeaponType=knife @ http://localhost:3001/entities/Player.js:811
[  190612ms] [LOG] [Player] updateFirstPersonArmsVisibility: isFirstPerson=true currentWeapon=knife _lastArmWeaponType=knife @ http://localhost:3001/entities/Player.js:811
[  190634ms] [LOG] [Player] updateFirstPersonArmsVisibility: isFirstPerson=true currentWeapon=knife _lastArmWeaponType=knife @ http://localhost:3001/entities/Player.js:811
[  190662ms] [LOG] [Player] updateFirstPersonArmsVisibility: isFirstPerson=true currentWeapon=knife _lastArmWeaponType=knife @ http://localhost:3001/entities/Player.js:811
[  190688ms] [LOG] [Player] updateFirstPersonArmsVisibility: isFirstPerson=true currentWeapon=knife _lastArmWeaponType=knife @ http://localhost:3001/entities/Player.js:811
[  190709ms] [LOG] [Player] updateFirstPersonArmsVisibility: isFirstPerson=true currentWeapon=knife _lastArmWeaponType=knife @ http://localhost:3001/entities/Player.js:811
[  190730ms] [LOG] [Player] updateFirstPersonArmsVisibility: isFirstPerson=true currentWeapon=knife _lastArmWeaponType=knife @ http://localhost:3001/entities/Player.js:811
[  190751ms] [LOG] [Player] updateFirstPersonArmsVisibility: isFirstPerson=true currentWeapon=knife _lastArmWeaponType=knife @ http://localhost:3001/entities/Player.js:811
