[     108ms] [LOG] [initGame] START, isMobile: false @ http://localhost:3001/main.js?v=1785341393565:289
[     109ms] [LOG] [initGame] creating scene... @ http://localhost:3001/main.js?v=1785341393565:292
[     109ms] [LOG] [initGame] scene created: true @ http://localhost:3001/main.js?v=1785341393565:294
[     158ms] [LOG] [NodePad] Pad 0: pos=(46.00, 0.00) data=(46.00, 0.00) @ http://localhost:3001/world/MapGeneratorNode.js?v=1783108959290:369
[     158ms] [LOG] [NodePad] Pad 1: pos=(45.91, -2.89) data=(45.91, -2.89) @ http://localhost:3001/world/MapGeneratorNode.js?v=1783108959290:369
[     163ms] [LOG] [MapGenSync] Synced 100 pads from node, first=(46.0, 0.0) second=(45.9, -2.9) @ http://localhost:3001/world/MapGenerator.js:637
[     262ms] [LOG] [MapGenerator] Before filter: 100 pads, first: (46.0, 0.0) @ http://localhost:3001/world/MapGenerator.js:5169
[     262ms] [LOG] [MapGenerator] After filter: 100 pads, first: (46.0, 0.0) second: (45.9, -2.9) @ http://localhost:3001/world/MapGenerator.js:5205
[     268ms] [LOG] [InstancedMesh] Collected 1757 candidate meshes @ http://localhost:3001/world/InstancedMeshSystem.js:24
[     268ms] [LOG] [InstancedMesh] Skipped: noMapGen=0, culled=0, aniInt=276, noGeoKey=0, matKey=0 @ http://localhost:3001/world/InstancedMeshSystem.js:25
[     286ms] [LOG] [InstancedMesh] Groups: 505, Replaced: 1409, Skipped(<2): 348 @ http://localhost:3001/world/InstancedMeshSystem.js:104
[     286ms] [LOG] [MapGenerator] InstancedMesh: 1409 meshes merged into 157 InstancedMesh (total before: 1005, after: 944) @ http://localhost:3001/world/MapGenerator.js:178
[     308ms] [LOG] [LootManager] generateChestsAsync: floorTiles=100, spots=40, chestCount=120 @ http://localhost:3001/items/LootManager.js:257
[     342ms] [LOG] [Player] selectSlot: slot=0 weapon=knife mesh=exists this.mesh=exists socket=exists @ http://localhost:3001/entities/Player.js:843
[     342ms] [LOG] [Player] selectSlot: attached weapon knife to socket, mesh.visible=true @ http://localhost:3001/entities/Player.js:856
[     342ms] [LOG] [Player] updateViewWeapon: currentWeapon=knife fists=fists fpArmsVisible=false @ http://localhost:3001/entities/Player.js:1215
[     342ms] [LOG] [Player] animateViewModelWeapon ENTER type=knife @ http://localhost:3001/entities/Player.js:1140
[     343ms] [LOG] [Player] Weapon created: type=knife mesh=exists @ http://localhost:3001/entities/Player.js:1166
[     343ms] [LOG] [Player] animateViewModelWeapon: viewClone created, hasRotation=yes rot=0.00,0.00,0.00 @ http://localhost:3001/entities/Player.js:1175
[     343ms] [LOG] [Player] animateViewModelWeapon: set rot=0.08,-1.57,0.08 offsetRot=0.08,-1.57,0.08 @ http://localhost:3001/entities/Player.js:1197
[     343ms] [LOG] [Player] animateViewModelWeapon: baseRot= 0.08,-1.57,0.08 type=Euler @ http://localhost:3001/entities/Player.js:1203
[     343ms] [LOG] [Player] updateViewWeapon: currentWeapon=knife fists=fists fpArmsVisible=true @ http://localhost:3001/entities/Player.js:1215
[     344ms] [LOG] [SpawnDebug] Total pads=100 BotPads=99 First=(46.0, 0.0) Second=(45.9, -2.9) Last=(45.9, 2.9) @ http://localhost:3001/main.js?v=1785341393565:621
[     344ms] [LOG] [SpawnDebug] Bot 0: pad=(45.91, -2.89) spawn=(45.91, -2.89) distFromCenter=46.00 @ http://localhost:3001/main.js?v=1785341393565:633
[     345ms] [LOG] [SpawnDebug] Bot 1: pad=(45.64, -5.77) spawn=(45.64, -5.77) distFromCenter=46.00 @ http://localhost:3001/main.js?v=1785341393565:633
[     346ms] [LOG] [SpawnDebug] Bot 2: pad=(45.19, -8.62) spawn=(45.19, -8.62) distFromCenter=46.00 @ http://localhost:3001/main.js?v=1785341393565:633
[     391ms] [LOG] [initGame] done: true true true @ http://localhost:3001/main.js?v=1785341393565:570
[     402ms] [LOG] [LootManager] floorTiles path: created 40 chests @ http://localhost:3001/items/LootManager.js:299
[     402ms] [LOG] [LootManager] random fallback path, chestCount=120 @ http://localhost:3001/items/LootManager.js:308
[     674ms] [LOG] [Player] viewWeapon pos=0.25,-0.34,-0.80 rot=NaN,NaN,NaN visible=true fpArmsPos=0.00,0.00,0.00 @ http://localhost:3001/entities/Player.js:742
[     703ms] [LOG] [Player] viewWeapon pos=0.25,-0.34,-0.80 rot=NaN,NaN,NaN visible=true fpArmsPos=0.00,0.00,0.00 @ http://localhost:3001/entities/Player.js:742
[     720ms] [LOG] [LootManager] random fallback: created 120 chests @ http://localhost:3001/items/LootManager.js:336
[     722ms] [LOG] [LootManager] Generated 120 chests @ http://localhost:3001/items/LootManager.js:44
[     723ms] [LOG] [Player] viewWeapon pos=0.25,-0.34,-0.80 rot=NaN,NaN,NaN visible=true fpArmsPos=0.00,0.00,0.00 @ http://localhost:3001/entities/Player.js:742
[     755ms] [LOG] [Player] viewWeapon pos=0.25,-0.34,-0.80 rot=NaN,NaN,NaN visible=true fpArmsPos=0.00,0.00,0.00 @ http://localhost:3001/entities/Player.js:742
[     768ms] [LOG] [Player] viewWeapon pos=0.25,-0.34,-0.80 rot=NaN,NaN,NaN visible=true fpArmsPos=0.00,0.00,0.00 @ http://localhost:3001/entities/Player.js:742
[     781ms] [LOG] [Player] viewWeapon pos=0.25,-0.34,-0.80 rot=NaN,NaN,NaN visible=true fpArmsPos=0.00,0.00,0.00 @ http://localhost:3001/entities/Player.js:742
[     796ms] [LOG] [Player] viewWeapon pos=0.25,-0.34,-0.80 rot=NaN,NaN,NaN visible=true fpArmsPos=0.00,0.00,0.00 @ http://localhost:3001/entities/Player.js:742
[     808ms] [LOG] [Player] viewWeapon pos=0.25,-0.34,-0.80 rot=NaN,NaN,NaN visible=true fpArmsPos=0.00,0.00,0.00 @ http://localhost:3001/entities/Player.js:742
[     823ms] [LOG] [Player] viewWeapon pos=0.25,-0.34,-0.80 rot=NaN,NaN,NaN visible=true fpArmsPos=0.00,0.00,0.00 @ http://localhost:3001/entities/Player.js:742
[     823ms] [LOG] [Player] after applyToMesh: rot=NaN,NaN,NaN baseRot=undef @ http://localhost:3001/entities/Player.js:781
[     834ms] [LOG] [Player] viewWeapon pos=0.25,-0.34,-0.80 rot=NaN,NaN,NaN visible=true fpArmsPos=0.00,0.00,0.00 @ http://localhost:3001/entities/Player.js:742
[     848ms] [LOG] [Player] viewWeapon pos=0.25,-0.34,-0.80 rot=NaN,NaN,NaN visible=true fpArmsPos=0.00,0.00,0.00 @ http://localhost:3001/entities/Player.js:742
[     858ms] [LOG] [Player] viewWeapon pos=0.25,-0.34,-0.80 rot=NaN,NaN,NaN visible=true fpArmsPos=0.00,0.00,0.00 @ http://localhost:3001/entities/Player.js:742
[     876ms] [LOG] [Player] viewWeapon pos=0.25,-0.34,-0.80 rot=NaN,NaN,NaN visible=true fpArmsPos=0.00,0.00,0.00 @ http://localhost:3001/entities/Player.js:742
[     876ms] [LOG] [Player] after applyToMesh: rot=NaN,NaN,NaN baseRot=undef @ http://localhost:3001/entities/Player.js:781
[     886ms] [LOG] [Player] viewWeapon pos=0.25,-0.34,-0.80 rot=NaN,NaN,NaN visible=true fpArmsPos=0.00,0.00,0.00 @ http://localhost:3001/entities/Player.js:742
[     886ms] [LOG] [Player] after applyToMesh: rot=NaN,NaN,NaN baseRot=undef @ http://localhost:3001/entities/Player.js:781
[     896ms] [LOG] [Player] viewWeapon pos=0.25,-0.34,-0.80 rot=NaN,NaN,NaN visible=true fpArmsPos=0.00,0.00,0.00 @ http://localhost:3001/entities/Player.js:742
[     896ms] [LOG] [Player] after applyToMesh: rot=NaN,NaN,NaN baseRot=undef @ http://localhost:3001/entities/Player.js:781
[     904ms] [LOG] [Player] viewWeapon pos=0.25,-0.34,-0.80 rot=NaN,NaN,NaN visible=true fpArmsPos=0.00,0.00,0.00 @ http://localhost:3001/entities/Player.js:742
[     904ms] [LOG] [Player] after applyToMesh: rot=NaN,NaN,NaN baseRot=undef @ http://localhost:3001/entities/Player.js:781
[     913ms] [LOG] [Player] viewWeapon pos=0.25,-0.34,-0.80 rot=NaN,NaN,NaN visible=true fpArmsPos=0.00,0.00,0.00 @ http://localhost:3001/entities/Player.js:742
[     923ms] [LOG] [Player] viewWeapon pos=0.25,-0.34,-0.80 rot=NaN,NaN,NaN visible=true fpArmsPos=0.00,0.00,0.00 @ http://localhost:3001/entities/Player.js:742
[     933ms] [LOG] [Player] viewWeapon pos=0.25,-0.34,-0.80 rot=NaN,NaN,NaN visible=true fpArmsPos=0.00,0.00,0.00 @ http://localhost:3001/entities/Player.js:742
[     941ms] [LOG] [Player] viewWeapon pos=0.25,-0.34,-0.80 rot=NaN,NaN,NaN visible=true fpArmsPos=0.00,0.00,0.00 @ http://localhost:3001/entities/Player.js:742
[     949ms] [LOG] [Player] viewWeapon pos=0.25,-0.34,-0.80 rot=NaN,NaN,NaN visible=true fpArmsPos=0.00,0.00,0.00 @ http://localhost:3001/entities/Player.js:742
[     957ms] [LOG] [Player] viewWeapon pos=0.25,-0.34,-0.80 rot=NaN,NaN,NaN visible=true fpArmsPos=0.00,0.00,0.00 @ http://localhost:3001/entities/Player.js:742
[     965ms] [LOG] [Player] viewWeapon pos=0.25,-0.34,-0.80 rot=NaN,NaN,NaN visible=true fpArmsPos=0.00,0.00,0.00 @ http://localhost:3001/entities/Player.js:742
[     973ms] [LOG] [Player] viewWeapon pos=0.25,-0.34,-0.80 rot=NaN,NaN,NaN visible=true fpArmsPos=0.00,0.00,0.00 @ http://localhost:3001/entities/Player.js:742
[     981ms] [LOG] [Player] viewWeapon pos=0.25,-0.34,-0.80 rot=NaN,NaN,NaN visible=true fpArmsPos=0.00,0.00,0.00 @ http://localhost:3001/entities/Player.js:742
[     990ms] [LOG] [Player] viewWeapon pos=0.25,-0.34,-0.80 rot=NaN,NaN,NaN visible=true fpArmsPos=0.00,0.00,0.00 @ http://localhost:3001/entities/Player.js:742
[     990ms] [LOG] [Player] after applyToMesh: rot=NaN,NaN,NaN baseRot=undef @ http://localhost:3001/entities/Player.js:781
[     999ms] [LOG] [Player] viewWeapon pos=0.25,-0.34,-0.80 rot=NaN,NaN,NaN visible=true fpArmsPos=0.00,0.00,0.00 @ http://localhost:3001/entities/Player.js:742
[    1006ms] [LOG] [Player] viewWeapon pos=0.25,-0.34,-0.80 rot=NaN,NaN,NaN visible=true fpArmsPos=0.00,0.00,0.00 @ http://localhost:3001/entities/Player.js:742
[    1014ms] [LOG] [Player] viewWeapon pos=0.25,-0.34,-0.80 rot=NaN,NaN,NaN visible=true fpArmsPos=0.00,0.00,0.00 @ http://localhost:3001/entities/Player.js:742
[    1021ms] [LOG] [Player] viewWeapon pos=0.25,-0.34,-0.80 rot=NaN,NaN,NaN visible=true fpArmsPos=0.00,0.00,0.00 @ http://localhost:3001/entities/Player.js:742
[    1043ms] [LOG] [Player] viewWeapon pos=0.25,-0.34,-0.80 rot=NaN,NaN,NaN visible=true fpArmsPos=0.00,0.00,0.00 @ http://localhost:3001/entities/Player.js:742
[    1051ms] [LOG] [Player] viewWeapon pos=0.25,-0.34,-0.80 rot=NaN,NaN,NaN visible=true fpArmsPos=0.00,0.00,0.00 @ http://localhost:3001/entities/Player.js:742
[    1061ms] [LOG] [Player] viewWeapon pos=0.25,-0.34,-0.80 rot=NaN,NaN,NaN visible=true fpArmsPos=0.00,0.00,0.00 @ http://localhost:3001/entities/Player.js:742
[    1069ms] [LOG] [Player] viewWeapon pos=0.25,-0.34,-0.80 rot=NaN,NaN,NaN visible=true fpArmsPos=0.00,0.00,0.00 @ http://localhost:3001/entities/Player.js:742
[    1076ms] [LOG] [Player] viewWeapon pos=0.25,-0.34,-0.80 rot=NaN,NaN,NaN visible=true fpArmsPos=0.00,0.00,0.00 @ http://localhost:3001/entities/Player.js:742
[    1084ms] [LOG] [Player] viewWeapon pos=0.25,-0.34,-0.80 rot=NaN,NaN,NaN visible=true fpArmsPos=0.00,0.00,0.00 @ http://localhost:3001/entities/Player.js:742
[    1092ms] [LOG] [Player] viewWeapon pos=0.25,-0.34,-0.80 rot=NaN,NaN,NaN visible=true fpArmsPos=0.00,0.00,0.00 @ http://localhost:3001/entities/Player.js:742
[    1100ms] [LOG] [Player] viewWeapon pos=0.25,-0.34,-0.80 rot=NaN,NaN,NaN visible=true fpArmsPos=0.00,0.00,0.00 @ http://localhost:3001/entities/Player.js:742
[    1110ms] [LOG] [Player] viewWeapon pos=0.25,-0.34,-0.80 rot=NaN,NaN,NaN visible=true fpArmsPos=0.00,0.00,0.00 @ http://localhost:3001/entities/Player.js:742
[    1117ms] [LOG] [Player] viewWeapon pos=0.25,-0.34,-0.80 rot=NaN,NaN,NaN visible=true fpArmsPos=0.00,0.00,0.00 @ http://localhost:3001/entities/Player.js:742
[    1124ms] [LOG] [Player] viewWeapon pos=0.25,-0.34,-0.80 rot=NaN,NaN,NaN visible=true fpArmsPos=0.00,0.00,0.00 @ http://localhost:3001/entities/Player.js:742
[    1133ms] [LOG] [Player] viewWeapon pos=0.25,-0.34,-0.80 rot=NaN,NaN,NaN visible=true fpArmsPos=0.00,0.00,0.00 @ http://localhost:3001/entities/Player.js:742
[    1141ms] [LOG] [Player] viewWeapon pos=0.25,-0.34,-0.80 rot=NaN,NaN,NaN visible=true fpArmsPos=0.00,0.00,0.00 @ http://localhost:3001/entities/Player.js:742
[    1142ms] [LOG] [Weapon] applyToMesh: recoilAngle=0.1 swayX=0 swayY=0 time=0.5000000000000001 baseRot={x:undefined,y:undefined,z:undefined} type=object @ http://localhost:3001/items/Weapon.js:220
[    1150ms] [LOG] [Player] viewWeapon pos=0.25,-0.34,-0.80 rot=NaN,NaN,NaN visible=true fpArmsPos=0.00,0.00,0.00 @ http://localhost:3001/entities/Player.js:742
[    1150ms] [LOG] [Weapon] applyToMesh: recoilAngle=0.1 swayX=0 swayY=0 time=0.5085000000000001 baseRot={x:undefined,y:undefined,z:undefined} type=object @ http://localhost:3001/items/Weapon.js:220
[    1162ms] [LOG] [Player] viewWeapon pos=0.25,-0.34,-0.80 rot=NaN,NaN,NaN visible=true fpArmsPos=0.00,0.00,0.00 @ http://localhost:3001/entities/Player.js:742
[    1162ms] [LOG] [Weapon] applyToMesh: recoilAngle=0.1 swayX=0 swayY=0 time=0.520199999999255 baseRot={x:undefined,y:undefined,z:undefined} type=object @ http://localhost:3001/items/Weapon.js:220
[    1170ms] [LOG] [Player] viewWeapon pos=0.25,-0.34,-0.80 rot=NaN,NaN,NaN visible=true fpArmsPos=0.00,0.00,0.00 @ http://localhost:3001/entities/Player.js:742
[    1170ms] [LOG] [Weapon] applyToMesh: recoilAngle=0.1 swayX=0 swayY=0 time=0.5285999999996276 baseRot={x:undefined,y:undefined,z:undefined} type=object @ http://localhost:3001/items/Weapon.js:220
[    1181ms] [LOG] [Player] viewWeapon pos=0.25,-0.34,-0.80 rot=NaN,NaN,NaN visible=true fpArmsPos=0.00,0.00,0.00 @ http://localhost:3001/entities/Player.js:742
[    1182ms] [LOG] [Weapon] applyToMesh: recoilAngle=0.1 swayX=0 swayY=0 time=0.5400000000000001 baseRot={x:undefined,y:undefined,z:undefined} type=object @ http://localhost:3001/items/Weapon.js:220
[    1191ms] [LOG] [Player] viewWeapon pos=0.25,-0.34,-0.80 rot=NaN,NaN,NaN visible=true fpArmsPos=0.00,0.00,0.00 @ http://localhost:3001/entities/Player.js:742
[    1192ms] [LOG] [Weapon] applyToMesh: recoilAngle=0.1 swayX=0 swayY=0 time=0.5500999999996277 baseRot={x:undefined,y:undefined,z:undefined} type=object @ http://localhost:3001/items/Weapon.js:220
[    1192ms] [LOG] [Player] after applyToMesh: rot=NaN,NaN,NaN baseRot=undef @ http://localhost:3001/entities/Player.js:781
[    1200ms] [LOG] [Player] viewWeapon pos=0.25,-0.34,-0.80 rot=NaN,NaN,NaN visible=true fpArmsPos=0.00,0.00,0.00 @ http://localhost:3001/entities/Player.js:742
[    1201ms] [LOG] [Weapon] applyToMesh: recoilAngle=0.1 swayX=0 swayY=0 time=0.5590000000000002 baseRot={x:undefined,y:undefined,z:undefined} type=object @ http://localhost:3001/items/Weapon.js:220
[    1210ms] [LOG] [Player] viewWeapon pos=0.25,-0.34,-0.80 rot=NaN,NaN,NaN visible=true fpArmsPos=0.00,0.00,0.00 @ http://localhost:3001/entities/Player.js:742
[    1210ms] [LOG] [Weapon] applyToMesh: recoilAngle=0.1 swayX=0 swayY=0 time=0.5687999999998139 baseRot={x:undefined,y:undefined,z:undefined} type=object @ http://localhost:3001/items/Weapon.js:220
[    1219ms] [LOG] [Player] viewWeapon pos=0.25,-0.34,-0.80 rot=NaN,NaN,NaN visible=true fpArmsPos=0.00,0.00,0.00 @ http://localhost:3001/entities/Player.js:742
[    1220ms] [LOG] [Weapon] applyToMesh: recoilAngle=0.1 swayX=0 swayY=0 time=0.5781999999992551 baseRot={x:undefined,y:undefined,z:undefined} type=object @ http://localhost:3001/items/Weapon.js:220
[    1228ms] [LOG] [Player] viewWeapon pos=0.25,-0.34,-0.80 rot=NaN,NaN,NaN visible=true fpArmsPos=0.00,0.00,0.00 @ http://localhost:3001/entities/Player.js:742
[    1228ms] [LOG] [Weapon] applyToMesh: recoilAngle=0.1 swayX=0 swayY=0 time=0.5862999999998139 baseRot={x:undefined,y:undefined,z:undefined} type=object @ http://localhost:3001/items/Weapon.js:220
[    1235ms] [LOG] [Player] viewWeapon pos=0.25,-0.34,-0.80 rot=NaN,NaN,NaN visible=true fpArmsPos=0.00,0.00,0.00 @ http://localhost:3001/entities/Player.js:742
[    1235ms] [LOG] [Weapon] applyToMesh: recoilAngle=0.1 swayX=0 swayY=0 time=0.5932999999998139 baseRot={x:undefined,y:undefined,z:undefined} type=object @ http://localhost:3001/items/Weapon.js:220
[    1242ms] [LOG] [Player] viewWeapon pos=0.25,-0.34,-0.80 rot=NaN,NaN,NaN visible=true fpArmsPos=0.00,0.00,0.00 @ http://localhost:3001/entities/Player.js:742
[    1242ms] [LOG] [Weapon] applyToMesh: recoilAngle=0.1 swayX=0 swayY=0 time=0.6008999999994413 baseRot={x:undefined,y:undefined,z:undefined} type=object @ http://localhost:3001/items/Weapon.js:220
[    1250ms] [LOG] [Player] viewWeapon pos=0.25,-0.34,-0.80 rot=NaN,NaN,NaN visible=true fpArmsPos=0.00,0.00,0.00 @ http://localhost:3001/entities/Player.js:742
[    1250ms] [LOG] [Weapon] applyToMesh: recoilAngle=0.1 swayX=0 swayY=0 time=0.6083999999994413 baseRot={x:undefined,y:undefined,z:undefined} type=object @ http://localhost:3001/items/Weapon.js:220
[    1258ms] [LOG] [Player] viewWeapon pos=0.25,-0.34,-0.80 rot=NaN,NaN,NaN visible=true fpArmsPos=0.00,0.00,0.00 @ http://localhost:3001/entities/Player.js:742
[    1258ms] [LOG] [Weapon] applyToMesh: recoilAngle=0.1 swayX=0 swayY=0 time=0.6165999999996276 baseRot={x:undefined,y:undefined,z:undefined} type=object @ http://localhost:3001/items/Weapon.js:220
[    1265ms] [LOG] [Player] viewWeapon pos=0.25,-0.34,-0.80 rot=NaN,NaN,NaN visible=true fpArmsPos=0.00,0.00,0.00 @ http://localhost:3001/entities/Player.js:742
[    1265ms] [LOG] [Weapon] applyToMesh: recoilAngle=0.1 swayX=0 swayY=0 time=0.6236999999992551 baseRot={x:undefined,y:undefined,z:undefined} type=object @ http://localhost:3001/items/Weapon.js:220
[    1273ms] [LOG] [Player] viewWeapon pos=0.25,-0.34,-0.80 rot=NaN,NaN,NaN visible=true fpArmsPos=0.00,0.00,0.00 @ http://localhost:3001/entities/Player.js:742
[    1273ms] [LOG] [Weapon] applyToMesh: recoilAngle=0.1 swayX=0 swayY=0 time=0.6316999999992551 baseRot={x:undefined,y:undefined,z:undefined} type=object @ http://localhost:3001/items/Weapon.js:220
[    1280ms] [LOG] [Player] viewWeapon pos=0.25,-0.34,-0.80 rot=NaN,NaN,NaN visible=true fpArmsPos=0.00,0.00,0.00 @ http://localhost:3001/entities/Player.js:742
[    1280ms] [LOG] [Weapon] applyToMesh: recoilAngle=0.1 swayX=0 swayY=0 time=0.6385000000000002 baseRot={x:undefined,y:undefined,z:undefined} type=object @ http://localhost:3001/items/Weapon.js:220
[    1287ms] [LOG] [Player] viewWeapon pos=0.25,-0.34,-0.80 rot=NaN,NaN,NaN visible=true fpArmsPos=0.00,0.00,0.00 @ http://localhost:3001/entities/Player.js:742
[    1287ms] [LOG] [Weapon] applyToMesh: recoilAngle=0.1 swayX=0 swayY=0 time=0.6451999999992551 baseRot={x:undefined,y:undefined,z:undefined} type=object @ http://localhost:3001/items/Weapon.js:220
[    1294ms] [LOG] [Player] viewWeapon pos=0.25,-0.34,-0.80 rot=NaN,NaN,NaN visible=true fpArmsPos=0.00,0.00,0.00 @ http://localhost:3001/entities/Player.js:742
[    1294ms] [LOG] [Weapon] applyToMesh: recoilAngle=0.1 swayX=0 swayY=0 time=0.6523999999994414 baseRot={x:undefined,y:undefined,z:undefined} type=object @ http://localhost:3001/items/Weapon.js:220
[    1301ms] [LOG] [Player] viewWeapon pos=0.25,-0.34,-0.80 rot=NaN,NaN,NaN visible=true fpArmsPos=0.00,0.00,0.00 @ http://localhost:3001/entities/Player.js:742
[    1301ms] [LOG] [Weapon] applyToMesh: recoilAngle=0.1 swayX=0 swayY=0 time=0.6595999999996277 baseRot={x:undefined,y:undefined,z:undefined} type=object @ http://localhost:3001/items/Weapon.js:220
[    1309ms] [LOG] [Player] viewWeapon pos=0.25,-0.34,-0.80 rot=NaN,NaN,NaN visible=true fpArmsPos=0.00,0.00,0.00 @ http://localhost:3001/entities/Player.js:742
[    1309ms] [LOG] [Weapon] applyToMesh: recoilAngle=0.1 swayX=0 swayY=0 time=0.667799999999814 baseRot={x:undefined,y:undefined,z:undefined} type=object @ http://localhost:3001/items/Weapon.js:220
[    1316ms] [LOG] [Player] viewWeapon pos=0.25,-0.34,-0.80 rot=NaN,NaN,NaN visible=true fpArmsPos=0.00,0.00,0.00 @ http://localhost:3001/entities/Player.js:742
[    1316ms] [LOG] [Weapon] applyToMesh: recoilAngle=0.1 swayX=0 swayY=0 time=0.6743999999994414 baseRot={x:undefined,y:undefined,z:undefined} type=object @ http://localhost:3001/items/Weapon.js:220
[    1323ms] [LOG] [Player] viewWeapon pos=0.25,-0.34,-0.80 rot=NaN,NaN,NaN visible=true fpArmsPos=0.00,0.00,0.00 @ http://localhost:3001/entities/Player.js:742
[    1323ms] [LOG] [Weapon] applyToMesh: recoilAngle=0.1 swayX=0 swayY=0 time=0.6816999999992552 baseRot={x:undefined,y:undefined,z:undefined} type=object @ http://localhost:3001/items/Weapon.js:220
[    1331ms] [LOG] [Player] viewWeapon pos=0.25,-0.34,-0.80 rot=NaN,NaN,NaN visible=true fpArmsPos=0.00,0.00,0.00 @ http://localhost:3001/entities/Player.js:742
[    1331ms] [LOG] [Weapon] applyToMesh: recoilAngle=0.1 swayX=0 swayY=0 time=0.6891999999992552 baseRot={x:undefined,y:undefined,z:undefined} type=object @ http://localhost:3001/items/Weapon.js:220
[    1331ms] [LOG] [Player] anim: recoilAngle=0.1 swayX=0 swayY=0 time=0.6891999999992552 @ http://localhost:3001/entities/Player.js:780
[    1344ms] [LOG] [Player] viewWeapon pos=0.25,-0.34,-0.80 rot=NaN,NaN,NaN visible=true fpArmsPos=0.00,0.00,0.00 @ http://localhost:3001/entities/Player.js:742
[    1344ms] [LOG] [Weapon] applyToMesh: recoilAngle=0.1 swayX=0 swayY=0 time=0.7020999999996277 baseRot={x:undefined,y:undefined,z:undefined} type=object @ http://localhost:3001/items/Weapon.js:220
[    1358ms] [LOG] [Player] viewWeapon pos=0.25,-0.34,-0.80 rot=NaN,NaN,NaN visible=true fpArmsPos=0.00,0.00,0.00 @ http://localhost:3001/entities/Player.js:742
[    1358ms] [LOG] [Weapon] applyToMesh: recoilAngle=0.1 swayX=0 swayY=0 time=0.7163999999994414 baseRot={x:undefined,y:undefined,z:undefined} type=object @ http://localhost:3001/items/Weapon.js:220
[    1367ms] [LOG] [Player] viewWeapon pos=0.25,-0.34,-0.80 rot=NaN,NaN,NaN visible=true fpArmsPos=0.00,0.00,0.00 @ http://localhost:3001/entities/Player.js:742
[    1367ms] [LOG] [Weapon] applyToMesh: recoilAngle=0.1 swayX=0 swayY=0 time=0.7255000000000001 baseRot={x:undefined,y:undefined,z:undefined} type=object @ http://localhost:3001/items/Weapon.js:220
[    1374ms] [LOG] [Player] viewWeapon pos=0.25,-0.34,-0.80 rot=NaN,NaN,NaN visible=true fpArmsPos=0.00,0.00,0.00 @ http://localhost:3001/entities/Player.js:742
[    1375ms] [LOG] [Weapon] applyToMesh: recoilAngle=0.1 swayX=0 swayY=0 time=0.7328999999994413 baseRot={x:undefined,y:undefined,z:undefined} type=object @ http://localhost:3001/items/Weapon.js:220
[    1382ms] [LOG] [Player] viewWeapon pos=0.25,-0.34,-0.80 rot=NaN,NaN,NaN visible=true fpArmsPos=0.00,0.00,0.00 @ http://localhost:3001/entities/Player.js:742
[    1382ms] [LOG] [Weapon] applyToMesh: recoilAngle=0.1 swayX=0 swayY=0 time=0.7405999999996276 baseRot={x:undefined,y:undefined,z:undefined} type=object @ http://localhost:3001/items/Weapon.js:220
[    1389ms] [LOG] [Player] viewWeapon pos=0.25,-0.34,-0.80 rot=NaN,NaN,NaN visible=true fpArmsPos=0.00,0.00,0.00 @ http://localhost:3001/entities/Player.js:742
[    1389ms] [LOG] [Weapon] applyToMesh: recoilAngle=0.1 swayX=0 swayY=0 time=0.7475999999996276 baseRot={x:undefined,y:undefined,z:undefined} type=object @ http://localhost:3001/items/Weapon.js:220
[    1396ms] [LOG] [Player] viewWeapon pos=0.25,-0.34,-0.80 rot=NaN,NaN,NaN visible=true fpArmsPos=0.00,0.00,0.00 @ http://localhost:3001/entities/Player.js:742
[    1396ms] [LOG] [Weapon] applyToMesh: recoilAngle=0.1 swayX=0 swayY=0 time=0.7542999999998138 baseRot={x:undefined,y:undefined,z:undefined} type=object @ http://localhost:3001/items/Weapon.js:220
[    1403ms] [LOG] [Player] viewWeapon pos=0.25,-0.34,-0.80 rot=NaN,NaN,NaN visible=true fpArmsPos=0.00,0.00,0.00 @ http://localhost:3001/entities/Player.js:742
[    1403ms] [LOG] [Weapon] applyToMesh: recoilAngle=0.1 swayX=0 swayY=0 time=0.761199999999255 baseRot={x:undefined,y:undefined,z:undefined} type=object @ http://localhost:3001/items/Weapon.js:220
[    1410ms] [LOG] [Player] viewWeapon pos=0.25,-0.34,-0.80 rot=NaN,NaN,NaN visible=true fpArmsPos=0.00,0.00,0.00 @ http://localhost:3001/entities/Player.js:742
[    1410ms] [LOG] [Weapon] applyToMesh: recoilAngle=0.1 swayX=0 swayY=0 time=0.7690000000000001 baseRot={x:undefined,y:undefined,z:undefined} type=object @ http://localhost:3001/items/Weapon.js:220
[    1420ms] [LOG] [Player] viewWeapon pos=0.25,-0.34,-0.80 rot=NaN,NaN,NaN visible=true fpArmsPos=0.00,0.00,0.00 @ http://localhost:3001/entities/Player.js:742
[    1420ms] [LOG] [Weapon] applyToMesh: recoilAngle=0.1 swayX=0 swayY=0 time=0.7785000000000001 baseRot={x:undefined,y:undefined,z:undefined} type=object @ http://localhost:3001/items/Weapon.js:220
[    1427ms] [LOG] [Player] viewWeapon pos=0.25,-0.34,-0.80 rot=NaN,NaN,NaN visible=true fpArmsPos=0.00,0.00,0.00 @ http://localhost:3001/entities/Player.js:742
[    1427ms] [LOG] [Weapon] applyToMesh: recoilAngle=0.1 swayX=0 swayY=0 time=0.786 baseRot={x:undefined,y:undefined,z:undefined} type=object @ http://localhost:3001/items/Weapon.js:220
[    1439ms] [LOG] [Player] viewWeapon pos=0.25,-0.34,-0.80 rot=NaN,NaN,NaN visible=true fpArmsPos=0.00,0.00,0.00 @ http://localhost:3001/entities/Player.js:742
[    1439ms] [LOG] [Weapon] applyToMesh: recoilAngle=0.1 swayX=0 swayY=0 time=0.797 baseRot={x:undefined,y:undefined,z:undefined} type=object @ http://localhost:3001/items/Weapon.js:220
[    1439ms] [LOG] [Player] after applyToMesh: rot=NaN,NaN,NaN baseRot=undef @ http://localhost:3001/entities/Player.js:781
[    1450ms] [LOG] [Player] viewWeapon pos=0.25,-0.34,-0.80 rot=NaN,NaN,NaN visible=true fpArmsPos=0.00,0.00,0.00 @ http://localhost:3001/entities/Player.js:742
[    1450ms] [LOG] [Weapon] applyToMesh: recoilAngle=0.1 swayX=0 swayY=0 time=0.8085999999996275 baseRot={x:undefined,y:undefined,z:undefined} type=object @ http://localhost:3001/items/Weapon.js:220
[    1460ms] [LOG] [Player] viewWeapon pos=0.25,-0.34,-0.80 rot=NaN,NaN,NaN visible=true fpArmsPos=0.00,0.00,0.00 @ http://localhost:3001/entities/Player.js:742
[    1460ms] [LOG] [Weapon] applyToMesh: recoilAngle=0.1 swayX=0 swayY=0 time=0.8187999999998138 baseRot={x:undefined,y:undefined,z:undefined} type=object @ http://localhost:3001/items/Weapon.js:220
[    1472ms] [LOG] [Player] viewWeapon pos=0.25,-0.34,-0.80 rot=NaN,NaN,NaN visible=true fpArmsPos=0.00,0.00,0.00 @ http://localhost:3001/entities/Player.js:742
[    1473ms] [LOG] [Weapon] applyToMesh: recoilAngle=0.1 swayX=0 swayY=0 time=0.8308999999994413 baseRot={x:undefined,y:undefined,z:undefined} type=object @ http://localhost:3001/items/Weapon.js:220
[    1483ms] [LOG] [Player] viewWeapon pos=0.25,-0.34,-0.80 rot=NaN,NaN,NaN visible=true fpArmsPos=0.00,0.00,0.00 @ http://localhost:3001/entities/Player.js:742
[    1484ms] [LOG] [Weapon] applyToMesh: recoilAngle=0.1 swayX=0 swayY=0 time=0.8420000000000001 baseRot={x:undefined,y:undefined,z:undefined} type=object @ http://localhost:3001/items/Weapon.js:220
[    1494ms] [LOG] [Player] viewWeapon pos=0.25,-0.34,-0.80 rot=NaN,NaN,NaN visible=true fpArmsPos=0.00,0.00,0.00 @ http://localhost:3001/entities/Player.js:742
[    1494ms] [LOG] [Weapon] applyToMesh: recoilAngle=0.1 swayX=0 swayY=0 time=0.852199999999255 baseRot={x:undefined,y:undefined,z:undefined} type=object @ http://localhost:3001/items/Weapon.js:220
[    1504ms] [LOG] [Player] viewWeapon pos=0.25,-0.34,-0.80 rot=NaN,NaN,NaN visible=true fpArmsPos=0.00,0.00,0.00 @ http://localhost:3001/entities/Player.js:742
[    1504ms] [LOG] [Weapon] applyToMesh: recoilAngle=0.1 swayX=0 swayY=0 time=0.8625 baseRot={x:undefined,y:undefined,z:undefined} type=object @ http://localhost:3001/items/Weapon.js:220
[    1515ms] [LOG] [Player] viewWeapon pos=0.25,-0.34,-0.80 rot=NaN,NaN,NaN visible=true fpArmsPos=0.00,0.00,0.00 @ http://localhost:3001/entities/Player.js:742
[    1516ms] [LOG] [Weapon] applyToMesh: recoilAngle=0.1 swayX=0 swayY=0 time=0.874 baseRot={x:undefined,y:undefined,z:undefined} type=object @ http://localhost:3001/items/Weapon.js:220
[    1529ms] [LOG] [Player] viewWeapon pos=0.25,-0.34,-0.80 rot=NaN,NaN,NaN visible=true fpArmsPos=0.00,0.00,0.00 @ http://localhost:3001/entities/Player.js:742
[    1529ms] [LOG] [Weapon] applyToMesh: recoilAngle=0.1 swayX=0 swayY=0 time=0.8871999999992549 baseRot={x:undefined,y:undefined,z:undefined} type=object @ http://localhost:3001/items/Weapon.js:220
[    1539ms] [LOG] [Player] viewWeapon pos=0.25,-0.34,-0.80 rot=NaN,NaN,NaN visible=true fpArmsPos=0.00,0.00,0.00 @ http://localhost:3001/entities/Player.js:742
[    1540ms] [LOG] [Weapon] applyToMesh: recoilAngle=0.1 swayX=0 swayY=0 time=0.898 baseRot={x:undefined,y:undefined,z:undefined} type=object @ http://localhost:3001/items/Weapon.js:220
[    1552ms] [LOG] [Player] viewWeapon pos=0.25,-0.34,-0.80 rot=NaN,NaN,NaN visible=true fpArmsPos=0.00,0.00,0.00 @ http://localhost:3001/entities/Player.js:742
[    1552ms] [LOG] [Weapon] applyToMesh: recoilAngle=0.1 swayX=0 swayY=0 time=0.9101999999992549 baseRot={x:undefined,y:undefined,z:undefined} type=object @ http://localhost:3001/items/Weapon.js:220
[    1563ms] [LOG] [Player] viewWeapon pos=0.25,-0.34,-0.80 rot=NaN,NaN,NaN visible=true fpArmsPos=0.00,0.00,0.00 @ http://localhost:3001/entities/Player.js:742
[    1563ms] [LOG] [Weapon] applyToMesh: recoilAngle=0.1 swayX=0 swayY=0 time=0.921 baseRot={x:undefined,y:undefined,z:undefined} type=object @ http://localhost:3001/items/Weapon.js:220
[    1578ms] [LOG] [Player] viewWeapon pos=0.25,-0.34,-0.80 rot=NaN,NaN,NaN visible=true fpArmsPos=0.00,0.00,0.00 @ http://localhost:3001/entities/Player.js:742
[    1579ms] [LOG] [Weapon] applyToMesh: recoilAngle=0.1 swayX=0 swayY=0 time=0.9367999999998138 baseRot={x:undefined,y:undefined,z:undefined} type=object @ http://localhost:3001/items/Weapon.js:220
[    1592ms] [LOG] [Player] viewWeapon pos=0.25,-0.34,-0.80 rot=NaN,NaN,NaN visible=true fpArmsPos=0.00,0.00,0.00 @ http://localhost:3001/entities/Player.js:742
[    1592ms] [LOG] [Weapon] applyToMesh: recoilAngle=0.1 swayX=0 swayY=0 time=0.9502999999998137 baseRot={x:undefined,y:undefined,z:undefined} type=object @ http://localhost:3001/items/Weapon.js:220
[    1606ms] [LOG] [Player] viewWeapon pos=0.25,-0.34,-0.80 rot=NaN,NaN,NaN visible=true fpArmsPos=0.00,0.00,0.00 @ http://localhost:3001/entities/Player.js:742
[    1606ms] [LOG] [Weapon] applyToMesh: recoilAngle=0.1 swayX=0 swayY=0 time=0.9643999999994413 baseRot={x:undefined,y:undefined,z:undefined} type=object @ http://localhost:3001/items/Weapon.js:220
[    1619ms] [LOG] [Player] viewWeapon pos=0.25,-0.34,-0.80 rot=NaN,NaN,NaN visible=true fpArmsPos=0.00,0.00,0.00 @ http://localhost:3001/entities/Player.js:742
[    1619ms] [LOG] [Weapon] applyToMesh: recoilAngle=0.1 swayX=0 swayY=0 time=0.9770999999996275 baseRot={x:undefined,y:undefined,z:undefined} type=object @ http://localhost:3001/items/Weapon.js:220
[    1632ms] [LOG] [Player] viewWeapon pos=0.25,-0.34,-0.80 rot=NaN,NaN,NaN visible=true fpArmsPos=0.00,0.00,0.00 @ http://localhost:3001/entities/Player.js:742
[    1633ms] [LOG] [Weapon] applyToMesh: recoilAngle=0.1 swayX=0 swayY=0 time=0.9905999999996274 baseRot={x:undefined,y:undefined,z:undefined} type=object @ http://localhost:3001/items/Weapon.js:220
[    1649ms] [LOG] [Player] viewWeapon pos=0.25,-0.34,-0.80 rot=NaN,NaN,NaN visible=true fpArmsPos=0.00,0.00,0.00 @ http://localhost:3001/entities/Player.js:742
[    1649ms] [LOG] [Weapon] applyToMesh: recoilAngle=0.1 swayX=0 swayY=0 time=1.0075 baseRot={x:undefined,y:undefined,z:undefined} type=object @ http://localhost:3001/items/Weapon.js:220
[    1661ms] [LOG] [Player] viewWeapon pos=0.25,-0.34,-0.80 rot=NaN,NaN,NaN visible=true fpArmsPos=0.00,0.00,0.00 @ http://localhost:3001/entities/Player.js:742
[    1662ms] [LOG] [Weapon] applyToMesh: recoilAngle=0.1 swayX=0 swayY=0 time=1.019699999999255 baseRot={x:undefined,y:undefined,z:undefined} type=object @ http://localhost:3001/items/Weapon.js:220
[    1673ms] [LOG] [Player] viewWeapon pos=0.25,-0.34,-0.80 rot=NaN,NaN,NaN visible=true fpArmsPos=0.00,0.00,0.00 @ http://localhost:3001/entities/Player.js:742
[    1673ms] [LOG] [Weapon] applyToMesh: recoilAngle=0.1 swayX=0 swayY=0 time=1.0315999999996277 baseRot={x:undefined,y:undefined,z:undefined} type=object @ http://localhost:3001/items/Weapon.js:220
[    1687ms] [LOG] [Player] viewWeapon pos=0.25,-0.34,-0.80 rot=NaN,NaN,NaN visible=true fpArmsPos=0.00,0.00,0.00 @ http://localhost:3001/entities/Player.js:742
[    1687ms] [LOG] [Weapon] applyToMesh: recoilAngle=0.1 swayX=0 swayY=0 time=1.045299999999814 baseRot={x:undefined,y:undefined,z:undefined} type=object @ http://localhost:3001/items/Weapon.js:220
[    1698ms] [LOG] [Player] viewWeapon pos=0.25,-0.34,-0.80 rot=NaN,NaN,NaN visible=true fpArmsPos=0.00,0.00,0.00 @ http://localhost:3001/entities/Player.js:742
[    1698ms] [LOG] [Weapon] applyToMesh: recoilAngle=0.1 swayX=0 swayY=0 time=1.056799999999814 baseRot={x:undefined,y:undefined,z:undefined} type=object @ http://localhost:3001/items/Weapon.js:220
[    1707ms] [LOG] [Player] viewWeapon pos=0.25,-0.34,-0.80 rot=NaN,NaN,NaN visible=true fpArmsPos=0.00,0.00,0.00 @ http://localhost:3001/entities/Player.js:742
[    1708ms] [LOG] [Weapon] applyToMesh: recoilAngle=0.1 swayX=0 swayY=0 time=1.0656999999992554 baseRot={x:undefined,y:undefined,z:undefined} type=object @ http://localhost:3001/items/Weapon.js:220
[    1717ms] [LOG] [Player] viewWeapon pos=0.25,-0.34,-0.80 rot=NaN,NaN,NaN visible=true fpArmsPos=0.00,0.00,0.00 @ http://localhost:3001/entities/Player.js:742
[    1717ms] [LOG] [Weapon] applyToMesh: recoilAngle=0.1 swayX=0 swayY=0 time=1.075299999999814 baseRot={x:undefined,y:undefined,z:undefined} type=object @ http://localhost:3001/items/Weapon.js:220
[    1726ms] [LOG] [Player] viewWeapon pos=0.25,-0.34,-0.80 rot=NaN,NaN,NaN visible=true fpArmsPos=0.00,0.00,0.00 @ http://localhost:3001/entities/Player.js:742
[    1726ms] [LOG] [Weapon] applyToMesh: recoilAngle=0.1 swayX=0 swayY=0 time=1.0845999999996279 baseRot={x:undefined,y:undefined,z:undefined} type=object @ http://localhost:3001/items/Weapon.js:220
[    1739ms] [LOG] [Player] viewWeapon pos=0.25,-0.34,-0.80 rot=NaN,NaN,NaN visible=true fpArmsPos=0.00,0.00,0.00 @ http://localhost:3001/entities/Player.js:742
[    1739ms] [LOG] [Weapon] applyToMesh: recoilAngle=0.1 swayX=0 swayY=0 time=1.0970999999996278 baseRot={x:undefined,y:undefined,z:undefined} type=object @ http://localhost:3001/items/Weapon.js:220
[    1749ms] [LOG] [Player] viewWeapon pos=0.25,-0.34,-0.80 rot=NaN,NaN,NaN visible=true fpArmsPos=0.00,0.00,0.00 @ http://localhost:3001/entities/Player.js:742
[    1749ms] [LOG] [Weapon] applyToMesh: recoilAngle=0.1 swayX=0 swayY=0 time=1.107299999999814 baseRot={x:undefined,y:undefined,z:undefined} type=object @ http://localhost:3001/items/Weapon.js:220
[    1760ms] [LOG] [Player] viewWeapon pos=0.25,-0.34,-0.80 rot=NaN,NaN,NaN visible=true fpArmsPos=0.00,0.00,0.00 @ http://localhost:3001/entities/Player.js:742
[    1760ms] [LOG] [Weapon] applyToMesh: recoilAngle=0.1 swayX=0 swayY=0 time=1.118599999999628 baseRot={x:undefined,y:undefined,z:undefined} type=object @ http://localhost:3001/items/Weapon.js:220
[    1773ms] [LOG] [Player] viewWeapon pos=0.25,-0.34,-0.80 rot=NaN,NaN,NaN visible=true fpArmsPos=0.00,0.00,0.00 @ http://localhost:3001/entities/Player.js:742
[    1773ms] [LOG] [Weapon] applyToMesh: recoilAngle=0.1 swayX=0 swayY=0 time=1.1311999999992555 baseRot={x:undefined,y:undefined,z:undefined} type=object @ http://localhost:3001/items/Weapon.js:220
[    1785ms] [LOG] [Player] viewWeapon pos=0.25,-0.34,-0.80 rot=NaN,NaN,NaN visible=true fpArmsPos=0.00,0.00,0.00 @ http://localhost:3001/entities/Player.js:742
[    1785ms] [LOG] [Weapon] applyToMesh: recoilAngle=0.1 swayX=0 swayY=0 time=1.1430000000000005 baseRot={x:undefined,y:undefined,z:undefined} type=object @ http://localhost:3001/items/Weapon.js:220
[    1795ms] [LOG] [Player] viewWeapon pos=0.25,-0.34,-0.80 rot=NaN,NaN,NaN visible=true fpArmsPos=0.00,0.00,0.00 @ http://localhost:3001/entities/Player.js:742
[    1795ms] [LOG] [Weapon] applyToMesh: recoilAngle=0.1 swayX=0 swayY=0 time=1.1533999999994418 baseRot={x:undefined,y:undefined,z:undefined} type=object @ http://localhost:3001/items/Weapon.js:220
[    1795ms] [LOG] [Player] anim: recoilAngle=0.1 swayX=0 swayY=0 time=1.1533999999994418 @ http://localhost:3001/entities/Player.js:780
[    1805ms] [LOG] [Player] viewWeapon pos=0.25,-0.34,-0.80 rot=NaN,NaN,NaN visible=true fpArmsPos=0.00,0.00,0.00 @ http://localhost:3001/entities/Player.js:742
[    1805ms] [LOG] [Weapon] applyToMesh: recoilAngle=0.1 swayX=0 swayY=0 time=1.1632999999998144 baseRot={x:undefined,y:undefined,z:undefined} type=object @ http://localhost:3001/items/Weapon.js:220
[    1818ms] [LOG] [Player] viewWeapon pos=0.25,-0.34,-0.80 rot=NaN,NaN,NaN visible=true fpArmsPos=0.00,0.00,0.00 @ http://localhost:3001/entities/Player.js:742
[    1818ms] [LOG] [Weapon] applyToMesh: recoilAngle=0.1 swayX=0 swayY=0 time=1.1766999999992556 baseRot={x:undefined,y:undefined,z:undefined} type=object @ http://localhost:3001/items/Weapon.js:220
[    1829ms] [LOG] [Player] viewWeapon pos=0.25,-0.34,-0.80 rot=NaN,NaN,NaN visible=true fpArmsPos=0.00,0.00,0.00 @ http://localhost:3001/entities/Player.js:742
[    1829ms] [LOG] [Weapon] applyToMesh: recoilAngle=0.1 swayX=0 swayY=0 time=1.1877999999998143 baseRot={x:undefined,y:undefined,z:undefined} type=object @ http://localhost:3001/items/Weapon.js:220
[    1840ms] [LOG] [Player] viewWeapon pos=0.25,-0.34,-0.80 rot=NaN,NaN,NaN visible=true fpArmsPos=0.00,0.00,0.00 @ http://localhost:3001/entities/Player.js:742
[    1840ms] [LOG] [Weapon] applyToMesh: recoilAngle=0.1 swayX=0 swayY=0 time=1.1988999999994419 baseRot={x:undefined,y:undefined,z:undefined} type=object @ http://localhost:3001/items/Weapon.js:220
[    1850ms] [LOG] [Player] viewWeapon pos=0.25,-0.34,-0.80 rot=NaN,NaN,NaN visible=true fpArmsPos=0.00,0.00,0.00 @ http://localhost:3001/entities/Player.js:742
[    1851ms] [LOG] [Weapon] applyToMesh: recoilAngle=0.1 swayX=0 swayY=0 time=1.2090000000000007 baseRot={x:undefined,y:undefined,z:undefined} type=object @ http://localhost:3001/items/Weapon.js:220
[    1860ms] [LOG] [Player] viewWeapon pos=0.25,-0.33,-0.80 rot=NaN,NaN,NaN visible=true fpArmsPos=0.00,0.00,0.00 @ http://localhost:3001/entities/Player.js:742
[    1861ms] [LOG] [Weapon] applyToMesh: recoilAngle=0.1 swayX=0 swayY=0 time=1.2182999999998145 baseRot={x:undefined,y:undefined,z:undefined} type=object @ http://localhost:3001/items/Weapon.js:220
[    1870ms] [LOG] [Player] viewWeapon pos=0.25,-0.33,-0.80 rot=NaN,NaN,NaN visible=true fpArmsPos=0.00,0.00,0.00 @ http://localhost:3001/entities/Player.js:742
[    1871ms] [LOG] [Weapon] applyToMesh: recoilAngle=0.1 swayX=0 swayY=0 time=1.228899999999442 baseRot={x:undefined,y:undefined,z:undefined} type=object @ http://localhost:3001/items/Weapon.js:220
[    1881ms] [LOG] [Player] viewWeapon pos=0.25,-0.33,-0.80 rot=NaN,NaN,NaN visible=true fpArmsPos=0.00,0.00,0.00 @ http://localhost:3001/entities/Player.js:742
[    1881ms] [LOG] [Weapon] applyToMesh: recoilAngle=0.1 swayX=0 swayY=0 time=1.239399999999442 baseRot={x:undefined,y:undefined,z:undefined} type=object @ http://localhost:3001/items/Weapon.js:220
[    1891ms] [LOG] [Player] viewWeapon pos=0.25,-0.33,-0.80 rot=NaN,NaN,NaN visible=true fpArmsPos=0.00,0.00,0.00 @ http://localhost:3001/entities/Player.js:742
[    1891ms] [LOG] [Weapon] applyToMesh: recoilAngle=0.1 swayX=0 swayY=0 time=1.249500000000001 baseRot={x:undefined,y:undefined,z:undefined} type=object @ http://localhost:3001/items/Weapon.js:220
[    1900ms] [LOG] [Player] viewWeapon pos=0.25,-0.33,-0.80 rot=NaN,NaN,NaN visible=true fpArmsPos=0.00,0.00,0.00 @ http://localhost:3001/entities/Player.js:742
[    1900ms] [LOG] [Weapon] applyToMesh: recoilAngle=0.1 swayX=0 swayY=0 time=1.258199999999256 baseRot={x:undefined,y:undefined,z:undefined} type=object @ http://localhost:3001/items/Weapon.js:220
[    1909ms] [LOG] [Player] viewWeapon pos=0.25,-0.33,-0.80 rot=NaN,NaN,NaN visible=true fpArmsPos=0.00,0.00,0.00 @ http://localhost:3001/entities/Player.js:742
[    1909ms] [LOG] [Weapon] applyToMesh: recoilAngle=0.1 swayX=0 swayY=0 time=1.2670999999996284 baseRot={x:undefined,y:undefined,z:undefined} type=object @ http://localhost:3001/items/Weapon.js:220
[    1919ms] [LOG] [Player] viewWeapon pos=0.25,-0.33,-0.80 rot=NaN,NaN,NaN visible=true fpArmsPos=0.00,0.00,0.00 @ http://localhost:3001/entities/Player.js:742
[    1919ms] [LOG] [Weapon] applyToMesh: recoilAngle=0.1 swayX=0 swayY=0 time=1.277500000000001 baseRot={x:undefined,y:undefined,z:undefined} type=object @ http://localhost:3001/items/Weapon.js:220
[    1930ms] [LOG] [Player] viewWeapon pos=0.25,-0.33,-0.80 rot=NaN,NaN,NaN visible=true fpArmsPos=0.00,0.00,0.00 @ http://localhost:3001/entities/Player.js:742
[    1931ms] [LOG] [Weapon] applyToMesh: recoilAngle=0.1 swayX=0 swayY=0 time=1.2888999999994422 baseRot={x:undefined,y:undefined,z:undefined} type=object @ http://localhost:3001/items/Weapon.js:220
[    1941ms] [LOG] [Player] viewWeapon pos=0.25,-0.33,-0.80 rot=NaN,NaN,NaN visible=true fpArmsPos=0.00,0.00,0.00 @ http://localhost:3001/entities/Player.js:742
[    1941ms] [LOG] [Weapon] applyToMesh: recoilAngle=0.1 swayX=0 swayY=0 time=1.299500000000001 baseRot={x:undefined,y:undefined,z:undefined} type=object @ http://localhost:3001/items/Weapon.js:220
[    1950ms] [LOG] [Player] viewWeapon pos=0.25,-0.33,-0.80 rot=NaN,NaN,NaN visible=true fpArmsPos=0.00,0.00,0.00 @ http://localhost:3001/entities/Player.js:742
[    1950ms] [LOG] [Weapon] applyToMesh: recoilAngle=0.1 swayX=0 swayY=0 time=1.308699999999256 baseRot={x:undefined,y:undefined,z:undefined} type=object @ http://localhost:3001/items/Weapon.js:220
[    1960ms] [LOG] [Player] viewWeapon pos=0.25,-0.33,-0.80 rot=NaN,NaN,NaN visible=true fpArmsPos=0.00,0.00,0.00 @ http://localhost:3001/entities/Player.js:742
[    1960ms] [LOG] [Weapon] applyToMesh: recoilAngle=0.1 swayX=0 swayY=0 time=1.3180999999996283 baseRot={x:undefined,y:undefined,z:undefined} type=object @ http://localhost:3001/items/Weapon.js:220
[    1969ms] [LOG] [Player] viewWeapon pos=0.25,-0.33,-0.80 rot=NaN,NaN,NaN visible=true fpArmsPos=0.00,0.00,0.00 @ http://localhost:3001/entities/Player.js:742
[    1969ms] [LOG] [Weapon] applyToMesh: recoilAngle=0.1 swayX=0 swayY=0 time=1.3270999999996282 baseRot={x:undefined,y:undefined,z:undefined} type=object @ http://localhost:3001/items/Weapon.js:220
[    1978ms] [LOG] [Player] viewWeapon pos=0.25,-0.33,-0.80 rot=NaN,NaN,NaN visible=true fpArmsPos=0.00,0.00,0.00 @ http://localhost:3001/entities/Player.js:742
[    1978ms] [LOG] [Weapon] applyToMesh: recoilAngle=0.1 swayX=0 swayY=0 time=1.336399999999442 baseRot={x:undefined,y:undefined,z:undefined} type=object @ http://localhost:3001/items/Weapon.js:220
[    1987ms] [LOG] [Player] viewWeapon pos=0.25,-0.33,-0.80 rot=NaN,NaN,NaN visible=true fpArmsPos=0.00,0.00,0.00 @ http://localhost:3001/entities/Player.js:742
[    1987ms] [LOG] [Weapon] applyToMesh: recoilAngle=0.1 swayX=0 swayY=0 time=1.3456999999992558 baseRot={x:undefined,y:undefined,z:undefined} type=object @ http://localhost:3001/items/Weapon.js:220
[    1987ms] [LOG] [Player] after applyToMesh: rot=NaN,NaN,NaN baseRot=undef @ http://localhost:3001/entities/Player.js:781
[    1995ms] [LOG] [Player] viewWeapon pos=0.25,-0.33,-0.80 rot=NaN,NaN,NaN visible=true fpArmsPos=0.00,0.00,0.00 @ http://localhost:3001/entities/Player.js:742
[    1996ms] [LOG] [Weapon] applyToMesh: recoilAngle=0.1 swayX=0 swayY=0 time=1.3540999999996284 baseRot={x:undefined,y:undefined,z:undefined} type=object @ http://localhost:3001/items/Weapon.js:220
[    2003ms] [LOG] [Player] viewWeapon pos=0.25,-0.33,-0.80 rot=NaN,NaN,NaN visible=true fpArmsPos=0.00,0.00,0.00 @ http://localhost:3001/entities/Player.js:742
[    2003ms] [LOG] [Weapon] applyToMesh: recoilAngle=0.1 swayX=0 swayY=0 time=1.362000000000001 baseRot={x:undefined,y:undefined,z:undefined} type=object @ http://localhost:3001/items/Weapon.js:220
[    2012ms] [LOG] [Player] viewWeapon pos=0.25,-0.33,-0.80 rot=NaN,NaN,NaN visible=true fpArmsPos=0.00,0.00,0.00 @ http://localhost:3001/entities/Player.js:742
[    2013ms] [LOG] [Weapon] applyToMesh: recoilAngle=0.1 swayX=0 swayY=0 time=1.3710000000000009 baseRot={x:undefined,y:undefined,z:undefined} type=object @ http://localhost:3001/items/Weapon.js:220
[    2022ms] [LOG] [Player] viewWeapon pos=0.25,-0.33,-0.80 rot=NaN,NaN,NaN visible=true fpArmsPos=0.00,0.00,0.00 @ http://localhost:3001/entities/Player.js:742
[    2022ms] [LOG] [Weapon] applyToMesh: recoilAngle=0.1 swayX=0 swayY=0 time=1.380399999999442 baseRot={x:undefined,y:undefined,z:undefined} type=object @ http://localhost:3001/items/Weapon.js:220
[    2032ms] [LOG] [Player] viewWeapon pos=0.25,-0.33,-0.80 rot=NaN,NaN,NaN visible=true fpArmsPos=0.00,0.00,0.00 @ http://localhost:3001/entities/Player.js:742
[    2032ms] [LOG] [Weapon] applyToMesh: recoilAngle=0.1 swayX=0 swayY=0 time=1.3906999999992558 baseRot={x:undefined,y:undefined,z:undefined} type=object @ http://localhost:3001/items/Weapon.js:220
[    2044ms] [LOG] [Player] viewWeapon pos=0.25,-0.33,-0.80 rot=NaN,NaN,NaN visible=true fpArmsPos=0.00,0.00,0.00 @ http://localhost:3001/entities/Player.js:742
[    2045ms] [LOG] [Weapon] applyToMesh: recoilAngle=0.1 swayX=0 swayY=0 time=1.402899999999442 baseRot={x:undefined,y:undefined,z:undefined} type=object @ http://localhost:3001/items/Weapon.js:220
[    2054ms] [LOG] [Player] viewWeapon pos=0.25,-0.33,-0.80 rot=NaN,NaN,NaN visible=true fpArmsPos=0.00,0.00,0.00 @ http://localhost:3001/entities/Player.js:742
[    2055ms] [LOG] [Weapon] applyToMesh: recoilAngle=0.1 swayX=0 swayY=0 time=1.4127999999998146 baseRot={x:undefined,y:undefined,z:undefined} type=object @ http://localhost:3001/items/Weapon.js:220
[    2068ms] [LOG] [Player] viewWeapon pos=0.25,-0.33,-0.80 rot=NaN,NaN,NaN visible=true fpArmsPos=0.00,0.00,0.00 @ http://localhost:3001/entities/Player.js:742
[    2068ms] [LOG] [Weapon] applyToMesh: recoilAngle=0.1 swayX=0 swayY=0 time=1.4266999999992558 baseRot={x:undefined,y:undefined,z:undefined} type=object @ http://localhost:3001/items/Weapon.js:220
[    2068ms] [LOG] [Player] after applyToMesh: rot=NaN,NaN,NaN baseRot=undef @ http://localhost:3001/entities/Player.js:781
[    2082ms] [LOG] [Player] viewWeapon pos=0.25,-0.33,-0.80 rot=NaN,NaN,NaN visible=true fpArmsPos=0.00,0.00,0.00 @ http://localhost:3001/entities/Player.js:742
[    2083ms] [LOG] [Weapon] applyToMesh: recoilAngle=0.1 swayX=0 swayY=0 time=1.4406999999992558 baseRot={x:undefined,y:undefined,z:undefined} type=object @ http://localhost:3001/items/Weapon.js:220
[    2096ms] [LOG] [Player] viewWeapon pos=0.25,-0.33,-0.80 rot=NaN,NaN,NaN visible=true fpArmsPos=0.00,0.00,0.00 @ http://localhost:3001/entities/Player.js:742
[    2096ms] [LOG] [Weapon] applyToMesh: recoilAngle=0.1 swayX=0 swayY=0 time=1.4543999999994421 baseRot={x:undefined,y:undefined,z:undefined} type=object @ http://localhost:3001/items/Weapon.js:220
[    2096ms] [LOG] [Player] anim: recoilAngle=0.1 swayX=0 swayY=0 time=1.4543999999994421 @ http://localhost:3001/entities/Player.js:780
[    2108ms] [LOG] [Player] viewWeapon pos=0.25,-0.33,-0.80 rot=NaN,NaN,NaN visible=true fpArmsPos=0.00,0.00,0.00 @ http://localhost:3001/entities/Player.js:742
[    2108ms] [LOG] [Weapon] applyToMesh: recoilAngle=0.1 swayX=0 swayY=0 time=1.4661999999992559 baseRot={x:undefined,y:undefined,z:undefined} type=object @ http://localhost:3001/items/Weapon.js:220
[    2118ms] [LOG] [Player] viewWeapon pos=0.25,-0.33,-0.80 rot=NaN,NaN,NaN visible=true fpArmsPos=0.00,0.00,0.00 @ http://localhost:3001/entities/Player.js:742
[    2118ms] [LOG] [Weapon] applyToMesh: recoilAngle=0.1 swayX=0 swayY=0 time=1.476899999999442 baseRot={x:undefined,y:undefined,z:undefined} type=object @ http://localhost:3001/items/Weapon.js:220
[    2129ms] [LOG] [Player] viewWeapon pos=0.25,-0.33,-0.80 rot=NaN,NaN,NaN visible=true fpArmsPos=0.00,0.00,0.00 @ http://localhost:3001/entities/Player.js:742
[    2129ms] [LOG] [Weapon] applyToMesh: recoilAngle=0.1 swayX=0 swayY=0 time=1.4880000000000009 baseRot={x:undefined,y:undefined,z:undefined} type=object @ http://localhost:3001/items/Weapon.js:220
[    2139ms] [LOG] [Player] viewWeapon pos=0.25,-0.33,-0.80 rot=NaN,NaN,NaN visible=true fpArmsPos=0.00,0.00,0.00 @ http://localhost:3001/entities/Player.js:742
[    2139ms] [LOG] [Weapon] applyToMesh: recoilAngle=0.1 swayX=0 swayY=0 time=1.4970999999996284 baseRot={x:undefined,y:undefined,z:undefined} type=object @ http://localhost:3001/items/Weapon.js:220
[    2139ms] [LOG] [Player] after applyToMesh: rot=NaN,NaN,NaN baseRot=undef @ http://localhost:3001/entities/Player.js:781
[    2149ms] [LOG] [Player] viewWeapon pos=0.25,-0.33,-0.80 rot=NaN,NaN,NaN visible=true fpArmsPos=0.00,0.00,0.00 @ http://localhost:3001/entities/Player.js:742
[    2149ms] [LOG] [Weapon] applyToMesh: recoilAngle=0.1 swayX=0 swayY=0 time=1.5077999999998146 baseRot={x:undefined,y:undefined,z:undefined} type=object @ http://localhost:3001/items/Weapon.js:220
[    2161ms] [LOG] [Player] viewWeapon pos=0.25,-0.33,-0.80 rot=NaN,NaN,NaN visible=true fpArmsPos=0.00,0.00,0.00 @ http://localhost:3001/entities/Player.js:742
[    2161ms] [LOG] [Weapon] applyToMesh: recoilAngle=0.1 swayX=0 swayY=0 time=1.5192999999998147 baseRot={x:undefined,y:undefined,z:undefined} type=object @ http://localhost:3001/items/Weapon.js:220
[    2173ms] [LOG] [Player] viewWeapon pos=0.25,-0.33,-0.80 rot=NaN,NaN,NaN visible=true fpArmsPos=0.00,0.00,0.00 @ http://localhost:3001/entities/Player.js:742
[    2173ms] [LOG] [Weapon] applyToMesh: recoilAngle=0.1 swayX=0 swayY=0 time=1.5308999999994422 baseRot={x:undefined,y:undefined,z:undefined} type=object @ http://localhost:3001/items/Weapon.js:220
[    2183ms] [LOG] [Player] viewWeapon pos=0.25,-0.33,-0.80 rot=NaN,NaN,NaN visible=true fpArmsPos=0.00,0.00,0.00 @ http://localhost:3001/entities/Player.js:742
[    2183ms] [LOG] [Weapon] applyToMesh: recoilAngle=0.1 swayX=0 swayY=0 time=1.541899999999442 baseRot={x:undefined,y:undefined,z:undefined} type=object @ http://localhost:3001/items/Weapon.js:220
[    2194ms] [LOG] [Player] viewWeapon pos=0.25,-0.33,-0.80 rot=NaN,NaN,NaN visible=true fpArmsPos=0.00,0.00,0.00 @ http://localhost:3001/entities/Player.js:742
[    2194ms] [LOG] [Weapon] applyToMesh: recoilAngle=0.1 swayX=0 swayY=0 time=1.552000000000001 baseRot={x:undefined,y:undefined,z:undefined} type=object @ http://localhost:3001/items/Weapon.js:220
[    2205ms] [LOG] [Player] viewWeapon pos=0.25,-0.33,-0.80 rot=NaN,NaN,NaN visible=true fpArmsPos=0.00,0.00,0.00 @ http://localhost:3001/entities/Player.js:742
[    2205ms] [LOG] [Weapon] applyToMesh: recoilAngle=0.1 swayX=0 swayY=0 time=1.5637999999998147 baseRot={x:undefined,y:undefined,z:undefined} type=object @ http://localhost:3001/items/Weapon.js:220
[    2216ms] [LOG] [Player] viewWeapon pos=0.25,-0.33,-0.80 rot=NaN,NaN,NaN visible=true fpArmsPos=0.00,0.00,0.00 @ http://localhost:3001/entities/Player.js:742
[    2216ms] [LOG] [Weapon] applyToMesh: recoilAngle=0.1 swayX=0 swayY=0 time=1.573899999999442 baseRot={x:undefined,y:undefined,z:undefined} type=object @ http://localhost:3001/items/Weapon.js:220
[    2226ms] [LOG] [Player] viewWeapon pos=0.25,-0.33,-0.80 rot=NaN,NaN,NaN visible=true fpArmsPos=0.00,0.00,0.00 @ http://localhost:3001/entities/Player.js:742
[    2226ms] [LOG] [Weapon] applyToMesh: recoilAngle=0.1 swayX=0 swayY=0 time=1.584500000000001 baseRot={x:undefined,y:undefined,z:undefined} type=object @ http://localhost:3001/items/Weapon.js:220
[    2240ms] [LOG] [Player] viewWeapon pos=0.25,-0.33,-0.80 rot=NaN,NaN,NaN visible=true fpArmsPos=0.00,0.00,0.00 @ http://localhost:3001/entities/Player.js:742
[    2240ms] [LOG] [Weapon] applyToMesh: recoilAngle=0.1 swayX=0 swayY=0 time=1.598699999999256 baseRot={x:undefined,y:undefined,z:undefined} type=object @ http://localhost:3001/items/Weapon.js:220
[    2252ms] [LOG] [Player] viewWeapon pos=0.25,-0.33,-0.80 rot=NaN,NaN,NaN visible=true fpArmsPos=0.00,0.00,0.00 @ http://localhost:3001/entities/Player.js:742
[    2252ms] [LOG] [Weapon] applyToMesh: recoilAngle=0.1 swayX=0 swayY=0 time=1.6108999999994422 baseRot={x:undefined,y:undefined,z:undefined} type=object @ http://localhost:3001/items/Weapon.js:220
[    2266ms] [LOG] [Player] viewWeapon pos=0.25,-0.33,-0.80 rot=NaN,NaN,NaN visible=true fpArmsPos=0.00,0.00,0.00 @ http://localhost:3001/entities/Player.js:742
[    2266ms] [LOG] [Weapon] applyToMesh: recoilAngle=0.1 swayX=0 swayY=0 time=1.6243999999994423 baseRot={x:undefined,y:undefined,z:undefined} type=object @ http://localhost:3001/items/Weapon.js:220
[    2266ms] [LOG] [Player] after applyToMesh: rot=NaN,NaN,NaN baseRot=undef @ http://localhost:3001/entities/Player.js:781
[    2278ms] [LOG] [Player] viewWeapon pos=0.25,-0.33,-0.80 rot=NaN,NaN,NaN visible=true fpArmsPos=0.00,0.00,0.00 @ http://localhost:3001/entities/Player.js:742
[    2278ms] [LOG] [Weapon] applyToMesh: recoilAngle=0.1 swayX=0 swayY=0 time=1.6363999999994423 baseRot={x:undefined,y:undefined,z:undefined} type=object @ http://localhost:3001/items/Weapon.js:220
[    2290ms] [LOG] [Player] viewWeapon pos=0.25,-0.33,-0.80 rot=NaN,NaN,NaN visible=true fpArmsPos=0.00,0.00,0.00 @ http://localhost:3001/entities/Player.js:742
[    2291ms] [LOG] [Weapon] applyToMesh: recoilAngle=0.1 swayX=0 swayY=0 time=1.6488999999994423 baseRot={x:undefined,y:undefined,z:undefined} type=object @ http://localhost:3001/items/Weapon.js:220
[    2302ms] [LOG] [Player] viewWeapon pos=0.25,-0.33,-0.80 rot=NaN,NaN,NaN visible=true fpArmsPos=0.00,0.00,0.00 @ http://localhost:3001/entities/Player.js:742
[    2302ms] [LOG] [Weapon] applyToMesh: recoilAngle=0.1 swayX=0 swayY=0 time=1.660699999999256 baseRot={x:undefined,y:undefined,z:undefined} type=object @ http://localhost:3001/items/Weapon.js:220
[    2314ms] [LOG] [Player] viewWeapon pos=0.25,-0.33,-0.80 rot=NaN,NaN,NaN visible=true fpArmsPos=0.00,0.00,0.00 @ http://localhost:3001/entities/Player.js:742
[    2314ms] [LOG] [Weapon] applyToMesh: recoilAngle=0.1 swayX=0 swayY=0 time=1.6723999999994423 baseRot={x:undefined,y:undefined,z:undefined} type=object @ http://localhost:3001/items/Weapon.js:220
[    2324ms] [LOG] [Player] viewWeapon pos=0.25,-0.33,-0.80 rot=NaN,NaN,NaN visible=true fpArmsPos=0.00,0.00,0.00 @ http://localhost:3001/entities/Player.js:742
[    2324ms] [LOG] [Weapon] applyToMesh: recoilAngle=0.1 swayX=0 swayY=0 time=1.682000000000001 baseRot={x:undefined,y:undefined,z:undefined} type=object @ http://localhost:3001/items/Weapon.js:220
[    2336ms] [LOG] [Player] viewWeapon pos=0.25,-0.33,-0.80 rot=NaN,NaN,NaN visible=true fpArmsPos=0.00,0.00,0.00 @ http://localhost:3001/entities/Player.js:742
[    2336ms] [LOG] [Weapon] applyToMesh: recoilAngle=0.1 swayX=0 swayY=0 time=1.6945999999996286 baseRot={x:undefined,y:undefined,z:undefined} type=object @ http://localhost:3001/items/Weapon.js:220
[    2346ms] [LOG] [Player] viewWeapon pos=0.25,-0.33,-0.80 rot=NaN,NaN,NaN visible=true fpArmsPos=0.00,0.00,0.00 @ http://localhost:3001/entities/Player.js:742
[    2346ms] [LOG] [Weapon] applyToMesh: recoilAngle=0.1 swayX=0 swayY=0 time=1.7043999999994424 baseRot={x:undefined,y:undefined,z:undefined} type=object @ http://localhost:3001/items/Weapon.js:220
[    2355ms] [LOG] [Player] viewWeapon pos=0.25,-0.33,-0.80 rot=NaN,NaN,NaN visible=true fpArmsPos=0.00,0.00,0.00 @ http://localhost:3001/entities/Player.js:742
[    2356ms] [LOG] [Weapon] applyToMesh: recoilAngle=0.1 swayX=0 swayY=0 time=1.7138999999994424 baseRot={x:undefined,y:undefined,z:undefined} type=object @ http://localhost:3001/items/Weapon.js:220
[    2364ms] [LOG] [Player] viewWeapon pos=0.25,-0.33,-0.80 rot=NaN,NaN,NaN visible=true fpArmsPos=0.00,0.00,0.00 @ http://localhost:3001/entities/Player.js:742
[    2364ms] [LOG] [Weapon] applyToMesh: recoilAngle=0.1 swayX=0 swayY=0 time=1.7225999999996287 baseRot={x:undefined,y:undefined,z:undefined} type=object @ http://localhost:3001/items/Weapon.js:220
[    2364ms] [LOG] [Player] anim: recoilAngle=0.1 swayX=0 swayY=0 time=1.7225999999996287 @ http://localhost:3001/entities/Player.js:780
[    2374ms] [LOG] [Player] viewWeapon pos=0.25,-0.33,-0.80 rot=NaN,NaN,NaN visible=true fpArmsPos=0.00,0.00,0.00 @ http://localhost:3001/entities/Player.js:742
[    2374ms] [LOG] [Weapon] applyToMesh: recoilAngle=0.1 swayX=0 swayY=0 time=1.7321999999992561 baseRot={x:undefined,y:undefined,z:undefined} type=object @ http://localhost:3001/items/Weapon.js:220
[    2384ms] [LOG] [Player] viewWeapon pos=0.25,-0.33,-0.80 rot=NaN,NaN,NaN visible=true fpArmsPos=0.00,0.00,0.00 @ http://localhost:3001/entities/Player.js:742
[    2384ms] [LOG] [Weapon] applyToMesh: recoilAngle=0.1 swayX=0 swayY=0 time=1.742699999999256 baseRot={x:undefined,y:undefined,z:undefined} type=object @ http://localhost:3001/items/Weapon.js:220
[    2392ms] [LOG] [Player] viewWeapon pos=0.25,-0.33,-0.80 rot=NaN,NaN,NaN visible=true fpArmsPos=0.00,0.00,0.00 @ http://localhost:3001/entities/Player.js:742
[    2392ms] [LOG] [Weapon] applyToMesh: recoilAngle=0.1 swayX=0 swayY=0 time=1.750799999999815 baseRot={x:undefined,y:undefined,z:undefined} type=object @ http://localhost:3001/items/Weapon.js:220
[    2401ms] [LOG] [Player] viewWeapon pos=0.25,-0.33,-0.80 rot=NaN,NaN,NaN visible=true fpArmsPos=0.00,0.00,0.00 @ http://localhost:3001/entities/Player.js:742
[    2402ms] [LOG] [Weapon] applyToMesh: recoilAngle=0.1 swayX=0 swayY=0 time=1.7598999999994425 baseRot={x:undefined,y:undefined,z:undefined} type=object @ http://localhost:3001/items/Weapon.js:220
[    2410ms] [LOG] [Player] viewWeapon pos=0.25,-0.33,-0.80 rot=NaN,NaN,NaN visible=true fpArmsPos=0.00,0.00,0.00 @ http://localhost:3001/entities/Player.js:742
[    2410ms] [LOG] [Weapon] applyToMesh: recoilAngle=0.1 swayX=0 swayY=0 time=1.7688999999994424 baseRot={x:undefined,y:undefined,z:undefined} type=object @ http://localhost:3001/items/Weapon.js:220
[    2419ms] [LOG] [Player] viewWeapon pos=0.25,-0.33,-0.80 rot=NaN,NaN,NaN visible=true fpArmsPos=0.00,0.00,0.00 @ http://localhost:3001/entities/Player.js:742
[    2420ms] [LOG] [Weapon] applyToMesh: recoilAngle=0.1 swayX=0 swayY=0 time=1.7780999999996285 baseRot={x:undefined,y:undefined,z:undefined} type=object @ http://localhost:3001/items/Weapon.js:220
[    2429ms] [LOG] [Player] viewWeapon pos=0.25,-0.33,-0.80 rot=NaN,NaN,NaN visible=true fpArmsPos=0.00,0.00,0.00 @ http://localhost:3001/entities/Player.js:742
[    2430ms] [LOG] [Weapon] applyToMesh: recoilAngle=0.1 swayX=0 swayY=0 time=1.7878999999994423 baseRot={x:undefined,y:undefined,z:undefined} type=object @ http://localhost:3001/items/Weapon.js:220
[    2439ms] [LOG] [Player] viewWeapon pos=0.25,-0.33,-0.80 rot=NaN,NaN,NaN visible=true fpArmsPos=0.00,0.00,0.00 @ http://localhost:3001/entities/Player.js:742
[    2439ms] [LOG] [Weapon] applyToMesh: recoilAngle=0.1 swayX=0 swayY=0 time=1.797500000000001 baseRot={x:undefined,y:undefined,z:undefined} type=object @ http://localhost:3001/items/Weapon.js:220
[    2447ms] [LOG] [Player] viewWeapon pos=0.25,-0.33,-0.80 rot=NaN,NaN,NaN visible=true fpArmsPos=0.00,0.00,0.00 @ http://localhost:3001/entities/Player.js:742
[    2448ms] [LOG] [Weapon] applyToMesh: recoilAngle=0.1 swayX=0 swayY=0 time=1.8060999999996286 baseRot={x:undefined,y:undefined,z:undefined} type=object @ http://localhost:3001/items/Weapon.js:220
[    2448ms] [LOG] [Player] after applyToMesh: rot=NaN,NaN,NaN baseRot=undef @ http://localhost:3001/entities/Player.js:781
[    2457ms] [LOG] [Player] viewWeapon pos=0.25,-0.33,-0.80 rot=NaN,NaN,NaN visible=true fpArmsPos=0.00,0.00,0.00 @ http://localhost:3001/entities/Player.js:742
[    2457ms] [LOG] [Weapon] applyToMesh: recoilAngle=0.1 swayX=0 swayY=0 time=1.8155999999996286 baseRot={x:undefined,y:undefined,z:undefined} type=object @ http://localhost:3001/items/Weapon.js:220
[    2466ms] [LOG] [Player] viewWeapon pos=0.25,-0.33,-0.80 rot=NaN,NaN,NaN visible=true fpArmsPos=0.00,0.00,0.00 @ http://localhost:3001/entities/Player.js:742
[    2466ms] [LOG] [Weapon] applyToMesh: recoilAngle=0.1 swayX=0 swayY=0 time=1.8245999999996285 baseRot={x:undefined,y:undefined,z:undefined} type=object @ http://localhost:3001/items/Weapon.js:220
[    2476ms] [LOG] [Player] viewWeapon pos=0.25,-0.33,-0.80 rot=NaN,NaN,NaN visible=true fpArmsPos=0.00,0.00,0.00 @ http://localhost:3001/entities/Player.js:742
[    2476ms] [LOG] [Weapon] applyToMesh: recoilAngle=0.1 swayX=0 swayY=0 time=1.8345999999996285 baseRot={x:undefined,y:undefined,z:undefined} type=object @ http://localhost:3001/items/Weapon.js:220
[    2486ms] [LOG] [Player] viewWeapon pos=0.25,-0.33,-0.80 rot=NaN,NaN,NaN visible=true fpArmsPos=0.00,0.00,0.00 @ http://localhost:3001/entities/Player.js:742
[    2486ms] [LOG] [Weapon] applyToMesh: recoilAngle=0.1 swayX=0 swayY=0 time=1.844199999999256 baseRot={x:undefined,y:undefined,z:undefined} type=object @ http://localhost:3001/items/Weapon.js:220
[    2494ms] [LOG] [Player] viewWeapon pos=0.25,-0.33,-0.80 rot=NaN,NaN,NaN visible=true fpArmsPos=0.00,0.00,0.00 @ http://localhost:3001/entities/Player.js:742
[    2495ms] [LOG] [Weapon] applyToMesh: recoilAngle=0.1 swayX=0 swayY=0 time=1.8530999999996285 baseRot={x:undefined,y:undefined,z:undefined} type=object @ http://localhost:3001/items/Weapon.js:220
[    2506ms] [LOG] [Player] viewWeapon pos=0.25,-0.33,-0.80 rot=NaN,NaN,NaN visible=true fpArmsPos=0.00,0.00,0.00 @ http://localhost:3001/entities/Player.js:742
[    2507ms] [LOG] [Weapon] applyToMesh: recoilAngle=0.1 swayX=0 swayY=0 time=1.8642999999998147 baseRot={x:undefined,y:undefined,z:undefined} type=object @ http://localhost:3001/items/Weapon.js:220
[    2517ms] [LOG] [Player] viewWeapon pos=0.25,-0.33,-0.80 rot=NaN,NaN,NaN visible=true fpArmsPos=0.00,0.00,0.00 @ http://localhost:3001/entities/Player.js:742
[    2518ms] [LOG] [Weapon] applyToMesh: recoilAngle=0.1 swayX=0 swayY=0 time=1.876000000000001 baseRot={x:undefined,y:undefined,z:undefined} type=object @ http://localhost:3001/items/Weapon.js:220
[    2518ms] [LOG] [Player] after applyToMesh: rot=NaN,NaN,NaN baseRot=undef @ http://localhost:3001/entities/Player.js:781
[    2530ms] [LOG] [Player] viewWeapon pos=0.25,-0.33,-0.80 rot=NaN,NaN,NaN visible=true fpArmsPos=0.00,0.00,0.00 @ http://localhost:3001/entities/Player.js:742
[    2531ms] [LOG] [Weapon] applyToMesh: recoilAngle=0.1 swayX=0 swayY=0 time=1.8888999999994422 baseRot={x:undefined,y:undefined,z:undefined} type=object @ http://localhost:3001/items/Weapon.js:220
[    2540ms] [LOG] [Player] viewWeapon pos=0.25,-0.33,-0.80 rot=NaN,NaN,NaN visible=true fpArmsPos=0.00,0.00,0.00 @ http://localhost:3001/entities/Player.js:742
[    2541ms] [LOG] [Weapon] applyToMesh: recoilAngle=0.1 swayX=0 swayY=0 time=1.8988999999994423 baseRot={x:undefined,y:undefined,z:undefined} type=object @ http://localhost:3001/items/Weapon.js:220
[    2560ms] [LOG] [Player] viewWeapon pos=0.25,-0.33,-0.80 rot=NaN,NaN,NaN visible=true fpArmsPos=0.00,0.00,0.00 @ http://localhost:3001/entities/Player.js:742
[    2560ms] [LOG] [Weapon] applyToMesh: recoilAngle=0.1 swayX=0 swayY=0 time=1.9185999999996286 baseRot={x:undefined,y:undefined,z:undefined} type=object @ http://localhost:3001/items/Weapon.js:220
[    2569ms] [LOG] [Player] viewWeapon pos=0.25,-0.33,-0.80 rot=NaN,NaN,NaN visible=true fpArmsPos=0.00,0.00,0.00 @ http://localhost:3001/entities/Player.js:742
[    2569ms] [LOG] [Weapon] applyToMesh: recoilAngle=0.1 swayX=0 swayY=0 time=1.9273999999994424 baseRot={x:undefined,y:undefined,z:undefined} type=object @ http://localhost:3001/items/Weapon.js:220
[    2580ms] [LOG] [Player] viewWeapon pos=0.25,-0.33,-0.80 rot=NaN,NaN,NaN visible=true fpArmsPos=0.00,0.00,0.00 @ http://localhost:3001/entities/Player.js:742
[    2580ms] [LOG] [Weapon] applyToMesh: recoilAngle=0.1 swayX=0 swayY=0 time=1.9385000000000012 baseRot={x:undefined,y:undefined,z:undefined} type=object @ http://localhost:3001/items/Weapon.js:220
[    2589ms] [LOG] [Player] viewWeapon pos=0.25,-0.33,-0.80 rot=NaN,NaN,NaN visible=true fpArmsPos=0.00,0.00,0.00 @ http://localhost:3001/entities/Player.js:742
[    2590ms] [LOG] [Weapon] applyToMesh: recoilAngle=0.1 swayX=0 swayY=0 time=1.9475999999996287 baseRot={x:undefined,y:undefined,z:undefined} type=object @ http://localhost:3001/items/Weapon.js:220
[    2598ms] [LOG] [Player] viewWeapon pos=0.25,-0.33,-0.80 rot=NaN,NaN,NaN visible=true fpArmsPos=0.00,0.00,0.00 @ http://localhost:3001/entities/Player.js:742
[    2598ms] [LOG] [Weapon] applyToMesh: recoilAngle=0.1 swayX=0 swayY=0 time=1.9565999999996286 baseRot={x:undefined,y:undefined,z:undefined} type=object @ http://localhost:3001/items/Weapon.js:220
[    2598ms] [LOG] [Player] anim: recoilAngle=0.1 swayX=0 swayY=0 time=1.9565999999996286 @ http://localhost:3001/entities/Player.js:780
[    2598ms] [LOG] [Player] after applyToMesh: rot=NaN,NaN,NaN baseRot=undef @ http://localhost:3001/entities/Player.js:781
[    2607ms] [LOG] [Player] viewWeapon pos=0.25,-0.33,-0.80 rot=NaN,NaN,NaN visible=true fpArmsPos=0.00,0.00,0.00 @ http://localhost:3001/entities/Player.js:742
[    2607ms] [LOG] [Weapon] applyToMesh: recoilAngle=0.1 swayX=0 swayY=0 time=1.9656999999992562 baseRot={x:undefined,y:undefined,z:undefined} type=object @ http://localhost:3001/items/Weapon.js:220
[    2700ms] [WARNING] Failed to execute 'requestFullscreen' on 'Element': API can only be initiated by a user gesture. @ http://localhost:3001/:0
[    2732ms] [LOG] [Cam] pointerlockchange isLocked=true @ http://localhost:3001/core/CameraController.js:47
[    2738ms] Permissions check failed
[    3185ms] [ERROR] Failed to load resource: the server responded with a status of 404 (Not Found) @ http://localhost:3001/favicon.ico:0
[    4400ms] [LOG] [CameraController] playerPos=46.00,4.04,0.00 targetY=4.19 camPos=46.00,4.19,0.00 @ http://localhost:3001/core/CameraController.js:240
[    6780ms] [LOG] [CameraController] playerPos=46.00,4.04,0.00 targetY=4.19 camPos=46.00,4.19,0.00 @ http://localhost:3001/core/CameraController.js:240
[    6780ms] [LOG] [Cam] pitch=-14.3° yaw=0.0° @ http://localhost:3001/core/CameraController.js:252
[    8979ms] [LOG] [CameraController] playerPos=46.00,4.04,0.00 targetY=4.19 camPos=46.00,4.19,0.00 @ http://localhost:3001/core/CameraController.js:240
[   11404ms] [LOG] [CameraController] playerPos=46.00,4.04,0.00 targetY=4.19 camPos=46.00,4.19,0.00 @ http://localhost:3001/core/CameraController.js:240
[   11404ms] [LOG] [Cam] pitch=-14.3° yaw=0.0° @ http://localhost:3001/core/CameraController.js:252
[   13704ms] [LOG] [CameraController] playerPos=46.00,4.04,0.00 targetY=4.19 camPos=46.00,4.19,0.00 @ http://localhost:3001/core/CameraController.js:240
[   16294ms] [LOG] [CameraController] playerPos=46.00,4.04,0.00 targetY=4.19 camPos=46.00,4.19,0.00 @ http://localhost:3001/core/CameraController.js:240
[   16294ms] [LOG] [Cam] pitch=-14.3° yaw=0.0° @ http://localhost:3001/core/CameraController.js:252
[   17823ms] [LOG] [Player] viewWeapon pos=0.25,-0.33,-0.80 rot=NaN,NaN,NaN visible=true fpArmsPos=0.00,0.00,0.00 @ http://localhost:3001/entities/Player.js:742
[   17823ms] [LOG] [Weapon] applyToMesh: recoilAngle=0.1 swayX=0 swayY=0 time=1.972199999999256 baseRot={x:undefined,y:undefined,z:undefined} type=object @ http://localhost:3001/items/Weapon.js:220
[   17852ms] [LOG] [Player] viewWeapon pos=0.25,-0.33,-0.80 rot=NaN,NaN,NaN visible=true fpArmsPos=0.00,0.00,0.00 @ http://localhost:3001/entities/Player.js:742
[   17852ms] [LOG] [Weapon] applyToMesh: recoilAngle=0.1 swayX=0 swayY=0 time=1.999299999999815 baseRot={x:undefined,y:undefined,z:undefined} type=object @ http://localhost:3001/items/Weapon.js:220
[   17868ms] [LOG] [Player] viewWeapon pos=0.25,-0.33,-0.80 rot=NaN,NaN,NaN visible=true fpArmsPos=0.00,0.00,0.00 @ http://localhost:3001/entities/Player.js:742
[   17868ms] [LOG] [Weapon] applyToMesh: recoilAngle=0.1 swayX=0 swayY=0 time=2.0173999999994425 baseRot={x:undefined,y:undefined,z:undefined} type=object @ http://localhost:3001/items/Weapon.js:220
[   17869ms] [LOG] [Player] anim: recoilAngle=0.1 swayX=0 swayY=0 time=2.0173999999994425 @ http://localhost:3001/entities/Player.js:780
[   17887ms] [LOG] [Player] viewWeapon pos=0.25,-0.33,-0.80 rot=NaN,NaN,NaN visible=true fpArmsPos=0.00,0.00,0.00 @ http://localhost:3001/entities/Player.js:742
[   17887ms] [LOG] [Weapon] applyToMesh: recoilAngle=0.1 swayX=0 swayY=0 time=2.036099999999629 baseRot={x:undefined,y:undefined,z:undefined} type=object @ http://localhost:3001/items/Weapon.js:220
[   17904ms] [LOG] [Player] viewWeapon pos=0.25,-0.33,-0.80 rot=NaN,NaN,NaN visible=true fpArmsPos=0.00,0.00,0.00 @ http://localhost:3001/entities/Player.js:742
[   17904ms] [LOG] [Weapon] applyToMesh: recoilAngle=0.1 swayX=0 swayY=0 time=2.053799999999815 baseRot={x:undefined,y:undefined,z:undefined} type=object @ http://localhost:3001/items/Weapon.js:220
[   17913ms] [LOG] [Player] viewWeapon pos=0.25,-0.33,-0.80 rot=NaN,NaN,NaN visible=true fpArmsPos=0.00,0.00,0.00 @ http://localhost:3001/entities/Player.js:742
[   17913ms] [LOG] [Weapon] applyToMesh: recoilAngle=0.1 swayX=0 swayY=0 time=2.062799999999815 baseRot={x:undefined,y:undefined,z:undefined} type=object @ http://localhost:3001/items/Weapon.js:220
[   17923ms] [LOG] [Player] viewWeapon pos=0.25,-0.33,-0.80 rot=NaN,NaN,NaN visible=true fpArmsPos=0.00,0.00,0.00 @ http://localhost:3001/entities/Player.js:742
[   17923ms] [LOG] [Weapon] applyToMesh: recoilAngle=0.1 swayX=0 swayY=0 time=2.07249999999907 baseRot={x:undefined,y:undefined,z:undefined} type=object @ http://localhost:3001/items/Weapon.js:220
[   17932ms] [LOG] [Player] viewWeapon pos=0.25,-0.33,-0.80 rot=NaN,NaN,NaN visible=true fpArmsPos=0.00,0.00,0.00 @ http://localhost:3001/entities/Player.js:742
[   17932ms] [LOG] [Weapon] applyToMesh: recoilAngle=0.1 swayX=0 swayY=0 time=2.081299999999815 baseRot={x:undefined,y:undefined,z:undefined} type=object @ http://localhost:3001/items/Weapon.js:220
[   17940ms] [LOG] [Player] viewWeapon pos=0.25,-0.33,-0.80 rot=NaN,NaN,NaN visible=true fpArmsPos=0.00,0.00,0.00 @ http://localhost:3001/entities/Player.js:742
[   17940ms] [LOG] [Weapon] applyToMesh: recoilAngle=0.1 swayX=0 swayY=0 time=2.0894999999990698 baseRot={x:undefined,y:undefined,z:undefined} type=object @ http://localhost:3001/items/Weapon.js:220
[   17947ms] [LOG] [Player] viewWeapon pos=0.25,-0.33,-0.80 rot=NaN,NaN,NaN visible=true fpArmsPos=0.00,0.00,0.00 @ http://localhost:3001/entities/Player.js:742
[   17947ms] [LOG] [Weapon] applyToMesh: recoilAngle=0.1 swayX=0 swayY=0 time=2.096699999999256 baseRot={x:undefined,y:undefined,z:undefined} type=object @ http://localhost:3001/items/Weapon.js:220
[   17955ms] [LOG] [Player] viewWeapon pos=0.25,-0.33,-0.80 rot=NaN,NaN,NaN visible=true fpArmsPos=0.00,0.00,0.00 @ http://localhost:3001/entities/Player.js:742
[   17956ms] [LOG] [Weapon] applyToMesh: recoilAngle=0.1 swayX=0 swayY=0 time=2.105199999999256 baseRot={x:undefined,y:undefined,z:undefined} type=object @ http://localhost:3001/items/Weapon.js:220
[   17965ms] [LOG] [Player] viewWeapon pos=0.25,-0.33,-0.80 rot=NaN,NaN,NaN visible=true fpArmsPos=0.00,0.00,0.00 @ http://localhost:3001/entities/Player.js:742
[   17965ms] [LOG] [Weapon] applyToMesh: recoilAngle=0.1 swayX=0 swayY=0 time=2.11399999999907 baseRot={x:undefined,y:undefined,z:undefined} type=object @ http://localhost:3001/items/Weapon.js:220
[   17974ms] [LOG] [Player] viewWeapon pos=0.25,-0.33,-0.80 rot=NaN,NaN,NaN visible=true fpArmsPos=0.00,0.00,0.00 @ http://localhost:3001/entities/Player.js:742
[   17974ms] [LOG] [Weapon] applyToMesh: recoilAngle=0.1 swayX=0 swayY=0 time=2.12349999999907 baseRot={x:undefined,y:undefined,z:undefined} type=object @ http://localhost:3001/items/Weapon.js:220
[   17981ms] [LOG] [Player] viewWeapon pos=0.25,-0.33,-0.80 rot=NaN,NaN,NaN visible=true fpArmsPos=0.00,0.00,0.00 @ http://localhost:3001/entities/Player.js:742
[   17981ms] [LOG] [Weapon] applyToMesh: recoilAngle=0.1 swayX=0 swayY=0 time=2.13099999999907 baseRot={x:undefined,y:undefined,z:undefined} type=object @ http://localhost:3001/items/Weapon.js:220
[   17989ms] [LOG] [Player] viewWeapon pos=0.25,-0.33,-0.80 rot=NaN,NaN,NaN visible=true fpArmsPos=0.00,0.00,0.00 @ http://localhost:3001/entities/Player.js:742
[   17989ms] [LOG] [Weapon] applyToMesh: recoilAngle=0.1 swayX=0 swayY=0 time=2.138799999999815 baseRot={x:undefined,y:undefined,z:undefined} type=object @ http://localhost:3001/items/Weapon.js:220
[   17997ms] [LOG] [Player] viewWeapon pos=0.25,-0.33,-0.80 rot=NaN,NaN,NaN visible=true fpArmsPos=0.00,0.00,0.00 @ http://localhost:3001/entities/Player.js:742
[   17997ms] [LOG] [Weapon] applyToMesh: recoilAngle=0.1 swayX=0 swayY=0 time=2.1463999999994425 baseRot={x:undefined,y:undefined,z:undefined} type=object @ http://localhost:3001/items/Weapon.js:220
[   18004ms] [LOG] [Player] viewWeapon pos=0.25,-0.33,-0.80 rot=NaN,NaN,NaN visible=true fpArmsPos=0.00,0.00,0.00 @ http://localhost:3001/entities/Player.js:742
[   18004ms] [LOG] [Weapon] applyToMesh: recoilAngle=0.1 swayX=0 swayY=0 time=2.153799999999815 baseRot={x:undefined,y:undefined,z:undefined} type=object @ http://localhost:3001/items/Weapon.js:220
[   18011ms] [LOG] [Player] viewWeapon pos=0.25,-0.33,-0.80 rot=NaN,NaN,NaN visible=true fpArmsPos=0.00,0.00,0.00 @ http://localhost:3001/entities/Player.js:742
[   18011ms] [LOG] [Weapon] applyToMesh: recoilAngle=0.1 swayX=0 swayY=0 time=2.1608999999994425 baseRot={x:undefined,y:undefined,z:undefined} type=object @ http://localhost:3001/items/Weapon.js:220
[   18021ms] [LOG] [Player] viewWeapon pos=0.25,-0.33,-0.80 rot=NaN,NaN,NaN visible=true fpArmsPos=0.00,0.00,0.00 @ http://localhost:3001/entities/Player.js:742
[   18021ms] [LOG] [Weapon] applyToMesh: recoilAngle=0.1 swayX=0 swayY=0 time=2.170799999999815 baseRot={x:undefined,y:undefined,z:undefined} type=object @ http://localhost:3001/items/Weapon.js:220
[   18021ms] [LOG] [Player] after applyToMesh: rot=NaN,NaN,NaN baseRot=undef @ http://localhost:3001/entities/Player.js:781
[   18030ms] [LOG] [Player] viewWeapon pos=0.25,-0.33,-0.80 rot=NaN,NaN,NaN visible=true fpArmsPos=0.00,0.00,0.00 @ http://localhost:3001/entities/Player.js:742
[   18030ms] [LOG] [Weapon] applyToMesh: recoilAngle=0.1 swayX=0 swayY=0 time=2.1801999999992563 baseRot={x:undefined,y:undefined,z:undefined} type=object @ http://localhost:3001/items/Weapon.js:220
[   18038ms] [LOG] [Player] viewWeapon pos=0.25,-0.33,-0.80 rot=NaN,NaN,NaN visible=true fpArmsPos=0.00,0.00,0.00 @ http://localhost:3001/entities/Player.js:742
[   18038ms] [LOG] [Weapon] applyToMesh: recoilAngle=0.1 swayX=0 swayY=0 time=2.187799999999815 baseRot={x:undefined,y:undefined,z:undefined} type=object @ http://localhost:3001/items/Weapon.js:220
[   18047ms] [LOG] [Player] viewWeapon pos=0.25,-0.33,-0.80 rot=NaN,NaN,NaN visible=true fpArmsPos=0.00,0.00,0.00 @ http://localhost:3001/entities/Player.js:742
[   18048ms] [LOG] [Weapon] applyToMesh: recoilAngle=0.1 swayX=0 swayY=0 time=2.1970999999996286 baseRot={x:undefined,y:undefined,z:undefined} type=object @ http://localhost:3001/items/Weapon.js:220
[   18048ms] [LOG] [Player] after applyToMesh: rot=NaN,NaN,NaN baseRot=undef @ http://localhost:3001/entities/Player.js:781
[   18057ms] [LOG] [Player] viewWeapon pos=0.25,-0.33,-0.80 rot=NaN,NaN,NaN visible=true fpArmsPos=0.00,0.00,0.00 @ http://localhost:3001/entities/Player.js:742
[   18057ms] [LOG] [Weapon] applyToMesh: recoilAngle=0.1 swayX=0 swayY=0 time=2.2065999999996286 baseRot={x:undefined,y:undefined,z:undefined} type=object @ http://localhost:3001/items/Weapon.js:220
[   18066ms] [LOG] [Player] viewWeapon pos=0.25,-0.33,-0.80 rot=NaN,NaN,NaN visible=true fpArmsPos=0.00,0.00,0.00 @ http://localhost:3001/entities/Player.js:742
[   18066ms] [LOG] [Weapon] applyToMesh: recoilAngle=0.1 swayX=0 swayY=0 time=2.2162999999998148 baseRot={x:undefined,y:undefined,z:undefined} type=object @ http://localhost:3001/items/Weapon.js:220
[   18074ms] [LOG] [Player] viewWeapon pos=0.25,-0.33,-0.80 rot=NaN,NaN,NaN visible=true fpArmsPos=0.00,0.00,0.00 @ http://localhost:3001/entities/Player.js:742
[   18074ms] [LOG] [Weapon] applyToMesh: recoilAngle=0.1 swayX=0 swayY=0 time=2.22399999999907 baseRot={x:undefined,y:undefined,z:undefined} type=object @ http://localhost:3001/items/Weapon.js:220
[   18082ms] [LOG] [Player] viewWeapon pos=0.25,-0.33,-0.80 rot=NaN,NaN,NaN visible=true fpArmsPos=0.00,0.00,0.00 @ http://localhost:3001/entities/Player.js:742
[   18082ms] [LOG] [Weapon] applyToMesh: recoilAngle=0.1 swayX=0 swayY=0 time=2.23199999999907 baseRot={x:undefined,y:undefined,z:undefined} type=object @ http://localhost:3001/items/Weapon.js:220
[   18090ms] [LOG] [Player] viewWeapon pos=0.25,-0.33,-0.80 rot=NaN,NaN,NaN visible=true fpArmsPos=0.00,0.00,0.00 @ http://localhost:3001/entities/Player.js:742
[   18090ms] [LOG] [Weapon] applyToMesh: recoilAngle=0.1 swayX=0 swayY=0 time=2.239799999999815 baseRot={x:undefined,y:undefined,z:undefined} type=object @ http://localhost:3001/items/Weapon.js:220
[   18098ms] [LOG] [Player] viewWeapon pos=0.25,-0.33,-0.80 rot=NaN,NaN,NaN visible=true fpArmsPos=0.00,0.00,0.00 @ http://localhost:3001/entities/Player.js:742
[   18098ms] [LOG] [Weapon] applyToMesh: recoilAngle=0.1 swayX=0 swayY=0 time=2.2478999999994427 baseRot={x:undefined,y:undefined,z:undefined} type=object @ http://localhost:3001/items/Weapon.js:220
[   18106ms] [LOG] [Player] viewWeapon pos=0.25,-0.33,-0.80 rot=NaN,NaN,NaN visible=true fpArmsPos=0.00,0.00,0.00 @ http://localhost:3001/entities/Player.js:742
[   18106ms] [LOG] [Weapon] applyToMesh: recoilAngle=0.1 swayX=0 swayY=0 time=2.25549999999907 baseRot={x:undefined,y:undefined,z:undefined} type=object @ http://localhost:3001/items/Weapon.js:220
[   18115ms] [LOG] [Player] viewWeapon pos=0.25,-0.33,-0.80 rot=NaN,NaN,NaN visible=true fpArmsPos=0.00,0.00,0.00 @ http://localhost:3001/entities/Player.js:742
[   18115ms] [LOG] [Weapon] applyToMesh: recoilAngle=0.1 swayX=0 swayY=0 time=2.2646999999992565 baseRot={x:undefined,y:undefined,z:undefined} type=object @ http://localhost:3001/items/Weapon.js:220
[   18122ms] [LOG] [Player] viewWeapon pos=0.25,-0.33,-0.80 rot=NaN,NaN,NaN visible=true fpArmsPos=0.00,0.00,0.00 @ http://localhost:3001/entities/Player.js:742
[   18123ms] [LOG] [Weapon] applyToMesh: recoilAngle=0.1 swayX=0 swayY=0 time=2.272399999999443 baseRot={x:undefined,y:undefined,z:undefined} type=object @ http://localhost:3001/items/Weapon.js:220
[   18131ms] [LOG] [Player] viewWeapon pos=0.25,-0.33,-0.80 rot=NaN,NaN,NaN visible=true fpArmsPos=0.00,0.00,0.00 @ http://localhost:3001/entities/Player.js:742
[   18131ms] [LOG] [Weapon] applyToMesh: recoilAngle=0.1 swayX=0 swayY=0 time=2.2806999999992565 baseRot={x:undefined,y:undefined,z:undefined} type=object @ http://localhost:3001/items/Weapon.js:220
[   18140ms] [LOG] [Player] viewWeapon pos=0.25,-0.33,-0.80 rot=NaN,NaN,NaN visible=true fpArmsPos=0.00,0.00,0.00 @ http://localhost:3001/entities/Player.js:742
[   18140ms] [LOG] [Weapon] applyToMesh: recoilAngle=0.1 swayX=0 swayY=0 time=2.28999999999907 baseRot={x:undefined,y:undefined,z:undefined} type=object @ http://localhost:3001/items/Weapon.js:220
[   18149ms] [LOG] [Player] viewWeapon pos=0.25,-0.33,-0.80 rot=NaN,NaN,NaN visible=true fpArmsPos=0.00,0.00,0.00 @ http://localhost:3001/entities/Player.js:742
[   18149ms] [LOG] [Weapon] applyToMesh: recoilAngle=0.1 swayX=0 swayY=0 time=2.2986999999992563 baseRot={x:undefined,y:undefined,z:undefined} type=object @ http://localhost:3001/items/Weapon.js:220
[   18156ms] [LOG] [Player] viewWeapon pos=0.25,-0.33,-0.80 rot=NaN,NaN,NaN visible=true fpArmsPos=0.00,0.00,0.00 @ http://localhost:3001/entities/Player.js:742
[   18156ms] [LOG] [Weapon] applyToMesh: recoilAngle=0.1 swayX=0 swayY=0 time=2.306099999999629 baseRot={x:undefined,y:undefined,z:undefined} type=object @ http://localhost:3001/items/Weapon.js:220
[   18166ms] [LOG] [Player] viewWeapon pos=0.25,-0.33,-0.80 rot=NaN,NaN,NaN visible=true fpArmsPos=0.00,0.00,0.00 @ http://localhost:3001/entities/Player.js:742
[   18166ms] [LOG] [Weapon] applyToMesh: recoilAngle=0.1 swayX=0 swayY=0 time=2.3152999999998154 baseRot={x:undefined,y:undefined,z:undefined} type=object @ http://localhost:3001/items/Weapon.js:220
[   18175ms] [LOG] [Player] viewWeapon pos=0.25,-0.33,-0.80 rot=NaN,NaN,NaN visible=true fpArmsPos=0.00,0.00,0.00 @ http://localhost:3001/entities/Player.js:742
[   18176ms] [LOG] [Weapon] applyToMesh: recoilAngle=0.1 swayX=0 swayY=0 time=2.325299999999815 baseRot={x:undefined,y:undefined,z:undefined} type=object @ http://localhost:3001/items/Weapon.js:220
[   18176ms] [LOG] [Player] anim: recoilAngle=0.1 swayX=0 swayY=0 time=2.325299999999815 @ http://localhost:3001/entities/Player.js:780
[   18184ms] [LOG] [Player] viewWeapon pos=0.25,-0.33,-0.80 rot=NaN,NaN,NaN visible=true fpArmsPos=0.00,0.00,0.00 @ http://localhost:3001/entities/Player.js:742
[   18184ms] [LOG] [Weapon] applyToMesh: recoilAngle=0.1 swayX=0 swayY=0 time=2.333399999999443 baseRot={x:undefined,y:undefined,z:undefined} type=object @ http://localhost:3001/items/Weapon.js:220
[   18191ms] [LOG] [Player] viewWeapon pos=0.25,-0.33,-0.80 rot=NaN,NaN,NaN visible=true fpArmsPos=0.00,0.00,0.00 @ http://localhost:3001/entities/Player.js:742
[   18192ms] [LOG] [Weapon] applyToMesh: recoilAngle=0.1 swayX=0 swayY=0 time=2.341099999999629 baseRot={x:undefined,y:undefined,z:undefined} type=object @ http://localhost:3001/items/Weapon.js:220
[   18192ms] [LOG] [Player] after applyToMesh: rot=NaN,NaN,NaN baseRot=undef @ http://localhost:3001/entities/Player.js:781
[   18200ms] [LOG] [Player] viewWeapon pos=0.25,-0.33,-0.80 rot=NaN,NaN,NaN visible=true fpArmsPos=0.00,0.00,0.00 @ http://localhost:3001/entities/Player.js:742
[   18200ms] [LOG] [Weapon] applyToMesh: recoilAngle=0.1 swayX=0 swayY=0 time=2.349899999999443 baseRot={x:undefined,y:undefined,z:undefined} type=object @ http://localhost:3001/items/Weapon.js:220
[   18211ms] [LOG] [Player] viewWeapon pos=0.25,-0.33,-0.80 rot=NaN,NaN,NaN visible=true fpArmsPos=0.00,0.00,0.00 @ http://localhost:3001/entities/Player.js:742
[   18211ms] [LOG] [Weapon] applyToMesh: recoilAngle=0.1 swayX=0 swayY=0 time=2.360399999999443 baseRot={x:undefined,y:undefined,z:undefined} type=object @ http://localhost:3001/items/Weapon.js:220
[   18221ms] [LOG] [Player] viewWeapon pos=0.25,-0.33,-0.80 rot=NaN,NaN,NaN visible=true fpArmsPos=0.00,0.00,0.00 @ http://localhost:3001/entities/Player.js:742
[   18221ms] [LOG] [Weapon] applyToMesh: recoilAngle=0.1 swayX=0 swayY=0 time=2.370899999999443 baseRot={x:undefined,y:undefined,z:undefined} type=object @ http://localhost:3001/items/Weapon.js:220
[   18230ms] [LOG] [Player] viewWeapon pos=0.25,-0.33,-0.80 rot=NaN,NaN,NaN visible=true fpArmsPos=0.00,0.00,0.00 @ http://localhost:3001/entities/Player.js:742
[   18230ms] [LOG] [Weapon] applyToMesh: recoilAngle=0.1 swayX=0 swayY=0 time=2.379599999999629 baseRot={x:undefined,y:undefined,z:undefined} type=object @ http://localhost:3001/items/Weapon.js:220
[   18238ms] [LOG] [Player] viewWeapon pos=0.25,-0.33,-0.80 rot=NaN,NaN,NaN visible=true fpArmsPos=0.00,0.00,0.00 @ http://localhost:3001/entities/Player.js:742
[   18238ms] [LOG] [Weapon] applyToMesh: recoilAngle=0.1 swayX=0 swayY=0 time=2.3880999999996293 baseRot={x:undefined,y:undefined,z:undefined} type=object @ http://localhost:3001/items/Weapon.js:220
[   18246ms] [LOG] [Player] viewWeapon pos=0.25,-0.33,-0.80 rot=NaN,NaN,NaN visible=true fpArmsPos=0.00,0.00,0.00 @ http://localhost:3001/entities/Player.js:742
[   18247ms] [LOG] [Weapon] applyToMesh: recoilAngle=0.1 swayX=0 swayY=0 time=2.396399999999443 baseRot={x:undefined,y:undefined,z:undefined} type=object @ http://localhost:3001/items/Weapon.js:220
[   18256ms] [LOG] [Player] viewWeapon pos=0.25,-0.33,-0.80 rot=NaN,NaN,NaN visible=true fpArmsPos=0.00,0.00,0.00 @ http://localhost:3001/entities/Player.js:742
[   18256ms] [LOG] [Weapon] applyToMesh: recoilAngle=0.1 swayX=0 swayY=0 time=2.4054999999990705 baseRot={x:undefined,y:undefined,z:undefined} type=object @ http://localhost:3001/items/Weapon.js:220
[   18266ms] [LOG] [Player] viewWeapon pos=0.25,-0.33,-0.80 rot=NaN,NaN,NaN visible=true fpArmsPos=0.00,0.00,0.00 @ http://localhost:3001/entities/Player.js:742
[   18267ms] [LOG] [Weapon] applyToMesh: recoilAngle=0.1 swayX=0 swayY=0 time=2.416399999999443 baseRot={x:undefined,y:undefined,z:undefined} type=object @ http://localhost:3001/items/Weapon.js:220
[   18278ms] [LOG] [Player] viewWeapon pos=0.25,-0.33,-0.80 rot=NaN,NaN,NaN visible=true fpArmsPos=0.00,0.00,0.00 @ http://localhost:3001/entities/Player.js:742
[   18278ms] [LOG] [Weapon] applyToMesh: recoilAngle=0.1 swayX=0 swayY=0 time=2.427599999999629 baseRot={x:undefined,y:undefined,z:undefined} type=object @ http://localhost:3001/items/Weapon.js:220
[   18286ms] [LOG] [Player] viewWeapon pos=0.25,-0.33,-0.80 rot=NaN,NaN,NaN visible=true fpArmsPos=0.00,0.00,0.00 @ http://localhost:3001/entities/Player.js:742
[   18287ms] [LOG] [Weapon] applyToMesh: recoilAngle=0.1 swayX=0 swayY=0 time=2.436399999999443 baseRot={x:undefined,y:undefined,z:undefined} type=object @ http://localhost:3001/items/Weapon.js:220
[   18295ms] [LOG] [Player] viewWeapon pos=0.25,-0.33,-0.80 rot=NaN,NaN,NaN visible=true fpArmsPos=0.00,0.00,0.00 @ http://localhost:3001/entities/Player.js:742
[   18295ms] [LOG] [Weapon] applyToMesh: recoilAngle=0.1 swayX=0 swayY=0 time=2.4449999999990704 baseRot={x:undefined,y:undefined,z:undefined} type=object @ http://localhost:3001/items/Weapon.js:220
[   18304ms] [LOG] [Player] viewWeapon pos=0.25,-0.33,-0.80 rot=NaN,NaN,NaN visible=true fpArmsPos=0.00,0.00,0.00 @ http://localhost:3001/entities/Player.js:742
[   18305ms] [LOG] [Weapon] applyToMesh: recoilAngle=0.1 swayX=0 swayY=0 time=2.4542999999998156 baseRot={x:undefined,y:undefined,z:undefined} type=object @ http://localhost:3001/items/Weapon.js:220
[   18315ms] [LOG] [Player] viewWeapon pos=0.25,-0.33,-0.80 rot=NaN,NaN,NaN visible=true fpArmsPos=0.00,0.00,0.00 @ http://localhost:3001/entities/Player.js:742
[   18315ms] [LOG] [Weapon] applyToMesh: recoilAngle=0.1 swayX=0 swayY=0 time=2.4644999999990707 baseRot={x:undefined,y:undefined,z:undefined} type=object @ http://localhost:3001/items/Weapon.js:220
[   18323ms] [LOG] [Player] viewWeapon pos=0.25,-0.33,-0.80 rot=NaN,NaN,NaN visible=true fpArmsPos=0.00,0.00,0.00 @ http://localhost:3001/entities/Player.js:742
[   18323ms] [LOG] [Weapon] applyToMesh: recoilAngle=0.1 swayX=0 swayY=0 time=2.4726999999992567 baseRot={x:undefined,y:undefined,z:undefined} type=object @ http://localhost:3001/items/Weapon.js:220
[   18331ms] [LOG] [Player] viewWeapon pos=0.25,-0.33,-0.80 rot=NaN,NaN,NaN visible=true fpArmsPos=0.00,0.00,0.00 @ http://localhost:3001/entities/Player.js:742
[   18331ms] [LOG] [Weapon] applyToMesh: recoilAngle=0.1 swayX=0 swayY=0 time=2.4807999999998156 baseRot={x:undefined,y:undefined,z:undefined} type=object @ http://localhost:3001/items/Weapon.js:220
[   18339ms] [LOG] [Player] viewWeapon pos=0.25,-0.33,-0.80 rot=NaN,NaN,NaN visible=true fpArmsPos=0.00,0.00,0.00 @ http://localhost:3001/entities/Player.js:742
[   18339ms] [LOG] [Weapon] applyToMesh: recoilAngle=0.1 swayX=0 swayY=0 time=2.4889999999990704 baseRot={x:undefined,y:undefined,z:undefined} type=object @ http://localhost:3001/items/Weapon.js:220
[   18346ms] [LOG] [Player] viewWeapon pos=0.25,-0.33,-0.80 rot=NaN,NaN,NaN visible=true fpArmsPos=0.00,0.00,0.00 @ http://localhost:3001/entities/Player.js:742
[   18347ms] [LOG] [Weapon] applyToMesh: recoilAngle=0.1 swayX=0 swayY=0 time=2.4962999999998154 baseRot={x:undefined,y:undefined,z:undefined} type=object @ http://localhost:3001/items/Weapon.js:220
[   18356ms] [LOG] [Player] viewWeapon pos=0.25,-0.33,-0.80 rot=NaN,NaN,NaN visible=true fpArmsPos=0.00,0.00,0.00 @ http://localhost:3001/entities/Player.js:742
[   18356ms] [LOG] [Weapon] applyToMesh: recoilAngle=0.1 swayX=0 swayY=0 time=2.5057999999998155 baseRot={x:undefined,y:undefined,z:undefined} type=object @ http://localhost:3001/items/Weapon.js:220
[   18364ms] [LOG] [Player] viewWeapon pos=0.25,-0.33,-0.80 rot=NaN,NaN,NaN visible=true fpArmsPos=0.00,0.00,0.00 @ http://localhost:3001/entities/Player.js:742
[   18364ms] [LOG] [Weapon] applyToMesh: recoilAngle=0.1 swayX=0 swayY=0 time=2.514199999999257 baseRot={x:undefined,y:undefined,z:undefined} type=object @ http://localhost:3001/items/Weapon.js:220
[   18372ms] [LOG] [Player] viewWeapon pos=0.25,-0.33,-0.80 rot=NaN,NaN,NaN visible=true fpArmsPos=0.00,0.00,0.00 @ http://localhost:3001/entities/Player.js:742
[   18372ms] [LOG] [Weapon] applyToMesh: recoilAngle=0.1 swayX=0 swayY=0 time=2.5216999999992566 baseRot={x:undefined,y:undefined,z:undefined} type=object @ http://localhost:3001/items/Weapon.js:220
[   18372ms] [LOG] [Player] after applyToMesh: rot=NaN,NaN,NaN baseRot=undef @ http://localhost:3001/entities/Player.js:781
[   18381ms] [LOG] [Player] viewWeapon pos=0.25,-0.33,-0.80 rot=NaN,NaN,NaN visible=true fpArmsPos=0.00,0.00,0.00 @ http://localhost:3001/entities/Player.js:742
[   18381ms] [LOG] [Weapon] applyToMesh: recoilAngle=0.1 swayX=0 swayY=0 time=2.5304999999990705 baseRot={x:undefined,y:undefined,z:undefined} type=object @ http://localhost:3001/items/Weapon.js:220
[   18390ms] [LOG] [Player] viewWeapon pos=0.25,-0.33,-0.80 rot=NaN,NaN,NaN visible=true fpArmsPos=0.00,0.00,0.00 @ http://localhost:3001/entities/Player.js:742
[   18390ms] [LOG] [Weapon] applyToMesh: recoilAngle=0.1 swayX=0 swayY=0 time=2.5394999999990704 baseRot={x:undefined,y:undefined,z:undefined} type=object @ http://localhost:3001/items/Weapon.js:220
[   18398ms] [LOG] [Player] viewWeapon pos=0.25,-0.33,-0.80 rot=NaN,NaN,NaN visible=true fpArmsPos=0.00,0.00,0.00 @ http://localhost:3001/entities/Player.js:742
[   18398ms] [LOG] [Weapon] applyToMesh: recoilAngle=0.1 swayX=0 swayY=0 time=2.5475999999996293 baseRot={x:undefined,y:undefined,z:undefined} type=object @ http://localhost:3001/items/Weapon.js:220
[   18406ms] [LOG] [Player] viewWeapon pos=0.25,-0.33,-0.80 rot=NaN,NaN,NaN visible=true fpArmsPos=0.00,0.00,0.00 @ http://localhost:3001/entities/Player.js:742
[   18406ms] [LOG] [Weapon] applyToMesh: recoilAngle=0.1 swayX=0 swayY=0 time=2.5559999999990706 baseRot={x:undefined,y:undefined,z:undefined} type=object @ http://localhost:3001/items/Weapon.js:220
[   18415ms] [LOG] [Player] viewWeapon pos=0.25,-0.33,-0.80 rot=NaN,NaN,NaN visible=true fpArmsPos=0.00,0.00,0.00 @ http://localhost:3001/entities/Player.js:742
[   18416ms] [LOG] [Weapon] applyToMesh: recoilAngle=0.1 swayX=0 swayY=0 time=2.565199999999257 baseRot={x:undefined,y:undefined,z:undefined} type=object @ http://localhost:3001/items/Weapon.js:220
[   18423ms] [LOG] [Player] viewWeapon pos=0.25,-0.33,-0.80 rot=NaN,NaN,NaN visible=true fpArmsPos=0.00,0.00,0.00 @ http://localhost:3001/entities/Player.js:742
[   18424ms] [LOG] [Weapon] applyToMesh: recoilAngle=0.1 swayX=0 swayY=0 time=2.573199999999257 baseRot={x:undefined,y:undefined,z:undefined} type=object @ http://localhost:3001/items/Weapon.js:220
[   18431ms] [LOG] [Player] viewWeapon pos=0.25,-0.33,-0.80 rot=NaN,NaN,NaN visible=true fpArmsPos=0.00,0.00,0.00 @ http://localhost:3001/entities/Player.js:742
[   18431ms] [LOG] [Weapon] applyToMesh: recoilAngle=0.1 swayX=0 swayY=0 time=2.580699999999257 baseRot={x:undefined,y:undefined,z:undefined} type=object @ http://localhost:3001/items/Weapon.js:220
[   18438ms] [LOG] [Player] viewWeapon pos=0.25,-0.33,-0.80 rot=NaN,NaN,NaN visible=true fpArmsPos=0.00,0.00,0.00 @ http://localhost:3001/entities/Player.js:742
[   18438ms] [LOG] [Weapon] applyToMesh: recoilAngle=0.1 swayX=0 swayY=0 time=2.587899999999443 baseRot={x:undefined,y:undefined,z:undefined} type=object @ http://localhost:3001/items/Weapon.js:220
[   18445ms] [LOG] [Player] viewWeapon pos=0.25,-0.33,-0.80 rot=NaN,NaN,NaN visible=true fpArmsPos=0.00,0.00,0.00 @ http://localhost:3001/entities/Player.js:742
[   18446ms] [LOG] [Weapon] applyToMesh: recoilAngle=0.1 swayX=0 swayY=0 time=2.5952999999998156 baseRot={x:undefined,y:undefined,z:undefined} type=object @ http://localhost:3001/items/Weapon.js:220
[   18455ms] [LOG] [Player] viewWeapon pos=0.25,-0.33,-0.80 rot=NaN,NaN,NaN visible=true fpArmsPos=0.00,0.00,0.00 @ http://localhost:3001/entities/Player.js:742
[   18455ms] [LOG] [Weapon] applyToMesh: recoilAngle=0.1 swayX=0 swayY=0 time=2.604699999999257 baseRot={x:undefined,y:undefined,z:undefined} type=object @ http://localhost:3001/items/Weapon.js:220
[   18455ms] [LOG] [Player] after applyToMesh: rot=NaN,NaN,NaN baseRot=undef @ http://localhost:3001/entities/Player.js:781
[   18463ms] [LOG] [Player] viewWeapon pos=0.25,-0.33,-0.80 rot=NaN,NaN,NaN visible=true fpArmsPos=0.00,0.00,0.00 @ http://localhost:3001/entities/Player.js:742
[   18463ms] [LOG] [Weapon] applyToMesh: recoilAngle=0.1 swayX=0 swayY=0 time=2.612899999999443 baseRot={x:undefined,y:undefined,z:undefined} type=object @ http://localhost:3001/items/Weapon.js:220
[   18471ms] [LOG] [Player] viewWeapon pos=0.25,-0.33,-0.80 rot=NaN,NaN,NaN visible=true fpArmsPos=0.00,0.00,0.00 @ http://localhost:3001/entities/Player.js:742
[   18471ms] [LOG] [Weapon] applyToMesh: recoilAngle=0.1 swayX=0 swayY=0 time=2.6207999999998153 baseRot={x:undefined,y:undefined,z:undefined} type=object @ http://localhost:3001/items/Weapon.js:220
[   18478ms] [LOG] [Player] viewWeapon pos=0.25,-0.33,-0.80 rot=NaN,NaN,NaN visible=true fpArmsPos=0.00,0.00,0.00 @ http://localhost:3001/entities/Player.js:742
[   18478ms] [LOG] [Weapon] applyToMesh: recoilAngle=0.1 swayX=0 swayY=0 time=2.6277999999998154 baseRot={x:undefined,y:undefined,z:undefined} type=object @ http://localhost:3001/items/Weapon.js:220
[   18485ms] [LOG] [Player] viewWeapon pos=0.25,-0.33,-0.80 rot=NaN,NaN,NaN visible=true fpArmsPos=0.00,0.00,0.00 @ http://localhost:3001/entities/Player.js:742
[   18486ms] [LOG] [Weapon] applyToMesh: recoilAngle=0.1 swayX=0 swayY=0 time=2.6352999999998152 baseRot={x:undefined,y:undefined,z:undefined} type=object @ http://localhost:3001/items/Weapon.js:220
[   18486ms] [LOG] [Player] after applyToMesh: rot=NaN,NaN,NaN baseRot=undef @ http://localhost:3001/entities/Player.js:781
[   18494ms] [LOG] [Player] viewWeapon pos=0.25,-0.33,-0.80 rot=NaN,NaN,NaN visible=true fpArmsPos=0.00,0.00,0.00 @ http://localhost:3001/entities/Player.js:742
[   18494ms] [LOG] [Weapon] applyToMesh: recoilAngle=0.1 swayX=0 swayY=0 time=2.64349999999907 baseRot={x:undefined,y:undefined,z:undefined} type=object @ http://localhost:3001/items/Weapon.js:220
[   18502ms] [LOG] [Player] viewWeapon pos=0.25,-0.33,-0.80 rot=NaN,NaN,NaN visible=true fpArmsPos=0.00,0.00,0.00 @ http://localhost:3001/entities/Player.js:742
[   18502ms] [LOG] [Weapon] applyToMesh: recoilAngle=0.1 swayX=0 swayY=0 time=2.651699999999256 baseRot={x:undefined,y:undefined,z:undefined} type=object @ http://localhost:3001/items/Weapon.js:220
[   18511ms] [LOG] [Player] viewWeapon pos=0.25,-0.33,-0.80 rot=NaN,NaN,NaN visible=true fpArmsPos=0.00,0.00,0.00 @ http://localhost:3001/entities/Player.js:742
[   18511ms] [LOG] [Weapon] applyToMesh: recoilAngle=0.1 swayX=0 swayY=0 time=2.661199999999256 baseRot={x:undefined,y:undefined,z:undefined} type=object @ http://localhost:3001/items/Weapon.js:220
[   18520ms] [LOG] [Player] viewWeapon pos=0.25,-0.33,-0.80 rot=NaN,NaN,NaN visible=true fpArmsPos=0.00,0.00,0.00 @ http://localhost:3001/entities/Player.js:742
[   18520ms] [LOG] [Weapon] applyToMesh: recoilAngle=0.1 swayX=0 swayY=0 time=2.669399999999442 baseRot={x:undefined,y:undefined,z:undefined} type=object @ http://localhost:3001/items/Weapon.js:220
[   18527ms] [LOG] [Player] viewWeapon pos=0.25,-0.33,-0.80 rot=NaN,NaN,NaN visible=true fpArmsPos=0.00,0.00,0.00 @ http://localhost:3001/entities/Player.js:742
[   18527ms] [LOG] [Weapon] applyToMesh: recoilAngle=0.1 swayX=0 swayY=0 time=2.6765999999996284 baseRot={x:undefined,y:undefined,z:undefined} type=object @ http://localhost:3001/items/Weapon.js:220
[   18534ms] [LOG] [Player] viewWeapon pos=0.25,-0.33,-0.80 rot=NaN,NaN,NaN visible=true fpArmsPos=0.00,0.00,0.00 @ http://localhost:3001/entities/Player.js:742
[   18535ms] [LOG] [Weapon] applyToMesh: recoilAngle=0.1 swayX=0 swayY=0 time=2.6842999999998147 baseRot={x:undefined,y:undefined,z:undefined} type=object @ http://localhost:3001/items/Weapon.js:220
[   18535ms] [LOG] [Player] anim: recoilAngle=0.1 swayX=0 swayY=0 time=2.6842999999998147 @ http://localhost:3001/entities/Player.js:780
[   18542ms] [LOG] [Player] viewWeapon pos=0.25,-0.33,-0.80 rot=NaN,NaN,NaN visible=true fpArmsPos=0.00,0.00,0.00 @ http://localhost:3001/entities/Player.js:742
[   18542ms] [LOG] [Weapon] applyToMesh: recoilAngle=0.1 swayX=0 swayY=0 time=2.691899999999442 baseRot={x:undefined,y:undefined,z:undefined} type=object @ http://localhost:3001/items/Weapon.js:220
[   18550ms] [LOG] [Player] viewWeapon pos=0.25,-0.33,-0.80 rot=NaN,NaN,NaN visible=true fpArmsPos=0.00,0.00,0.00 @ http://localhost:3001/entities/Player.js:742
[   18550ms] [LOG] [Weapon] applyToMesh: recoilAngle=0.1 swayX=0 swayY=0 time=2.699699999999256 baseRot={x:undefined,y:undefined,z:undefined} type=object @ http://localhost:3001/items/Weapon.js:220
[   18559ms] [LOG] [Player] viewWeapon pos=0.25,-0.33,-0.80 rot=NaN,NaN,NaN visible=true fpArmsPos=0.00,0.00,0.00 @ http://localhost:3001/entities/Player.js:742
[   18560ms] [LOG] [Weapon] applyToMesh: recoilAngle=0.1 swayX=0 swayY=0 time=2.709199999999256 baseRot={x:undefined,y:undefined,z:undefined} type=object @ http://localhost:3001/items/Weapon.js:220
[   18568ms] [LOG] [Player] viewWeapon pos=0.25,-0.33,-0.80 rot=NaN,NaN,NaN visible=true fpArmsPos=0.00,0.00,0.00 @ http://localhost:3001/entities/Player.js:742
[   18568ms] [LOG] [Weapon] applyToMesh: recoilAngle=0.1 swayX=0 swayY=0 time=2.71799999999907 baseRot={x:undefined,y:undefined,z:undefined} type=object @ http://localhost:3001/items/Weapon.js:220
[   18576ms] [LOG] [Player] viewWeapon pos=0.25,-0.33,-0.80 rot=NaN,NaN,NaN visible=true fpArmsPos=0.00,0.00,0.00 @ http://localhost:3001/entities/Player.js:742
[   18576ms] [LOG] [Weapon] applyToMesh: recoilAngle=0.1 swayX=0 swayY=0 time=2.7257999999998153 baseRot={x:undefined,y:undefined,z:undefined} type=object @ http://localhost:3001/items/Weapon.js:220
[   18583ms] [LOG] [Player] viewWeapon pos=0.25,-0.34,-0.80 rot=NaN,NaN,NaN visible=true fpArmsPos=0.00,0.00,0.00 @ http://localhost:3001/entities/Player.js:742
[   18583ms] [LOG] [Weapon] applyToMesh: recoilAngle=0.1 swayX=0 swayY=0 time=2.7327999999998154 baseRot={x:undefined,y:undefined,z:undefined} type=object @ http://localhost:3001/items/Weapon.js:220
[   18583ms] [LOG] [CameraController] playerPos=46.00,4.04,0.00 targetY=4.19 camPos=46.00,4.19,0.00 @ http://localhost:3001/core/CameraController.js:240
[   18591ms] [LOG] [Player] viewWeapon pos=0.25,-0.34,-0.80 rot=NaN,NaN,NaN visible=true fpArmsPos=0.00,0.00,0.00 @ http://localhost:3001/entities/Player.js:742
[   18591ms] [LOG] [Weapon] applyToMesh: recoilAngle=0.1 swayX=0 swayY=0 time=2.7407999999998154 baseRot={x:undefined,y:undefined,z:undefined} type=object @ http://localhost:3001/items/Weapon.js:220
[   18599ms] [LOG] [Player] viewWeapon pos=0.25,-0.34,-0.80 rot=NaN,NaN,NaN visible=true fpArmsPos=0.00,0.00,0.00 @ http://localhost:3001/entities/Player.js:742
[   18599ms] [LOG] [Weapon] applyToMesh: recoilAngle=0.1 swayX=0 swayY=0 time=2.7487999999998154 baseRot={x:undefined,y:undefined,z:undefined} type=object @ http://localhost:3001/items/Weapon.js:220
[   18607ms] [LOG] [Player] viewWeapon pos=0.25,-0.34,-0.80 rot=NaN,NaN,NaN visible=true fpArmsPos=0.00,0.00,0.00 @ http://localhost:3001/entities/Player.js:742
[   18607ms] [LOG] [Weapon] applyToMesh: recoilAngle=0.1 swayX=0 swayY=0 time=2.756899999999443 baseRot={x:undefined,y:undefined,z:undefined} type=object @ http://localhost:3001/items/Weapon.js:220
[   18615ms] [LOG] [Player] viewWeapon pos=0.25,-0.34,-0.80 rot=NaN,NaN,NaN visible=true fpArmsPos=0.00,0.00,0.00 @ http://localhost:3001/entities/Player.js:742
[   18615ms] [LOG] [Weapon] applyToMesh: recoilAngle=0.1 swayX=0 swayY=0 time=2.764399999999443 baseRot={x:undefined,y:undefined,z:undefined} type=object @ http://localhost:3001/items/Weapon.js:220
[   18622ms] [LOG] [Player] viewWeapon pos=0.25,-0.34,-0.80 rot=NaN,NaN,NaN visible=true fpArmsPos=0.00,0.00,0.00 @ http://localhost:3001/entities/Player.js:742
[   18622ms] [LOG] [Weapon] applyToMesh: recoilAngle=0.1 swayX=0 swayY=0 time=2.7718999999994427 baseRot={x:undefined,y:undefined,z:undefined} type=object @ http://localhost:3001/items/Weapon.js:220
[   18629ms] [LOG] [Player] viewWeapon pos=0.25,-0.34,-0.80 rot=NaN,NaN,NaN visible=true fpArmsPos=0.00,0.00,0.00 @ http://localhost:3001/entities/Player.js:742
[   18629ms] [LOG] [Weapon] applyToMesh: recoilAngle=0.1 swayX=0 swayY=0 time=2.778899999999443 baseRot={x:undefined,y:undefined,z:undefined} type=object @ http://localhost:3001/items/Weapon.js:220
[   18636ms] [LOG] [Player] viewWeapon pos=0.25,-0.34,-0.80 rot=NaN,NaN,NaN visible=true fpArmsPos=0.00,0.00,0.00 @ http://localhost:3001/entities/Player.js:742
[   18636ms] [LOG] [Weapon] applyToMesh: recoilAngle=0.1 swayX=0 swayY=0 time=2.7857999999998153 baseRot={x:undefined,y:undefined,z:undefined} type=object @ http://localhost:3001/items/Weapon.js:220
[   18645ms] [LOG] [Player] viewWeapon pos=0.25,-0.34,-0.80 rot=NaN,NaN,NaN visible=true fpArmsPos=0.00,0.00,0.00 @ http://localhost:3001/entities/Player.js:742
[   18645ms] [LOG] [Weapon] applyToMesh: recoilAngle=0.1 swayX=0 swayY=0 time=2.7943999999994427 baseRot={x:undefined,y:undefined,z:undefined} type=object @ http://localhost:3001/items/Weapon.js:220
[   18653ms] [LOG] [Player] viewWeapon pos=0.25,-0.34,-0.80 rot=NaN,NaN,NaN visible=true fpArmsPos=0.00,0.00,0.00 @ http://localhost:3001/entities/Player.js:742
[   18653ms] [LOG] [Weapon] applyToMesh: recoilAngle=0.1 swayX=0 swayY=0 time=2.802899999999443 baseRot={x:undefined,y:undefined,z:undefined} type=object @ http://localhost:3001/items/Weapon.js:220
[   18660ms] [LOG] [Player] viewWeapon pos=0.25,-0.34,-0.80 rot=NaN,NaN,NaN visible=true fpArmsPos=0.00,0.00,0.00 @ http://localhost:3001/entities/Player.js:742
[   18660ms] [LOG] [Weapon] applyToMesh: recoilAngle=0.1 swayX=0 swayY=0 time=2.80999999999907 baseRot={x:undefined,y:undefined,z:undefined} type=object @ http://localhost:3001/items/Weapon.js:220
[   18668ms] [LOG] [Player] viewWeapon pos=0.25,-0.34,-0.80 rot=NaN,NaN,NaN visible=true fpArmsPos=0.00,0.00,0.00 @ http://localhost:3001/entities/Player.js:742
[   18668ms] [LOG] [Weapon] applyToMesh: recoilAngle=0.1 swayX=0 swayY=0 time=2.8176999999992565 baseRot={x:undefined,y:undefined,z:undefined} type=object @ http://localhost:3001/items/Weapon.js:220
[   18668ms] [LOG] [Player] after applyToMesh: rot=NaN,NaN,NaN baseRot=undef @ http://localhost:3001/entities/Player.js:781
[   18677ms] [LOG] [Player] viewWeapon pos=0.25,-0.34,-0.80 rot=NaN,NaN,NaN visible=true fpArmsPos=0.00,0.00,0.00 @ http://localhost:3001/entities/Player.js:742
[   18677ms] [LOG] [Weapon] applyToMesh: recoilAngle=0.1 swayX=0 swayY=0 time=2.8266999999992564 baseRot={x:undefined,y:undefined,z:undefined} type=object @ http://localhost:3001/items/Weapon.js:220
[   18684ms] [LOG] [Player] viewWeapon pos=0.25,-0.34,-0.80 rot=NaN,NaN,NaN visible=true fpArmsPos=0.00,0.00,0.00 @ http://localhost:3001/entities/Player.js:742
[   18684ms] [LOG] [Weapon] applyToMesh: recoilAngle=0.1 swayX=0 swayY=0 time=2.8338999999994425 baseRot={x:undefined,y:undefined,z:undefined} type=object @ http://localhost:3001/items/Weapon.js:220
[   18691ms] [LOG] [Player] viewWeapon pos=0.25,-0.34,-0.80 rot=NaN,NaN,NaN visible=true fpArmsPos=0.00,0.00,0.00 @ http://localhost:3001/entities/Player.js:742
[   18691ms] [LOG] [Weapon] applyToMesh: recoilAngle=0.1 swayX=0 swayY=0 time=2.8411999999992563 baseRot={x:undefined,y:undefined,z:undefined} type=object @ http://localhost:3001/items/Weapon.js:220
[   18700ms] [LOG] [Player] viewWeapon pos=0.25,-0.34,-0.80 rot=NaN,NaN,NaN visible=true fpArmsPos=0.00,0.00,0.00 @ http://localhost:3001/entities/Player.js:742
[   18700ms] [LOG] [Weapon] applyToMesh: recoilAngle=0.1 swayX=0 swayY=0 time=2.850099999999629 baseRot={x:undefined,y:undefined,z:undefined} type=object @ http://localhost:3001/items/Weapon.js:220
[   18709ms] [LOG] [Player] viewWeapon pos=0.25,-0.34,-0.80 rot=NaN,NaN,NaN visible=true fpArmsPos=0.00,0.00,0.00 @ http://localhost:3001/entities/Player.js:742
[   18709ms] [LOG] [Weapon] applyToMesh: recoilAngle=0.1 swayX=0 swayY=0 time=2.858599999999629 baseRot={x:undefined,y:undefined,z:undefined} type=object @ http://localhost:3001/items/Weapon.js:220
[   18717ms] [LOG] [Player] viewWeapon pos=0.25,-0.34,-0.80 rot=NaN,NaN,NaN visible=true fpArmsPos=0.00,0.00,0.00 @ http://localhost:3001/entities/Player.js:742
[   18717ms] [LOG] [Weapon] applyToMesh: recoilAngle=0.1 swayX=0 swayY=0 time=2.8665999999996292 baseRot={x:undefined,y:undefined,z:undefined} type=object @ http://localhost:3001/items/Weapon.js:220
[   18724ms] [LOG] [Player] viewWeapon pos=0.25,-0.34,-0.80 rot=NaN,NaN,NaN visible=true fpArmsPos=0.00,0.00,0.00 @ http://localhost:3001/entities/Player.js:742
[   18724ms] [LOG] [Weapon] applyToMesh: recoilAngle=0.1 swayX=0 swayY=0 time=2.8734999999990705 baseRot={x:undefined,y:undefined,z:undefined} type=object @ http://localhost:3001/items/Weapon.js:220
[   18731ms] [LOG] [Player] viewWeapon pos=0.25,-0.34,-0.80 rot=NaN,NaN,NaN visible=true fpArmsPos=0.00,0.00,0.00 @ http://localhost:3001/entities/Player.js:742
[   18731ms] [LOG] [Weapon] applyToMesh: recoilAngle=0.1 swayX=0 swayY=0 time=2.880399999999443 baseRot={x:undefined,y:undefined,z:undefined} type=object @ http://localhost:3001/items/Weapon.js:220
[   18731ms] [LOG] [Player] after applyToMesh: rot=NaN,NaN,NaN baseRot=undef @ http://localhost:3001/entities/Player.js:781
[   18738ms] [LOG] [Player] viewWeapon pos=0.25,-0.34,-0.80 rot=NaN,NaN,NaN visible=true fpArmsPos=0.00,0.00,0.00 @ http://localhost:3001/entities/Player.js:742
[   18739ms] [LOG] [Weapon] applyToMesh: recoilAngle=0.1 swayX=0 swayY=0 time=2.8882999999998153 baseRot={x:undefined,y:undefined,z:undefined} type=object @ http://localhost:3001/items/Weapon.js:220
[   18739ms] [LOG] [Player] after applyToMesh: rot=NaN,NaN,NaN baseRot=undef @ http://localhost:3001/entities/Player.js:781
[   18747ms] [LOG] [Player] viewWeapon pos=0.25,-0.34,-0.80 rot=NaN,NaN,NaN visible=true fpArmsPos=0.00,0.00,0.00 @ http://localhost:3001/entities/Player.js:742
[   18747ms] [LOG] [Weapon] applyToMesh: recoilAngle=0.1 swayX=0 swayY=0 time=2.896599999999629 baseRot={x:undefined,y:undefined,z:undefined} type=object @ http://localhost:3001/items/Weapon.js:220
[   18756ms] [LOG] [Player] viewWeapon pos=0.25,-0.34,-0.80 rot=NaN,NaN,NaN visible=true fpArmsPos=0.00,0.00,0.00 @ http://localhost:3001/entities/Player.js:742
[   18756ms] [LOG] [Weapon] applyToMesh: recoilAngle=0.1 swayX=0 swayY=0 time=2.90549999999907 baseRot={x:undefined,y:undefined,z:undefined} type=object @ http://localhost:3001/items/Weapon.js:220
[   18764ms] [LOG] [Player] viewWeapon pos=0.25,-0.34,-0.80 rot=NaN,NaN,NaN visible=true fpArmsPos=0.00,0.00,0.00 @ http://localhost:3001/entities/Player.js:742
[   18764ms] [LOG] [Weapon] applyToMesh: recoilAngle=0.1 swayX=0 swayY=0 time=2.9141999999992563 baseRot={x:undefined,y:undefined,z:undefined} type=object @ http://localhost:3001/items/Weapon.js:220
[   18772ms] [LOG] [Player] viewWeapon pos=0.25,-0.34,-0.80 rot=NaN,NaN,NaN visible=true fpArmsPos=0.00,0.00,0.00 @ http://localhost:3001/entities/Player.js:742
[   18772ms] [LOG] [Weapon] applyToMesh: recoilAngle=0.1 swayX=0 swayY=0 time=2.9219999999990702 baseRot={x:undefined,y:undefined,z:undefined} type=object @ http://localhost:3001/items/Weapon.js:220
[   18780ms] [LOG] [Player] viewWeapon pos=0.25,-0.34,-0.80 rot=NaN,NaN,NaN visible=true fpArmsPos=0.00,0.00,0.00 @ http://localhost:3001/entities/Player.js:742
[   18780ms] [LOG] [Weapon] applyToMesh: recoilAngle=0.1 swayX=0 swayY=0 time=2.929599999999629 baseRot={x:undefined,y:undefined,z:undefined} type=object @ http://localhost:3001/items/Weapon.js:220
[   18786ms] [LOG] [Player] viewWeapon pos=0.25,-0.34,-0.80 rot=NaN,NaN,NaN visible=true fpArmsPos=0.00,0.00,0.00 @ http://localhost:3001/entities/Player.js:742
[   18786ms] [LOG] [Weapon] applyToMesh: recoilAngle=0.1 swayX=0 swayY=0 time=2.9361999999992565 baseRot={x:undefined,y:undefined,z:undefined} type=object @ http://localhost:3001/items/Weapon.js:220
[   18795ms] [LOG] [Player] viewWeapon pos=0.25,-0.34,-0.80 rot=NaN,NaN,NaN visible=true fpArmsPos=0.00,0.00,0.00 @ http://localhost:3001/entities/Player.js:742
[   18795ms] [LOG] [Weapon] applyToMesh: recoilAngle=0.1 swayX=0 swayY=0 time=2.9449999999990704 baseRot={x:undefined,y:undefined,z:undefined} type=object @ http://localhost:3001/items/Weapon.js:220
[   18802ms] [LOG] [Player] viewWeapon pos=0.25,-0.34,-0.80 rot=NaN,NaN,NaN visible=true fpArmsPos=0.00,0.00,0.00 @ http://localhost:3001/entities/Player.js:742
[   18802ms] [LOG] [Weapon] applyToMesh: recoilAngle=0.1 swayX=0 swayY=0 time=2.9520999999996294 baseRot={x:undefined,y:undefined,z:undefined} type=object @ http://localhost:3001/items/Weapon.js:220
[   18802ms] [LOG] [Player] after applyToMesh: rot=NaN,NaN,NaN baseRot=undef @ http://localhost:3001/entities/Player.js:781
[   18809ms] [LOG] [Player] viewWeapon pos=0.25,-0.34,-0.80 rot=NaN,NaN,NaN visible=true fpArmsPos=0.00,0.00,0.00 @ http://localhost:3001/entities/Player.js:742
[   18810ms] [LOG] [Weapon] applyToMesh: recoilAngle=0.1 swayX=0 swayY=0 time=2.9592999999998155 baseRot={x:undefined,y:undefined,z:undefined} type=object @ http://localhost:3001/items/Weapon.js:220
[   18816ms] [LOG] [Player] viewWeapon pos=0.25,-0.34,-0.80 rot=NaN,NaN,NaN visible=true fpArmsPos=0.00,0.00,0.00 @ http://localhost:3001/entities/Player.js:742
[   18816ms] [LOG] [Weapon] applyToMesh: recoilAngle=0.1 swayX=0 swayY=0 time=2.966099999999629 baseRot={x:undefined,y:undefined,z:undefined} type=object @ http://localhost:3001/items/Weapon.js:220
[   18824ms] [LOG] [Player] viewWeapon pos=0.25,-0.34,-0.80 rot=NaN,NaN,NaN visible=true fpArmsPos=0.00,0.00,0.00 @ http://localhost:3001/entities/Player.js:742
[   18824ms] [LOG] [Weapon] applyToMesh: recoilAngle=0.1 swayX=0 swayY=0 time=2.973399999999443 baseRot={x:undefined,y:undefined,z:undefined} type=object @ http://localhost:3001/items/Weapon.js:220
[   18832ms] [LOG] [Player] viewWeapon pos=0.25,-0.34,-0.80 rot=NaN,NaN,NaN visible=true fpArmsPos=0.00,0.00,0.00 @ http://localhost:3001/entities/Player.js:742
[   18833ms] [LOG] [Weapon] applyToMesh: recoilAngle=0.1 swayX=0 swayY=0 time=2.981899999999443 baseRot={x:undefined,y:undefined,z:undefined} type=object @ http://localhost:3001/items/Weapon.js:220
[   18833ms] [LOG] [Player] after applyToMesh: rot=NaN,NaN,NaN baseRot=undef @ http://localhost:3001/entities/Player.js:781
[   18842ms] [LOG] [Player] viewWeapon pos=0.25,-0.34,-0.80 rot=NaN,NaN,NaN visible=true fpArmsPos=0.00,0.00,0.00 @ http://localhost:3001/entities/Player.js:742
[   18842ms] [LOG] [Weapon] applyToMesh: recoilAngle=0.1 swayX=0 swayY=0 time=2.991399999999443 baseRot={x:undefined,y:undefined,z:undefined} type=object @ http://localhost:3001/items/Weapon.js:220
[   18850ms] [LOG] [Player] viewWeapon pos=0.25,-0.34,-0.80 rot=NaN,NaN,NaN visible=true fpArmsPos=0.00,0.00,0.00 @ http://localhost:3001/entities/Player.js:742
[   18850ms] [LOG] [Weapon] applyToMesh: recoilAngle=0.1 swayX=0 swayY=0 time=2.999499999999071 baseRot={x:undefined,y:undefined,z:undefined} type=object @ http://localhost:3001/items/Weapon.js:220
[   18858ms] [LOG] [Player] viewWeapon pos=0.25,-0.34,-0.80 rot=NaN,NaN,NaN visible=true fpArmsPos=0.00,0.00,0.00 @ http://localhost:3001/entities/Player.js:742
[   18858ms] [LOG] [Weapon] applyToMesh: recoilAngle=0.1 swayX=0 swayY=0 time=3.007299999999816 baseRot={x:undefined,y:undefined,z:undefined} type=object @ http://localhost:3001/items/Weapon.js:220
[   18865ms] [LOG] [Player] viewWeapon pos=0.25,-0.34,-0.80 rot=NaN,NaN,NaN visible=true fpArmsPos=0.00,0.00,0.00 @ http://localhost:3001/entities/Player.js:742
[   18865ms] [LOG] [Weapon] applyToMesh: recoilAngle=0.1 swayX=0 swayY=0 time=3.0146999999992574 baseRot={x:undefined,y:undefined,z:undefined} type=object @ http://localhost:3001/items/Weapon.js:220
[   18874ms] [LOG] [Player] viewWeapon pos=0.25,-0.34,-0.80 rot=NaN,NaN,NaN visible=true fpArmsPos=0.00,0.00,0.00 @ http://localhost:3001/entities/Player.js:742
[   18874ms] [LOG] [Weapon] applyToMesh: recoilAngle=0.1 swayX=0 swayY=0 time=3.0236999999992573 baseRot={x:undefined,y:undefined,z:undefined} type=object @ http://localhost:3001/items/Weapon.js:220
[   18874ms] [LOG] [Player] after applyToMesh: rot=NaN,NaN,NaN baseRot=undef @ http://localhost:3001/entities/Player.js:781
[   18881ms] [LOG] [Player] viewWeapon pos=0.25,-0.34,-0.80 rot=NaN,NaN,NaN visible=true fpArmsPos=0.00,0.00,0.00 @ http://localhost:3001/entities/Player.js:742
[   18882ms] [LOG] [Weapon] applyToMesh: recoilAngle=0.1 swayX=0 swayY=0 time=3.031299999999816 baseRot={x:undefined,y:undefined,z:undefined} type=object @ http://localhost:3001/items/Weapon.js:220
[   18882ms] [LOG] [Player] after applyToMesh: rot=NaN,NaN,NaN baseRot=undef @ http://localhost:3001/entities/Player.js:781
[   18891ms] [LOG] [Player] viewWeapon pos=0.25,-0.34,-0.80 rot=NaN,NaN,NaN visible=true fpArmsPos=0.00,0.00,0.00 @ http://localhost:3001/entities/Player.js:742
[   18891ms] [LOG] [Weapon] applyToMesh: recoilAngle=0.1 swayX=0 swayY=0 time=3.040699999999257 baseRot={x:undefined,y:undefined,z:undefined} type=object @ http://localhost:3001/items/Weapon.js:220
[   18899ms] [LOG] [Player] viewWeapon pos=0.25,-0.34,-0.80 rot=NaN,NaN,NaN visible=true fpArmsPos=0.00,0.00,0.00 @ http://localhost:3001/entities/Player.js:742
[   18899ms] [LOG] [Weapon] applyToMesh: recoilAngle=0.1 swayX=0 swayY=0 time=3.0485999999996296 baseRot={x:undefined,y:undefined,z:undefined} type=object @ http://localhost:3001/items/Weapon.js:220
[   18907ms] [LOG] [Player] viewWeapon pos=0.25,-0.34,-0.80 rot=NaN,NaN,NaN visible=true fpArmsPos=0.00,0.00,0.00 @ http://localhost:3001/entities/Player.js:742
[   18907ms] [LOG] [Weapon] applyToMesh: recoilAngle=0.1 swayX=0 swayY=0 time=3.0563999999994436 baseRot={x:undefined,y:undefined,z:undefined} type=object @ http://localhost:3001/items/Weapon.js:220
[   18914ms] [LOG] [Player] viewWeapon pos=0.25,-0.34,-0.80 rot=NaN,NaN,NaN visible=true fpArmsPos=0.00,0.00,0.00 @ http://localhost:3001/entities/Player.js:742
[   18914ms] [LOG] [Weapon] applyToMesh: recoilAngle=0.1 swayX=0 swayY=0 time=3.0637999999998162 baseRot={x:undefined,y:undefined,z:undefined} type=object @ http://localhost:3001/items/Weapon.js:220
[   18922ms] [LOG] [Player] viewWeapon pos=0.25,-0.34,-0.80 rot=NaN,NaN,NaN visible=true fpArmsPos=0.00,0.00,0.00 @ http://localhost:3001/entities/Player.js:742
[   18923ms] [LOG] [Weapon] applyToMesh: recoilAngle=0.1 swayX=0 swayY=0 time=3.0721999999992575 baseRot={x:undefined,y:undefined,z:undefined} type=object @ http://localhost:3001/items/Weapon.js:220
[   18931ms] [LOG] [Player] viewWeapon pos=0.25,-0.34,-0.80 rot=NaN,NaN,NaN visible=true fpArmsPos=0.00,0.00,0.00 @ http://localhost:3001/entities/Player.js:742
[   18931ms] [LOG] [Weapon] applyToMesh: recoilAngle=0.1 swayX=0 swayY=0 time=3.08059999999963 baseRot={x:undefined,y:undefined,z:undefined} type=object @ http://localhost:3001/items/Weapon.js:220
[   18940ms] [LOG] [Player] viewWeapon pos=0.25,-0.34,-0.80 rot=NaN,NaN,NaN visible=true fpArmsPos=0.00,0.00,0.00 @ http://localhost:3001/entities/Player.js:742
[   18940ms] [LOG] [Weapon] applyToMesh: recoilAngle=0.1 swayX=0 swayY=0 time=3.08959999999963 baseRot={x:undefined,y:undefined,z:undefined} type=object @ http://localhost:3001/items/Weapon.js:220
[   18947ms] [LOG] [Player] viewWeapon pos=0.25,-0.34,-0.80 rot=NaN,NaN,NaN visible=true fpArmsPos=0.00,0.00,0.00 @ http://localhost:3001/entities/Player.js:742
[   18947ms] [LOG] [Weapon] applyToMesh: recoilAngle=0.1 swayX=0 swayY=0 time=3.0962999999998164 baseRot={x:undefined,y:undefined,z:undefined} type=object @ http://localhost:3001/items/Weapon.js:220
[   18954ms] [LOG] [Player] viewWeapon pos=0.25,-0.34,-0.80 rot=NaN,NaN,NaN visible=true fpArmsPos=0.00,0.00,0.00 @ http://localhost:3001/entities/Player.js:742
[   18954ms] [LOG] [Weapon] applyToMesh: recoilAngle=0.1 swayX=0 swayY=0 time=3.1033999999994437 baseRot={x:undefined,y:undefined,z:undefined} type=object @ http://localhost:3001/items/Weapon.js:220
[   18961ms] [LOG] [Player] viewWeapon pos=0.25,-0.34,-0.80 rot=NaN,NaN,NaN visible=true fpArmsPos=0.00,0.00,0.00 @ http://localhost:3001/entities/Player.js:742
[   18961ms] [LOG] [Weapon] applyToMesh: recoilAngle=0.1 swayX=0 swayY=0 time=3.1111999999992577 baseRot={x:undefined,y:undefined,z:undefined} type=object @ http://localhost:3001/items/Weapon.js:220
[   18969ms] [LOG] [Player] viewWeapon pos=0.25,-0.34,-0.80 rot=NaN,NaN,NaN visible=true fpArmsPos=0.00,0.00,0.00 @ http://localhost:3001/entities/Player.js:742
[   18969ms] [LOG] [Weapon] applyToMesh: recoilAngle=0.1 swayX=0 swayY=0 time=3.1185999999996303 baseRot={x:undefined,y:undefined,z:undefined} type=object @ http://localhost:3001/items/Weapon.js:220
[   18976ms] [LOG] [Player] viewWeapon pos=0.25,-0.34,-0.80 rot=NaN,NaN,NaN visible=true fpArmsPos=0.00,0.00,0.00 @ http://localhost:3001/entities/Player.js:742
[   18976ms] [LOG] [Weapon] applyToMesh: recoilAngle=0.1 swayX=0 swayY=0 time=3.12609999999963 baseRot={x:undefined,y:undefined,z:undefined} type=object @ http://localhost:3001/items/Weapon.js:220
[   18985ms] [LOG] [Player] viewWeapon pos=0.25,-0.34,-0.80 rot=NaN,NaN,NaN visible=true fpArmsPos=0.00,0.00,0.00 @ http://localhost:3001/entities/Player.js:742
[   18986ms] [LOG] [Weapon] applyToMesh: recoilAngle=0.1 swayX=0 swayY=0 time=3.13509999999963 baseRot={x:undefined,y:undefined,z:undefined} type=object @ http://localhost:3001/items/Weapon.js:220
[   18993ms] [LOG] [Player] viewWeapon pos=0.25,-0.34,-0.80 rot=NaN,NaN,NaN visible=true fpArmsPos=0.00,0.00,0.00 @ http://localhost:3001/entities/Player.js:742
[   18993ms] [LOG] [Weapon] applyToMesh: recoilAngle=0.1 swayX=0 swayY=0 time=3.142999999999071 baseRot={x:undefined,y:undefined,z:undefined} type=object @ http://localhost:3001/items/Weapon.js:220
[   19001ms] [LOG] [Player] viewWeapon pos=0.25,-0.34,-0.80 rot=NaN,NaN,NaN visible=true fpArmsPos=0.00,0.00,0.00 @ http://localhost:3001/entities/Player.js:742
[   19001ms] [LOG] [Weapon] applyToMesh: recoilAngle=0.1 swayX=0 swayY=0 time=3.150399999999444 baseRot={x:undefined,y:undefined,z:undefined} type=object @ http://localhost:3001/items/Weapon.js:220
[   19007ms] [LOG] [Player] viewWeapon pos=0.25,-0.34,-0.80 rot=NaN,NaN,NaN visible=true fpArmsPos=0.00,0.00,0.00 @ http://localhost:3001/entities/Player.js:742
[   19007ms] [LOG] [Weapon] applyToMesh: recoilAngle=0.1 swayX=0 swayY=0 time=3.1569999999990714 baseRot={x:undefined,y:undefined,z:undefined} type=object @ http://localhost:3001/items/Weapon.js:220
[   19016ms] [LOG] [Player] viewWeapon pos=0.25,-0.34,-0.80 rot=NaN,NaN,NaN visible=true fpArmsPos=0.00,0.00,0.00 @ http://localhost:3001/entities/Player.js:742
[   19016ms] [LOG] [Weapon] applyToMesh: recoilAngle=0.1 swayX=0 swayY=0 time=3.16559999999963 baseRot={x:undefined,y:undefined,z:undefined} type=object @ http://localhost:3001/items/Weapon.js:220
[   19025ms] [LOG] [Player] viewWeapon pos=0.25,-0.34,-0.80 rot=NaN,NaN,NaN visible=true fpArmsPos=0.00,0.00,0.00 @ http://localhost:3001/entities/Player.js:742
[   19025ms] [LOG] [Weapon] applyToMesh: recoilAngle=0.1 swayX=0 swayY=0 time=3.174499999999071 baseRot={x:undefined,y:undefined,z:undefined} type=object @ http://localhost:3001/items/Weapon.js:220
[   19038ms] [LOG] [Player] viewWeapon pos=0.25,-0.34,-0.80 rot=NaN,NaN,NaN visible=true fpArmsPos=0.00,0.00,0.00 @ http://localhost:3001/entities/Player.js:742
[   19039ms] [LOG] [Weapon] applyToMesh: recoilAngle=0.1 swayX=0 swayY=0 time=3.188199999999257 baseRot={x:undefined,y:undefined,z:undefined} type=object @ http://localhost:3001/items/Weapon.js:220
[   19051ms] [LOG] [Player] viewWeapon pos=0.25,-0.34,-0.80 rot=NaN,NaN,NaN visible=true fpArmsPos=0.00,0.00,0.00 @ http://localhost:3001/entities/Player.js:742
[   19052ms] [LOG] [Weapon] applyToMesh: recoilAngle=0.1 swayX=0 swayY=0 time=3.20109999999963 baseRot={x:undefined,y:undefined,z:undefined} type=object @ http://localhost:3001/items/Weapon.js:220
[   19061ms] [LOG] [Player] viewWeapon pos=0.25,-0.34,-0.80 rot=NaN,NaN,NaN visible=true fpArmsPos=0.00,0.00,0.00 @ http://localhost:3001/entities/Player.js:742
[   19062ms] [LOG] [Weapon] applyToMesh: recoilAngle=0.1 swayX=0 swayY=0 time=3.2110999999996297 baseRot={x:undefined,y:undefined,z:undefined} type=object @ http://localhost:3001/items/Weapon.js:220
[   19070ms] [LOG] [Player] viewWeapon pos=0.25,-0.34,-0.80 rot=NaN,NaN,NaN visible=true fpArmsPos=0.00,0.00,0.00 @ http://localhost:3001/entities/Player.js:742
[   19070ms] [LOG] [Weapon] applyToMesh: recoilAngle=0.1 swayX=0 swayY=0 time=3.2200999999996296 baseRot={x:undefined,y:undefined,z:undefined} type=object @ http://localhost:3001/items/Weapon.js:220
[   19081ms] [LOG] [Player] viewWeapon pos=0.25,-0.34,-0.80 rot=NaN,NaN,NaN visible=true fpArmsPos=0.00,0.00,0.00 @ http://localhost:3001/entities/Player.js:742
[   19081ms] [LOG] [Weapon] applyToMesh: recoilAngle=0.1 swayX=0 swayY=0 time=3.2304999999990707 baseRot={x:undefined,y:undefined,z:undefined} type=object @ http://localhost:3001/items/Weapon.js:220
[   19081ms] [LOG] [Player] after applyToMesh: rot=NaN,NaN,NaN baseRot=undef @ http://localhost:3001/entities/Player.js:781
[   19092ms] [LOG] [Player] viewWeapon pos=0.25,-0.34,-0.80 rot=NaN,NaN,NaN visible=true fpArmsPos=0.00,0.00,0.00 @ http://localhost:3001/entities/Player.js:742
[   19092ms] [LOG] [Weapon] applyToMesh: recoilAngle=0.1 swayX=0 swayY=0 time=3.241699999999257 baseRot={x:undefined,y:undefined,z:undefined} type=object @ http://localhost:3001/items/Weapon.js:220
[   19100ms] [LOG] [Player] viewWeapon pos=0.25,-0.34,-0.80 rot=NaN,NaN,NaN visible=true fpArmsPos=0.00,0.00,0.00 @ http://localhost:3001/entities/Player.js:742
[   19100ms] [LOG] [Weapon] applyToMesh: recoilAngle=0.1 swayX=0 swayY=0 time=3.249699999999257 baseRot={x:undefined,y:undefined,z:undefined} type=object @ http://localhost:3001/items/Weapon.js:220
[   19107ms] [LOG] [Player] viewWeapon pos=0.25,-0.34,-0.80 rot=NaN,NaN,NaN visible=true fpArmsPos=0.00,0.00,0.00 @ http://localhost:3001/entities/Player.js:742
[   19107ms] [LOG] [Weapon] applyToMesh: recoilAngle=0.1 swayX=0 swayY=0 time=3.2571999999992567 baseRot={x:undefined,y:undefined,z:undefined} type=object @ http://localhost:3001/items/Weapon.js:220
[   19115ms] [LOG] [Player] viewWeapon pos=0.25,-0.34,-0.80 rot=NaN,NaN,NaN visible=true fpArmsPos=0.00,0.00,0.00 @ http://localhost:3001/entities/Player.js:742
[   19115ms] [LOG] [Weapon] applyToMesh: recoilAngle=0.1 swayX=0 swayY=0 time=3.264399999999443 baseRot={x:undefined,y:undefined,z:undefined} type=object @ http://localhost:3001/items/Weapon.js:220
[   19122ms] [LOG] [Player] viewWeapon pos=0.25,-0.34,-0.80 rot=NaN,NaN,NaN visible=true fpArmsPos=0.00,0.00,0.00 @ http://localhost:3001/entities/Player.js:742
[   19122ms] [LOG] [Weapon] applyToMesh: recoilAngle=0.1 swayX=0 swayY=0 time=3.2718999999994427 baseRot={x:undefined,y:undefined,z:undefined} type=object @ http://localhost:3001/items/Weapon.js:220
[   19131ms] [LOG] [Player] viewWeapon pos=0.25,-0.34,-0.80 rot=NaN,NaN,NaN visible=true fpArmsPos=0.00,0.00,0.00 @ http://localhost:3001/entities/Player.js:742
[   19131ms] [LOG] [Weapon] applyToMesh: recoilAngle=0.1 swayX=0 swayY=0 time=3.280599999999629 baseRot={x:undefined,y:undefined,z:undefined} type=object @ http://localhost:3001/items/Weapon.js:220
[   19139ms] [LOG] [Player] viewWeapon pos=0.25,-0.34,-0.80 rot=NaN,NaN,NaN visible=true fpArmsPos=0.00,0.00,0.00 @ http://localhost:3001/entities/Player.js:742
[   19139ms] [LOG] [Weapon] applyToMesh: recoilAngle=0.1 swayX=0 swayY=0 time=3.288399999999443 baseRot={x:undefined,y:undefined,z:undefined} type=object @ http://localhost:3001/items/Weapon.js:220
[   19148ms] [LOG] [Player] viewWeapon pos=0.25,-0.34,-0.80 rot=NaN,NaN,NaN visible=true fpArmsPos=0.00,0.00,0.00 @ http://localhost:3001/entities/Player.js:742
[   19148ms] [LOG] [Weapon] applyToMesh: recoilAngle=0.1 swayX=0 swayY=0 time=3.2976999999992564 baseRot={x:undefined,y:undefined,z:undefined} type=object @ http://localhost:3001/items/Weapon.js:220
[   19157ms] [LOG] [Player] viewWeapon pos=0.25,-0.34,-0.80 rot=NaN,NaN,NaN visible=true fpArmsPos=0.00,0.00,0.00 @ http://localhost:3001/entities/Player.js:742
[   19157ms] [LOG] [Weapon] applyToMesh: recoilAngle=0.1 swayX=0 swayY=0 time=3.3061999999992566 baseRot={x:undefined,y:undefined,z:undefined} type=object @ http://localhost:3001/items/Weapon.js:220
[   19164ms] [LOG] [Player] viewWeapon pos=0.25,-0.34,-0.80 rot=NaN,NaN,NaN visible=true fpArmsPos=0.00,0.00,0.00 @ http://localhost:3001/entities/Player.js:742
[   19164ms] [LOG] [Weapon] applyToMesh: recoilAngle=0.1 swayX=0 swayY=0 time=3.3139999999990706 baseRot={x:undefined,y:undefined,z:undefined} type=object @ http://localhost:3001/items/Weapon.js:220
[   19173ms] [LOG] [Player] viewWeapon pos=0.25,-0.34,-0.80 rot=NaN,NaN,NaN visible=true fpArmsPos=0.00,0.00,0.00 @ http://localhost:3001/entities/Player.js:742
[   19173ms] [LOG] [Weapon] applyToMesh: recoilAngle=0.1 swayX=0 swayY=0 time=3.3221999999992566 baseRot={x:undefined,y:undefined,z:undefined} type=object @ http://localhost:3001/items/Weapon.js:220
[   19183ms] [LOG] [Player] viewWeapon pos=0.25,-0.34,-0.80 rot=NaN,NaN,NaN visible=true fpArmsPos=0.00,0.00,0.00 @ http://localhost:3001/entities/Player.js:742
[   19183ms] [LOG] [Weapon] applyToMesh: recoilAngle=0.1 swayX=0 swayY=0 time=3.332599999999629 baseRot={x:undefined,y:undefined,z:undefined} type=object @ http://localhost:3001/items/Weapon.js:220
[   19190ms] [LOG] [Player] viewWeapon pos=0.25,-0.34,-0.80 rot=NaN,NaN,NaN visible=true fpArmsPos=0.00,0.00,0.00 @ http://localhost:3001/entities/Player.js:742
[   19190ms] [LOG] [Weapon] applyToMesh: recoilAngle=0.1 swayX=0 swayY=0 time=3.3401999999992564 baseRot={x:undefined,y:undefined,z:undefined} type=object @ http://localhost:3001/items/Weapon.js:220
[   19198ms] [LOG] [Player] viewWeapon pos=0.25,-0.34,-0.80 rot=NaN,NaN,NaN visible=true fpArmsPos=0.00,0.00,0.00 @ http://localhost:3001/entities/Player.js:742
[   19198ms] [LOG] [Weapon] applyToMesh: recoilAngle=0.1 swayX=0 swayY=0 time=3.347799999999815 baseRot={x:undefined,y:undefined,z:undefined} type=object @ http://localhost:3001/items/Weapon.js:220
[   19205ms] [LOG] [Player] viewWeapon pos=0.25,-0.34,-0.80 rot=NaN,NaN,NaN visible=true fpArmsPos=0.00,0.00,0.00 @ http://localhost:3001/entities/Player.js:742
[   19205ms] [LOG] [Weapon] applyToMesh: recoilAngle=0.1 swayX=0 swayY=0 time=3.35499999999907 baseRot={x:undefined,y:undefined,z:undefined} type=object @ http://localhost:3001/items/Weapon.js:220
[   19213ms] [LOG] [Player] viewWeapon pos=0.25,-0.34,-0.80 rot=NaN,NaN,NaN visible=true fpArmsPos=0.00,0.00,0.00 @ http://localhost:3001/entities/Player.js:742
[   19213ms] [LOG] [Weapon] applyToMesh: recoilAngle=0.1 swayX=0 swayY=0 time=3.3623999999994427 baseRot={x:undefined,y:undefined,z:undefined} type=object @ http://localhost:3001/items/Weapon.js:220
[   19221ms] [LOG] [Player] viewWeapon pos=0.25,-0.34,-0.80 rot=NaN,NaN,NaN visible=true fpArmsPos=0.00,0.00,0.00 @ http://localhost:3001/entities/Player.js:742
[   19221ms] [LOG] [Weapon] applyToMesh: recoilAngle=0.1 swayX=0 swayY=0 time=3.370899999999443 baseRot={x:undefined,y:undefined,z:undefined} type=object @ http://localhost:3001/items/Weapon.js:220
[   19231ms] [LOG] [Player] viewWeapon pos=0.25,-0.34,-0.80 rot=NaN,NaN,NaN visible=true fpArmsPos=0.00,0.00,0.00 @ http://localhost:3001/entities/Player.js:742
[   19231ms] [LOG] [Weapon] applyToMesh: recoilAngle=0.1 swayX=0 swayY=0 time=3.3802999999998153 baseRot={x:undefined,y:undefined,z:undefined} type=object @ http://localhost:3001/items/Weapon.js:220
[   19239ms] [LOG] [Player] viewWeapon pos=0.25,-0.34,-0.80 rot=NaN,NaN,NaN visible=true fpArmsPos=0.00,0.00,0.00 @ http://localhost:3001/entities/Player.js:742
[   19239ms] [LOG] [Weapon] applyToMesh: recoilAngle=0.1 swayX=0 swayY=0 time=3.388599999999629 baseRot={x:undefined,y:undefined,z:undefined} type=object @ http://localhost:3001/items/Weapon.js:220
[   19247ms] [LOG] [Player] viewWeapon pos=0.25,-0.34,-0.80 rot=NaN,NaN,NaN visible=true fpArmsPos=0.00,0.00,0.00 @ http://localhost:3001/entities/Player.js:742
[   19247ms] [LOG] [Weapon] applyToMesh: recoilAngle=0.1 swayX=0 swayY=0 time=3.396399999999443 baseRot={x:undefined,y:undefined,z:undefined} type=object @ http://localhost:3001/items/Weapon.js:220
[   19254ms] [LOG] [Player] viewWeapon pos=0.25,-0.34,-0.80 rot=NaN,NaN,NaN visible=true fpArmsPos=0.00,0.00,0.00 @ http://localhost:3001/entities/Player.js:742
[   19254ms] [LOG] [Weapon] applyToMesh: recoilAngle=0.1 swayX=0 swayY=0 time=3.403899999999443 baseRot={x:undefined,y:undefined,z:undefined} type=object @ http://localhost:3001/items/Weapon.js:220
[   19254ms] [LOG] [Player] anim: recoilAngle=0.1 swayX=0 swayY=0 time=3.403899999999443 @ http://localhost:3001/entities/Player.js:780
[   19262ms] [LOG] [Player] viewWeapon pos=0.25,-0.34,-0.80 rot=NaN,NaN,NaN visible=true fpArmsPos=0.00,0.00,0.00 @ http://localhost:3001/entities/Player.js:742
[   19262ms] [LOG] [Weapon] applyToMesh: recoilAngle=0.1 swayX=0 swayY=0 time=3.4113999999994427 baseRot={x:undefined,y:undefined,z:undefined} type=object @ http://localhost:3001/items/Weapon.js:220
[   19270ms] [LOG] [Player] viewWeapon pos=0.25,-0.34,-0.80 rot=NaN,NaN,NaN visible=true fpArmsPos=0.00,0.00,0.00 @ http://localhost:3001/entities/Player.js:742
[   19270ms] [LOG] [Weapon] applyToMesh: recoilAngle=0.1 swayX=0 swayY=0 time=3.4194999999990703 baseRot={x:undefined,y:undefined,z:undefined} type=object @ http://localhost:3001/items/Weapon.js:220
[   19278ms] [LOG] [Player] viewWeapon pos=0.25,-0.34,-0.80 rot=NaN,NaN,NaN visible=true fpArmsPos=0.00,0.00,0.00 @ http://localhost:3001/entities/Player.js:742
[   19278ms] [LOG] [Weapon] applyToMesh: recoilAngle=0.1 swayX=0 swayY=0 time=3.428099999999629 baseRot={x:undefined,y:undefined,z:undefined} type=object @ http://localhost:3001/items/Weapon.js:220
[   19286ms] [LOG] [Player] viewWeapon pos=0.25,-0.34,-0.80 rot=NaN,NaN,NaN visible=true fpArmsPos=0.00,0.00,0.00 @ http://localhost:3001/entities/Player.js:742
[   19286ms] [LOG] [Weapon] applyToMesh: recoilAngle=0.1 swayX=0 swayY=0 time=3.4357999999998152 baseRot={x:undefined,y:undefined,z:undefined} type=object @ http://localhost:3001/items/Weapon.js:220
[   19294ms] [LOG] [Player] viewWeapon pos=0.25,-0.34,-0.80 rot=NaN,NaN,NaN visible=true fpArmsPos=0.00,0.00,0.00 @ http://localhost:3001/entities/Player.js:742
[   19294ms] [LOG] [Weapon] applyToMesh: recoilAngle=0.1 swayX=0 swayY=0 time=3.4437999999998152 baseRot={x:undefined,y:undefined,z:undefined} type=object @ http://localhost:3001/items/Weapon.js:220
[   19301ms] [LOG] [Player] viewWeapon pos=0.25,-0.34,-0.80 rot=NaN,NaN,NaN visible=true fpArmsPos=0.00,0.00,0.00 @ http://localhost:3001/entities/Player.js:742
[   19301ms] [LOG] [Weapon] applyToMesh: recoilAngle=0.1 swayX=0 swayY=0 time=3.451299999999815 baseRot={x:undefined,y:undefined,z:undefined} type=object @ http://localhost:3001/items/Weapon.js:220
[   19309ms] [LOG] [Player] viewWeapon pos=0.25,-0.34,-0.80 rot=NaN,NaN,NaN visible=true fpArmsPos=0.00,0.00,0.00 @ http://localhost:3001/entities/Player.js:742
[   19309ms] [LOG] [Weapon] applyToMesh: recoilAngle=0.1 swayX=0 swayY=0 time=3.458799999999815 baseRot={x:undefined,y:undefined,z:undefined} type=object @ http://localhost:3001/items/Weapon.js:220
[   19317ms] [LOG] [Player] viewWeapon pos=0.25,-0.34,-0.80 rot=NaN,NaN,NaN visible=true fpArmsPos=0.00,0.00,0.00 @ http://localhost:3001/entities/Player.js:742
[   19317ms] [LOG] [Weapon] applyToMesh: recoilAngle=0.1 swayX=0 swayY=0 time=3.466599999999629 baseRot={x:undefined,y:undefined,z:undefined} type=object @ http://localhost:3001/items/Weapon.js:220
[   19326ms] [LOG] [Player] viewWeapon pos=0.25,-0.34,-0.80 rot=NaN,NaN,NaN visible=true fpArmsPos=0.00,0.00,0.00 @ http://localhost:3001/entities/Player.js:742
[   19327ms] [LOG] [Weapon] applyToMesh: recoilAngle=0.1 swayX=0 swayY=0 time=3.47599999999907 baseRot={x:undefined,y:undefined,z:undefined} type=object @ http://localhost:3001/items/Weapon.js:220
[   19335ms] [LOG] [Player] viewWeapon pos=0.25,-0.34,-0.80 rot=NaN,NaN,NaN visible=true fpArmsPos=0.00,0.00,0.00 @ http://localhost:3001/entities/Player.js:742
[   19335ms] [LOG] [Weapon] applyToMesh: recoilAngle=0.1 swayX=0 swayY=0 time=3.484799999999815 baseRot={x:undefined,y:undefined,z:undefined} type=object @ http://localhost:3001/items/Weapon.js:220
[   19347ms] [LOG] [Player] viewWeapon pos=0.25,-0.34,-0.80 rot=NaN,NaN,NaN visible=true fpArmsPos=0.00,0.00,0.00 @ http://localhost:3001/entities/Player.js:742
[   19347ms] [LOG] [Weapon] applyToMesh: recoilAngle=0.1 swayX=0 swayY=0 time=3.4965999999996287 baseRot={x:undefined,y:undefined,z:undefined} type=object @ http://localhost:3001/items/Weapon.js:220
[   19357ms] [LOG] [Player] viewWeapon pos=0.25,-0.34,-0.80 rot=NaN,NaN,NaN visible=true fpArmsPos=0.00,0.00,0.00 @ http://localhost:3001/entities/Player.js:742
[   19357ms] [LOG] [Weapon] applyToMesh: recoilAngle=0.1 swayX=0 swayY=0 time=3.506799999999815 baseRot={x:undefined,y:undefined,z:undefined} type=object @ http://localhost:3001/items/Weapon.js:220
[   19368ms] [LOG] [Player] viewWeapon pos=0.25,-0.34,-0.80 rot=NaN,NaN,NaN visible=true fpArmsPos=0.00,0.00,0.00 @ http://localhost:3001/entities/Player.js:742
[   19368ms] [LOG] [Weapon] applyToMesh: recoilAngle=0.1 swayX=0 swayY=0 time=3.51699999999907 baseRot={x:undefined,y:undefined,z:undefined} type=object @ http://localhost:3001/items/Weapon.js:220
[   19380ms] [LOG] [Player] viewWeapon pos=0.25,-0.34,-0.80 rot=NaN,NaN,NaN visible=true fpArmsPos=0.00,0.00,0.00 @ http://localhost:3001/entities/Player.js:742
[   19380ms] [LOG] [Weapon] applyToMesh: recoilAngle=0.1 swayX=0 swayY=0 time=3.529199999999256 baseRot={x:undefined,y:undefined,z:undefined} type=object @ http://localhost:3001/items/Weapon.js:220
[   19393ms] [LOG] [Player] viewWeapon pos=0.25,-0.34,-0.80 rot=NaN,NaN,NaN visible=true fpArmsPos=0.00,0.00,0.00 @ http://localhost:3001/entities/Player.js:742
[   19393ms] [LOG] [Weapon] applyToMesh: recoilAngle=0.1 swayX=0 swayY=0 time=3.542199999999256 baseRot={x:undefined,y:undefined,z:undefined} type=object @ http://localhost:3001/items/Weapon.js:220
[   19405ms] [LOG] [Player] viewWeapon pos=0.25,-0.34,-0.80 rot=NaN,NaN,NaN visible=true fpArmsPos=0.00,0.00,0.00 @ http://localhost:3001/entities/Player.js:742
[   19405ms] [LOG] [Weapon] applyToMesh: recoilAngle=0.1 swayX=0 swayY=0 time=3.554399999999442 baseRot={x:undefined,y:undefined,z:undefined} type=object @ http://localhost:3001/items/Weapon.js:220
[   19416ms] [LOG] [Player] viewWeapon pos=0.25,-0.34,-0.80 rot=NaN,NaN,NaN visible=true fpArmsPos=0.00,0.00,0.00 @ http://localhost:3001/entities/Player.js:742
[   19417ms] [LOG] [Weapon] applyToMesh: recoilAngle=0.1 swayX=0 swayY=0 time=3.5657999999998147 baseRot={x:undefined,y:undefined,z:undefined} type=object @ http://localhost:3001/items/Weapon.js:220
[   19430ms] [LOG] [Player] viewWeapon pos=0.25,-0.34,-0.80 rot=NaN,NaN,NaN visible=true fpArmsPos=0.00,0.00,0.00 @ http://localhost:3001/entities/Player.js:742
[   19430ms] [LOG] [Weapon] applyToMesh: recoilAngle=0.1 swayX=0 swayY=0 time=3.5792999999998147 baseRot={x:undefined,y:undefined,z:undefined} type=object @ http://localhost:3001/items/Weapon.js:220
[   19440ms] [LOG] [Player] viewWeapon pos=0.25,-0.34,-0.80 rot=NaN,NaN,NaN visible=true fpArmsPos=0.00,0.00,0.00 @ http://localhost:3001/entities/Player.js:742
[   19440ms] [LOG] [Weapon] applyToMesh: recoilAngle=0.1 swayX=0 swayY=0 time=3.5897999999998147 baseRot={x:undefined,y:undefined,z:undefined} type=object @ http://localhost:3001/items/Weapon.js:220
[   19449ms] [LOG] [Player] viewWeapon pos=0.25,-0.34,-0.80 rot=NaN,NaN,NaN visible=true fpArmsPos=0.00,0.00,0.00 @ http://localhost:3001/entities/Player.js:742
[   19449ms] [LOG] [Weapon] applyToMesh: recoilAngle=0.1 swayX=0 swayY=0 time=3.598399999999442 baseRot={x:undefined,y:undefined,z:undefined} type=object @ http://localhost:3001/items/Weapon.js:220
[   19458ms] [LOG] [Player] viewWeapon pos=0.25,-0.34,-0.80 rot=NaN,NaN,NaN visible=true fpArmsPos=0.00,0.00,0.00 @ http://localhost:3001/entities/Player.js:742
[   19458ms] [LOG] [Weapon] applyToMesh: recoilAngle=0.1 swayX=0 swayY=0 time=3.6075999999996284 baseRot={x:undefined,y:undefined,z:undefined} type=object @ http://localhost:3001/items/Weapon.js:220
[   19469ms] [LOG] [Player] viewWeapon pos=0.25,-0.34,-0.80 rot=NaN,NaN,NaN visible=true fpArmsPos=0.00,0.00,0.00 @ http://localhost:3001/entities/Player.js:742
[   19469ms] [LOG] [Weapon] applyToMesh: recoilAngle=0.1 swayX=0 swayY=0 time=3.6186999999992557 baseRot={x:undefined,y:undefined,z:undefined} type=object @ http://localhost:3001/items/Weapon.js:220
[   19481ms] [LOG] [Player] viewWeapon pos=0.25,-0.34,-0.80 rot=NaN,NaN,NaN visible=true fpArmsPos=0.00,0.00,0.00 @ http://localhost:3001/entities/Player.js:742
[   19481ms] [LOG] [Weapon] applyToMesh: recoilAngle=0.1 swayX=0 swayY=0 time=3.630399999999442 baseRot={x:undefined,y:undefined,z:undefined} type=object @ http://localhost:3001/items/Weapon.js:220
[   19481ms] [LOG] [Player] anim: recoilAngle=0.1 swayX=0 swayY=0 time=3.630399999999442 @ http://localhost:3001/entities/Player.js:780
[   19490ms] [LOG] [Player] viewWeapon pos=0.25,-0.34,-0.80 rot=NaN,NaN,NaN visible=true fpArmsPos=0.00,0.00,0.00 @ http://localhost:3001/entities/Player.js:742
[   19490ms] [LOG] [Weapon] applyToMesh: recoilAngle=0.1 swayX=0 swayY=0 time=3.6397999999998145 baseRot={x:undefined,y:undefined,z:undefined} type=object @ http://localhost:3001/items/Weapon.js:220
[   19500ms] [LOG] [Player] viewWeapon pos=0.25,-0.34,-0.80 rot=NaN,NaN,NaN visible=true fpArmsPos=0.00,0.00,0.00 @ http://localhost:3001/entities/Player.js:742
[   19500ms] [LOG] [Weapon] applyToMesh: recoilAngle=0.1 swayX=0 swayY=0 time=3.6487999999998144 baseRot={x:undefined,y:undefined,z:undefined} type=object @ http://localhost:3001/items/Weapon.js:220
[   19510ms] [LOG] [Player] viewWeapon pos=0.25,-0.34,-0.80 rot=NaN,NaN,NaN visible=true fpArmsPos=0.00,0.00,0.00 @ http://localhost:3001/entities/Player.js:742
[   19510ms] [LOG] [Weapon] applyToMesh: recoilAngle=0.1 swayX=0 swayY=0 time=3.6596999999992557 baseRot={x:undefined,y:undefined,z:undefined} type=object @ http://localhost:3001/items/Weapon.js:220
[   19521ms] [LOG] [Player] viewWeapon pos=0.25,-0.34,-0.80 rot=NaN,NaN,NaN visible=true fpArmsPos=0.00,0.00,0.00 @ http://localhost:3001/entities/Player.js:742
[   19521ms] [LOG] [Weapon] applyToMesh: recoilAngle=0.1 swayX=0 swayY=0 time=3.670699999999256 baseRot={x:undefined,y:undefined,z:undefined} type=object @ http://localhost:3001/items/Weapon.js:220
[   19532ms] [LOG] [Player] viewWeapon pos=0.25,-0.34,-0.80 rot=NaN,NaN,NaN visible=true fpArmsPos=0.00,0.00,0.00 @ http://localhost:3001/entities/Player.js:742
[   19533ms] [LOG] [Weapon] applyToMesh: recoilAngle=0.1 swayX=0 swayY=0 time=3.6822999999998145 baseRot={x:undefined,y:undefined,z:undefined} type=object @ http://localhost:3001/items/Weapon.js:220
[   19542ms] [LOG] [Player] viewWeapon pos=0.25,-0.34,-0.80 rot=NaN,NaN,NaN visible=true fpArmsPos=0.00,0.00,0.00 @ http://localhost:3001/entities/Player.js:742
[   19542ms] [LOG] [Weapon] applyToMesh: recoilAngle=0.1 swayX=0 swayY=0 time=3.6916999999992557 baseRot={x:undefined,y:undefined,z:undefined} type=object @ http://localhost:3001/items/Weapon.js:220
[   19551ms] [LOG] [Player] viewWeapon pos=0.25,-0.34,-0.80 rot=NaN,NaN,NaN visible=true fpArmsPos=0.00,0.00,0.00 @ http://localhost:3001/entities/Player.js:742
[   19552ms] [LOG] [Weapon] applyToMesh: recoilAngle=0.1 swayX=0 swayY=0 time=3.7009999999990693 baseRot={x:undefined,y:undefined,z:undefined} type=object @ http://localhost:3001/items/Weapon.js:220
[   19562ms] [LOG] [Player] viewWeapon pos=0.25,-0.34,-0.80 rot=NaN,NaN,NaN visible=true fpArmsPos=0.00,0.00,0.00 @ http://localhost:3001/entities/Player.js:742
[   19562ms] [LOG] [Weapon] applyToMesh: recoilAngle=0.1 swayX=0 swayY=0 time=3.711099999999628 baseRot={x:undefined,y:undefined,z:undefined} type=object @ http://localhost:3001/items/Weapon.js:220
[   19572ms] [LOG] [Player] viewWeapon pos=0.25,-0.34,-0.80 rot=NaN,NaN,NaN visible=true fpArmsPos=0.00,0.00,0.00 @ http://localhost:3001/entities/Player.js:742
[   19572ms] [LOG] [Weapon] applyToMesh: recoilAngle=0.1 swayX=0 swayY=0 time=3.7211999999992553 baseRot={x:undefined,y:undefined,z:undefined} type=object @ http://localhost:3001/items/Weapon.js:220
[   19584ms] [LOG] [Player] viewWeapon pos=0.25,-0.34,-0.80 rot=NaN,NaN,NaN visible=true fpArmsPos=0.00,0.00,0.00 @ http://localhost:3001/entities/Player.js:742
[   19584ms] [LOG] [Weapon] applyToMesh: recoilAngle=0.1 swayX=0 swayY=0 time=3.733299999999814 baseRot={x:undefined,y:undefined,z:undefined} type=object @ http://localhost:3001/items/Weapon.js:220
[   19593ms] [LOG] [Player] viewWeapon pos=0.25,-0.34,-0.80 rot=NaN,NaN,NaN visible=true fpArmsPos=0.00,0.00,0.00 @ http://localhost:3001/entities/Player.js:742
[   19593ms] [LOG] [Weapon] applyToMesh: recoilAngle=0.1 swayX=0 swayY=0 time=3.7427999999998143 baseRot={x:undefined,y:undefined,z:undefined} type=object @ http://localhost:3001/items/Weapon.js:220
[   19604ms] [LOG] [Player] viewWeapon pos=0.25,-0.34,-0.80 rot=NaN,NaN,NaN visible=true fpArmsPos=0.00,0.00,0.00 @ http://localhost:3001/entities/Player.js:742
[   19604ms] [LOG] [Weapon] applyToMesh: recoilAngle=0.1 swayX=0 swayY=0 time=3.7528999999994417 baseRot={x:undefined,y:undefined,z:undefined} type=object @ http://localhost:3001/items/Weapon.js:220
[   19612ms] [LOG] [Player] viewWeapon pos=0.25,-0.34,-0.80 rot=NaN,NaN,NaN visible=true fpArmsPos=0.00,0.00,0.00 @ http://localhost:3001/entities/Player.js:742
[   19612ms] [LOG] [Weapon] applyToMesh: recoilAngle=0.1 swayX=0 swayY=0 time=3.7616999999992555 baseRot={x:undefined,y:undefined,z:undefined} type=object @ http://localhost:3001/items/Weapon.js:220
[   19620ms] [LOG] [Player] viewWeapon pos=0.25,-0.34,-0.80 rot=NaN,NaN,NaN visible=true fpArmsPos=0.00,0.00,0.00 @ http://localhost:3001/entities/Player.js:742
[   19620ms] [LOG] [Weapon] applyToMesh: recoilAngle=0.1 swayX=0 swayY=0 time=3.7696999999992555 baseRot={x:undefined,y:undefined,z:undefined} type=object @ http://localhost:3001/items/Weapon.js:220
[   19629ms] [LOG] [Player] viewWeapon pos=0.25,-0.34,-0.80 rot=NaN,NaN,NaN visible=true fpArmsPos=0.00,0.00,0.00 @ http://localhost:3001/entities/Player.js:742
[   19630ms] [LOG] [Weapon] applyToMesh: recoilAngle=0.1 swayX=0 swayY=0 time=3.7791999999992556 baseRot={x:undefined,y:undefined,z:undefined} type=object @ http://localhost:3001/items/Weapon.js:220
[   19638ms] [LOG] [Player] viewWeapon pos=0.25,-0.34,-0.80 rot=NaN,NaN,NaN visible=true fpArmsPos=0.00,0.00,0.00 @ http://localhost:3001/entities/Player.js:742
[   19638ms] [LOG] [Weapon] applyToMesh: recoilAngle=0.1 swayX=0 swayY=0 time=3.787599999999628 baseRot={x:undefined,y:undefined,z:undefined} type=object @ http://localhost:3001/items/Weapon.js:220
[   19646ms] [LOG] [Player] viewWeapon pos=0.25,-0.34,-0.80 rot=NaN,NaN,NaN visible=true fpArmsPos=0.00,0.00,0.00 @ http://localhost:3001/entities/Player.js:742
[   19646ms] [LOG] [Weapon] applyToMesh: recoilAngle=0.1 swayX=0 swayY=0 time=3.795799999999814 baseRot={x:undefined,y:undefined,z:undefined} type=object @ http://localhost:3001/items/Weapon.js:220
[   19664ms] [LOG] [Player] viewWeapon pos=0.25,-0.34,-0.80 rot=NaN,NaN,NaN visible=true fpArmsPos=0.00,0.00,0.00 @ http://localhost:3001/entities/Player.js:742
[   19664ms] [LOG] [Weapon] applyToMesh: recoilAngle=0.1 swayX=0 swayY=0 time=3.813499999999069 baseRot={x:undefined,y:undefined,z:undefined} type=object @ http://localhost:3001/items/Weapon.js:220
[   19677ms] [LOG] [Player] viewWeapon pos=0.25,-0.34,-0.80 rot=NaN,NaN,NaN visible=true fpArmsPos=0.00,0.00,0.00 @ http://localhost:3001/entities/Player.js:742
[   19677ms] [LOG] [Weapon] applyToMesh: recoilAngle=0.1 swayX=0 swayY=0 time=3.8267999999998144 baseRot={x:undefined,y:undefined,z:undefined} type=object @ http://localhost:3001/items/Weapon.js:220
[   19695ms] [LOG] [Player] viewWeapon pos=0.25,-0.34,-0.80 rot=NaN,NaN,NaN visible=true fpArmsPos=0.00,0.00,0.00 @ http://localhost:3001/entities/Player.js:742
[   19695ms] [LOG] [Weapon] applyToMesh: recoilAngle=0.1 swayX=0 swayY=0 time=3.844099999999628 baseRot={x:undefined,y:undefined,z:undefined} type=object @ http://localhost:3001/items/Weapon.js:220
[   19706ms] [LOG] [Player] viewWeapon pos=0.25,-0.34,-0.80 rot=NaN,NaN,NaN visible=true fpArmsPos=0.00,0.00,0.00 @ http://localhost:3001/entities/Player.js:742
[   19706ms] [LOG] [Weapon] applyToMesh: recoilAngle=0.1 swayX=0 swayY=0 time=3.8555999999996278 baseRot={x:undefined,y:undefined,z:undefined} type=object @ http://localhost:3001/items/Weapon.js:220
[   19719ms] [LOG] [Player] viewWeapon pos=0.25,-0.34,-0.80 rot=NaN,NaN,NaN visible=true fpArmsPos=0.00,0.00,0.00 @ http://localhost:3001/entities/Player.js:742
[   19719ms] [LOG] [Weapon] applyToMesh: recoilAngle=0.1 swayX=0 swayY=0 time=3.867999999999069 baseRot={x:undefined,y:undefined,z:undefined} type=object @ http://localhost:3001/items/Weapon.js:220
[   19729ms] [LOG] [Player] viewWeapon pos=0.25,-0.34,-0.80 rot=NaN,NaN,NaN visible=true fpArmsPos=0.00,0.00,0.00 @ http://localhost:3001/entities/Player.js:742
[   19729ms] [LOG] [Weapon] applyToMesh: recoilAngle=0.1 swayX=0 swayY=0 time=3.8786999999992555 baseRot={x:undefined,y:undefined,z:undefined} type=object @ http://localhost:3001/items/Weapon.js:220
[   19738ms] [LOG] [Player] viewWeapon pos=0.25,-0.34,-0.80 rot=NaN,NaN,NaN visible=true fpArmsPos=0.00,0.00,0.00 @ http://localhost:3001/entities/Player.js:742
[   19738ms] [LOG] [Weapon] applyToMesh: recoilAngle=0.1 swayX=0 swayY=0 time=3.8876999999992554 baseRot={x:undefined,y:undefined,z:undefined} type=object @ http://localhost:3001/items/Weapon.js:220
[   19746ms] [LOG] [Player] viewWeapon pos=0.25,-0.34,-0.80 rot=NaN,NaN,NaN visible=true fpArmsPos=0.00,0.00,0.00 @ http://localhost:3001/entities/Player.js:742
[   19746ms] [LOG] [Weapon] applyToMesh: recoilAngle=0.1 swayX=0 swayY=0 time=3.895299999999814 baseRot={x:undefined,y:undefined,z:undefined} type=object @ http://localhost:3001/items/Weapon.js:220
[   19753ms] [LOG] [Player] viewWeapon pos=0.25,-0.34,-0.80 rot=NaN,NaN,NaN visible=true fpArmsPos=0.00,0.00,0.00 @ http://localhost:3001/entities/Player.js:742
[   19753ms] [LOG] [Weapon] applyToMesh: recoilAngle=0.1 swayX=0 swayY=0 time=3.9028999999994416 baseRot={x:undefined,y:undefined,z:undefined} type=object @ http://localhost:3001/items/Weapon.js:220
[   19760ms] [LOG] [Player] viewWeapon pos=0.25,-0.34,-0.80 rot=NaN,NaN,NaN visible=true fpArmsPos=0.00,0.00,0.00 @ http://localhost:3001/entities/Player.js:742
[   19761ms] [LOG] [Weapon] applyToMesh: recoilAngle=0.1 swayX=0 swayY=0 time=3.9101999999992554 baseRot={x:undefined,y:undefined,z:undefined} type=object @ http://localhost:3001/items/Weapon.js:220
[   19768ms] [LOG] [Player] viewWeapon pos=0.25,-0.34,-0.80 rot=NaN,NaN,NaN visible=true fpArmsPos=0.00,0.00,0.00 @ http://localhost:3001/entities/Player.js:742
[   19768ms] [LOG] [Weapon] applyToMesh: recoilAngle=0.1 swayX=0 swayY=0 time=3.917599999999628 baseRot={x:undefined,y:undefined,z:undefined} type=object @ http://localhost:3001/items/Weapon.js:220
[   19775ms] [LOG] [Player] viewWeapon pos=0.25,-0.34,-0.80 rot=NaN,NaN,NaN visible=true fpArmsPos=0.00,0.00,0.00 @ http://localhost:3001/entities/Player.js:742
[   19775ms] [LOG] [Weapon] applyToMesh: recoilAngle=0.1 swayX=0 swayY=0 time=3.924599999999628 baseRot={x:undefined,y:undefined,z:undefined} type=object @ http://localhost:3001/items/Weapon.js:220
[   19784ms] [LOG] [Player] viewWeapon pos=0.25,-0.34,-0.80 rot=NaN,NaN,NaN visible=true fpArmsPos=0.00,0.00,0.00 @ http://localhost:3001/entities/Player.js:742
[   19784ms] [LOG] [Weapon] applyToMesh: recoilAngle=0.1 swayX=0 swayY=0 time=3.933399999999442 baseRot={x:undefined,y:undefined,z:undefined} type=object @ http://localhost:3001/items/Weapon.js:220
[   19791ms] [LOG] [Player] viewWeapon pos=0.25,-0.34,-0.80 rot=NaN,NaN,NaN visible=true fpArmsPos=0.00,0.00,0.00 @ http://localhost:3001/entities/Player.js:742
[   19792ms] [LOG] [Weapon] applyToMesh: recoilAngle=0.1 swayX=0 swayY=0 time=3.941199999999256 baseRot={x:undefined,y:undefined,z:undefined} type=object @ http://localhost:3001/items/Weapon.js:220
[   19792ms] [LOG] [Player] after applyToMesh: rot=NaN,NaN,NaN baseRot=undef @ http://localhost:3001/entities/Player.js:781
[   19800ms] [LOG] [Player] viewWeapon pos=0.25,-0.34,-0.80 rot=NaN,NaN,NaN visible=true fpArmsPos=0.00,0.00,0.00 @ http://localhost:3001/entities/Player.js:742
[   19800ms] [LOG] [Weapon] applyToMesh: recoilAngle=0.1 swayX=0 swayY=0 time=3.949199999999256 baseRot={x:undefined,y:undefined,z:undefined} type=object @ http://localhost:3001/items/Weapon.js:220
[   19807ms] [LOG] [Player] viewWeapon pos=0.25,-0.34,-0.80 rot=NaN,NaN,NaN visible=true fpArmsPos=0.00,0.00,0.00 @ http://localhost:3001/entities/Player.js:742
[   19807ms] [LOG] [Weapon] applyToMesh: recoilAngle=0.1 swayX=0 swayY=0 time=3.957199999999256 baseRot={x:undefined,y:undefined,z:undefined} type=object @ http://localhost:3001/items/Weapon.js:220
[   19819ms] [LOG] [Player] viewWeapon pos=0.25,-0.34,-0.80 rot=NaN,NaN,NaN visible=true fpArmsPos=0.00,0.00,0.00 @ http://localhost:3001/entities/Player.js:742
[   19819ms] [LOG] [Weapon] applyToMesh: recoilAngle=0.1 swayX=0 swayY=0 time=3.9680999999996285 baseRot={x:undefined,y:undefined,z:undefined} type=object @ http://localhost:3001/items/Weapon.js:220
[   19828ms] [LOG] [Player] viewWeapon pos=0.25,-0.34,-0.80 rot=NaN,NaN,NaN visible=true fpArmsPos=0.00,0.00,0.00 @ http://localhost:3001/entities/Player.js:742
[   19828ms] [LOG] [Weapon] applyToMesh: recoilAngle=0.1 swayX=0 swayY=0 time=3.977399999999442 baseRot={x:undefined,y:undefined,z:undefined} type=object @ http://localhost:3001/items/Weapon.js:220
[   19836ms] [LOG] [Player] viewWeapon pos=0.25,-0.34,-0.80 rot=NaN,NaN,NaN visible=true fpArmsPos=0.00,0.00,0.00 @ http://localhost:3001/entities/Player.js:742
[   19837ms] [LOG] [Weapon] applyToMesh: recoilAngle=0.1 swayX=0 swayY=0 time=3.9862999999998148 baseRot={x:undefined,y:undefined,z:undefined} type=object @ http://localhost:3001/items/Weapon.js:220
[   19843ms] [LOG] [Player] viewWeapon pos=0.25,-0.34,-0.80 rot=NaN,NaN,NaN visible=true fpArmsPos=0.00,0.00,0.00 @ http://localhost:3001/entities/Player.js:742
[   19843ms] [LOG] [Weapon] applyToMesh: recoilAngle=0.1 swayX=0 swayY=0 time=3.993199999999256 baseRot={x:undefined,y:undefined,z:undefined} type=object @ http://localhost:3001/items/Weapon.js:220
[   19851ms] [LOG] [Player] viewWeapon pos=0.25,-0.34,-0.80 rot=NaN,NaN,NaN visible=true fpArmsPos=0.00,0.00,0.00 @ http://localhost:3001/entities/Player.js:742
[   19851ms] [LOG] [Weapon] applyToMesh: recoilAngle=0.1 swayX=0 swayY=0 time=4.000599999999628 baseRot={x:undefined,y:undefined,z:undefined} type=object @ http://localhost:3001/items/Weapon.js:220
[   19851ms] [LOG] [Player] anim: recoilAngle=0.1 swayX=0 swayY=0 time=4.000599999999628 @ http://localhost:3001/entities/Player.js:780
[   19858ms] [LOG] [Player] viewWeapon pos=0.25,-0.34,-0.80 rot=NaN,NaN,NaN visible=true fpArmsPos=0.00,0.00,0.00 @ http://localhost:3001/entities/Player.js:742
[   19858ms] [LOG] [Weapon] applyToMesh: recoilAngle=0.1 swayX=0 swayY=0 time=4.007399999999442 baseRot={x:undefined,y:undefined,z:undefined} type=object @ http://localhost:3001/items/Weapon.js:220
[   19865ms] [LOG] [Player] viewWeapon pos=0.25,-0.34,-0.80 rot=NaN,NaN,NaN visible=true fpArmsPos=0.00,0.00,0.00 @ http://localhost:3001/entities/Player.js:742
[   19865ms] [LOG] [Weapon] applyToMesh: recoilAngle=0.1 swayX=0 swayY=0 time=4.014499999999069 baseRot={x:undefined,y:undefined,z:undefined} type=object @ http://localhost:3001/items/Weapon.js:220
[   19872ms] [LOG] [Player] viewWeapon pos=0.25,-0.34,-0.80 rot=NaN,NaN,NaN visible=true fpArmsPos=0.00,0.00,0.00 @ http://localhost:3001/entities/Player.js:742
[   19872ms] [LOG] [Weapon] applyToMesh: recoilAngle=0.1 swayX=0 swayY=0 time=4.021599999999628 baseRot={x:undefined,y:undefined,z:undefined} type=object @ http://localhost:3001/items/Weapon.js:220
[   19879ms] [LOG] [Player] viewWeapon pos=0.25,-0.34,-0.80 rot=NaN,NaN,NaN visible=true fpArmsPos=0.00,0.00,0.00 @ http://localhost:3001/entities/Player.js:742
[   19879ms] [LOG] [Weapon] applyToMesh: recoilAngle=0.1 swayX=0 swayY=0 time=4.028599999999628 baseRot={x:undefined,y:undefined,z:undefined} type=object @ http://localhost:3001/items/Weapon.js:220
[   19888ms] [LOG] [Player] viewWeapon pos=0.25,-0.34,-0.80 rot=NaN,NaN,NaN visible=true fpArmsPos=0.00,0.00,0.00 @ http://localhost:3001/entities/Player.js:742
[   19888ms] [LOG] [Weapon] applyToMesh: recoilAngle=0.1 swayX=0 swayY=0 time=4.037699999999255 baseRot={x:undefined,y:undefined,z:undefined} type=object @ http://localhost:3001/items/Weapon.js:220
[   19896ms] [LOG] [Player] viewWeapon pos=0.25,-0.34,-0.80 rot=NaN,NaN,NaN visible=true fpArmsPos=0.00,0.00,0.00 @ http://localhost:3001/entities/Player.js:742
[   19897ms] [LOG] [Weapon] applyToMesh: recoilAngle=0.1 swayX=0 swayY=0 time=4.046299999999814 baseRot={x:undefined,y:undefined,z:undefined} type=object @ http://localhost:3001/items/Weapon.js:220
[   19904ms] [LOG] [Player] viewWeapon pos=0.25,-0.34,-0.80 rot=NaN,NaN,NaN visible=true fpArmsPos=0.00,0.00,0.00 @ http://localhost:3001/entities/Player.js:742
[   19904ms] [LOG] [Weapon] applyToMesh: recoilAngle=0.1 swayX=0 swayY=0 time=4.053999999999069 baseRot={x:undefined,y:undefined,z:undefined} type=object @ http://localhost:3001/items/Weapon.js:220
[   19912ms] [LOG] [Player] viewWeapon pos=0.25,-0.34,-0.80 rot=NaN,NaN,NaN visible=true fpArmsPos=0.00,0.00,0.00 @ http://localhost:3001/entities/Player.js:742
[   19912ms] [LOG] [Weapon] applyToMesh: recoilAngle=0.1 swayX=0 swayY=0 time=4.061399999999441 baseRot={x:undefined,y:undefined,z:undefined} type=object @ http://localhost:3001/items/Weapon.js:220
[   19919ms] [LOG] [Player] viewWeapon pos=0.25,-0.34,-0.80 rot=NaN,NaN,NaN visible=true fpArmsPos=0.00,0.00,0.00 @ http://localhost:3001/entities/Player.js:742
[   19919ms] [LOG] [Weapon] applyToMesh: recoilAngle=0.1 swayX=0 swayY=0 time=4.068999999999069 baseRot={x:undefined,y:undefined,z:undefined} type=object @ http://localhost:3001/items/Weapon.js:220
[   19927ms] [LOG] [Player] viewWeapon pos=0.25,-0.34,-0.80 rot=NaN,NaN,NaN visible=true fpArmsPos=0.00,0.00,0.00 @ http://localhost:3001/entities/Player.js:742
[   19927ms] [LOG] [Weapon] applyToMesh: recoilAngle=0.1 swayX=0 swayY=0 time=4.076799999999814 baseRot={x:undefined,y:undefined,z:undefined} type=object @ http://localhost:3001/items/Weapon.js:220
[   19937ms] [LOG] [Player] viewWeapon pos=0.25,-0.34,-0.80 rot=NaN,NaN,NaN visible=true fpArmsPos=0.00,0.00,0.00 @ http://localhost:3001/entities/Player.js:742
[   19937ms] [LOG] [Weapon] applyToMesh: recoilAngle=0.1 swayX=0 swayY=0 time=4.086099999999628 baseRot={x:undefined,y:undefined,z:undefined} type=object @ http://localhost:3001/items/Weapon.js:220
[   19943ms] [LOG] [Player] viewWeapon pos=0.25,-0.34,-0.80 rot=NaN,NaN,NaN visible=true fpArmsPos=0.00,0.00,0.00 @ http://localhost:3001/entities/Player.js:742
[   19944ms] [LOG] [Weapon] applyToMesh: recoilAngle=0.1 swayX=0 swayY=0 time=4.093099999999628 baseRot={x:undefined,y:undefined,z:undefined} type=object @ http://localhost:3001/items/Weapon.js:220
[   19950ms] [LOG] [Player] viewWeapon pos=0.25,-0.34,-0.80 rot=NaN,NaN,NaN visible=true fpArmsPos=0.00,0.00,0.00 @ http://localhost:3001/entities/Player.js:742
[   19951ms] [LOG] [Weapon] applyToMesh: recoilAngle=0.1 swayX=0 swayY=0 time=4.100099999999627 baseRot={x:undefined,y:undefined,z:undefined} type=object @ http://localhost:3001/items/Weapon.js:220
[   19958ms] [LOG] [Player] viewWeapon pos=0.25,-0.34,-0.80 rot=NaN,NaN,NaN visible=true fpArmsPos=0.00,0.00,0.00 @ http://localhost:3001/entities/Player.js:742
[   19958ms] [LOG] [Weapon] applyToMesh: recoilAngle=0.1 swayX=0 swayY=0 time=4.107499999999068 baseRot={x:undefined,y:undefined,z:undefined} type=object @ http://localhost:3001/items/Weapon.js:220
[   19966ms] [LOG] [Player] viewWeapon pos=0.25,-0.34,-0.80 rot=NaN,NaN,NaN visible=true fpArmsPos=0.00,0.00,0.00 @ http://localhost:3001/entities/Player.js:742
[   19967ms] [LOG] [Weapon] applyToMesh: recoilAngle=0.1 swayX=0 swayY=0 time=4.115999999999068 baseRot={x:undefined,y:undefined,z:undefined} type=object @ http://localhost:3001/items/Weapon.js:220
[   19974ms] [LOG] [Player] viewWeapon pos=0.25,-0.34,-0.80 rot=NaN,NaN,NaN visible=true fpArmsPos=0.00,0.00,0.00 @ http://localhost:3001/entities/Player.js:742
[   19974ms] [LOG] [Weapon] applyToMesh: recoilAngle=0.1 swayX=0 swayY=0 time=4.123399999999441 baseRot={x:undefined,y:undefined,z:undefined} type=object @ http://localhost:3001/items/Weapon.js:220
[   19982ms] [LOG] [Player] viewWeapon pos=0.25,-0.34,-0.80 rot=NaN,NaN,NaN visible=true fpArmsPos=0.00,0.00,0.00 @ http://localhost:3001/entities/Player.js:742
[   19982ms] [LOG] [Weapon] applyToMesh: recoilAngle=0.1 swayX=0 swayY=0 time=4.131699999999254 baseRot={x:undefined,y:undefined,z:undefined} type=object @ http://localhost:3001/items/Weapon.js:220
[   19990ms] [LOG] [Player] viewWeapon pos=0.25,-0.34,-0.80 rot=NaN,NaN,NaN visible=true fpArmsPos=0.00,0.00,0.00 @ http://localhost:3001/entities/Player.js:742
[   19990ms] [LOG] [Weapon] applyToMesh: recoilAngle=0.1 swayX=0 swayY=0 time=4.139499999999068 baseRot={x:undefined,y:undefined,z:undefined} type=object @ http://localhost:3001/items/Weapon.js:220
[   19996ms] [LOG] [Player] viewWeapon pos=0.25,-0.34,-0.80 rot=NaN,NaN,NaN visible=true fpArmsPos=0.00,0.00,0.00 @ http://localhost:3001/entities/Player.js:742
[   19996ms] [LOG] [Weapon] applyToMesh: recoilAngle=0.1 swayX=0 swayY=0 time=4.145999999999068 baseRot={x:undefined,y:undefined,z:undefined} type=object @ http://localhost:3001/items/Weapon.js:220
[   20003ms] [LOG] [Player] viewWeapon pos=0.25,-0.34,-0.80 rot=NaN,NaN,NaN visible=true fpArmsPos=0.00,0.00,0.00 @ http://localhost:3001/entities/Player.js:742
[   20003ms] [LOG] [Weapon] applyToMesh: recoilAngle=0.1 swayX=0 swayY=0 time=4.153099999999627 baseRot={x:undefined,y:undefined,z:undefined} type=object @ http://localhost:3001/items/Weapon.js:220
[   20013ms] [LOG] [Player] viewWeapon pos=0.25,-0.34,-0.80 rot=NaN,NaN,NaN visible=true fpArmsPos=0.00,0.00,0.00 @ http://localhost:3001/entities/Player.js:742
[   20013ms] [LOG] [Weapon] applyToMesh: recoilAngle=0.1 swayX=0 swayY=0 time=4.162499999999069 baseRot={x:undefined,y:undefined,z:undefined} type=object @ http://localhost:3001/items/Weapon.js:220
[   20021ms] [LOG] [Player] viewWeapon pos=0.25,-0.34,-0.80 rot=NaN,NaN,NaN visible=true fpArmsPos=0.00,0.00,0.00 @ http://localhost:3001/entities/Player.js:742
[   20022ms] [LOG] [Weapon] applyToMesh: recoilAngle=0.1 swayX=0 swayY=0 time=4.171299999999814 baseRot={x:undefined,y:undefined,z:undefined} type=object @ http://localhost:3001/items/Weapon.js:220
[   20030ms] [LOG] [Player] viewWeapon pos=0.25,-0.34,-0.80 rot=NaN,NaN,NaN visible=true fpArmsPos=0.00,0.00,0.00 @ http://localhost:3001/entities/Player.js:742
[   20030ms] [LOG] [Weapon] applyToMesh: recoilAngle=0.1 swayX=0 swayY=0 time=4.179799999999814 baseRot={x:undefined,y:undefined,z:undefined} type=object @ http://localhost:3001/items/Weapon.js:220
[   20037ms] [LOG] [Player] viewWeapon pos=0.25,-0.34,-0.80 rot=NaN,NaN,NaN visible=true fpArmsPos=0.00,0.00,0.00 @ http://localhost:3001/entities/Player.js:742
[   20037ms] [LOG] [Weapon] applyToMesh: recoilAngle=0.1 swayX=0 swayY=0 time=4.186899999999441 baseRot={x:undefined,y:undefined,z:undefined} type=object @ http://localhost:3001/items/Weapon.js:220
[   20044ms] [LOG] [Player] viewWeapon pos=0.25,-0.34,-0.80 rot=NaN,NaN,NaN visible=true fpArmsPos=0.00,0.00,0.00 @ http://localhost:3001/entities/Player.js:742
[   20044ms] [LOG] [Weapon] applyToMesh: recoilAngle=0.1 swayX=0 swayY=0 time=4.194099999999628 baseRot={x:undefined,y:undefined,z:undefined} type=object @ http://localhost:3001/items/Weapon.js:220
[   20052ms] [LOG] [Player] viewWeapon pos=0.25,-0.34,-0.80 rot=NaN,NaN,NaN visible=true fpArmsPos=0.00,0.00,0.00 @ http://localhost:3001/entities/Player.js:742
[   20052ms] [LOG] [Weapon] applyToMesh: recoilAngle=0.1 swayX=0 swayY=0 time=4.201399999999441 baseRot={x:undefined,y:undefined,z:undefined} type=object @ http://localhost:3001/items/Weapon.js:220
[   20060ms] [LOG] [Player] viewWeapon pos=0.25,-0.34,-0.80 rot=NaN,NaN,NaN visible=true fpArmsPos=0.00,0.00,0.00 @ http://localhost:3001/entities/Player.js:742
[   20060ms] [LOG] [Weapon] applyToMesh: recoilAngle=0.1 swayX=0 swayY=0 time=4.209599999999627 baseRot={x:undefined,y:undefined,z:undefined} type=object @ http://localhost:3001/items/Weapon.js:220
[   20068ms] [LOG] [Player] viewWeapon pos=0.25,-0.34,-0.80 rot=NaN,NaN,NaN visible=true fpArmsPos=0.00,0.00,0.00 @ http://localhost:3001/entities/Player.js:742
[   20069ms] [LOG] [Weapon] applyToMesh: recoilAngle=0.1 swayX=0 swayY=0 time=4.218099999999627 baseRot={x:undefined,y:undefined,z:undefined} type=object @ http://localhost:3001/items/Weapon.js:220
[   20077ms] [LOG] [Player] viewWeapon pos=0.25,-0.34,-0.80 rot=NaN,NaN,NaN visible=true fpArmsPos=0.00,0.00,0.00 @ http://localhost:3001/entities/Player.js:742
[   20077ms] [LOG] [Weapon] applyToMesh: recoilAngle=0.1 swayX=0 swayY=0 time=4.226499999999068 baseRot={x:undefined,y:undefined,z:undefined} type=object @ http://localhost:3001/items/Weapon.js:220
[   20085ms] [LOG] [Player] viewWeapon pos=0.25,-0.34,-0.80 rot=NaN,NaN,NaN visible=true fpArmsPos=0.00,0.00,0.00 @ http://localhost:3001/entities/Player.js:742
[   20085ms] [LOG] [Weapon] applyToMesh: recoilAngle=0.1 swayX=0 swayY=0 time=4.23439999999944 baseRot={x:undefined,y:undefined,z:undefined} type=object @ http://localhost:3001/items/Weapon.js:220
[   20092ms] [LOG] [Player] viewWeapon pos=0.25,-0.34,-0.80 rot=NaN,NaN,NaN visible=true fpArmsPos=0.00,0.00,0.00 @ http://localhost:3001/entities/Player.js:742
[   20092ms] [LOG] [Weapon] applyToMesh: recoilAngle=0.1 swayX=0 swayY=0 time=4.241699999999254 baseRot={x:undefined,y:undefined,z:undefined} type=object @ http://localhost:3001/items/Weapon.js:220
[   20099ms] [LOG] [Player] viewWeapon pos=0.25,-0.34,-0.80 rot=NaN,NaN,NaN visible=true fpArmsPos=0.00,0.00,0.00 @ http://localhost:3001/entities/Player.js:742
[   20099ms] [LOG] [Weapon] applyToMesh: recoilAngle=0.1 swayX=0 swayY=0 time=4.248599999999627 baseRot={x:undefined,y:undefined,z:undefined} type=object @ http://localhost:3001/items/Weapon.js:220
[   20105ms] [LOG] [Player] viewWeapon pos=0.25,-0.34,-0.80 rot=NaN,NaN,NaN visible=true fpArmsPos=0.00,0.00,0.00 @ http://localhost:3001/entities/Player.js:742
[   20106ms] [LOG] [Weapon] applyToMesh: recoilAngle=0.1 swayX=0 swayY=0 time=4.255099999999627 baseRot={x:undefined,y:undefined,z:undefined} type=object @ http://localhost:3001/items/Weapon.js:220
[   20106ms] [LOG] [Player] anim: recoilAngle=0.1 swayX=0 swayY=0 time=4.255099999999627 @ http://localhost:3001/entities/Player.js:780
[   20113ms] [LOG] [Player] viewWeapon pos=0.25,-0.34,-0.80 rot=NaN,NaN,NaN visible=true fpArmsPos=0.00,0.00,0.00 @ http://localhost:3001/entities/Player.js:742
[   20113ms] [LOG] [Weapon] applyToMesh: recoilAngle=0.1 swayX=0 swayY=0 time=4.262899999999441 baseRot={x:undefined,y:undefined,z:undefined} type=object @ http://localhost:3001/items/Weapon.js:220
[   20120ms] [LOG] [Player] viewWeapon pos=0.25,-0.34,-0.80 rot=NaN,NaN,NaN visible=true fpArmsPos=0.00,0.00,0.00 @ http://localhost:3001/entities/Player.js:742
[   20120ms] [LOG] [Weapon] applyToMesh: recoilAngle=0.1 swayX=0 swayY=0 time=4.269499999999068 baseRot={x:undefined,y:undefined,z:undefined} type=object @ http://localhost:3001/items/Weapon.js:220
[   20128ms] [LOG] [Player] viewWeapon pos=0.25,-0.34,-0.80 rot=NaN,NaN,NaN visible=true fpArmsPos=0.00,0.00,0.00 @ http://localhost:3001/entities/Player.js:742
[   20128ms] [LOG] [Weapon] applyToMesh: recoilAngle=0.1 swayX=0 swayY=0 time=4.277499999999068 baseRot={x:undefined,y:undefined,z:undefined} type=object @ http://localhost:3001/items/Weapon.js:220
[   20134ms] [LOG] [Player] viewWeapon pos=0.25,-0.34,-0.80 rot=NaN,NaN,NaN visible=true fpArmsPos=0.00,0.00,0.00 @ http://localhost:3001/entities/Player.js:742
[   20134ms] [LOG] [Weapon] applyToMesh: recoilAngle=0.1 swayX=0 swayY=0 time=4.283999999999068 baseRot={x:undefined,y:undefined,z:undefined} type=object @ http://localhost:3001/items/Weapon.js:220
[   20135ms] [LOG] [Player] anim: recoilAngle=0.1 swayX=0 swayY=0 time=4.283999999999068 @ http://localhost:3001/entities/Player.js:780
[   20141ms] [LOG] [Player] viewWeapon pos=0.25,-0.34,-0.80 rot=NaN,NaN,NaN visible=true fpArmsPos=0.00,0.00,0.00 @ http://localhost:3001/entities/Player.js:742
[   20141ms] [LOG] [Weapon] applyToMesh: recoilAngle=0.1 swayX=0 swayY=0 time=4.290799999999813 baseRot={x:undefined,y:undefined,z:undefined} type=object @ http://localhost:3001/items/Weapon.js:220
[   20148ms] [LOG] [Player] viewWeapon pos=0.25,-0.34,-0.80 rot=NaN,NaN,NaN visible=true fpArmsPos=0.00,0.00,0.00 @ http://localhost:3001/entities/Player.js:742
[   20149ms] [LOG] [Weapon] applyToMesh: recoilAngle=0.1 swayX=0 swayY=0 time=4.298399999999441 baseRot={x:undefined,y:undefined,z:undefined} type=object @ http://localhost:3001/items/Weapon.js:220
[   20155ms] [LOG] [Player] viewWeapon pos=0.25,-0.34,-0.80 rot=NaN,NaN,NaN visible=true fpArmsPos=0.00,0.00,0.00 @ http://localhost:3001/entities/Player.js:742
[   20155ms] [LOG] [Weapon] applyToMesh: recoilAngle=0.1 swayX=0 swayY=0 time=4.304799999999814 baseRot={x:undefined,y:undefined,z:undefined} type=object @ http://localhost:3001/items/Weapon.js:220
[   20155ms] [LOG] [Player] after applyToMesh: rot=NaN,NaN,NaN baseRot=undef @ http://localhost:3001/entities/Player.js:781
[   20161ms] [LOG] [Player] viewWeapon pos=0.25,-0.34,-0.80 rot=NaN,NaN,NaN visible=true fpArmsPos=0.00,0.00,0.00 @ http://localhost:3001/entities/Player.js:742
[   20161ms] [LOG] [Weapon] applyToMesh: recoilAngle=0.1 swayX=0 swayY=0 time=4.311199999999255 baseRot={x:undefined,y:undefined,z:undefined} type=object @ http://localhost:3001/items/Weapon.js:220
[   20168ms] [LOG] [Player] viewWeapon pos=0.25,-0.34,-0.80 rot=NaN,NaN,NaN visible=true fpArmsPos=0.00,0.00,0.00 @ http://localhost:3001/entities/Player.js:742
[   20168ms] [LOG] [Weapon] applyToMesh: recoilAngle=0.1 swayX=0 swayY=0 time=4.317799999999814 baseRot={x:undefined,y:undefined,z:undefined} type=object @ http://localhost:3001/items/Weapon.js:220
[   20177ms] [LOG] [Player] viewWeapon pos=0.25,-0.34,-0.80 rot=NaN,NaN,NaN visible=true fpArmsPos=0.00,0.00,0.00 @ http://localhost:3001/entities/Player.js:742
[   20177ms] [LOG] [Weapon] applyToMesh: recoilAngle=0.1 swayX=0 swayY=0 time=4.326999999999068 baseRot={x:undefined,y:undefined,z:undefined} type=object @ http://localhost:3001/items/Weapon.js:220
[   20184ms] [LOG] [Player] viewWeapon pos=0.25,-0.34,-0.80 rot=NaN,NaN,NaN visible=true fpArmsPos=0.00,0.00,0.00 @ http://localhost:3001/entities/Player.js:742
[   20184ms] [LOG] [Weapon] applyToMesh: recoilAngle=0.1 swayX=0 swayY=0 time=4.333499999999068 baseRot={x:undefined,y:undefined,z:undefined} type=object @ http://localhost:3001/items/Weapon.js:220
[   20191ms] [LOG] [Player] viewWeapon pos=0.25,-0.34,-0.80 rot=NaN,NaN,NaN visible=true fpArmsPos=0.00,0.00,0.00 @ http://localhost:3001/entities/Player.js:742
[   20191ms] [LOG] [Weapon] applyToMesh: recoilAngle=0.1 swayX=0 swayY=0 time=4.340399999999441 baseRot={x:undefined,y:undefined,z:undefined} type=object @ http://localhost:3001/items/Weapon.js:220
[   20198ms] [LOG] [Player] viewWeapon pos=0.25,-0.34,-0.80 rot=NaN,NaN,NaN visible=true fpArmsPos=0.00,0.00,0.00 @ http://localhost:3001/entities/Player.js:742
[   20198ms] [LOG] [Weapon] applyToMesh: recoilAngle=0.1 swayX=0 swayY=0 time=4.347599999999628 baseRot={x:undefined,y:undefined,z:undefined} type=object @ http://localhost:3001/items/Weapon.js:220
[   20205ms] [LOG] [Player] viewWeapon pos=0.25,-0.34,-0.80 rot=NaN,NaN,NaN visible=true fpArmsPos=0.00,0.00,0.00 @ http://localhost:3001/entities/Player.js:742
[   20205ms] [LOG] [Weapon] applyToMesh: recoilAngle=0.1 swayX=0 swayY=0 time=4.354699999999255 baseRot={x:undefined,y:undefined,z:undefined} type=object @ http://localhost:3001/items/Weapon.js:220
[   20212ms] [LOG] [Player] viewWeapon pos=0.25,-0.34,-0.80 rot=NaN,NaN,NaN visible=true fpArmsPos=0.00,0.00,0.00 @ http://localhost:3001/entities/Player.js:742
[   20212ms] [LOG] [Weapon] applyToMesh: recoilAngle=0.1 swayX=0 swayY=0 time=4.361599999999628 baseRot={x:undefined,y:undefined,z:undefined} type=object @ http://localhost:3001/items/Weapon.js:220
[   20219ms] [LOG] [Player] viewWeapon pos=0.25,-0.34,-0.80 rot=NaN,NaN,NaN visible=true fpArmsPos=0.00,0.00,0.00 @ http://localhost:3001/entities/Player.js:742
[   20219ms] [LOG] [Weapon] applyToMesh: recoilAngle=0.1 swayX=0 swayY=0 time=4.368899999999441 baseRot={x:undefined,y:undefined,z:undefined} type=object @ http://localhost:3001/items/Weapon.js:220
[   20227ms] [LOG] [Player] viewWeapon pos=0.25,-0.34,-0.80 rot=NaN,NaN,NaN visible=true fpArmsPos=0.00,0.00,0.00 @ http://localhost:3001/entities/Player.js:742
[   20227ms] [LOG] [Weapon] applyToMesh: recoilAngle=0.1 swayX=0 swayY=0 time=4.376599999999628 baseRot={x:undefined,y:undefined,z:undefined} type=object @ http://localhost:3001/items/Weapon.js:220
[   20235ms] [LOG] [Player] viewWeapon pos=0.25,-0.34,-0.80 rot=NaN,NaN,NaN visible=true fpArmsPos=0.00,0.00,0.00 @ http://localhost:3001/entities/Player.js:742
[   20235ms] [LOG] [Weapon] applyToMesh: recoilAngle=0.1 swayX=0 swayY=0 time=4.384799999999814 baseRot={x:undefined,y:undefined,z:undefined} type=object @ http://localhost:3001/items/Weapon.js:220
[   20242ms] [LOG] [Player] viewWeapon pos=0.25,-0.34,-0.80 rot=NaN,NaN,NaN visible=true fpArmsPos=0.00,0.00,0.00 @ http://localhost:3001/entities/Player.js:742
[   20242ms] [LOG] [Weapon] applyToMesh: recoilAngle=0.1 swayX=0 swayY=0 time=4.391699999999255 baseRot={x:undefined,y:undefined,z:undefined} type=object @ http://localhost:3001/items/Weapon.js:220
[   20251ms] [LOG] [Player] viewWeapon pos=0.25,-0.34,-0.80 rot=NaN,NaN,NaN visible=true fpArmsPos=0.00,0.00,0.00 @ http://localhost:3001/entities/Player.js:742
[   20251ms] [LOG] [Weapon] applyToMesh: recoilAngle=0.1 swayX=0 swayY=0 time=4.400599999999628 baseRot={x:undefined,y:undefined,z:undefined} type=object @ http://localhost:3001/items/Weapon.js:220
[   20258ms] [LOG] [Player] viewWeapon pos=0.25,-0.34,-0.80 rot=NaN,NaN,NaN visible=true fpArmsPos=0.00,0.00,0.00 @ http://localhost:3001/entities/Player.js:742
[   20258ms] [LOG] [Weapon] applyToMesh: recoilAngle=0.1 swayX=0 swayY=0 time=4.407499999999069 baseRot={x:undefined,y:undefined,z:undefined} type=object @ http://localhost:3001/items/Weapon.js:220
[   20264ms] [LOG] [Player] viewWeapon pos=0.25,-0.34,-0.80 rot=NaN,NaN,NaN visible=true fpArmsPos=0.00,0.00,0.00 @ http://localhost:3001/entities/Player.js:742
[   20265ms] [LOG] [Weapon] applyToMesh: recoilAngle=0.1 swayX=0 swayY=0 time=4.414199999999255 baseRot={x:undefined,y:undefined,z:undefined} type=object @ http://localhost:3001/items/Weapon.js:220
[   20272ms] [LOG] [Player] viewWeapon pos=0.25,-0.34,-0.80 rot=NaN,NaN,NaN visible=true fpArmsPos=0.00,0.00,0.00 @ http://localhost:3001/entities/Player.js:742
[   20272ms] [LOG] [Weapon] applyToMesh: recoilAngle=0.1 swayX=0 swayY=0 time=4.421999999999069 baseRot={x:undefined,y:undefined,z:undefined} type=object @ http://localhost:3001/items/Weapon.js:220
[   20279ms] [LOG] [Player] viewWeapon pos=0.25,-0.34,-0.80 rot=NaN,NaN,NaN visible=true fpArmsPos=0.00,0.00,0.00 @ http://localhost:3001/entities/Player.js:742
[   20279ms] [LOG] [Weapon] applyToMesh: recoilAngle=0.1 swayX=0 swayY=0 time=4.428799999999814 baseRot={x:undefined,y:undefined,z:undefined} type=object @ http://localhost:3001/items/Weapon.js:220
[   20285ms] [LOG] [Player] viewWeapon pos=0.25,-0.34,-0.80 rot=NaN,NaN,NaN visible=true fpArmsPos=0.00,0.00,0.00 @ http://localhost:3001/entities/Player.js:742
[   20285ms] [LOG] [Weapon] applyToMesh: recoilAngle=0.1 swayX=0 swayY=0 time=4.435099999999628 baseRot={x:undefined,y:undefined,z:undefined} type=object @ http://localhost:3001/items/Weapon.js:220
[   20292ms] [LOG] [Player] viewWeapon pos=0.25,-0.34,-0.80 rot=NaN,NaN,NaN visible=true fpArmsPos=0.00,0.00,0.00 @ http://localhost:3001/entities/Player.js:742
[   20292ms] [LOG] [Weapon] applyToMesh: recoilAngle=0.1 swayX=0 swayY=0 time=4.441399999999442 baseRot={x:undefined,y:undefined,z:undefined} type=object @ http://localhost:3001/items/Weapon.js:220
[   20298ms] [LOG] [Player] viewWeapon pos=0.25,-0.34,-0.80 rot=NaN,NaN,NaN visible=true fpArmsPos=0.00,0.00,0.00 @ http://localhost:3001/entities/Player.js:742
[   20299ms] [LOG] [Weapon] applyToMesh: recoilAngle=0.1 swayX=0 swayY=0 time=4.448199999999256 baseRot={x:undefined,y:undefined,z:undefined} type=object @ http://localhost:3001/items/Weapon.js:220
[   20305ms] [LOG] [Player] viewWeapon pos=0.25,-0.34,-0.80 rot=NaN,NaN,NaN visible=true fpArmsPos=0.00,0.00,0.00 @ http://localhost:3001/entities/Player.js:742
[   20305ms] [LOG] [Weapon] applyToMesh: recoilAngle=0.1 swayX=0 swayY=0 time=4.455099999999629 baseRot={x:undefined,y:undefined,z:undefined} type=object @ http://localhost:3001/items/Weapon.js:220
[   20312ms] [LOG] [Player] viewWeapon pos=0.25,-0.34,-0.80 rot=NaN,NaN,NaN visible=true fpArmsPos=0.00,0.00,0.00 @ http://localhost:3001/entities/Player.js:742
[   20312ms] [LOG] [Weapon] applyToMesh: recoilAngle=0.1 swayX=0 swayY=0 time=4.46149999999907 baseRot={x:undefined,y:undefined,z:undefined} type=object @ http://localhost:3001/items/Weapon.js:220
[   20320ms] [LOG] [Player] viewWeapon pos=0.25,-0.34,-0.80 rot=NaN,NaN,NaN visible=true fpArmsPos=0.00,0.00,0.00 @ http://localhost:3001/entities/Player.js:742
[   20320ms] [LOG] [Weapon] applyToMesh: recoilAngle=0.1 swayX=0 swayY=0 time=4.4697999999998155 baseRot={x:undefined,y:undefined,z:undefined} type=object @ http://localhost:3001/items/Weapon.js:220
[   20333ms] [LOG] [Player] viewWeapon pos=0.25,-0.34,-0.80 rot=NaN,NaN,NaN visible=true fpArmsPos=0.00,0.00,0.00 @ http://localhost:3001/entities/Player.js:742
[   20333ms] [LOG] [Weapon] applyToMesh: recoilAngle=0.1 swayX=0 swayY=0 time=4.482699999999257 baseRot={x:undefined,y:undefined,z:undefined} type=object @ http://localhost:3001/items/Weapon.js:220
[   20346ms] [LOG] [Player] viewWeapon pos=0.25,-0.34,-0.80 rot=NaN,NaN,NaN visible=true fpArmsPos=0.00,0.00,0.00 @ http://localhost:3001/entities/Player.js:742
[   20347ms] [LOG] [Weapon] applyToMesh: recoilAngle=0.1 swayX=0 swayY=0 time=4.495899999999443 baseRot={x:undefined,y:undefined,z:undefined} type=object @ http://localhost:3001/items/Weapon.js:220
[   20361ms] [LOG] [Player] viewWeapon pos=0.25,-0.34,-0.80 rot=NaN,NaN,NaN visible=true fpArmsPos=0.00,0.00,0.00 @ http://localhost:3001/entities/Player.js:742
[   20361ms] [LOG] [Weapon] applyToMesh: recoilAngle=0.1 swayX=0 swayY=0 time=4.5097999999998155 baseRot={x:undefined,y:undefined,z:undefined} type=object @ http://localhost:3001/items/Weapon.js:220
[   20373ms] [LOG] [Player] viewWeapon pos=0.25,-0.34,-0.80 rot=NaN,NaN,NaN visible=true fpArmsPos=0.00,0.00,0.00 @ http://localhost:3001/entities/Player.js:742
[   20373ms] [LOG] [Weapon] applyToMesh: recoilAngle=0.1 swayX=0 swayY=0 time=4.52249999999907 baseRot={x:undefined,y:undefined,z:undefined} type=object @ http://localhost:3001/items/Weapon.js:220
[   20385ms] [LOG] [Player] viewWeapon pos=0.25,-0.34,-0.80 rot=NaN,NaN,NaN visible=true fpArmsPos=0.00,0.00,0.00 @ http://localhost:3001/entities/Player.js:742
[   20385ms] [LOG] [Weapon] applyToMesh: recoilAngle=0.1 swayX=0 swayY=0 time=4.5346999999992565 baseRot={x:undefined,y:undefined,z:undefined} type=object @ http://localhost:3001/items/Weapon.js:220
[   20393ms] [LOG] [Player] viewWeapon pos=0.25,-0.34,-0.80 rot=NaN,NaN,NaN visible=true fpArmsPos=0.00,0.00,0.00 @ http://localhost:3001/entities/Player.js:742
[   20393ms] [LOG] [Weapon] applyToMesh: recoilAngle=0.1 swayX=0 swayY=0 time=4.542299999999815 baseRot={x:undefined,y:undefined,z:undefined} type=object @ http://localhost:3001/items/Weapon.js:220
[   20400ms] [LOG] [Player] viewWeapon pos=0.25,-0.34,-0.80 rot=NaN,NaN,NaN visible=true fpArmsPos=0.00,0.00,0.00 @ http://localhost:3001/entities/Player.js:742
[   20400ms] [LOG] [Weapon] applyToMesh: recoilAngle=0.1 swayX=0 swayY=0 time=4.550199999999257 baseRot={x:undefined,y:undefined,z:undefined} type=object @ http://localhost:3001/items/Weapon.js:220
[   20409ms] [LOG] [Player] viewWeapon pos=0.25,-0.34,-0.80 rot=NaN,NaN,NaN visible=true fpArmsPos=0.00,0.00,0.00 @ http://localhost:3001/entities/Player.js:742
[   20409ms] [LOG] [Weapon] applyToMesh: recoilAngle=0.1 swayX=0 swayY=0 time=4.558399999999443 baseRot={x:undefined,y:undefined,z:undefined} type=object @ http://localhost:3001/items/Weapon.js:220
[   20409ms] [LOG] [Player] anim: recoilAngle=0.1 swayX=0 swayY=0 time=4.558399999999443 @ http://localhost:3001/entities/Player.js:780
[   20419ms] [LOG] [Player] viewWeapon pos=0.25,-0.34,-0.80 rot=NaN,NaN,NaN visible=true fpArmsPos=0.00,0.00,0.00 @ http://localhost:3001/entities/Player.js:742
[   20420ms] [LOG] [Weapon] applyToMesh: recoilAngle=0.1 swayX=0 swayY=0 time=4.569099999999629 baseRot={x:undefined,y:undefined,z:undefined} type=object @ http://localhost:3001/items/Weapon.js:220
[   20427ms] [LOG] [Player] viewWeapon pos=0.25,-0.34,-0.80 rot=NaN,NaN,NaN visible=true fpArmsPos=0.00,0.00,0.00 @ http://localhost:3001/entities/Player.js:742
[   20427ms] [LOG] [Weapon] applyToMesh: recoilAngle=0.1 swayX=0 swayY=0 time=4.576299999999816 baseRot={x:undefined,y:undefined,z:undefined} type=object @ http://localhost:3001/items/Weapon.js:220
[   20435ms] [LOG] [Player] viewWeapon pos=0.25,-0.34,-0.80 rot=NaN,NaN,NaN visible=true fpArmsPos=0.00,0.00,0.00 @ http://localhost:3001/entities/Player.js:742
[   20435ms] [LOG] [Weapon] applyToMesh: recoilAngle=0.1 swayX=0 swayY=0 time=4.584699999999257 baseRot={x:undefined,y:undefined,z:undefined} type=object @ http://localhost:3001/items/Weapon.js:220
[   20444ms] [LOG] [Player] viewWeapon pos=0.25,-0.34,-0.80 rot=NaN,NaN,NaN visible=true fpArmsPos=0.00,0.00,0.00 @ http://localhost:3001/entities/Player.js:742
[   20444ms] [LOG] [Weapon] applyToMesh: recoilAngle=0.1 swayX=0 swayY=0 time=4.593099999999629 baseRot={x:undefined,y:undefined,z:undefined} type=object @ http://localhost:3001/items/Weapon.js:220
[   20452ms] [LOG] [Player] viewWeapon pos=0.25,-0.34,-0.80 rot=NaN,NaN,NaN visible=true fpArmsPos=0.00,0.00,0.00 @ http://localhost:3001/entities/Player.js:742
[   20452ms] [LOG] [Weapon] applyToMesh: recoilAngle=0.1 swayX=0 swayY=0 time=4.601599999999629 baseRot={x:undefined,y:undefined,z:undefined} type=object @ http://localhost:3001/items/Weapon.js:220
[   20459ms] [LOG] [Player] viewWeapon pos=0.25,-0.34,-0.80 rot=NaN,NaN,NaN visible=true fpArmsPos=0.00,0.00,0.00 @ http://localhost:3001/entities/Player.js:742
[   20460ms] [LOG] [Weapon] applyToMesh: recoilAngle=0.1 swayX=0 swayY=0 time=4.60899999999907 baseRot={x:undefined,y:undefined,z:undefined} type=object @ http://localhost:3001/items/Weapon.js:220
[   20471ms] [LOG] [Player] viewWeapon pos=0.25,-0.34,-0.80 rot=NaN,NaN,NaN visible=true fpArmsPos=0.00,0.00,0.00 @ http://localhost:3001/entities/Player.js:742
[   20471ms] [LOG] [Weapon] applyToMesh: recoilAngle=0.1 swayX=0 swayY=0 time=4.620899999999443 baseRot={x:undefined,y:undefined,z:undefined} type=object @ http://localhost:3001/items/Weapon.js:220
[   20480ms] [LOG] [Player] viewWeapon pos=0.25,-0.34,-0.80 rot=NaN,NaN,NaN visible=true fpArmsPos=0.00,0.00,0.00 @ http://localhost:3001/entities/Player.js:742
[   20480ms] [LOG] [Weapon] applyToMesh: recoilAngle=0.1 swayX=0 swayY=0 time=4.629899999999443 baseRot={x:undefined,y:undefined,z:undefined} type=object @ http://localhost:3001/items/Weapon.js:220
[   20488ms] [LOG] [Player] viewWeapon pos=0.25,-0.34,-0.80 rot=NaN,NaN,NaN visible=true fpArmsPos=0.00,0.00,0.00 @ http://localhost:3001/entities/Player.js:742
[   20489ms] [LOG] [Weapon] applyToMesh: recoilAngle=0.1 swayX=0 swayY=0 time=4.637799999999816 baseRot={x:undefined,y:undefined,z:undefined} type=object @ http://localhost:3001/items/Weapon.js:220
[   20498ms] [LOG] [Player] viewWeapon pos=0.25,-0.34,-0.80 rot=NaN,NaN,NaN visible=true fpArmsPos=0.00,0.00,0.00 @ http://localhost:3001/entities/Player.js:742
[   20498ms] [LOG] [Weapon] applyToMesh: recoilAngle=0.1 swayX=0 swayY=0 time=4.647299999999816 baseRot={x:undefined,y:undefined,z:undefined} type=object @ http://localhost:3001/items/Weapon.js:220
[   20507ms] [LOG] [Player] viewWeapon pos=0.25,-0.34,-0.80 rot=NaN,NaN,NaN visible=true fpArmsPos=0.00,0.00,0.00 @ http://localhost:3001/entities/Player.js:742
[   20507ms] [LOG] [Weapon] applyToMesh: recoilAngle=0.1 swayX=0 swayY=0 time=4.65659999999963 baseRot={x:undefined,y:undefined,z:undefined} type=object @ http://localhost:3001/items/Weapon.js:220
[   20518ms] [LOG] [Player] viewWeapon pos=0.25,-0.34,-0.80 rot=NaN,NaN,NaN visible=true fpArmsPos=0.00,0.00,0.00 @ http://localhost:3001/entities/Player.js:742
[   20518ms] [LOG] [Weapon] applyToMesh: recoilAngle=0.1 swayX=0 swayY=0 time=4.667299999999816 baseRot={x:undefined,y:undefined,z:undefined} type=object @ http://localhost:3001/items/Weapon.js:220
[   20525ms] [LOG] [Player] viewWeapon pos=0.25,-0.34,-0.80 rot=NaN,NaN,NaN visible=true fpArmsPos=0.00,0.00,0.00 @ http://localhost:3001/entities/Player.js:742
[   20525ms] [LOG] [Weapon] applyToMesh: recoilAngle=0.1 swayX=0 swayY=0 time=4.674899999999444 baseRot={x:undefined,y:undefined,z:undefined} type=object @ http://localhost:3001/items/Weapon.js:220
[   20536ms] [LOG] [Player] viewWeapon pos=0.25,-0.34,-0.80 rot=NaN,NaN,NaN visible=true fpArmsPos=0.00,0.00,0.00 @ http://localhost:3001/entities/Player.js:742
[   20536ms] [LOG] [Weapon] applyToMesh: recoilAngle=0.1 swayX=0 swayY=0 time=4.6849999999990715 baseRot={x:undefined,y:undefined,z:undefined} type=object @ http://localhost:3001/items/Weapon.js:220
[   20546ms] [LOG] [Player] viewWeapon pos=0.25,-0.34,-0.80 rot=NaN,NaN,NaN visible=true fpArmsPos=0.00,0.00,0.00 @ http://localhost:3001/entities/Player.js:742
[   20546ms] [LOG] [Weapon] applyToMesh: recoilAngle=0.1 swayX=0 swayY=0 time=4.695499999999072 baseRot={x:undefined,y:undefined,z:undefined} type=object @ http://localhost:3001/items/Weapon.js:220
[   20546ms] [LOG] [Player] after applyToMesh: rot=NaN,NaN,NaN baseRot=undef @ http://localhost:3001/entities/Player.js:781
[   20555ms] [LOG] [Player] viewWeapon pos=0.25,-0.34,-0.80 rot=NaN,NaN,NaN visible=true fpArmsPos=0.00,0.00,0.00 @ http://localhost:3001/entities/Player.js:742
[   20555ms] [LOG] [Weapon] applyToMesh: recoilAngle=0.1 swayX=0 swayY=0 time=4.704799999999817 baseRot={x:undefined,y:undefined,z:undefined} type=object @ http://localhost:3001/items/Weapon.js:220
[   20565ms] [LOG] [Player] viewWeapon pos=0.25,-0.34,-0.80 rot=NaN,NaN,NaN visible=true fpArmsPos=0.00,0.00,0.00 @ http://localhost:3001/entities/Player.js:742
[   20566ms] [LOG] [Weapon] applyToMesh: recoilAngle=0.1 swayX=0 swayY=0 time=4.715199999999258 baseRot={x:undefined,y:undefined,z:undefined} type=object @ http://localhost:3001/items/Weapon.js:220
[   20573ms] [LOG] [Player] viewWeapon pos=0.25,-0.34,-0.80 rot=NaN,NaN,NaN visible=true fpArmsPos=0.00,0.00,0.00 @ http://localhost:3001/entities/Player.js:742
[   20573ms] [LOG] [Weapon] applyToMesh: recoilAngle=0.1 swayX=0 swayY=0 time=4.72309999999963 baseRot={x:undefined,y:undefined,z:undefined} type=object @ http://localhost:3001/items/Weapon.js:220
[   20581ms] [LOG] [Player] viewWeapon pos=0.25,-0.34,-0.80 rot=NaN,NaN,NaN visible=true fpArmsPos=0.00,0.00,0.00 @ http://localhost:3001/entities/Player.js:742
[   20581ms] [LOG] [Weapon] applyToMesh: recoilAngle=0.1 swayX=0 swayY=0 time=4.73059999999963 baseRot={x:undefined,y:undefined,z:undefined} type=object @ http://localhost:3001/items/Weapon.js:220
[   20589ms] [LOG] [Player] viewWeapon pos=0.25,-0.34,-0.80 rot=NaN,NaN,NaN visible=true fpArmsPos=0.00,0.00,0.00 @ http://localhost:3001/entities/Player.js:742
[   20590ms] [LOG] [Weapon] applyToMesh: recoilAngle=0.1 swayX=0 swayY=0 time=4.739199999999258 baseRot={x:undefined,y:undefined,z:undefined} type=object @ http://localhost:3001/items/Weapon.js:220
[   20599ms] [LOG] [Player] viewWeapon pos=0.25,-0.34,-0.80 rot=NaN,NaN,NaN visible=true fpArmsPos=0.00,0.00,0.00 @ http://localhost:3001/entities/Player.js:742
[   20599ms] [LOG] [Weapon] applyToMesh: recoilAngle=0.1 swayX=0 swayY=0 time=4.74909999999963 baseRot={x:undefined,y:undefined,z:undefined} type=object @ http://localhost:3001/items/Weapon.js:220
[   20600ms] [LOG] [Player] anim: recoilAngle=0.1 swayX=0 swayY=0 time=4.74909999999963 @ http://localhost:3001/entities/Player.js:780
[   20609ms] [LOG] [Player] viewWeapon pos=0.25,-0.34,-0.80 rot=NaN,NaN,NaN visible=true fpArmsPos=0.00,0.00,0.00 @ http://localhost:3001/entities/Player.js:742
[   20609ms] [LOG] [Weapon] applyToMesh: recoilAngle=0.1 swayX=0 swayY=0 time=4.758799999999816 baseRot={x:undefined,y:undefined,z:undefined} type=object @ http://localhost:3001/items/Weapon.js:220
[   20618ms] [LOG] [Player] viewWeapon pos=0.25,-0.34,-0.80 rot=NaN,NaN,NaN visible=true fpArmsPos=0.00,0.00,0.00 @ http://localhost:3001/entities/Player.js:742
[   20618ms] [LOG] [Weapon] applyToMesh: recoilAngle=0.1 swayX=0 swayY=0 time=4.7675999999996295 baseRot={x:undefined,y:undefined,z:undefined} type=object @ http://localhost:3001/items/Weapon.js:220
[   20626ms] [LOG] [Player] viewWeapon pos=0.25,-0.34,-0.80 rot=NaN,NaN,NaN visible=true fpArmsPos=0.00,0.00,0.00 @ http://localhost:3001/entities/Player.js:742
[   20627ms] [LOG] [Weapon] applyToMesh: recoilAngle=0.1 swayX=0 swayY=0 time=4.775899999999443 baseRot={x:undefined,y:undefined,z:undefined} type=object @ http://localhost:3001/items/Weapon.js:220
[   20635ms] [LOG] [Player] viewWeapon pos=0.25,-0.34,-0.80 rot=NaN,NaN,NaN visible=true fpArmsPos=0.00,0.00,0.00 @ http://localhost:3001/entities/Player.js:742
[   20636ms] [LOG] [Weapon] applyToMesh: recoilAngle=0.1 swayX=0 swayY=0 time=4.785199999999257 baseRot={x:undefined,y:undefined,z:undefined} type=object @ http://localhost:3001/items/Weapon.js:220
[   20643ms] [LOG] [Player] viewWeapon pos=0.25,-0.34,-0.80 rot=NaN,NaN,NaN visible=true fpArmsPos=0.00,0.00,0.00 @ http://localhost:3001/entities/Player.js:742
[   20644ms] [LOG] [Weapon] applyToMesh: recoilAngle=0.1 swayX=0 swayY=0 time=4.793299999999816 baseRot={x:undefined,y:undefined,z:undefined} type=object @ http://localhost:3001/items/Weapon.js:220
[   20653ms] [LOG] [Player] viewWeapon pos=0.25,-0.34,-0.80 rot=NaN,NaN,NaN visible=true fpArmsPos=0.00,0.00,0.00 @ http://localhost:3001/entities/Player.js:742
[   20653ms] [LOG] [Weapon] applyToMesh: recoilAngle=0.1 swayX=0 swayY=0 time=4.801999999999071 baseRot={x:undefined,y:undefined,z:undefined} type=object @ http://localhost:3001/items/Weapon.js:220
[   20664ms] [LOG] [Player] viewWeapon pos=0.25,-0.34,-0.80 rot=NaN,NaN,NaN visible=true fpArmsPos=0.00,0.00,0.00 @ http://localhost:3001/entities/Player.js:742
[   20664ms] [LOG] [Weapon] applyToMesh: recoilAngle=0.1 swayX=0 swayY=0 time=4.8136999999992565 baseRot={x:undefined,y:undefined,z:undefined} type=object @ http://localhost:3001/items/Weapon.js:220
[   20676ms] [LOG] [Player] viewWeapon pos=0.25,-0.34,-0.80 rot=NaN,NaN,NaN visible=true fpArmsPos=0.00,0.00,0.00 @ http://localhost:3001/entities/Player.js:742
[   20677ms] [LOG] [Weapon] applyToMesh: recoilAngle=0.1 swayX=0 swayY=0 time=4.825999999999071 baseRot={x:undefined,y:undefined,z:undefined} type=object @ http://localhost:3001/items/Weapon.js:220
[   20685ms] [LOG] [Player] viewWeapon pos=0.25,-0.34,-0.80 rot=NaN,NaN,NaN visible=true fpArmsPos=0.00,0.00,0.00 @ http://localhost:3001/entities/Player.js:742
[   20685ms] [LOG] [Weapon] applyToMesh: recoilAngle=0.1 swayX=0 swayY=0 time=4.834999999999071 baseRot={x:undefined,y:undefined,z:undefined} type=object @ http://localhost:3001/items/Weapon.js:220
[   20696ms] [LOG] [Player] viewWeapon pos=0.25,-0.34,-0.80 rot=NaN,NaN,NaN visible=true fpArmsPos=0.00,0.00,0.00 @ http://localhost:3001/entities/Player.js:742
[   20696ms] [LOG] [Weapon] applyToMesh: recoilAngle=0.1 swayX=0 swayY=0 time=4.845399999999444 baseRot={x:undefined,y:undefined,z:undefined} type=object @ http://localhost:3001/items/Weapon.js:220
[   20704ms] [LOG] [Player] viewWeapon pos=0.25,-0.34,-0.80 rot=NaN,NaN,NaN visible=true fpArmsPos=0.00,0.00,0.00 @ http://localhost:3001/entities/Player.js:742
[   20704ms] [LOG] [Weapon] applyToMesh: recoilAngle=0.1 swayX=0 swayY=0 time=4.853499999999071 baseRot={x:undefined,y:undefined,z:undefined} type=object @ http://localhost:3001/items/Weapon.js:220
[   20711ms] [LOG] [Player] viewWeapon pos=0.25,-0.34,-0.80 rot=NaN,NaN,NaN visible=true fpArmsPos=0.00,0.00,0.00 @ http://localhost:3001/entities/Player.js:742
[   20711ms] [LOG] [Weapon] applyToMesh: recoilAngle=0.1 swayX=0 swayY=0 time=4.861199999999258 baseRot={x:undefined,y:undefined,z:undefined} type=object @ http://localhost:3001/items/Weapon.js:220
[   20720ms] [LOG] [Player] viewWeapon pos=0.25,-0.34,-0.80 rot=NaN,NaN,NaN visible=true fpArmsPos=0.00,0.00,0.00 @ http://localhost:3001/entities/Player.js:742
[   20720ms] [LOG] [Weapon] applyToMesh: recoilAngle=0.1 swayX=0 swayY=0 time=4.869999999999071 baseRot={x:undefined,y:undefined,z:undefined} type=object @ http://localhost:3001/items/Weapon.js:220
[   20729ms] [LOG] [Player] viewWeapon pos=0.25,-0.34,-0.80 rot=NaN,NaN,NaN visible=true fpArmsPos=0.00,0.00,0.00 @ http://localhost:3001/entities/Player.js:742
[   20729ms] [LOG] [Weapon] applyToMesh: recoilAngle=0.1 swayX=0 swayY=0 time=4.8780999999996295 baseRot={x:undefined,y:undefined,z:undefined} type=object @ http://localhost:3001/items/Weapon.js:220
[   20737ms] [LOG] [Player] viewWeapon pos=0.25,-0.34,-0.80 rot=NaN,NaN,NaN visible=true fpArmsPos=0.00,0.00,0.00 @ http://localhost:3001/entities/Player.js:742
[   20737ms] [LOG] [Weapon] applyToMesh: recoilAngle=0.1 swayX=0 swayY=0 time=4.886799999999816 baseRot={x:undefined,y:undefined,z:undefined} type=object @ http://localhost:3001/items/Weapon.js:220
[   20747ms] [LOG] [Player] viewWeapon pos=0.25,-0.34,-0.80 rot=NaN,NaN,NaN visible=true fpArmsPos=0.00,0.00,0.00 @ http://localhost:3001/entities/Player.js:742
[   20747ms] [LOG] [Weapon] applyToMesh: recoilAngle=0.1 swayX=0 swayY=0 time=4.89659999999963 baseRot={x:undefined,y:undefined,z:undefined} type=object @ http://localhost:3001/items/Weapon.js:220
[   20758ms] [LOG] [Player] viewWeapon pos=0.25,-0.34,-0.80 rot=NaN,NaN,NaN visible=true fpArmsPos=0.00,0.00,0.00 @ http://localhost:3001/entities/Player.js:742
[   20758ms] [LOG] [Weapon] applyToMesh: recoilAngle=0.1 swayX=0 swayY=0 time=4.906899999999443 baseRot={x:undefined,y:undefined,z:undefined} type=object @ http://localhost:3001/items/Weapon.js:220
[   20768ms] [LOG] [Player] viewWeapon pos=0.25,-0.34,-0.80 rot=NaN,NaN,NaN visible=true fpArmsPos=0.00,0.00,0.00 @ http://localhost:3001/entities/Player.js:742
[   20769ms] [LOG] [Weapon] applyToMesh: recoilAngle=0.1 swayX=0 swayY=0 time=4.918299999999816 baseRot={x:undefined,y:undefined,z:undefined} type=object @ http://localhost:3001/items/Weapon.js:220
[   20777ms] [LOG] [Player] viewWeapon pos=0.25,-0.34,-0.80 rot=NaN,NaN,NaN visible=true fpArmsPos=0.00,0.00,0.00 @ http://localhost:3001/entities/Player.js:742
[   20777ms] [LOG] [Weapon] applyToMesh: recoilAngle=0.1 swayX=0 swayY=0 time=4.926399999999443 baseRot={x:undefined,y:undefined,z:undefined} type=object @ http://localhost:3001/items/Weapon.js:220
[   20785ms] [LOG] [Player] viewWeapon pos=0.25,-0.34,-0.80 rot=NaN,NaN,NaN visible=true fpArmsPos=0.00,0.00,0.00 @ http://localhost:3001/entities/Player.js:742
[   20785ms] [LOG] [Weapon] applyToMesh: recoilAngle=0.1 swayX=0 swayY=0 time=4.934399999999443 baseRot={x:undefined,y:undefined,z:undefined} type=object @ http://localhost:3001/items/Weapon.js:220
[   20793ms] [LOG] [Player] viewWeapon pos=0.25,-0.34,-0.80 rot=NaN,NaN,NaN visible=true fpArmsPos=0.00,0.00,0.00 @ http://localhost:3001/entities/Player.js:742
[   20793ms] [LOG] [Weapon] applyToMesh: recoilAngle=0.1 swayX=0 swayY=0 time=4.942399999999443 baseRot={x:undefined,y:undefined,z:undefined} type=object @ http://localhost:3001/items/Weapon.js:220
[   20801ms] [LOG] [Player] viewWeapon pos=0.25,-0.34,-0.80 rot=NaN,NaN,NaN visible=true fpArmsPos=0.00,0.00,0.00 @ http://localhost:3001/entities/Player.js:742
[   20801ms] [LOG] [Weapon] applyToMesh: recoilAngle=0.1 swayX=0 swayY=0 time=4.950499999999071 baseRot={x:undefined,y:undefined,z:undefined} type=object @ http://localhost:3001/items/Weapon.js:220
[   20809ms] [LOG] [Player] viewWeapon pos=0.25,-0.34,-0.80 rot=NaN,NaN,NaN visible=true fpArmsPos=0.00,0.00,0.00 @ http://localhost:3001/entities/Player.js:742
[   20809ms] [LOG] [Weapon] applyToMesh: recoilAngle=0.1 swayX=0 swayY=0 time=4.958399999999443 baseRot={x:undefined,y:undefined,z:undefined} type=object @ http://localhost:3001/items/Weapon.js:220
[   20817ms] [LOG] [Player] viewWeapon pos=0.25,-0.34,-0.80 rot=NaN,NaN,NaN visible=true fpArmsPos=0.00,0.00,0.00 @ http://localhost:3001/entities/Player.js:742
[   20817ms] [LOG] [Weapon] applyToMesh: recoilAngle=0.1 swayX=0 swayY=0 time=4.966899999999443 baseRot={x:undefined,y:undefined,z:undefined} type=object @ http://localhost:3001/items/Weapon.js:220
[   20817ms] [LOG] [Player] after applyToMesh: rot=NaN,NaN,NaN baseRot=undef @ http://localhost:3001/entities/Player.js:781
[   20827ms] [LOG] [Player] viewWeapon pos=0.25,-0.34,-0.80 rot=NaN,NaN,NaN visible=true fpArmsPos=0.00,0.00,0.00 @ http://localhost:3001/entities/Player.js:742
[   20827ms] [LOG] [Weapon] applyToMesh: recoilAngle=0.1 swayX=0 swayY=0 time=4.976299999999815 baseRot={x:undefined,y:undefined,z:undefined} type=object @ http://localhost:3001/items/Weapon.js:220
[   20835ms] [LOG] [Player] viewWeapon pos=0.25,-0.34,-0.80 rot=NaN,NaN,NaN visible=true fpArmsPos=0.00,0.00,0.00 @ http://localhost:3001/entities/Player.js:742
[   20835ms] [LOG] [Weapon] applyToMesh: recoilAngle=0.1 swayX=0 swayY=0 time=4.984599999999629 baseRot={x:undefined,y:undefined,z:undefined} type=object @ http://localhost:3001/items/Weapon.js:220
[   20843ms] [LOG] [Player] viewWeapon pos=0.25,-0.34,-0.80 rot=NaN,NaN,NaN visible=true fpArmsPos=0.00,0.00,0.00 @ http://localhost:3001/entities/Player.js:742
[   20843ms] [LOG] [Weapon] applyToMesh: recoilAngle=0.1 swayX=0 swayY=0 time=4.992499999999071 baseRot={x:undefined,y:undefined,z:undefined} type=object @ http://localhost:3001/items/Weapon.js:220
[   20852ms] [LOG] [Player] viewWeapon pos=0.25,-0.34,-0.80 rot=NaN,NaN,NaN visible=true fpArmsPos=0.00,0.00,0.00 @ http://localhost:3001/entities/Player.js:742
[   20852ms] [LOG] [Weapon] applyToMesh: recoilAngle=0.1 swayX=0 swayY=0 time=5.001199999999257 baseRot={x:undefined,y:undefined,z:undefined} type=object @ http://localhost:3001/items/Weapon.js:220
[   20861ms] [LOG] [Player] viewWeapon pos=0.25,-0.34,-0.80 rot=NaN,NaN,NaN visible=true fpArmsPos=0.00,0.00,0.00 @ http://localhost:3001/entities/Player.js:742
[   20861ms] [LOG] [Weapon] applyToMesh: recoilAngle=0.1 swayX=0 swayY=0 time=5.010799999999816 baseRot={x:undefined,y:undefined,z:undefined} type=object @ http://localhost:3001/items/Weapon.js:220
[   20872ms] [LOG] [Player] viewWeapon pos=0.25,-0.34,-0.80 rot=NaN,NaN,NaN visible=true fpArmsPos=0.00,0.00,0.00 @ http://localhost:3001/entities/Player.js:742
[   20872ms] [LOG] [Weapon] applyToMesh: recoilAngle=0.1 swayX=0 swayY=0 time=5.021399999999443 baseRot={x:undefined,y:undefined,z:undefined} type=object @ http://localhost:3001/items/Weapon.js:220
[   20882ms] [LOG] [Player] viewWeapon pos=0.25,-0.34,-0.80 rot=NaN,NaN,NaN visible=true fpArmsPos=0.00,0.00,0.00 @ http://localhost:3001/entities/Player.js:742
[   20882ms] [LOG] [Weapon] applyToMesh: recoilAngle=0.1 swayX=0 swayY=0 time=5.031699999999256 baseRot={x:undefined,y:undefined,z:undefined} type=object @ http://localhost:3001/items/Weapon.js:220
[   20891ms] [LOG] [Player] viewWeapon pos=0.25,-0.34,-0.80 rot=NaN,NaN,NaN visible=true fpArmsPos=0.00,0.00,0.00 @ http://localhost:3001/entities/Player.js:742
[   20892ms] [LOG] [Weapon] applyToMesh: recoilAngle=0.1 swayX=0 swayY=0 time=5.0411999999992565 baseRot={x:undefined,y:undefined,z:undefined} type=object @ http://localhost:3001/items/Weapon.js:220
[   20903ms] [LOG] [Player] viewWeapon pos=0.25,-0.34,-0.80 rot=NaN,NaN,NaN visible=true fpArmsPos=0.00,0.00,0.00 @ http://localhost:3001/entities/Player.js:742
[   20903ms] [LOG] [Weapon] applyToMesh: recoilAngle=0.1 swayX=0 swayY=0 time=5.05249999999907 baseRot={x:undefined,y:undefined,z:undefined} type=object @ http://localhost:3001/items/Weapon.js:220
[   20903ms] [LOG] [Player] after applyToMesh: rot=NaN,NaN,NaN baseRot=undef @ http://localhost:3001/entities/Player.js:781
[   20913ms] [LOG] [Player] viewWeapon pos=0.25,-0.34,-0.80 rot=NaN,NaN,NaN visible=true fpArmsPos=0.00,0.00,0.00 @ http://localhost:3001/entities/Player.js:742
[   20913ms] [LOG] [Weapon] applyToMesh: recoilAngle=0.1 swayX=0 swayY=0 time=5.06249999999907 baseRot={x:undefined,y:undefined,z:undefined} type=object @ http://localhost:3001/items/Weapon.js:220
[   20924ms] [LOG] [Player] viewWeapon pos=0.25,-0.34,-0.80 rot=NaN,NaN,NaN visible=true fpArmsPos=0.00,0.00,0.00 @ http://localhost:3001/entities/Player.js:742
[   20924ms] [LOG] [Weapon] applyToMesh: recoilAngle=0.1 swayX=0 swayY=0 time=5.073799999999816 baseRot={x:undefined,y:undefined,z:undefined} type=object @ http://localhost:3001/items/Weapon.js:220
[   20936ms] [LOG] [Player] viewWeapon pos=0.25,-0.34,-0.80 rot=NaN,NaN,NaN visible=true fpArmsPos=0.00,0.00,0.00 @ http://localhost:3001/entities/Player.js:742
[   20936ms] [LOG] [Weapon] applyToMesh: recoilAngle=0.1 swayX=0 swayY=0 time=5.085099999999629 baseRot={x:undefined,y:undefined,z:undefined} type=object @ http://localhost:3001/items/Weapon.js:220
[   20945ms] [LOG] [Player] viewWeapon pos=0.25,-0.34,-0.80 rot=NaN,NaN,NaN visible=true fpArmsPos=0.00,0.00,0.00 @ http://localhost:3001/entities/Player.js:742
[   20946ms] [LOG] [Weapon] applyToMesh: recoilAngle=0.1 swayX=0 swayY=0 time=5.094699999999257 baseRot={x:undefined,y:undefined,z:undefined} type=object @ http://localhost:3001/items/Weapon.js:220
[   20956ms] [LOG] [Player] viewWeapon pos=0.25,-0.34,-0.80 rot=NaN,NaN,NaN visible=true fpArmsPos=0.00,0.00,0.00 @ http://localhost:3001/entities/Player.js:742
[   20956ms] [LOG] [Weapon] applyToMesh: recoilAngle=0.1 swayX=0 swayY=0 time=5.10509999999963 baseRot={x:undefined,y:undefined,z:undefined} type=object @ http://localhost:3001/items/Weapon.js:220
[   20965ms] [LOG] [Player] viewWeapon pos=0.25,-0.34,-0.80 rot=NaN,NaN,NaN visible=true fpArmsPos=0.00,0.00,0.00 @ http://localhost:3001/entities/Player.js:742
[   20966ms] [LOG] [Weapon] applyToMesh: recoilAngle=0.1 swayX=0 swayY=0 time=5.114799999999816 baseRot={x:undefined,y:undefined,z:undefined} type=object @ http://localhost:3001/items/Weapon.js:220
[   20977ms] [LOG] [Player] viewWeapon pos=0.25,-0.34,-0.80 rot=NaN,NaN,NaN visible=true fpArmsPos=0.00,0.00,0.00 @ http://localhost:3001/entities/Player.js:742
[   20977ms] [LOG] [Weapon] applyToMesh: recoilAngle=0.1 swayX=0 swayY=0 time=5.1265999999996295 baseRot={x:undefined,y:undefined,z:undefined} type=object @ http://localhost:3001/items/Weapon.js:220
[   20987ms] [LOG] [Player] viewWeapon pos=0.25,-0.34,-0.80 rot=NaN,NaN,NaN visible=true fpArmsPos=0.00,0.00,0.00 @ http://localhost:3001/entities/Player.js:742
[   20987ms] [LOG] [Weapon] applyToMesh: recoilAngle=0.1 swayX=0 swayY=0 time=5.136499999999071 baseRot={x:undefined,y:undefined,z:undefined} type=object @ http://localhost:3001/items/Weapon.js:220
[   20999ms] [LOG] [Player] viewWeapon pos=0.25,-0.34,-0.80 rot=NaN,NaN,NaN visible=true fpArmsPos=0.00,0.00,0.00 @ http://localhost:3001/entities/Player.js:742
[   20999ms] [LOG] [Weapon] applyToMesh: recoilAngle=0.1 swayX=0 swayY=0 time=5.147999999999071 baseRot={x:undefined,y:undefined,z:undefined} type=object @ http://localhost:3001/items/Weapon.js:220
[   21010ms] [LOG] [Player] viewWeapon pos=0.25,-0.34,-0.80 rot=NaN,NaN,NaN visible=true fpArmsPos=0.00,0.00,0.00 @ http://localhost:3001/entities/Player.js:742
[   21010ms] [LOG] [Weapon] applyToMesh: recoilAngle=0.1 swayX=0 swayY=0 time=5.158999999999071 baseRot={x:undefined,y:undefined,z:undefined} type=object @ http://localhost:3001/items/Weapon.js:220
[   21020ms] [LOG] [Player] viewWeapon pos=0.25,-0.34,-0.80 rot=NaN,NaN,NaN visible=true fpArmsPos=0.00,0.00,0.00 @ http://localhost:3001/entities/Player.js:742
[   21020ms] [LOG] [Weapon] applyToMesh: recoilAngle=0.1 swayX=0 swayY=0 time=5.16909999999963 baseRot={x:undefined,y:undefined,z:undefined} type=object @ http://localhost:3001/items/Weapon.js:220
[   21032ms] [LOG] [Player] viewWeapon pos=0.25,-0.34,-0.80 rot=NaN,NaN,NaN visible=true fpArmsPos=0.00,0.00,0.00 @ http://localhost:3001/entities/Player.js:742
[   21032ms] [LOG] [Weapon] applyToMesh: recoilAngle=0.1 swayX=0 swayY=0 time=5.181199999999257 baseRot={x:undefined,y:undefined,z:undefined} type=object @ http://localhost:3001/items/Weapon.js:220
[   21044ms] [LOG] [Player] viewWeapon pos=0.25,-0.34,-0.80 rot=NaN,NaN,NaN visible=true fpArmsPos=0.00,0.00,0.00 @ http://localhost:3001/entities/Player.js:742
[   21044ms] [LOG] [Weapon] applyToMesh: recoilAngle=0.1 swayX=0 swayY=0 time=5.193799999999816 baseRot={x:undefined,y:undefined,z:undefined} type=object @ http://localhost:3001/items/Weapon.js:220
[   21054ms] [LOG] [Player] viewWeapon pos=0.25,-0.35,-0.80 rot=NaN,NaN,NaN visible=true fpArmsPos=0.00,0.00,0.00 @ http://localhost:3001/entities/Player.js:742
[   21055ms] [LOG] [Weapon] applyToMesh: recoilAngle=0.1 swayX=0 swayY=0 time=5.203999999999071 baseRot={x:undefined,y:undefined,z:undefined} type=object @ http://localhost:3001/items/Weapon.js:220
[   21064ms] [LOG] [Player] viewWeapon pos=0.25,-0.35,-0.80 rot=NaN,NaN,NaN visible=true fpArmsPos=0.00,0.00,0.00 @ http://localhost:3001/entities/Player.js:742
[   21064ms] [LOG] [Weapon] applyToMesh: recoilAngle=0.1 swayX=0 swayY=0 time=5.213399999999443 baseRot={x:undefined,y:undefined,z:undefined} type=object @ http://localhost:3001/items/Weapon.js:220
[   21078ms] [LOG] [Player] viewWeapon pos=0.25,-0.35,-0.80 rot=NaN,NaN,NaN visible=true fpArmsPos=0.00,0.00,0.00 @ http://localhost:3001/entities/Player.js:742
[   21078ms] [LOG] [Weapon] applyToMesh: recoilAngle=0.1 swayX=0 swayY=0 time=5.227199999999256 baseRot={x:undefined,y:undefined,z:undefined} type=object @ http://localhost:3001/items/Weapon.js:220
[   21094ms] [LOG] [Player] viewWeapon pos=0.25,-0.35,-0.80 rot=NaN,NaN,NaN visible=true fpArmsPos=0.00,0.00,0.00 @ http://localhost:3001/entities/Player.js:742
[   21094ms] [LOG] [Weapon] applyToMesh: recoilAngle=0.1 swayX=0 swayY=0 time=5.2433999999994425 baseRot={x:undefined,y:undefined,z:undefined} type=object @ http://localhost:3001/items/Weapon.js:220
[   21106ms] [LOG] [Player] viewWeapon pos=0.25,-0.35,-0.80 rot=NaN,NaN,NaN visible=true fpArmsPos=0.00,0.00,0.00 @ http://localhost:3001/entities/Player.js:742
[   21107ms] [LOG] [Weapon] applyToMesh: recoilAngle=0.1 swayX=0 swayY=0 time=5.25599999999907 baseRot={x:undefined,y:undefined,z:undefined} type=object @ http://localhost:3001/items/Weapon.js:220
[   21119ms] [LOG] [Player] viewWeapon pos=0.25,-0.35,-0.80 rot=NaN,NaN,NaN visible=true fpArmsPos=0.00,0.00,0.00 @ http://localhost:3001/entities/Player.js:742
[   21119ms] [LOG] [Weapon] applyToMesh: recoilAngle=0.1 swayX=0 swayY=0 time=5.267899999999443 baseRot={x:undefined,y:undefined,z:undefined} type=object @ http://localhost:3001/items/Weapon.js:220
[   21133ms] [LOG] [Player] viewWeapon pos=0.25,-0.35,-0.80 rot=NaN,NaN,NaN visible=true fpArmsPos=0.00,0.00,0.00 @ http://localhost:3001/entities/Player.js:742
[   21133ms] [LOG] [Weapon] applyToMesh: recoilAngle=0.1 swayX=0 swayY=0 time=5.2822999999998155 baseRot={x:undefined,y:undefined,z:undefined} type=object @ http://localhost:3001/items/Weapon.js:220
[   21147ms] [LOG] [Player] viewWeapon pos=0.25,-0.35,-0.80 rot=NaN,NaN,NaN visible=true fpArmsPos=0.00,0.00,0.00 @ http://localhost:3001/entities/Player.js:742
[   21147ms] [LOG] [Weapon] applyToMesh: recoilAngle=0.1 swayX=0 swayY=0 time=5.296099999999629 baseRot={x:undefined,y:undefined,z:undefined} type=object @ http://localhost:3001/items/Weapon.js:220
[   21157ms] [LOG] [Player] viewWeapon pos=0.25,-0.35,-0.80 rot=NaN,NaN,NaN visible=true fpArmsPos=0.00,0.00,0.00 @ http://localhost:3001/entities/Player.js:742
[   21157ms] [LOG] [Weapon] applyToMesh: recoilAngle=0.1 swayX=0 swayY=0 time=5.306599999999629 baseRot={x:undefined,y:undefined,z:undefined} type=object @ http://localhost:3001/items/Weapon.js:220
[   21165ms] [LOG] [Player] viewWeapon pos=0.25,-0.35,-0.80 rot=NaN,NaN,NaN visible=true fpArmsPos=0.00,0.00,0.00 @ http://localhost:3001/entities/Player.js:742
[   21165ms] [LOG] [Weapon] applyToMesh: recoilAngle=0.1 swayX=0 swayY=0 time=5.314599999999629 baseRot={x:undefined,y:undefined,z:undefined} type=object @ http://localhost:3001/items/Weapon.js:220
[   21176ms] [LOG] [Player] viewWeapon pos=0.25,-0.35,-0.80 rot=NaN,NaN,NaN visible=true fpArmsPos=0.00,0.00,0.00 @ http://localhost:3001/entities/Player.js:742
[   21176ms] [LOG] [Weapon] applyToMesh: recoilAngle=0.1 swayX=0 swayY=0 time=5.325299999999816 baseRot={x:undefined,y:undefined,z:undefined} type=object @ http://localhost:3001/items/Weapon.js:220
[   21184ms] [LOG] [Player] viewWeapon pos=0.25,-0.35,-0.80 rot=NaN,NaN,NaN visible=true fpArmsPos=0.00,0.00,0.00 @ http://localhost:3001/entities/Player.js:742
[   21184ms] [LOG] [Weapon] applyToMesh: recoilAngle=0.1 swayX=0 swayY=0 time=5.333999999999071 baseRot={x:undefined,y:undefined,z:undefined} type=object @ http://localhost:3001/items/Weapon.js:220
[   21193ms] [LOG] [Player] viewWeapon pos=0.25,-0.35,-0.80 rot=NaN,NaN,NaN visible=true fpArmsPos=0.00,0.00,0.00 @ http://localhost:3001/entities/Player.js:742
[   21193ms] [LOG] [Weapon] applyToMesh: recoilAngle=0.1 swayX=0 swayY=0 time=5.342699999999257 baseRot={x:undefined,y:undefined,z:undefined} type=object @ http://localhost:3001/items/Weapon.js:220
[   21202ms] [LOG] [Player] viewWeapon pos=0.25,-0.35,-0.80 rot=NaN,NaN,NaN visible=true fpArmsPos=0.00,0.00,0.00 @ http://localhost:3001/entities/Player.js:742
[   21202ms] [LOG] [Weapon] applyToMesh: recoilAngle=0.1 swayX=0 swayY=0 time=5.351399999999444 baseRot={x:undefined,y:undefined,z:undefined} type=object @ http://localhost:3001/items/Weapon.js:220
[   21209ms] [LOG] [Player] viewWeapon pos=0.25,-0.35,-0.80 rot=NaN,NaN,NaN visible=true fpArmsPos=0.00,0.00,0.00 @ http://localhost:3001/entities/Player.js:742
[   21210ms] [LOG] [Weapon] applyToMesh: recoilAngle=0.1 swayX=0 swayY=0 time=5.359199999999258 baseRot={x:undefined,y:undefined,z:undefined} type=object @ http://localhost:3001/items/Weapon.js:220
[   21217ms] [LOG] [Player] viewWeapon pos=0.25,-0.35,-0.80 rot=NaN,NaN,NaN visible=true fpArmsPos=0.00,0.00,0.00 @ http://localhost:3001/entities/Player.js:742
[   21218ms] [LOG] [Weapon] applyToMesh: recoilAngle=0.1 swayX=0 swayY=0 time=5.367199999999258 baseRot={x:undefined,y:undefined,z:undefined} type=object @ http://localhost:3001/items/Weapon.js:220
[   21225ms] [LOG] [Player] viewWeapon pos=0.25,-0.35,-0.80 rot=NaN,NaN,NaN visible=true fpArmsPos=0.00,0.00,0.00 @ http://localhost:3001/entities/Player.js:742
[   21225ms] [LOG] [Weapon] applyToMesh: recoilAngle=0.1 swayX=0 swayY=0 time=5.374599999999631 baseRot={x:undefined,y:undefined,z:undefined} type=object @ http://localhost:3001/items/Weapon.js:220
[   21233ms] [LOG] [Player] viewWeapon pos=0.25,-0.35,-0.80 rot=NaN,NaN,NaN visible=true fpArmsPos=0.00,0.00,0.00 @ http://localhost:3001/entities/Player.js:742
[   21233ms] [LOG] [Weapon] applyToMesh: recoilAngle=0.1 swayX=0 swayY=0 time=5.382799999999817 baseRot={x:undefined,y:undefined,z:undefined} type=object @ http://localhost:3001/items/Weapon.js:220
[   21242ms] [LOG] [Player] viewWeapon pos=0.25,-0.35,-0.80 rot=NaN,NaN,NaN visible=true fpArmsPos=0.00,0.00,0.00 @ http://localhost:3001/entities/Player.js:742
[   21242ms] [LOG] [Weapon] applyToMesh: recoilAngle=0.1 swayX=0 swayY=0 time=5.391199999999258 baseRot={x:undefined,y:undefined,z:undefined} type=object @ http://localhost:3001/items/Weapon.js:220
[   21242ms] [LOG] [CameraController] playerPos=46.00,4.04,0.00 targetY=4.19 camPos=46.00,4.19,0.00 @ http://localhost:3001/core/CameraController.js:240
[   21242ms] [LOG] [Cam] pitch=-14.3° yaw=0.0° @ http://localhost:3001/core/CameraController.js:252
[   21251ms] [LOG] [Player] viewWeapon pos=0.25,-0.35,-0.80 rot=NaN,NaN,NaN visible=true fpArmsPos=0.00,0.00,0.00 @ http://localhost:3001/entities/Player.js:742
[   21251ms] [LOG] [Weapon] applyToMesh: recoilAngle=0.1 swayX=0 swayY=0 time=5.400399999999444 baseRot={x:undefined,y:undefined,z:undefined} type=object @ http://localhost:3001/items/Weapon.js:220
[   21259ms] [LOG] [Player] viewWeapon pos=0.25,-0.35,-0.80 rot=NaN,NaN,NaN visible=true fpArmsPos=0.00,0.00,0.00 @ http://localhost:3001/entities/Player.js:742
[   21259ms] [LOG] [Weapon] applyToMesh: recoilAngle=0.1 swayX=0 swayY=0 time=5.408799999999816 baseRot={x:undefined,y:undefined,z:undefined} type=object @ http://localhost:3001/items/Weapon.js:220
[   21267ms] [LOG] [Player] viewWeapon pos=0.25,-0.35,-0.80 rot=NaN,NaN,NaN visible=true fpArmsPos=0.00,0.00,0.00 @ http://localhost:3001/entities/Player.js:742
[   21267ms] [LOG] [Weapon] applyToMesh: recoilAngle=0.1 swayX=0 swayY=0 time=5.416699999999258 baseRot={x:undefined,y:undefined,z:undefined} type=object @ http://localhost:3001/items/Weapon.js:220
[   21275ms] [LOG] [Player] viewWeapon pos=0.25,-0.35,-0.80 rot=NaN,NaN,NaN visible=true fpArmsPos=0.00,0.00,0.00 @ http://localhost:3001/entities/Player.js:742
[   21275ms] [LOG] [Weapon] applyToMesh: recoilAngle=0.1 swayX=0 swayY=0 time=5.424999999999072 baseRot={x:undefined,y:undefined,z:undefined} type=object @ http://localhost:3001/items/Weapon.js:220
[   21284ms] [LOG] [Player] viewWeapon pos=0.25,-0.35,-0.80 rot=NaN,NaN,NaN visible=true fpArmsPos=0.00,0.00,0.00 @ http://localhost:3001/entities/Player.js:742
[   21284ms] [LOG] [Weapon] applyToMesh: recoilAngle=0.1 swayX=0 swayY=0 time=5.433699999999258 baseRot={x:undefined,y:undefined,z:undefined} type=object @ http://localhost:3001/items/Weapon.js:220
[   21294ms] [LOG] [Player] viewWeapon pos=0.25,-0.35,-0.80 rot=NaN,NaN,NaN visible=true fpArmsPos=0.00,0.00,0.00 @ http://localhost:3001/entities/Player.js:742
[   21294ms] [LOG] [Weapon] applyToMesh: recoilAngle=0.1 swayX=0 swayY=0 time=5.443699999999258 baseRot={x:undefined,y:undefined,z:undefined} type=object @ http://localhost:3001/items/Weapon.js:220
[   21303ms] [LOG] [Player] viewWeapon pos=0.25,-0.35,-0.80 rot=NaN,NaN,NaN visible=true fpArmsPos=0.00,0.00,0.00 @ http://localhost:3001/entities/Player.js:742
[   21303ms] [LOG] [Weapon] applyToMesh: recoilAngle=0.1 swayX=0 swayY=0 time=5.452399999999445 baseRot={x:undefined,y:undefined,z:undefined} type=object @ http://localhost:3001/items/Weapon.js:220
[   21312ms] [LOG] [Player] viewWeapon pos=0.25,-0.35,-0.80 rot=NaN,NaN,NaN visible=true fpArmsPos=0.00,0.00,0.00 @ http://localhost:3001/entities/Player.js:742
[   21312ms] [LOG] [Weapon] applyToMesh: recoilAngle=0.1 swayX=0 swayY=0 time=5.461399999999445 baseRot={x:undefined,y:undefined,z:undefined} type=object @ http://localhost:3001/items/Weapon.js:220
[   21321ms] [LOG] [Player] viewWeapon pos=0.25,-0.35,-0.80 rot=NaN,NaN,NaN visible=true fpArmsPos=0.00,0.00,0.00 @ http://localhost:3001/entities/Player.js:742
[   21322ms] [LOG] [Weapon] applyToMesh: recoilAngle=0.1 swayX=0 swayY=0 time=5.470899999999445 baseRot={x:undefined,y:undefined,z:undefined} type=object @ http://localhost:3001/items/Weapon.js:220
[   21331ms] [LOG] [Player] viewWeapon pos=0.25,-0.35,-0.80 rot=NaN,NaN,NaN visible=true fpArmsPos=0.00,0.00,0.00 @ http://localhost:3001/entities/Player.js:742
[   21331ms] [LOG] [Weapon] applyToMesh: recoilAngle=0.1 swayX=0 swayY=0 time=5.480699999999259 baseRot={x:undefined,y:undefined,z:undefined} type=object @ http://localhost:3001/items/Weapon.js:220
[   21342ms] [LOG] [Player] viewWeapon pos=0.25,-0.35,-0.80 rot=NaN,NaN,NaN visible=true fpArmsPos=0.00,0.00,0.00 @ http://localhost:3001/entities/Player.js:742
[   21342ms] [LOG] [Weapon] applyToMesh: recoilAngle=0.1 swayX=0 swayY=0 time=5.491499999999073 baseRot={x:undefined,y:undefined,z:undefined} type=object @ http://localhost:3001/items/Weapon.js:220
[   21351ms] [LOG] [Player] viewWeapon pos=0.25,-0.35,-0.80 rot=NaN,NaN,NaN visible=true fpArmsPos=0.00,0.00,0.00 @ http://localhost:3001/entities/Player.js:742
[   21351ms] [LOG] [Weapon] applyToMesh: recoilAngle=0.1 swayX=0 swayY=0 time=5.500399999999446 baseRot={x:undefined,y:undefined,z:undefined} type=object @ http://localhost:3001/items/Weapon.js:220
[   21360ms] [LOG] [Player] viewWeapon pos=0.25,-0.35,-0.80 rot=NaN,NaN,NaN visible=true fpArmsPos=0.00,0.00,0.00 @ http://localhost:3001/entities/Player.js:742
[   21360ms] [LOG] [Weapon] applyToMesh: recoilAngle=0.1 swayX=0 swayY=0 time=5.5092999999998185 baseRot={x:undefined,y:undefined,z:undefined} type=object @ http://localhost:3001/items/Weapon.js:220
[   21369ms] [LOG] [Player] viewWeapon pos=0.25,-0.35,-0.80 rot=NaN,NaN,NaN visible=true fpArmsPos=0.00,0.00,0.00 @ http://localhost:3001/entities/Player.js:742
[   21369ms] [LOG] [Weapon] applyToMesh: recoilAngle=0.1 swayX=0 swayY=0 time=5.519099999999632 baseRot={x:undefined,y:undefined,z:undefined} type=object @ http://localhost:3001/items/Weapon.js:220
[   21377ms] [LOG] [Player] viewWeapon pos=0.25,-0.35,-0.80 rot=NaN,NaN,NaN visible=true fpArmsPos=0.00,0.00,0.00 @ http://localhost:3001/entities/Player.js:742
[   21377ms] [LOG] [Weapon] applyToMesh: recoilAngle=0.1 swayX=0 swayY=0 time=5.5267999999998185 baseRot={x:undefined,y:undefined,z:undefined} type=object @ http://localhost:3001/items/Weapon.js:220
[   21387ms] [LOG] [Player] viewWeapon pos=0.25,-0.35,-0.80 rot=NaN,NaN,NaN visible=true fpArmsPos=0.00,0.00,0.00 @ http://localhost:3001/entities/Player.js:742
[   21387ms] [LOG] [Weapon] applyToMesh: recoilAngle=0.1 swayX=0 swayY=0 time=5.536299999999819 baseRot={x:undefined,y:undefined,z:undefined} type=object @ http://localhost:3001/items/Weapon.js:220
[   21395ms] [LOG] [Player] viewWeapon pos=0.25,-0.35,-0.80 rot=NaN,NaN,NaN visible=true fpArmsPos=0.00,0.00,0.00 @ http://localhost:3001/entities/Player.js:742
[   21395ms] [LOG] [Weapon] applyToMesh: recoilAngle=0.1 swayX=0 swayY=0 time=5.54469999999926 baseRot={x:undefined,y:undefined,z:undefined} type=object @ http://localhost:3001/items/Weapon.js:220
[   21403ms] [LOG] [Player] viewWeapon pos=0.25,-0.35,-0.80 rot=NaN,NaN,NaN visible=true fpArmsPos=0.00,0.00,0.00 @ http://localhost:3001/entities/Player.js:742
[   21404ms] [LOG] [Weapon] applyToMesh: recoilAngle=0.1 swayX=0 swayY=0 time=5.553099999999632 baseRot={x:undefined,y:undefined,z:undefined} type=object @ http://localhost:3001/items/Weapon.js:220
[   21413ms] [LOG] [Player] viewWeapon pos=0.25,-0.35,-0.80 rot=NaN,NaN,NaN visible=true fpArmsPos=0.00,0.00,0.00 @ http://localhost:3001/entities/Player.js:742
[   21413ms] [LOG] [Weapon] applyToMesh: recoilAngle=0.1 swayX=0 swayY=0 time=5.562399999999446 baseRot={x:undefined,y:undefined,z:undefined} type=object @ http://localhost:3001/items/Weapon.js:220
[   21420ms] [LOG] [Player] viewWeapon pos=0.25,-0.35,-0.80 rot=NaN,NaN,NaN visible=true fpArmsPos=0.00,0.00,0.00 @ http://localhost:3001/entities/Player.js:742
[   21421ms] [LOG] [Weapon] applyToMesh: recoilAngle=0.1 swayX=0 swayY=0 time=5.57019999999926 baseRot={x:undefined,y:undefined,z:undefined} type=object @ http://localhost:3001/items/Weapon.js:220
[   21429ms] [LOG] [Player] viewWeapon pos=0.25,-0.35,-0.80 rot=NaN,NaN,NaN visible=true fpArmsPos=0.00,0.00,0.00 @ http://localhost:3001/entities/Player.js:742
[   21429ms] [LOG] [Weapon] applyToMesh: recoilAngle=0.1 swayX=0 swayY=0 time=5.578099999999632 baseRot={x:undefined,y:undefined,z:undefined} type=object @ http://localhost:3001/items/Weapon.js:220
[   21440ms] [LOG] [Player] viewWeapon pos=0.25,-0.35,-0.80 rot=NaN,NaN,NaN visible=true fpArmsPos=0.00,0.00,0.00 @ http://localhost:3001/entities/Player.js:742
[   21440ms] [LOG] [Weapon] applyToMesh: recoilAngle=0.1 swayX=0 swayY=0 time=5.5890999999996325 baseRot={x:undefined,y:undefined,z:undefined} type=object @ http://localhost:3001/items/Weapon.js:220
[   21447ms] [LOG] [Player] viewWeapon pos=0.25,-0.35,-0.80 rot=NaN,NaN,NaN visible=true fpArmsPos=0.00,0.00,0.00 @ http://localhost:3001/entities/Player.js:742
[   21447ms] [LOG] [Weapon] applyToMesh: recoilAngle=0.1 swayX=0 swayY=0 time=5.5970999999996325 baseRot={x:undefined,y:undefined,z:undefined} type=object @ http://localhost:3001/items/Weapon.js:220
[   21454ms] [LOG] [Player] viewWeapon pos=0.25,-0.35,-0.80 rot=NaN,NaN,NaN visible=true fpArmsPos=0.00,0.00,0.00 @ http://localhost:3001/entities/Player.js:742
[   21455ms] [LOG] [Weapon] applyToMesh: recoilAngle=0.1 swayX=0 swayY=0 time=5.60419999999926 baseRot={x:undefined,y:undefined,z:undefined} type=object @ http://localhost:3001/items/Weapon.js:220
[   21455ms] [LOG] [Player] after applyToMesh: rot=NaN,NaN,NaN baseRot=undef @ http://localhost:3001/entities/Player.js:781
[   21462ms] [LOG] [Player] viewWeapon pos=0.25,-0.35,-0.80 rot=NaN,NaN,NaN visible=true fpArmsPos=0.00,0.00,0.00 @ http://localhost:3001/entities/Player.js:742
[   21462ms] [LOG] [Weapon] applyToMesh: recoilAngle=0.1 swayX=0 swayY=0 time=5.6117999999998185 baseRot={x:undefined,y:undefined,z:undefined} type=object @ http://localhost:3001/items/Weapon.js:220
[   21470ms] [LOG] [Player] viewWeapon pos=0.25,-0.35,-0.80 rot=NaN,NaN,NaN visible=true fpArmsPos=0.00,0.00,0.00 @ http://localhost:3001/entities/Player.js:742
[   21470ms] [LOG] [Weapon] applyToMesh: recoilAngle=0.1 swayX=0 swayY=0 time=5.619899999999446 baseRot={x:undefined,y:undefined,z:undefined} type=object @ http://localhost:3001/items/Weapon.js:220
[   21481ms] [LOG] [Player] viewWeapon pos=0.25,-0.35,-0.80 rot=NaN,NaN,NaN visible=true fpArmsPos=0.00,0.00,0.00 @ http://localhost:3001/entities/Player.js:742
[   21481ms] [LOG] [Weapon] applyToMesh: recoilAngle=0.1 swayX=0 swayY=0 time=5.630499999999073 baseRot={x:undefined,y:undefined,z:undefined} type=object @ http://localhost:3001/items/Weapon.js:220
[   21489ms] [LOG] [Player] viewWeapon pos=0.25,-0.35,-0.80 rot=NaN,NaN,NaN visible=true fpArmsPos=0.00,0.00,0.00 @ http://localhost:3001/entities/Player.js:742
[   21490ms] [LOG] [Weapon] applyToMesh: recoilAngle=0.1 swayX=0 swayY=0 time=5.63919999999926 baseRot={x:undefined,y:undefined,z:undefined} type=object @ http://localhost:3001/items/Weapon.js:220
[   21497ms] [LOG] [Player] viewWeapon pos=0.25,-0.35,-0.80 rot=NaN,NaN,NaN visible=true fpArmsPos=0.00,0.00,0.00 @ http://localhost:3001/entities/Player.js:742
[   21497ms] [LOG] [Weapon] applyToMesh: recoilAngle=0.1 swayX=0 swayY=0 time=5.646499999999073 baseRot={x:undefined,y:undefined,z:undefined} type=object @ http://localhost:3001/items/Weapon.js:220
[   21504ms] [LOG] [Player] viewWeapon pos=0.25,-0.35,-0.80 rot=NaN,NaN,NaN visible=true fpArmsPos=0.00,0.00,0.00 @ http://localhost:3001/entities/Player.js:742
[   21504ms] [LOG] [Weapon] applyToMesh: recoilAngle=0.1 swayX=0 swayY=0 time=5.653299999999819 baseRot={x:undefined,y:undefined,z:undefined} type=object @ http://localhost:3001/items/Weapon.js:220
[   21512ms] [LOG] [Player] viewWeapon pos=0.25,-0.35,-0.80 rot=NaN,NaN,NaN visible=true fpArmsPos=0.00,0.00,0.00 @ http://localhost:3001/entities/Player.js:742
[   21512ms] [LOG] [Weapon] applyToMesh: recoilAngle=0.1 swayX=0 swayY=0 time=5.661499999999074 baseRot={x:undefined,y:undefined,z:undefined} type=object @ http://localhost:3001/items/Weapon.js:220
[   21519ms] [LOG] [Player] viewWeapon pos=0.25,-0.35,-0.80 rot=NaN,NaN,NaN visible=true fpArmsPos=0.00,0.00,0.00 @ http://localhost:3001/entities/Player.js:742
[   21519ms] [LOG] [Weapon] applyToMesh: recoilAngle=0.1 swayX=0 swayY=0 time=5.6684999999990735 baseRot={x:undefined,y:undefined,z:undefined} type=object @ http://localhost:3001/items/Weapon.js:220
[   21519ms] [LOG] [Player] after applyToMesh: rot=NaN,NaN,NaN baseRot=undef @ http://localhost:3001/entities/Player.js:781
[   21526ms] [LOG] [Player] viewWeapon pos=0.25,-0.35,-0.80 rot=NaN,NaN,NaN visible=true fpArmsPos=0.00,0.00,0.00 @ http://localhost:3001/entities/Player.js:742
[   21526ms] [LOG] [Weapon] applyToMesh: recoilAngle=0.1 swayX=0 swayY=0 time=5.675499999999073 baseRot={x:undefined,y:undefined,z:undefined} type=object @ http://localhost:3001/items/Weapon.js:220
[   21534ms] [LOG] [Player] viewWeapon pos=0.25,-0.35,-0.80 rot=NaN,NaN,NaN visible=true fpArmsPos=0.00,0.00,0.00 @ http://localhost:3001/entities/Player.js:742
[   21535ms] [LOG] [Weapon] applyToMesh: recoilAngle=0.1 swayX=0 swayY=0 time=5.683999999999073 baseRot={x:undefined,y:undefined,z:undefined} type=object @ http://localhost:3001/items/Weapon.js:220
[   21542ms] [LOG] [Player] viewWeapon pos=0.25,-0.35,-0.80 rot=NaN,NaN,NaN visible=true fpArmsPos=0.00,0.00,0.00 @ http://localhost:3001/entities/Player.js:742
[   21542ms] [LOG] [Weapon] applyToMesh: recoilAngle=0.1 swayX=0 swayY=0 time=5.691099999999632 baseRot={x:undefined,y:undefined,z:undefined} type=object @ http://localhost:3001/items/Weapon.js:220
[   21548ms] [LOG] [Player] viewWeapon pos=0.25,-0.35,-0.80 rot=NaN,NaN,NaN visible=true fpArmsPos=0.00,0.00,0.00 @ http://localhost:3001/entities/Player.js:742
[   21548ms] [LOG] [Weapon] applyToMesh: recoilAngle=0.1 swayX=0 swayY=0 time=5.6978999999994455 baseRot={x:undefined,y:undefined,z:undefined} type=object @ http://localhost:3001/items/Weapon.js:220
[   21555ms] [LOG] [Player] viewWeapon pos=0.25,-0.35,-0.80 rot=NaN,NaN,NaN visible=true fpArmsPos=0.00,0.00,0.00 @ http://localhost:3001/entities/Player.js:742
[   21555ms] [LOG] [Weapon] applyToMesh: recoilAngle=0.1 swayX=0 swayY=0 time=5.704199999999259 baseRot={x:undefined,y:undefined,z:undefined} type=object @ http://localhost:3001/items/Weapon.js:220
[   21555ms] [LOG] [Player] after applyToMesh: rot=NaN,NaN,NaN baseRot=undef @ http://localhost:3001/entities/Player.js:781
[   21563ms] [LOG] [Player] viewWeapon pos=0.25,-0.35,-0.80 rot=NaN,NaN,NaN visible=true fpArmsPos=0.00,0.00,0.00 @ http://localhost:3001/entities/Player.js:742
[   21563ms] [LOG] [Weapon] applyToMesh: recoilAngle=0.1 swayX=0 swayY=0 time=5.713099999999632 baseRot={x:undefined,y:undefined,z:undefined} type=object @ http://localhost:3001/items/Weapon.js:220
[   21571ms] [LOG] [Player] viewWeapon pos=0.25,-0.35,-0.80 rot=NaN,NaN,NaN visible=true fpArmsPos=0.00,0.00,0.00 @ http://localhost:3001/entities/Player.js:742
[   21571ms] [LOG] [Weapon] applyToMesh: recoilAngle=0.1 swayX=0 swayY=0 time=5.720499999999073 baseRot={x:undefined,y:undefined,z:undefined} type=object @ http://localhost:3001/items/Weapon.js:220
[   21580ms] [LOG] [Player] viewWeapon pos=0.25,-0.35,-0.80 rot=NaN,NaN,NaN visible=true fpArmsPos=0.00,0.00,0.00 @ http://localhost:3001/entities/Player.js:742
[   21580ms] [LOG] [Weapon] applyToMesh: recoilAngle=0.1 swayX=0 swayY=0 time=5.729399999999446 baseRot={x:undefined,y:undefined,z:undefined} type=object @ http://localhost:3001/items/Weapon.js:220
[   21590ms] [LOG] [Player] viewWeapon pos=0.25,-0.35,-0.80 rot=NaN,NaN,NaN visible=true fpArmsPos=0.00,0.00,0.00 @ http://localhost:3001/entities/Player.js:742
[   21590ms] [LOG] [Weapon] applyToMesh: recoilAngle=0.1 swayX=0 swayY=0 time=5.739299999999818 baseRot={x:undefined,y:undefined,z:undefined} type=object @ http://localhost:3001/items/Weapon.js:220
[   21600ms] [LOG] [Player] viewWeapon pos=0.25,-0.35,-0.80 rot=NaN,NaN,NaN visible=true fpArmsPos=0.00,0.00,0.00 @ http://localhost:3001/entities/Player.js:742
[   21600ms] [LOG] [Weapon] applyToMesh: recoilAngle=0.1 swayX=0 swayY=0 time=5.749299999999818 baseRot={x:undefined,y:undefined,z:undefined} type=object @ http://localhost:3001/items/Weapon.js:220
[   21608ms] [LOG] [Player] viewWeapon pos=0.25,-0.35,-0.80 rot=NaN,NaN,NaN visible=true fpArmsPos=0.00,0.00,0.00 @ http://localhost:3001/entities/Player.js:742
[   21608ms] [LOG] [Weapon] applyToMesh: recoilAngle=0.1 swayX=0 swayY=0 time=5.757699999999259 baseRot={x:undefined,y:undefined,z:undefined} type=object @ http://localhost:3001/items/Weapon.js:220
[   21615ms] [LOG] [Player] viewWeapon pos=0.25,-0.35,-0.80 rot=NaN,NaN,NaN visible=true fpArmsPos=0.00,0.00,0.00 @ http://localhost:3001/entities/Player.js:742
[   21615ms] [LOG] [Weapon] applyToMesh: recoilAngle=0.1 swayX=0 swayY=0 time=5.764799999999818 baseRot={x:undefined,y:undefined,z:undefined} type=object @ http://localhost:3001/items/Weapon.js:220
[   21625ms] [LOG] [Player] viewWeapon pos=0.25,-0.35,-0.80 rot=NaN,NaN,NaN visible=true fpArmsPos=0.00,0.00,0.00 @ http://localhost:3001/entities/Player.js:742
[   21625ms] [LOG] [Weapon] applyToMesh: recoilAngle=0.1 swayX=0 swayY=0 time=5.774599999999632 baseRot={x:undefined,y:undefined,z:undefined} type=object @ http://localhost:3001/items/Weapon.js:220
[   21625ms] [LOG] [Player] after applyToMesh: rot=NaN,NaN,NaN baseRot=undef @ http://localhost:3001/entities/Player.js:781
[   21635ms] [LOG] [Player] viewWeapon pos=0.25,-0.35,-0.80 rot=NaN,NaN,NaN visible=true fpArmsPos=0.00,0.00,0.00 @ http://localhost:3001/entities/Player.js:742
[   21635ms] [LOG] [Weapon] applyToMesh: recoilAngle=0.1 swayX=0 swayY=0 time=5.785099999999632 baseRot={x:undefined,y:undefined,z:undefined} type=object @ http://localhost:3001/items/Weapon.js:220
[   21644ms] [LOG] [Player] viewWeapon pos=0.25,-0.35,-0.80 rot=NaN,NaN,NaN visible=true fpArmsPos=0.00,0.00,0.00 @ http://localhost:3001/entities/Player.js:742
[   21644ms] [LOG] [Weapon] applyToMesh: recoilAngle=0.1 swayX=0 swayY=0 time=5.793299999999818 baseRot={x:undefined,y:undefined,z:undefined} type=object @ http://localhost:3001/items/Weapon.js:220
[   21651ms] [LOG] [Player] viewWeapon pos=0.25,-0.35,-0.80 rot=NaN,NaN,NaN visible=true fpArmsPos=0.00,0.00,0.00 @ http://localhost:3001/entities/Player.js:742
[   21651ms] [LOG] [Weapon] applyToMesh: recoilAngle=0.1 swayX=0 swayY=0 time=5.8007999999998185 baseRot={x:undefined,y:undefined,z:undefined} type=object @ http://localhost:3001/items/Weapon.js:220
[   21658ms] [LOG] [Player] viewWeapon pos=0.25,-0.35,-0.80 rot=NaN,NaN,NaN visible=true fpArmsPos=0.00,0.00,0.00 @ http://localhost:3001/entities/Player.js:742
[   21659ms] [LOG] [Weapon] applyToMesh: recoilAngle=0.1 swayX=0 swayY=0 time=5.807799999999818 baseRot={x:undefined,y:undefined,z:undefined} type=object @ http://localhost:3001/items/Weapon.js:220
[   21666ms] [LOG] [Player] viewWeapon pos=0.25,-0.35,-0.80 rot=NaN,NaN,NaN visible=true fpArmsPos=0.00,0.00,0.00 @ http://localhost:3001/entities/Player.js:742
[   21666ms] [LOG] [Weapon] applyToMesh: recoilAngle=0.1 swayX=0 swayY=0 time=5.815099999999632 baseRot={x:undefined,y:undefined,z:undefined} type=object @ http://localhost:3001/items/Weapon.js:220
[   21673ms] [LOG] [Player] viewWeapon pos=0.25,-0.35,-0.80 rot=NaN,NaN,NaN visible=true fpArmsPos=0.00,0.00,0.00 @ http://localhost:3001/entities/Player.js:742
[   21673ms] [LOG] [Weapon] applyToMesh: recoilAngle=0.1 swayX=0 swayY=0 time=5.8226999999992595 baseRot={x:undefined,y:undefined,z:undefined} type=object @ http://localhost:3001/items/Weapon.js:220
[   21682ms] [LOG] [Player] viewWeapon pos=0.25,-0.35,-0.80 rot=NaN,NaN,NaN visible=true fpArmsPos=0.00,0.00,0.00 @ http://localhost:3001/entities/Player.js:742
[   21682ms] [LOG] [Weapon] applyToMesh: recoilAngle=0.1 swayX=0 swayY=0 time=5.8319999999990735 baseRot={x:undefined,y:undefined,z:undefined} type=object @ http://localhost:3001/items/Weapon.js:220
[   21690ms] [LOG] [Player] viewWeapon pos=0.25,-0.35,-0.80 rot=NaN,NaN,NaN visible=true fpArmsPos=0.00,0.00,0.00 @ http://localhost:3001/entities/Player.js:742
[   21690ms] [LOG] [Weapon] applyToMesh: recoilAngle=0.1 swayX=0 swayY=0 time=5.839899999999446 baseRot={x:undefined,y:undefined,z:undefined} type=object @ http://localhost:3001/items/Weapon.js:220
[   21690ms] [LOG] [Player] after applyToMesh: rot=NaN,NaN,NaN baseRot=undef @ http://localhost:3001/entities/Player.js:781
[   21699ms] [LOG] [Player] viewWeapon pos=0.25,-0.35,-0.80 rot=NaN,NaN,NaN visible=true fpArmsPos=0.00,0.00,0.00 @ http://localhost:3001/entities/Player.js:742
[   21700ms] [LOG] [Weapon] applyToMesh: recoilAngle=0.1 swayX=0 swayY=0 time=5.848999999999073 baseRot={x:undefined,y:undefined,z:undefined} type=object @ http://localhost:3001/items/Weapon.js:220
[   21706ms] [LOG] [Player] viewWeapon pos=0.25,-0.35,-0.80 rot=NaN,NaN,NaN visible=true fpArmsPos=0.00,0.00,0.00 @ http://localhost:3001/entities/Player.js:742
[   21707ms] [LOG] [Weapon] applyToMesh: recoilAngle=0.1 swayX=0 swayY=0 time=5.856299999999818 baseRot={x:undefined,y:undefined,z:undefined} type=object @ http://localhost:3001/items/Weapon.js:220
[   21714ms] [LOG] [Player] viewWeapon pos=0.25,-0.35,-0.80 rot=NaN,NaN,NaN visible=true fpArmsPos=0.00,0.00,0.00 @ http://localhost:3001/entities/Player.js:742
[   21714ms] [LOG] [Weapon] applyToMesh: recoilAngle=0.1 swayX=0 swayY=0 time=5.863199999999259 baseRot={x:undefined,y:undefined,z:undefined} type=object @ http://localhost:3001/items/Weapon.js:220
[   21721ms] [LOG] [Player] viewWeapon pos=0.25,-0.35,-0.80 rot=NaN,NaN,NaN visible=true fpArmsPos=0.00,0.00,0.00 @ http://localhost:3001/entities/Player.js:742
[   21721ms] [LOG] [Weapon] applyToMesh: recoilAngle=0.1 swayX=0 swayY=0 time=5.870299999999818 baseRot={x:undefined,y:undefined,z:undefined} type=object @ http://localhost:3001/items/Weapon.js:220
[   21730ms] [LOG] [Player] viewWeapon pos=0.25,-0.35,-0.80 rot=NaN,NaN,NaN visible=true fpArmsPos=0.00,0.00,0.00 @ http://localhost:3001/entities/Player.js:742
[   21730ms] [LOG] [Weapon] applyToMesh: recoilAngle=0.1 swayX=0 swayY=0 time=5.879499999999073 baseRot={x:undefined,y:undefined,z:undefined} type=object @ http://localhost:3001/items/Weapon.js:220
[   21738ms] [LOG] [Player] viewWeapon pos=0.25,-0.35,-0.80 rot=NaN,NaN,NaN visible=true fpArmsPos=0.00,0.00,0.00 @ http://localhost:3001/entities/Player.js:742
[   21738ms] [LOG] [Weapon] applyToMesh: recoilAngle=0.1 swayX=0 swayY=0 time=5.887299999999818 baseRot={x:undefined,y:undefined,z:undefined} type=object @ http://localhost:3001/items/Weapon.js:220
[   21745ms] [LOG] [Player] viewWeapon pos=0.25,-0.35,-0.80 rot=NaN,NaN,NaN visible=true fpArmsPos=0.00,0.00,0.00 @ http://localhost:3001/entities/Player.js:742
[   21745ms] [LOG] [Weapon] applyToMesh: recoilAngle=0.1 swayX=0 swayY=0 time=5.894199999999259 baseRot={x:undefined,y:undefined,z:undefined} type=object @ http://localhost:3001/items/Weapon.js:220
[   21752ms] [LOG] [Player] viewWeapon pos=0.25,-0.35,-0.80 rot=NaN,NaN,NaN visible=true fpArmsPos=0.00,0.00,0.00 @ http://localhost:3001/entities/Player.js:742
[   21752ms] [LOG] [Weapon] applyToMesh: recoilAngle=0.1 swayX=0 swayY=0 time=5.901499999999072 baseRot={x:undefined,y:undefined,z:undefined} type=object @ http://localhost:3001/items/Weapon.js:220
[   21759ms] [LOG] [Player] viewWeapon pos=0.25,-0.35,-0.80 rot=NaN,NaN,NaN visible=true fpArmsPos=0.00,0.00,0.00 @ http://localhost:3001/entities/Player.js:742
[   21759ms] [LOG] [Weapon] applyToMesh: recoilAngle=0.1 swayX=0 swayY=0 time=5.908599999999631 baseRot={x:undefined,y:undefined,z:undefined} type=object @ http://localhost:3001/items/Weapon.js:220
[   21766ms] [LOG] [Player] viewWeapon pos=0.25,-0.35,-0.80 rot=NaN,NaN,NaN visible=true fpArmsPos=0.00,0.00,0.00 @ http://localhost:3001/entities/Player.js:742
[   21766ms] [LOG] [Weapon] applyToMesh: recoilAngle=0.1 swayX=0 swayY=0 time=5.9154999999990725 baseRot={x:undefined,y:undefined,z:undefined} type=object @ http://localhost:3001/items/Weapon.js:220
[   21774ms] [LOG] [Player] viewWeapon pos=0.25,-0.35,-0.80 rot=NaN,NaN,NaN visible=true fpArmsPos=0.00,0.00,0.00 @ http://localhost:3001/entities/Player.js:742
[   21774ms] [LOG] [Weapon] applyToMesh: recoilAngle=0.1 swayX=0 swayY=0 time=5.923399999999445 baseRot={x:undefined,y:undefined,z:undefined} type=object @ http://localhost:3001/items/Weapon.js:220
[   21774ms] [LOG] [Player] after applyToMesh: rot=NaN,NaN,NaN baseRot=undef @ http://localhost:3001/entities/Player.js:781
[   21780ms] [LOG] [Player] viewWeapon pos=0.25,-0.35,-0.80 rot=NaN,NaN,NaN visible=true fpArmsPos=0.00,0.00,0.00 @ http://localhost:3001/entities/Player.js:742
[   21780ms] [LOG] [Weapon] applyToMesh: recoilAngle=0.1 swayX=0 swayY=0 time=5.9299999999990725 baseRot={x:undefined,y:undefined,z:undefined} type=object @ http://localhost:3001/items/Weapon.js:220
[   21787ms] [LOG] [Player] viewWeapon pos=0.25,-0.35,-0.80 rot=NaN,NaN,NaN visible=true fpArmsPos=0.00,0.00,0.00 @ http://localhost:3001/entities/Player.js:742
[   21787ms] [LOG] [Weapon] applyToMesh: recoilAngle=0.1 swayX=0 swayY=0 time=5.936499999999072 baseRot={x:undefined,y:undefined,z:undefined} type=object @ http://localhost:3001/items/Weapon.js:220
[   21793ms] [LOG] [Player] viewWeapon pos=0.25,-0.35,-0.80 rot=NaN,NaN,NaN visible=true fpArmsPos=0.00,0.00,0.00 @ http://localhost:3001/entities/Player.js:742
[   21793ms] [LOG] [Weapon] applyToMesh: recoilAngle=0.1 swayX=0 swayY=0 time=5.943099999999631 baseRot={x:undefined,y:undefined,z:undefined} type=object @ http://localhost:3001/items/Weapon.js:220
[   21800ms] [LOG] [Player] viewWeapon pos=0.25,-0.35,-0.80 rot=NaN,NaN,NaN visible=true fpArmsPos=0.00,0.00,0.00 @ http://localhost:3001/entities/Player.js:742
[   21800ms] [LOG] [Weapon] applyToMesh: recoilAngle=0.1 swayX=0 swayY=0 time=5.949999999999072 baseRot={x:undefined,y:undefined,z:undefined} type=object @ http://localhost:3001/items/Weapon.js:220
[   21807ms] [LOG] [Player] viewWeapon pos=0.25,-0.35,-0.80 rot=NaN,NaN,NaN visible=true fpArmsPos=0.00,0.00,0.00 @ http://localhost:3001/entities/Player.js:742
[   21807ms] [LOG] [Weapon] applyToMesh: recoilAngle=0.1 swayX=0 swayY=0 time=5.957099999999631 baseRot={x:undefined,y:undefined,z:undefined} type=object @ http://localhost:3001/items/Weapon.js:220
[   21814ms] [LOG] [Player] viewWeapon pos=0.25,-0.35,-0.80 rot=NaN,NaN,NaN visible=true fpArmsPos=0.00,0.00,0.00 @ http://localhost:3001/entities/Player.js:742
[   21814ms] [LOG] [Weapon] applyToMesh: recoilAngle=0.1 swayX=0 swayY=0 time=5.963999999999072 baseRot={x:undefined,y:undefined,z:undefined} type=object @ http://localhost:3001/items/Weapon.js:220
[   21822ms] [LOG] [Player] viewWeapon pos=0.25,-0.35,-0.80 rot=NaN,NaN,NaN visible=true fpArmsPos=0.00,0.00,0.00 @ http://localhost:3001/entities/Player.js:742
[   21822ms] [LOG] [Weapon] applyToMesh: recoilAngle=0.1 swayX=0 swayY=0 time=5.971799999999817 baseRot={x:undefined,y:undefined,z:undefined} type=object @ http://localhost:3001/items/Weapon.js:220
[   21829ms] [LOG] [Player] viewWeapon pos=0.25,-0.35,-0.80 rot=NaN,NaN,NaN visible=true fpArmsPos=0.00,0.00,0.00 @ http://localhost:3001/entities/Player.js:742
[   21829ms] [LOG] [Weapon] applyToMesh: recoilAngle=0.1 swayX=0 swayY=0 time=5.978599999999631 baseRot={x:undefined,y:undefined,z:undefined} type=object @ http://localhost:3001/items/Weapon.js:220
[   21835ms] [LOG] [Player] viewWeapon pos=0.25,-0.35,-0.80 rot=NaN,NaN,NaN visible=true fpArmsPos=0.00,0.00,0.00 @ http://localhost:3001/entities/Player.js:742
[   21836ms] [LOG] [Weapon] applyToMesh: recoilAngle=0.1 swayX=0 swayY=0 time=5.985099999999631 baseRot={x:undefined,y:undefined,z:undefined} type=object @ http://localhost:3001/items/Weapon.js:220
[   21842ms] [LOG] [Player] viewWeapon pos=0.25,-0.35,-0.80 rot=NaN,NaN,NaN visible=true fpArmsPos=0.00,0.00,0.00 @ http://localhost:3001/entities/Player.js:742
[   21842ms] [LOG] [Weapon] applyToMesh: recoilAngle=0.1 swayX=0 swayY=0 time=5.991499999999072 baseRot={x:undefined,y:undefined,z:undefined} type=object @ http://localhost:3001/items/Weapon.js:220
[   21848ms] [LOG] [Player] viewWeapon pos=0.25,-0.35,-0.80 rot=NaN,NaN,NaN visible=true fpArmsPos=0.00,0.00,0.00 @ http://localhost:3001/entities/Player.js:742
[   21848ms] [LOG] [Weapon] applyToMesh: recoilAngle=0.1 swayX=0 swayY=0 time=5.9978999999994445 baseRot={x:undefined,y:undefined,z:undefined} type=object @ http://localhost:3001/items/Weapon.js:220
[   21855ms] [LOG] [Player] viewWeapon pos=0.25,-0.35,-0.80 rot=NaN,NaN,NaN visible=true fpArmsPos=0.00,0.00,0.00 @ http://localhost:3001/entities/Player.js:742
[   21856ms] [LOG] [Weapon] applyToMesh: recoilAngle=0.1 swayX=0 swayY=0 time=6.005199999999258 baseRot={x:undefined,y:undefined,z:undefined} type=object @ http://localhost:3001/items/Weapon.js:220
[   21863ms] [LOG] [Player] viewWeapon pos=0.25,-0.35,-0.80 rot=NaN,NaN,NaN visible=true fpArmsPos=0.00,0.00,0.00 @ http://localhost:3001/entities/Player.js:742
[   21863ms] [LOG] [Weapon] applyToMesh: recoilAngle=0.1 swayX=0 swayY=0 time=6.012499999999071 baseRot={x:undefined,y:undefined,z:undefined} type=object @ http://localhost:3001/items/Weapon.js:220
[   21870ms] [LOG] [Player] viewWeapon pos=0.25,-0.35,-0.80 rot=NaN,NaN,NaN visible=true fpArmsPos=0.00,0.00,0.00 @ http://localhost:3001/entities/Player.js:742
[   21870ms] [LOG] [Weapon] applyToMesh: recoilAngle=0.1 swayX=0 swayY=0 time=6.02009999999963 baseRot={x:undefined,y:undefined,z:undefined} type=object @ http://localhost:3001/items/Weapon.js:220
[   21877ms] [LOG] [Player] viewWeapon pos=0.25,-0.35,-0.80 rot=NaN,NaN,NaN visible=true fpArmsPos=0.00,0.00,0.00 @ http://localhost:3001/entities/Player.js:742
[   21877ms] [LOG] [Weapon] applyToMesh: recoilAngle=0.1 swayX=0 swayY=0 time=6.026399999999444 baseRot={x:undefined,y:undefined,z:undefined} type=object @ http://localhost:3001/items/Weapon.js:220
[   21883ms] [LOG] [Player] viewWeapon pos=0.25,-0.35,-0.80 rot=NaN,NaN,NaN visible=true fpArmsPos=0.00,0.00,0.00 @ http://localhost:3001/entities/Player.js:742
[   21883ms] [LOG] [Weapon] applyToMesh: recoilAngle=0.1 swayX=0 swayY=0 time=6.032799999999816 baseRot={x:undefined,y:undefined,z:undefined} type=object @ http://localhost:3001/items/Weapon.js:220
[   21890ms] [LOG] [Player] viewWeapon pos=0.25,-0.35,-0.80 rot=NaN,NaN,NaN visible=true fpArmsPos=0.00,0.00,0.00 @ http://localhost:3001/entities/Player.js:742
[   21890ms] [LOG] [Weapon] applyToMesh: recoilAngle=0.1 swayX=0 swayY=0 time=6.039199999999258 baseRot={x:undefined,y:undefined,z:undefined} type=object @ http://localhost:3001/items/Weapon.js:220
[   21896ms] [LOG] [Player] viewWeapon pos=0.25,-0.35,-0.80 rot=NaN,NaN,NaN visible=true fpArmsPos=0.00,0.00,0.00 @ http://localhost:3001/entities/Player.js:742
[   21896ms] [LOG] [Weapon] applyToMesh: recoilAngle=0.1 swayX=0 swayY=0 time=6.045699999999258 baseRot={x:undefined,y:undefined,z:undefined} type=object @ http://localhost:3001/items/Weapon.js:220
[   21904ms] [LOG] [Player] viewWeapon pos=0.25,-0.35,-0.80 rot=NaN,NaN,NaN visible=true fpArmsPos=0.00,0.00,0.00 @ http://localhost:3001/entities/Player.js:742
[   21905ms] [LOG] [Weapon] applyToMesh: recoilAngle=0.1 swayX=0 swayY=0 time=6.05409999999963 baseRot={x:undefined,y:undefined,z:undefined} type=object @ http://localhost:3001/items/Weapon.js:220
[   21911ms] [LOG] [Player] viewWeapon pos=0.25,-0.35,-0.80 rot=NaN,NaN,NaN visible=true fpArmsPos=0.00,0.00,0.00 @ http://localhost:3001/entities/Player.js:742
[   21911ms] [LOG] [Weapon] applyToMesh: recoilAngle=0.1 swayX=0 swayY=0 time=6.060999999999071 baseRot={x:undefined,y:undefined,z:undefined} type=object @ http://localhost:3001/items/Weapon.js:220
[   21919ms] [LOG] [Player] viewWeapon pos=0.25,-0.35,-0.80 rot=NaN,NaN,NaN visible=true fpArmsPos=0.00,0.00,0.00 @ http://localhost:3001/entities/Player.js:742
[   21920ms] [LOG] [Weapon] applyToMesh: recoilAngle=0.1 swayX=0 swayY=0 time=6.069199999999257 baseRot={x:undefined,y:undefined,z:undefined} type=object @ http://localhost:3001/items/Weapon.js:220
[   21926ms] [LOG] [Player] viewWeapon pos=0.25,-0.35,-0.80 rot=NaN,NaN,NaN visible=true fpArmsPos=0.00,0.00,0.00 @ http://localhost:3001/entities/Player.js:742
[   21926ms] [LOG] [Weapon] applyToMesh: recoilAngle=0.1 swayX=0 swayY=0 time=6.075999999999071 baseRot={x:undefined,y:undefined,z:undefined} type=object @ http://localhost:3001/items/Weapon.js:220
[   21926ms] [LOG] [Player] after applyToMesh: rot=NaN,NaN,NaN baseRot=undef @ http://localhost:3001/entities/Player.js:781
[   21934ms] [LOG] [Player] viewWeapon pos=0.25,-0.35,-0.80 rot=NaN,NaN,NaN visible=true fpArmsPos=0.00,0.00,0.00 @ http://localhost:3001/entities/Player.js:742
[   21934ms] [LOG] [Weapon] applyToMesh: recoilAngle=0.1 swayX=0 swayY=0 time=6.083399999999443 baseRot={x:undefined,y:undefined,z:undefined} type=object @ http://localhost:3001/items/Weapon.js:220
[   21940ms] [LOG] [Player] viewWeapon pos=0.25,-0.35,-0.80 rot=NaN,NaN,NaN visible=true fpArmsPos=0.00,0.00,0.00 @ http://localhost:3001/entities/Player.js:742
[   21940ms] [LOG] [Weapon] applyToMesh: recoilAngle=0.1 swayX=0 swayY=0 time=6.089899999999443 baseRot={x:undefined,y:undefined,z:undefined} type=object @ http://localhost:3001/items/Weapon.js:220
[   21946ms] [LOG] [Player] viewWeapon pos=0.25,-0.35,-0.80 rot=NaN,NaN,NaN visible=true fpArmsPos=0.00,0.00,0.00 @ http://localhost:3001/entities/Player.js:742
[   21946ms] [LOG] [Weapon] applyToMesh: recoilAngle=0.1 swayX=0 swayY=0 time=6.095999999999071 baseRot={x:undefined,y:undefined,z:undefined} type=object @ http://localhost:3001/items/Weapon.js:220
[   21954ms] [LOG] [Player] viewWeapon pos=0.25,-0.35,-0.80 rot=NaN,NaN,NaN visible=true fpArmsPos=0.00,0.00,0.00 @ http://localhost:3001/entities/Player.js:742
[   21954ms] [LOG] [Weapon] applyToMesh: recoilAngle=0.1 swayX=0 swayY=0 time=6.10309999999963 baseRot={x:undefined,y:undefined,z:undefined} type=object @ http://localhost:3001/items/Weapon.js:220
[   21960ms] [LOG] [Player] viewWeapon pos=0.25,-0.35,-0.80 rot=NaN,NaN,NaN visible=true fpArmsPos=0.00,0.00,0.00 @ http://localhost:3001/entities/Player.js:742
[   21960ms] [LOG] [Weapon] applyToMesh: recoilAngle=0.1 swayX=0 swayY=0 time=6.109999999999071 baseRot={x:undefined,y:undefined,z:undefined} type=object @ http://localhost:3001/items/Weapon.js:220
[   21968ms] [LOG] [Player] viewWeapon pos=0.25,-0.35,-0.80 rot=NaN,NaN,NaN visible=true fpArmsPos=0.00,0.00,0.00 @ http://localhost:3001/entities/Player.js:742
[   21968ms] [LOG] [Weapon] applyToMesh: recoilAngle=0.1 swayX=0 swayY=0 time=6.117299999999816 baseRot={x:undefined,y:undefined,z:undefined} type=object @ http://localhost:3001/items/Weapon.js:220
[   21974ms] [LOG] [Player] viewWeapon pos=0.25,-0.35,-0.80 rot=NaN,NaN,NaN visible=true fpArmsPos=0.00,0.00,0.00 @ http://localhost:3001/entities/Player.js:742
[   21974ms] [LOG] [Weapon] applyToMesh: recoilAngle=0.1 swayX=0 swayY=0 time=6.123699999999258 baseRot={x:undefined,y:undefined,z:undefined} type=object @ http://localhost:3001/items/Weapon.js:220
[   21980ms] [LOG] [Player] viewWeapon pos=0.25,-0.35,-0.80 rot=NaN,NaN,NaN visible=true fpArmsPos=0.00,0.00,0.00 @ http://localhost:3001/entities/Player.js:742
[   21980ms] [LOG] [Weapon] applyToMesh: recoilAngle=0.1 swayX=0 swayY=0 time=6.1297999999998165 baseRot={x:undefined,y:undefined,z:undefined} type=object @ http://localhost:3001/items/Weapon.js:220
[   21987ms] [LOG] [Player] viewWeapon pos=0.25,-0.35,-0.80 rot=NaN,NaN,NaN visible=true fpArmsPos=0.00,0.00,0.00 @ http://localhost:3001/entities/Player.js:742
[   21987ms] [LOG] [Weapon] applyToMesh: recoilAngle=0.1 swayX=0 swayY=0 time=6.136199999999258 baseRot={x:undefined,y:undefined,z:undefined} type=object @ http://localhost:3001/items/Weapon.js:220
[   21993ms] [LOG] [Player] viewWeapon pos=0.25,-0.35,-0.80 rot=NaN,NaN,NaN visible=true fpArmsPos=0.00,0.00,0.00 @ http://localhost:3001/entities/Player.js:742
[   21993ms] [LOG] [Weapon] applyToMesh: recoilAngle=0.1 swayX=0 swayY=0 time=6.14259999999963 baseRot={x:undefined,y:undefined,z:undefined} type=object @ http://localhost:3001/items/Weapon.js:220
[   21999ms] [LOG] [Player] viewWeapon pos=0.25,-0.35,-0.80 rot=NaN,NaN,NaN visible=true fpArmsPos=0.00,0.00,0.00 @ http://localhost:3001/entities/Player.js:742
[   21999ms] [LOG] [Weapon] applyToMesh: recoilAngle=0.1 swayX=0 swayY=0 time=6.148599999999631 baseRot={x:undefined,y:undefined,z:undefined} type=object @ http://localhost:3001/items/Weapon.js:220
[   22006ms] [LOG] [Player] viewWeapon pos=0.25,-0.35,-0.80 rot=NaN,NaN,NaN visible=true fpArmsPos=0.00,0.00,0.00 @ http://localhost:3001/entities/Player.js:742
[   22006ms] [LOG] [Weapon] applyToMesh: recoilAngle=0.1 swayX=0 swayY=0 time=6.155499999999072 baseRot={x:undefined,y:undefined,z:undefined} type=object @ http://localhost:3001/items/Weapon.js:220
[   22014ms] [LOG] [Player] viewWeapon pos=0.25,-0.35,-0.80 rot=NaN,NaN,NaN visible=true fpArmsPos=0.00,0.00,0.00 @ http://localhost:3001/entities/Player.js:742
[   22015ms] [LOG] [Weapon] applyToMesh: recoilAngle=0.1 swayX=0 swayY=0 time=6.1639999999990716 baseRot={x:undefined,y:undefined,z:undefined} type=object @ http://localhost:3001/items/Weapon.js:220
[   22021ms] [LOG] [Player] viewWeapon pos=0.25,-0.35,-0.80 rot=NaN,NaN,NaN visible=true fpArmsPos=0.00,0.00,0.00 @ http://localhost:3001/entities/Player.js:742
[   22021ms] [LOG] [Weapon] applyToMesh: recoilAngle=0.1 swayX=0 swayY=0 time=6.170999999999071 baseRot={x:undefined,y:undefined,z:undefined} type=object @ http://localhost:3001/items/Weapon.js:220
[   22029ms] [LOG] [Player] viewWeapon pos=0.25,-0.35,-0.80 rot=NaN,NaN,NaN visible=true fpArmsPos=0.00,0.00,0.00 @ http://localhost:3001/entities/Player.js:742
[   22029ms] [LOG] [Weapon] applyToMesh: recoilAngle=0.1 swayX=0 swayY=0 time=6.178399999999444 baseRot={x:undefined,y:undefined,z:undefined} type=object @ http://localhost:3001/items/Weapon.js:220
[   22036ms] [LOG] [Player] viewWeapon pos=0.25,-0.35,-0.80 rot=NaN,NaN,NaN visible=true fpArmsPos=0.00,0.00,0.00 @ http://localhost:3001/entities/Player.js:742
[   22036ms] [LOG] [Weapon] applyToMesh: recoilAngle=0.1 swayX=0 swayY=0 time=6.185399999999444 baseRot={x:undefined,y:undefined,z:undefined} type=object @ http://localhost:3001/items/Weapon.js:220
[   22044ms] [LOG] [Player] viewWeapon pos=0.25,-0.35,-0.80 rot=NaN,NaN,NaN visible=true fpArmsPos=0.00,0.00,0.00 @ http://localhost:3001/entities/Player.js:742
[   22044ms] [LOG] [Weapon] applyToMesh: recoilAngle=0.1 swayX=0 swayY=0 time=6.193399999999444 baseRot={x:undefined,y:undefined,z:undefined} type=object @ http://localhost:3001/items/Weapon.js:220
[   22050ms] [LOG] [Player] viewWeapon pos=0.25,-0.35,-0.80 rot=NaN,NaN,NaN visible=true fpArmsPos=0.00,0.00,0.00 @ http://localhost:3001/entities/Player.js:742
[   22051ms] [LOG] [Weapon] applyToMesh: recoilAngle=0.1 swayX=0 swayY=0 time=6.200199999999257 baseRot={x:undefined,y:undefined,z:undefined} type=object @ http://localhost:3001/items/Weapon.js:220
[   22057ms] [LOG] [Player] viewWeapon pos=0.25,-0.35,-0.80 rot=NaN,NaN,NaN visible=true fpArmsPos=0.00,0.00,0.00 @ http://localhost:3001/entities/Player.js:742
[   22057ms] [LOG] [Weapon] applyToMesh: recoilAngle=0.1 swayX=0 swayY=0 time=6.206899999999443 baseRot={x:undefined,y:undefined,z:undefined} type=object @ http://localhost:3001/items/Weapon.js:220
[   22066ms] [LOG] [Player] viewWeapon pos=0.25,-0.35,-0.80 rot=NaN,NaN,NaN visible=true fpArmsPos=0.00,0.00,0.00 @ http://localhost:3001/entities/Player.js:742
[   22066ms] [LOG] [Weapon] applyToMesh: recoilAngle=0.1 swayX=0 swayY=0 time=6.215799999999816 baseRot={x:undefined,y:undefined,z:undefined} type=object @ http://localhost:3001/items/Weapon.js:220
[   22073ms] [LOG] [Player] viewWeapon pos=0.25,-0.35,-0.80 rot=NaN,NaN,NaN visible=true fpArmsPos=0.00,0.00,0.00 @ http://localhost:3001/entities/Player.js:742
[   22073ms] [LOG] [Weapon] applyToMesh: recoilAngle=0.1 swayX=0 swayY=0 time=6.222699999999257 baseRot={x:undefined,y:undefined,z:undefined} type=object @ http://localhost:3001/items/Weapon.js:220
[   22079ms] [LOG] [Player] viewWeapon pos=0.25,-0.35,-0.80 rot=NaN,NaN,NaN visible=true fpArmsPos=0.00,0.00,0.00 @ http://localhost:3001/entities/Player.js:742
[   22079ms] [LOG] [Weapon] applyToMesh: recoilAngle=0.1 swayX=0 swayY=0 time=6.22859999999963 baseRot={x:undefined,y:undefined,z:undefined} type=object @ http://localhost:3001/items/Weapon.js:220
[   22085ms] [LOG] [Player] viewWeapon pos=0.25,-0.35,-0.80 rot=NaN,NaN,NaN visible=true fpArmsPos=0.00,0.00,0.00 @ http://localhost:3001/entities/Player.js:742
[   22085ms] [LOG] [Weapon] applyToMesh: recoilAngle=0.1 swayX=0 swayY=0 time=6.234899999999444 baseRot={x:undefined,y:undefined,z:undefined} type=object @ http://localhost:3001/items/Weapon.js:220
[   22092ms] [LOG] [Player] viewWeapon pos=0.25,-0.35,-0.80 rot=NaN,NaN,NaN visible=true fpArmsPos=0.00,0.00,0.00 @ http://localhost:3001/entities/Player.js:742
[   22092ms] [LOG] [Weapon] applyToMesh: recoilAngle=0.1 swayX=0 swayY=0 time=6.241399999999444 baseRot={x:undefined,y:undefined,z:undefined} type=object @ http://localhost:3001/items/Weapon.js:220
[   22098ms] [LOG] [Player] viewWeapon pos=0.25,-0.35,-0.80 rot=NaN,NaN,NaN visible=true fpArmsPos=0.00,0.00,0.00 @ http://localhost:3001/entities/Player.js:742
[   22098ms] [LOG] [Weapon] applyToMesh: recoilAngle=0.1 swayX=0 swayY=0 time=6.247799999999816 baseRot={x:undefined,y:undefined,z:undefined} type=object @ http://localhost:3001/items/Weapon.js:220
[   22105ms] [LOG] [Player] viewWeapon pos=0.25,-0.35,-0.80 rot=NaN,NaN,NaN visible=true fpArmsPos=0.00,0.00,0.00 @ http://localhost:3001/entities/Player.js:742
[   22105ms] [LOG] [Weapon] applyToMesh: recoilAngle=0.1 swayX=0 swayY=0 time=6.25459999999963 baseRot={x:undefined,y:undefined,z:undefined} type=object @ http://localhost:3001/items/Weapon.js:220
[   22112ms] [LOG] [Player] viewWeapon pos=0.25,-0.35,-0.80 rot=NaN,NaN,NaN visible=true fpArmsPos=0.00,0.00,0.00 @ http://localhost:3001/entities/Player.js:742
[   22113ms] [LOG] [Weapon] applyToMesh: recoilAngle=0.1 swayX=0 swayY=0 time=6.2621999999992575 baseRot={x:undefined,y:undefined,z:undefined} type=object @ http://localhost:3001/items/Weapon.js:220
[   22113ms] [LOG] [Player] after applyToMesh: rot=NaN,NaN,NaN baseRot=undef @ http://localhost:3001/entities/Player.js:781
[   22119ms] [LOG] [Player] viewWeapon pos=0.25,-0.35,-0.80 rot=NaN,NaN,NaN visible=true fpArmsPos=0.00,0.00,0.00 @ http://localhost:3001/entities/Player.js:742
[   22119ms] [LOG] [Weapon] applyToMesh: recoilAngle=0.1 swayX=0 swayY=0 time=6.268299999999816 baseRot={x:undefined,y:undefined,z:undefined} type=object @ http://localhost:3001/items/Weapon.js:220
[   22125ms] [LOG] [Player] viewWeapon pos=0.25,-0.35,-0.80 rot=NaN,NaN,NaN visible=true fpArmsPos=0.00,0.00,0.00 @ http://localhost:3001/entities/Player.js:742
[   22125ms] [LOG] [Weapon] applyToMesh: recoilAngle=0.1 swayX=0 swayY=0 time=6.274699999999258 baseRot={x:undefined,y:undefined,z:undefined} type=object @ http://localhost:3001/items/Weapon.js:220
[   22131ms] [LOG] [Player] viewWeapon pos=0.25,-0.35,-0.80 rot=NaN,NaN,NaN visible=true fpArmsPos=0.00,0.00,0.00 @ http://localhost:3001/entities/Player.js:742
[   22131ms] [LOG] [Weapon] applyToMesh: recoilAngle=0.1 swayX=0 swayY=0 time=6.280899999999444 baseRot={x:undefined,y:undefined,z:undefined} type=object @ http://localhost:3001/items/Weapon.js:220
[   22138ms] [LOG] [Player] viewWeapon pos=0.25,-0.35,-0.80 rot=NaN,NaN,NaN visible=true fpArmsPos=0.00,0.00,0.00 @ http://localhost:3001/entities/Player.js:742
[   22138ms] [LOG] [Weapon] applyToMesh: recoilAngle=0.1 swayX=0 swayY=0 time=6.2874999999990715 baseRot={x:undefined,y:undefined,z:undefined} type=object @ http://localhost:3001/items/Weapon.js:220
[   22145ms] [LOG] [Player] viewWeapon pos=0.25,-0.35,-0.80 rot=NaN,NaN,NaN visible=true fpArmsPos=0.00,0.00,0.00 @ http://localhost:3001/entities/Player.js:742
[   22145ms] [LOG] [Weapon] applyToMesh: recoilAngle=0.1 swayX=0 swayY=0 time=6.294399999999444 baseRot={x:undefined,y:undefined,z:undefined} type=object @ http://localhost:3001/items/Weapon.js:220
[   22152ms] [LOG] [Player] viewWeapon pos=0.25,-0.35,-0.80 rot=NaN,NaN,NaN visible=true fpArmsPos=0.00,0.00,0.00 @ http://localhost:3001/entities/Player.js:742
[   22152ms] [LOG] [Weapon] applyToMesh: recoilAngle=0.1 swayX=0 swayY=0 time=6.301499999999072 baseRot={x:undefined,y:undefined,z:undefined} type=object @ http://localhost:3001/items/Weapon.js:220
[   22160ms] [LOG] [Player] viewWeapon pos=0.25,-0.35,-0.80 rot=NaN,NaN,NaN visible=true fpArmsPos=0.00,0.00,0.00 @ http://localhost:3001/entities/Player.js:742
[   22160ms] [LOG] [Weapon] applyToMesh: recoilAngle=0.1 swayX=0 swayY=0 time=6.309699999999258 baseRot={x:undefined,y:undefined,z:undefined} type=object @ http://localhost:3001/items/Weapon.js:220
[   22167ms] [LOG] [Player] viewWeapon pos=0.25,-0.35,-0.80 rot=NaN,NaN,NaN visible=true fpArmsPos=0.00,0.00,0.00 @ http://localhost:3001/entities/Player.js:742
[   22168ms] [LOG] [Weapon] applyToMesh: recoilAngle=0.1 swayX=0 swayY=0 time=6.316899999999444 baseRot={x:undefined,y:undefined,z:undefined} type=object @ http://localhost:3001/items/Weapon.js:220
[   22168ms] [LOG] [Player] anim: recoilAngle=0.1 swayX=0 swayY=0 time=6.316899999999444 @ http://localhost:3001/entities/Player.js:780
[   22174ms] [LOG] [Player] viewWeapon pos=0.25,-0.35,-0.80 rot=NaN,NaN,NaN visible=true fpArmsPos=0.00,0.00,0.00 @ http://localhost:3001/entities/Player.js:742
[   22174ms] [LOG] [Weapon] applyToMesh: recoilAngle=0.1 swayX=0 swayY=0 time=6.323899999999444 baseRot={x:undefined,y:undefined,z:undefined} type=object @ http://localhost:3001/items/Weapon.js:220
[   22181ms] [LOG] [Player] viewWeapon pos=0.25,-0.35,-0.80 rot=NaN,NaN,NaN visible=true fpArmsPos=0.00,0.00,0.00 @ http://localhost:3001/entities/Player.js:742
[   22181ms] [LOG] [Weapon] applyToMesh: recoilAngle=0.1 swayX=0 swayY=0 time=6.33059999999963 baseRot={x:undefined,y:undefined,z:undefined} type=object @ http://localhost:3001/items/Weapon.js:220
[   22186ms] [LOG] [Player] viewWeapon pos=0.25,-0.35,-0.80 rot=NaN,NaN,NaN visible=true fpArmsPos=0.00,0.00,0.00 @ http://localhost:3001/entities/Player.js:742
[   22187ms] [LOG] [Weapon] applyToMesh: recoilAngle=0.1 swayX=0 swayY=0 time=6.336199999999257 baseRot={x:undefined,y:undefined,z:undefined} type=object @ http://localhost:3001/items/Weapon.js:220
[   22193ms] [LOG] [Player] viewWeapon pos=0.25,-0.35,-0.80 rot=NaN,NaN,NaN visible=true fpArmsPos=0.00,0.00,0.00 @ http://localhost:3001/entities/Player.js:742
[   22193ms] [LOG] [Weapon] applyToMesh: recoilAngle=0.1 swayX=0 swayY=0 time=6.342999999999071 baseRot={x:undefined,y:undefined,z:undefined} type=object @ http://localhost:3001/items/Weapon.js:220
[   22200ms] [LOG] [Player] viewWeapon pos=0.25,-0.35,-0.80 rot=NaN,NaN,NaN visible=true fpArmsPos=0.00,0.00,0.00 @ http://localhost:3001/entities/Player.js:742
[   22200ms] [LOG] [Weapon] applyToMesh: recoilAngle=0.1 swayX=0 swayY=0 time=6.349999999999071 baseRot={x:undefined,y:undefined,z:undefined} type=object @ http://localhost:3001/items/Weapon.js:220
[   22208ms] [LOG] [Player] viewWeapon pos=0.25,-0.35,-0.80 rot=NaN,NaN,NaN visible=true fpArmsPos=0.00,0.00,0.00 @ http://localhost:3001/entities/Player.js:742
[   22208ms] [LOG] [Weapon] applyToMesh: recoilAngle=0.1 swayX=0 swayY=0 time=6.357599999999629 baseRot={x:undefined,y:undefined,z:undefined} type=object @ http://localhost:3001/items/Weapon.js:220
[   22214ms] [LOG] [Player] viewWeapon pos=0.25,-0.35,-0.80 rot=NaN,NaN,NaN visible=true fpArmsPos=0.00,0.00,0.00 @ http://localhost:3001/entities/Player.js:742
[   22215ms] [LOG] [Weapon] applyToMesh: recoilAngle=0.1 swayX=0 swayY=0 time=6.363999999999071 baseRot={x:undefined,y:undefined,z:undefined} type=object @ http://localhost:3001/items/Weapon.js:220
[   22221ms] [LOG] [Player] viewWeapon pos=0.25,-0.35,-0.80 rot=NaN,NaN,NaN visible=true fpArmsPos=0.00,0.00,0.00 @ http://localhost:3001/entities/Player.js:742
[   22222ms] [LOG] [Weapon] applyToMesh: recoilAngle=0.1 swayX=0 swayY=0 time=6.3711999999992575 baseRot={x:undefined,y:undefined,z:undefined} type=object @ http://localhost:3001/items/Weapon.js:220
[   22228ms] [LOG] [Player] viewWeapon pos=0.25,-0.35,-0.80 rot=NaN,NaN,NaN visible=true fpArmsPos=0.00,0.00,0.00 @ http://localhost:3001/entities/Player.js:742
[   22228ms] [LOG] [Weapon] applyToMesh: recoilAngle=0.1 swayX=0 swayY=0 time=6.377799999999816 baseRot={x:undefined,y:undefined,z:undefined} type=object @ http://localhost:3001/items/Weapon.js:220
[   22235ms] [LOG] [Player] viewWeapon pos=0.25,-0.35,-0.80 rot=NaN,NaN,NaN visible=true fpArmsPos=0.00,0.00,0.00 @ http://localhost:3001/entities/Player.js:742
[   22235ms] [LOG] [Weapon] applyToMesh: recoilAngle=0.1 swayX=0 swayY=0 time=6.3847999999998155 baseRot={x:undefined,y:undefined,z:undefined} type=object @ http://localhost:3001/items/Weapon.js:220
[   22248ms] [LOG] [Player] viewWeapon pos=0.25,-0.35,-0.80 rot=NaN,NaN,NaN visible=true fpArmsPos=0.00,0.00,0.00 @ http://localhost:3001/entities/Player.js:742
[   22248ms] [LOG] [Weapon] applyToMesh: recoilAngle=0.1 swayX=0 swayY=0 time=6.398099999999629 baseRot={x:undefined,y:undefined,z:undefined} type=object @ http://localhost:3001/items/Weapon.js:220
[   22257ms] [LOG] [Player] viewWeapon pos=0.25,-0.35,-0.80 rot=NaN,NaN,NaN visible=true fpArmsPos=0.00,0.00,0.00 @ http://localhost:3001/entities/Player.js:742
[   22257ms] [LOG] [Weapon] applyToMesh: recoilAngle=0.1 swayX=0 swayY=0 time=6.406599999999629 baseRot={x:undefined,y:undefined,z:undefined} type=object @ http://localhost:3001/items/Weapon.js:220
[   22263ms] [LOG] [Player] viewWeapon pos=0.25,-0.35,-0.80 rot=NaN,NaN,NaN visible=true fpArmsPos=0.00,0.00,0.00 @ http://localhost:3001/entities/Player.js:742
[   22263ms] [LOG] [Weapon] applyToMesh: recoilAngle=0.1 swayX=0 swayY=0 time=6.412799999999815 baseRot={x:undefined,y:undefined,z:undefined} type=object @ http://localhost:3001/items/Weapon.js:220
[   22270ms] [LOG] [Player] viewWeapon pos=0.25,-0.35,-0.80 rot=NaN,NaN,NaN visible=true fpArmsPos=0.00,0.00,0.00 @ http://localhost:3001/entities/Player.js:742
[   22270ms] [LOG] [Weapon] applyToMesh: recoilAngle=0.1 swayX=0 swayY=0 time=6.41949999999907 baseRot={x:undefined,y:undefined,z:undefined} type=object @ http://localhost:3001/items/Weapon.js:220
[   22279ms] [LOG] [Player] viewWeapon pos=0.25,-0.35,-0.80 rot=NaN,NaN,NaN visible=true fpArmsPos=0.00,0.00,0.00 @ http://localhost:3001/entities/Player.js:742
[   22280ms] [LOG] [Weapon] applyToMesh: recoilAngle=0.1 swayX=0 swayY=0 time=6.428899999999443 baseRot={x:undefined,y:undefined,z:undefined} type=object @ http://localhost:3001/items/Weapon.js:220
[   22290ms] [LOG] [Player] viewWeapon pos=0.25,-0.35,-0.80 rot=NaN,NaN,NaN visible=true fpArmsPos=0.00,0.00,0.00 @ http://localhost:3001/entities/Player.js:742
[   22291ms] [LOG] [Weapon] applyToMesh: recoilAngle=0.1 swayX=0 swayY=0 time=6.4399999999990705 baseRot={x:undefined,y:undefined,z:undefined} type=object @ http://localhost:3001/items/Weapon.js:220
[   22299ms] [LOG] [Player] viewWeapon pos=0.25,-0.35,-0.80 rot=NaN,NaN,NaN visible=true fpArmsPos=0.00,0.00,0.00 @ http://localhost:3001/entities/Player.js:742
[   22300ms] [LOG] [Weapon] applyToMesh: recoilAngle=0.1 swayX=0 swayY=0 time=6.448899999999443 baseRot={x:undefined,y:undefined,z:undefined} type=object @ http://localhost:3001/items/Weapon.js:220
[   22308ms] [LOG] [Player] viewWeapon pos=0.25,-0.35,-0.80 rot=NaN,NaN,NaN visible=true fpArmsPos=0.00,0.00,0.00 @ http://localhost:3001/entities/Player.js:742
[   22308ms] [LOG] [Weapon] applyToMesh: recoilAngle=0.1 swayX=0 swayY=0 time=6.456699999999257 baseRot={x:undefined,y:undefined,z:undefined} type=object @ http://localhost:3001/items/Weapon.js:220
[   22314ms] [LOG] [Player] viewWeapon pos=0.25,-0.35,-0.80 rot=NaN,NaN,NaN visible=true fpArmsPos=0.00,0.00,0.00 @ http://localhost:3001/entities/Player.js:742
[   22315ms] [LOG] [Weapon] applyToMesh: recoilAngle=0.1 swayX=0 swayY=0 time=6.464199999999257 baseRot={x:undefined,y:undefined,z:undefined} type=object @ http://localhost:3001/items/Weapon.js:220
[   22321ms] [LOG] [Player] viewWeapon pos=0.25,-0.35,-0.80 rot=NaN,NaN,NaN visible=true fpArmsPos=0.00,0.00,0.00 @ http://localhost:3001/entities/Player.js:742
[   22321ms] [LOG] [Weapon] applyToMesh: recoilAngle=0.1 swayX=0 swayY=0 time=6.470999999999071 baseRot={x:undefined,y:undefined,z:undefined} type=object @ http://localhost:3001/items/Weapon.js:220
[   22327ms] [LOG] [Player] viewWeapon pos=0.25,-0.35,-0.80 rot=NaN,NaN,NaN visible=true fpArmsPos=0.00,0.00,0.00 @ http://localhost:3001/entities/Player.js:742
[   22328ms] [LOG] [Weapon] applyToMesh: recoilAngle=0.1 swayX=0 swayY=0 time=6.477199999999257 baseRot={x:undefined,y:undefined,z:undefined} type=object @ http://localhost:3001/items/Weapon.js:220
[   22334ms] [LOG] [Player] viewWeapon pos=0.25,-0.35,-0.80 rot=NaN,NaN,NaN visible=true fpArmsPos=0.00,0.00,0.00 @ http://localhost:3001/entities/Player.js:742
[   22334ms] [LOG] [Weapon] applyToMesh: recoilAngle=0.1 swayX=0 swayY=0 time=6.483699999999257 baseRot={x:undefined,y:undefined,z:undefined} type=object @ http://localhost:3001/items/Weapon.js:220
[   22342ms] [LOG] [Player] viewWeapon pos=0.25,-0.35,-0.80 rot=NaN,NaN,NaN visible=true fpArmsPos=0.00,0.00,0.00 @ http://localhost:3001/entities/Player.js:742
[   22342ms] [LOG] [Weapon] applyToMesh: recoilAngle=0.1 swayX=0 swayY=0 time=6.491699999999257 baseRot={x:undefined,y:undefined,z:undefined} type=object @ http://localhost:3001/items/Weapon.js:220
[   22348ms] [LOG] [Player] viewWeapon pos=0.25,-0.35,-0.80 rot=NaN,NaN,NaN visible=true fpArmsPos=0.00,0.00,0.00 @ http://localhost:3001/entities/Player.js:742
[   22348ms] [LOG] [Weapon] applyToMesh: recoilAngle=0.1 swayX=0 swayY=0 time=6.497899999999444 baseRot={x:undefined,y:undefined,z:undefined} type=object @ http://localhost:3001/items/Weapon.js:220
[   22356ms] [LOG] [Player] viewWeapon pos=0.25,-0.35,-0.80 rot=NaN,NaN,NaN visible=true fpArmsPos=0.00,0.00,0.00 @ http://localhost:3001/entities/Player.js:742
[   22356ms] [LOG] [Weapon] applyToMesh: recoilAngle=0.1 swayX=0 swayY=0 time=6.505799999999816 baseRot={x:undefined,y:undefined,z:undefined} type=object @ http://localhost:3001/items/Weapon.js:220
[   22364ms] [LOG] [Player] viewWeapon pos=0.25,-0.35,-0.80 rot=NaN,NaN,NaN visible=true fpArmsPos=0.00,0.00,0.00 @ http://localhost:3001/entities/Player.js:742
[   22364ms] [LOG] [Weapon] applyToMesh: recoilAngle=0.1 swayX=0 swayY=0 time=6.513899999999444 baseRot={x:undefined,y:undefined,z:undefined} type=object @ http://localhost:3001/items/Weapon.js:220
[   22371ms] [LOG] [Player] viewWeapon pos=0.25,-0.35,-0.80 rot=NaN,NaN,NaN visible=true fpArmsPos=0.00,0.00,0.00 @ http://localhost:3001/entities/Player.js:742
[   22371ms] [LOG] [Weapon] applyToMesh: recoilAngle=0.1 swayX=0 swayY=0 time=6.52059999999963 baseRot={x:undefined,y:undefined,z:undefined} type=object @ http://localhost:3001/items/Weapon.js:220
[   22377ms] [LOG] [Player] viewWeapon pos=0.25,-0.35,-0.80 rot=NaN,NaN,NaN visible=true fpArmsPos=0.00,0.00,0.00 @ http://localhost:3001/entities/Player.js:742
[   22377ms] [LOG] [Weapon] applyToMesh: recoilAngle=0.1 swayX=0 swayY=0 time=6.52659999999963 baseRot={x:undefined,y:undefined,z:undefined} type=object @ http://localhost:3001/items/Weapon.js:220
[   22383ms] [LOG] [Player] viewWeapon pos=0.25,-0.35,-0.80 rot=NaN,NaN,NaN visible=true fpArmsPos=0.00,0.00,0.00 @ http://localhost:3001/entities/Player.js:742
[   22383ms] [LOG] [Weapon] applyToMesh: recoilAngle=0.1 swayX=0 swayY=0 time=6.532699999999258 baseRot={x:undefined,y:undefined,z:undefined} type=object @ http://localhost:3001/items/Weapon.js:220
[   22390ms] [LOG] [Player] viewWeapon pos=0.25,-0.35,-0.80 rot=NaN,NaN,NaN visible=true fpArmsPos=0.00,0.00,0.00 @ http://localhost:3001/entities/Player.js:742
[   22390ms] [LOG] [Weapon] applyToMesh: recoilAngle=0.1 swayX=0 swayY=0 time=6.539199999999258 baseRot={x:undefined,y:undefined,z:undefined} type=object @ http://localhost:3001/items/Weapon.js:220
[   22396ms] [LOG] [Player] viewWeapon pos=0.25,-0.35,-0.80 rot=NaN,NaN,NaN visible=true fpArmsPos=0.00,0.00,0.00 @ http://localhost:3001/entities/Player.js:742
[   22396ms] [LOG] [Weapon] applyToMesh: recoilAngle=0.1 swayX=0 swayY=0 time=6.545999999999071 baseRot={x:undefined,y:undefined,z:undefined} type=object @ http://localhost:3001/items/Weapon.js:220
[   22406ms] [LOG] [Player] viewWeapon pos=0.25,-0.35,-0.80 rot=NaN,NaN,NaN visible=true fpArmsPos=0.00,0.00,0.00 @ http://localhost:3001/entities/Player.js:742
[   22406ms] [LOG] [Weapon] applyToMesh: recoilAngle=0.1 swayX=0 swayY=0 time=6.55509999999963 baseRot={x:undefined,y:undefined,z:undefined} type=object @ http://localhost:3001/items/Weapon.js:220
[   22413ms] [LOG] [Player] viewWeapon pos=0.25,-0.35,-0.80 rot=NaN,NaN,NaN visible=true fpArmsPos=0.00,0.00,0.00 @ http://localhost:3001/entities/Player.js:742
[   22413ms] [LOG] [Weapon] applyToMesh: recoilAngle=0.1 swayX=0 swayY=0 time=6.562799999999816 baseRot={x:undefined,y:undefined,z:undefined} type=object @ http://localhost:3001/items/Weapon.js:220
[   22420ms] [LOG] [Player] viewWeapon pos=0.25,-0.35,-0.80 rot=NaN,NaN,NaN visible=true fpArmsPos=0.00,0.00,0.00 @ http://localhost:3001/entities/Player.js:742
[   22420ms] [LOG] [Weapon] applyToMesh: recoilAngle=0.1 swayX=0 swayY=0 time=6.569899999999444 baseRot={x:undefined,y:undefined,z:undefined} type=object @ http://localhost:3001/items/Weapon.js:220
[   22428ms] [LOG] [Player] viewWeapon pos=0.25,-0.35,-0.80 rot=NaN,NaN,NaN visible=true fpArmsPos=0.00,0.00,0.00 @ http://localhost:3001/entities/Player.js:742
[   22428ms] [LOG] [Weapon] applyToMesh: recoilAngle=0.1 swayX=0 swayY=0 time=6.576999999999071 baseRot={x:undefined,y:undefined,z:undefined} type=object @ http://localhost:3001/items/Weapon.js:220
[   22435ms] [LOG] [Player] viewWeapon pos=0.25,-0.35,-0.80 rot=NaN,NaN,NaN visible=true fpArmsPos=0.00,0.00,0.00 @ http://localhost:3001/entities/Player.js:742
[   22435ms] [LOG] [Weapon] applyToMesh: recoilAngle=0.1 swayX=0 swayY=0 time=6.584299999999816 baseRot={x:undefined,y:undefined,z:undefined} type=object @ http://localhost:3001/items/Weapon.js:220
[   22443ms] [LOG] [Player] viewWeapon pos=0.25,-0.35,-0.80 rot=NaN,NaN,NaN visible=true fpArmsPos=0.00,0.00,0.00 @ http://localhost:3001/entities/Player.js:742
[   22443ms] [LOG] [Weapon] applyToMesh: recoilAngle=0.1 swayX=0 swayY=0 time=6.591899999999444 baseRot={x:undefined,y:undefined,z:undefined} type=object @ http://localhost:3001/items/Weapon.js:220
[   22452ms] [LOG] [Player] viewWeapon pos=0.25,-0.35,-0.80 rot=NaN,NaN,NaN visible=true fpArmsPos=0.00,0.00,0.00 @ http://localhost:3001/entities/Player.js:742
[   22452ms] [LOG] [Weapon] applyToMesh: recoilAngle=0.1 swayX=0 swayY=0 time=6.601299999999816 baseRot={x:undefined,y:undefined,z:undefined} type=object @ http://localhost:3001/items/Weapon.js:220
[   22459ms] [LOG] [Player] viewWeapon pos=0.25,-0.34,-0.80 rot=NaN,NaN,NaN visible=true fpArmsPos=0.00,0.00,0.00 @ http://localhost:3001/entities/Player.js:742
[   22460ms] [LOG] [Weapon] applyToMesh: recoilAngle=0.1 swayX=0 swayY=0 time=6.60909999999963 baseRot={x:undefined,y:undefined,z:undefined} type=object @ http://localhost:3001/items/Weapon.js:220
[   22467ms] [LOG] [Player] viewWeapon pos=0.25,-0.34,-0.80 rot=NaN,NaN,NaN visible=true fpArmsPos=0.00,0.00,0.00 @ http://localhost:3001/entities/Player.js:742
[   22467ms] [LOG] [Weapon] applyToMesh: recoilAngle=0.1 swayX=0 swayY=0 time=6.6165999999996306 baseRot={x:undefined,y:undefined,z:undefined} type=object @ http://localhost:3001/items/Weapon.js:220
[   22476ms] [LOG] [Player] viewWeapon pos=0.25,-0.34,-0.80 rot=NaN,NaN,NaN visible=true fpArmsPos=0.00,0.00,0.00 @ http://localhost:3001/entities/Player.js:742
[   22476ms] [LOG] [Weapon] applyToMesh: recoilAngle=0.1 swayX=0 swayY=0 time=6.625399999999444 baseRot={x:undefined,y:undefined,z:undefined} type=object @ http://localhost:3001/items/Weapon.js:220
[   22483ms] [LOG] [Player] viewWeapon pos=0.25,-0.34,-0.80 rot=NaN,NaN,NaN visible=true fpArmsPos=0.00,0.00,0.00 @ http://localhost:3001/entities/Player.js:742
[   22483ms] [LOG] [Weapon] applyToMesh: recoilAngle=0.1 swayX=0 swayY=0 time=6.632599999999631 baseRot={x:undefined,y:undefined,z:undefined} type=object @ http://localhost:3001/items/Weapon.js:220
[   22490ms] [LOG] [Player] viewWeapon pos=0.25,-0.34,-0.80 rot=NaN,NaN,NaN visible=true fpArmsPos=0.00,0.00,0.00 @ http://localhost:3001/entities/Player.js:742
[   22490ms] [LOG] [Weapon] applyToMesh: recoilAngle=0.1 swayX=0 swayY=0 time=6.639899999999444 baseRot={x:undefined,y:undefined,z:undefined} type=object @ http://localhost:3001/items/Weapon.js:220
[   22499ms] [LOG] [Player] viewWeapon pos=0.25,-0.34,-0.80 rot=NaN,NaN,NaN visible=true fpArmsPos=0.00,0.00,0.00 @ http://localhost:3001/entities/Player.js:742
[   22499ms] [LOG] [Weapon] applyToMesh: recoilAngle=0.1 swayX=0 swayY=0 time=6.648599999999631 baseRot={x:undefined,y:undefined,z:undefined} type=object @ http://localhost:3001/items/Weapon.js:220
[   22507ms] [LOG] [Player] viewWeapon pos=0.25,-0.34,-0.80 rot=NaN,NaN,NaN visible=true fpArmsPos=0.00,0.00,0.00 @ http://localhost:3001/entities/Player.js:742
[   22507ms] [LOG] [Weapon] applyToMesh: recoilAngle=0.1 swayX=0 swayY=0 time=6.656499999999072 baseRot={x:undefined,y:undefined,z:undefined} type=object @ http://localhost:3001/items/Weapon.js:220
[   22515ms] [LOG] [Player] viewWeapon pos=0.25,-0.34,-0.80 rot=NaN,NaN,NaN visible=true fpArmsPos=0.00,0.00,0.00 @ http://localhost:3001/entities/Player.js:742
[   22515ms] [LOG] [Weapon] applyToMesh: recoilAngle=0.1 swayX=0 swayY=0 time=6.664499999999072 baseRot={x:undefined,y:undefined,z:undefined} type=object @ http://localhost:3001/items/Weapon.js:220
[   22523ms] [LOG] [Player] viewWeapon pos=0.25,-0.34,-0.80 rot=NaN,NaN,NaN visible=true fpArmsPos=0.00,0.00,0.00 @ http://localhost:3001/entities/Player.js:742
[   22523ms] [LOG] [Weapon] applyToMesh: recoilAngle=0.1 swayX=0 swayY=0 time=6.672499999999072 baseRot={x:undefined,y:undefined,z:undefined} type=object @ http://localhost:3001/items/Weapon.js:220
[   22531ms] [LOG] [Player] viewWeapon pos=0.25,-0.34,-0.80 rot=NaN,NaN,NaN visible=true fpArmsPos=0.00,0.00,0.00 @ http://localhost:3001/entities/Player.js:742
[   22531ms] [LOG] [Weapon] applyToMesh: recoilAngle=0.1 swayX=0 swayY=0 time=6.680699999999258 baseRot={x:undefined,y:undefined,z:undefined} type=object @ http://localhost:3001/items/Weapon.js:220
[   22538ms] [LOG] [Player] viewWeapon pos=0.25,-0.34,-0.80 rot=NaN,NaN,NaN visible=true fpArmsPos=0.00,0.00,0.00 @ http://localhost:3001/entities/Player.js:742
[   22538ms] [LOG] [Weapon] applyToMesh: recoilAngle=0.1 swayX=0 swayY=0 time=6.687699999999258 baseRot={x:undefined,y:undefined,z:undefined} type=object @ http://localhost:3001/items/Weapon.js:220
[   22549ms] [LOG] [Player] viewWeapon pos=0.25,-0.34,-0.80 rot=NaN,NaN,NaN visible=true fpArmsPos=0.00,0.00,0.00 @ http://localhost:3001/entities/Player.js:742
[   22549ms] [LOG] [Weapon] applyToMesh: recoilAngle=0.1 swayX=0 swayY=0 time=6.698699999999258 baseRot={x:undefined,y:undefined,z:undefined} type=object @ http://localhost:3001/items/Weapon.js:220
[   22559ms] [LOG] [Player] viewWeapon pos=0.25,-0.34,-0.80 rot=NaN,NaN,NaN visible=true fpArmsPos=0.00,0.00,0.00 @ http://localhost:3001/entities/Player.js:742
[   22559ms] [LOG] [Weapon] applyToMesh: recoilAngle=0.1 swayX=0 swayY=0 time=6.7082999999998165 baseRot={x:undefined,y:undefined,z:undefined} type=object @ http://localhost:3001/items/Weapon.js:220
[   22566ms] [LOG] [Player] viewWeapon pos=0.25,-0.34,-0.80 rot=NaN,NaN,NaN visible=true fpArmsPos=0.00,0.00,0.00 @ http://localhost:3001/entities/Player.js:742
[   22566ms] [LOG] [Weapon] applyToMesh: recoilAngle=0.1 swayX=0 swayY=0 time=6.715799999999817 baseRot={x:undefined,y:undefined,z:undefined} type=object @ http://localhost:3001/items/Weapon.js:220
[   22574ms] [LOG] [Player] viewWeapon pos=0.25,-0.34,-0.80 rot=NaN,NaN,NaN visible=true fpArmsPos=0.00,0.00,0.00 @ http://localhost:3001/entities/Player.js:742
[   22574ms] [LOG] [Weapon] applyToMesh: recoilAngle=0.1 swayX=0 swayY=0 time=6.723599999999631 baseRot={x:undefined,y:undefined,z:undefined} type=object @ http://localhost:3001/items/Weapon.js:220
[   22581ms] [LOG] [Player] viewWeapon pos=0.25,-0.34,-0.80 rot=NaN,NaN,NaN visible=true fpArmsPos=0.00,0.00,0.00 @ http://localhost:3001/entities/Player.js:742
[   22581ms] [LOG] [Weapon] applyToMesh: recoilAngle=0.1 swayX=0 swayY=0 time=6.73059999999963 baseRot={x:undefined,y:undefined,z:undefined} type=object @ http://localhost:3001/items/Weapon.js:220
[   22589ms] [LOG] [Player] viewWeapon pos=0.25,-0.34,-0.80 rot=NaN,NaN,NaN visible=true fpArmsPos=0.00,0.00,0.00 @ http://localhost:3001/entities/Player.js:742
[   22589ms] [LOG] [Weapon] applyToMesh: recoilAngle=0.1 swayX=0 swayY=0 time=6.738299999999817 baseRot={x:undefined,y:undefined,z:undefined} type=object @ http://localhost:3001/items/Weapon.js:220
[   22598ms] [LOG] [Player] viewWeapon pos=0.25,-0.34,-0.80 rot=NaN,NaN,NaN visible=true fpArmsPos=0.00,0.00,0.00 @ http://localhost:3001/entities/Player.js:742
[   22598ms] [LOG] [Weapon] applyToMesh: recoilAngle=0.1 swayX=0 swayY=0 time=6.7474999999990715 baseRot={x:undefined,y:undefined,z:undefined} type=object @ http://localhost:3001/items/Weapon.js:220
[   22606ms] [LOG] [Player] viewWeapon pos=0.25,-0.34,-0.80 rot=NaN,NaN,NaN visible=true fpArmsPos=0.00,0.00,0.00 @ http://localhost:3001/entities/Player.js:742
[   22606ms] [LOG] [Weapon] applyToMesh: recoilAngle=0.1 swayX=0 swayY=0 time=6.7556999999992575 baseRot={x:undefined,y:undefined,z:undefined} type=object @ http://localhost:3001/items/Weapon.js:220
[   22615ms] [LOG] [Player] viewWeapon pos=0.25,-0.34,-0.80 rot=NaN,NaN,NaN visible=true fpArmsPos=0.00,0.00,0.00 @ http://localhost:3001/entities/Player.js:742
[   22615ms] [LOG] [Weapon] applyToMesh: recoilAngle=0.1 swayX=0 swayY=0 time=6.764299999999817 baseRot={x:undefined,y:undefined,z:undefined} type=object @ http://localhost:3001/items/Weapon.js:220
[   22623ms] [LOG] [Player] viewWeapon pos=0.25,-0.34,-0.80 rot=NaN,NaN,NaN visible=true fpArmsPos=0.00,0.00,0.00 @ http://localhost:3001/entities/Player.js:742
[   22623ms] [LOG] [Weapon] applyToMesh: recoilAngle=0.1 swayX=0 swayY=0 time=6.772699999999258 baseRot={x:undefined,y:undefined,z:undefined} type=object @ http://localhost:3001/items/Weapon.js:220
[   22630ms] [LOG] [Player] viewWeapon pos=0.25,-0.34,-0.80 rot=NaN,NaN,NaN visible=true fpArmsPos=0.00,0.00,0.00 @ http://localhost:3001/entities/Player.js:742
[   22630ms] [LOG] [Weapon] applyToMesh: recoilAngle=0.1 swayX=0 swayY=0 time=6.7796999999992575 baseRot={x:undefined,y:undefined,z:undefined} type=object @ http://localhost:3001/items/Weapon.js:220
[   22638ms] [LOG] [Player] viewWeapon pos=0.25,-0.34,-0.80 rot=NaN,NaN,NaN visible=true fpArmsPos=0.00,0.00,0.00 @ http://localhost:3001/entities/Player.js:742
[   22638ms] [LOG] [Weapon] applyToMesh: recoilAngle=0.1 swayX=0 swayY=0 time=6.786999999999071 baseRot={x:undefined,y:undefined,z:undefined} type=object @ http://localhost:3001/items/Weapon.js:220
[   22646ms] [LOG] [Player] viewWeapon pos=0.25,-0.34,-0.80 rot=NaN,NaN,NaN visible=true fpArmsPos=0.00,0.00,0.00 @ http://localhost:3001/entities/Player.js:742
[   22647ms] [LOG] [Weapon] applyToMesh: recoilAngle=0.1 swayX=0 swayY=0 time=6.795799999999816 baseRot={x:undefined,y:undefined,z:undefined} type=object @ http://localhost:3001/items/Weapon.js:220
[   22655ms] [LOG] [Player] viewWeapon pos=0.25,-0.34,-0.80 rot=NaN,NaN,NaN visible=true fpArmsPos=0.00,0.00,0.00 @ http://localhost:3001/entities/Player.js:742
[   22655ms] [LOG] [Weapon] applyToMesh: recoilAngle=0.1 swayX=0 swayY=0 time=6.80409999999963 baseRot={x:undefined,y:undefined,z:undefined} type=object @ http://localhost:3001/items/Weapon.js:220
[   22662ms] [LOG] [Player] viewWeapon pos=0.25,-0.34,-0.80 rot=NaN,NaN,NaN visible=true fpArmsPos=0.00,0.00,0.00 @ http://localhost:3001/entities/Player.js:742
[   22662ms] [LOG] [Weapon] applyToMesh: recoilAngle=0.1 swayX=0 swayY=0 time=6.811499999999071 baseRot={x:undefined,y:undefined,z:undefined} type=object @ http://localhost:3001/items/Weapon.js:220
[   22669ms] [LOG] [Player] viewWeapon pos=0.25,-0.34,-0.80 rot=NaN,NaN,NaN visible=true fpArmsPos=0.00,0.00,0.00 @ http://localhost:3001/entities/Player.js:742
[   22670ms] [LOG] [Weapon] applyToMesh: recoilAngle=0.1 swayX=0 swayY=0 time=6.819099999999629 baseRot={x:undefined,y:undefined,z:undefined} type=object @ http://localhost:3001/items/Weapon.js:220
[   22677ms] [LOG] [Player] viewWeapon pos=0.25,-0.34,-0.80 rot=NaN,NaN,NaN visible=true fpArmsPos=0.00,0.00,0.00 @ http://localhost:3001/entities/Player.js:742
[   22677ms] [LOG] [Weapon] applyToMesh: recoilAngle=0.1 swayX=0 swayY=0 time=6.826299999999816 baseRot={x:undefined,y:undefined,z:undefined} type=object @ http://localhost:3001/items/Weapon.js:220
[   22685ms] [LOG] [Player] viewWeapon pos=0.25,-0.34,-0.80 rot=NaN,NaN,NaN visible=true fpArmsPos=0.00,0.00,0.00 @ http://localhost:3001/entities/Player.js:742
[   22685ms] [LOG] [Weapon] applyToMesh: recoilAngle=0.1 swayX=0 swayY=0 time=6.834999999999071 baseRot={x:undefined,y:undefined,z:undefined} type=object @ http://localhost:3001/items/Weapon.js:220
[   22695ms] [LOG] [Player] viewWeapon pos=0.25,-0.34,-0.80 rot=NaN,NaN,NaN visible=true fpArmsPos=0.00,0.00,0.00 @ http://localhost:3001/entities/Player.js:742
[   22695ms] [LOG] [Weapon] applyToMesh: recoilAngle=0.1 swayX=0 swayY=0 time=6.844899999999443 baseRot={x:undefined,y:undefined,z:undefined} type=object @ http://localhost:3001/items/Weapon.js:220
[   22704ms] [LOG] [Player] viewWeapon pos=0.25,-0.34,-0.80 rot=NaN,NaN,NaN visible=true fpArmsPos=0.00,0.00,0.00 @ http://localhost:3001/entities/Player.js:742
[   22704ms] [LOG] [Weapon] applyToMesh: recoilAngle=0.1 swayX=0 swayY=0 time=6.8536999999992565 baseRot={x:undefined,y:undefined,z:undefined} type=object @ http://localhost:3001/items/Weapon.js:220
[   22712ms] [LOG] [Player] viewWeapon pos=0.25,-0.34,-0.80 rot=NaN,NaN,NaN visible=true fpArmsPos=0.00,0.00,0.00 @ http://localhost:3001/entities/Player.js:742
[   22712ms] [LOG] [Weapon] applyToMesh: recoilAngle=0.1 swayX=0 swayY=0 time=6.8614999999990705 baseRot={x:undefined,y:undefined,z:undefined} type=object @ http://localhost:3001/items/Weapon.js:220
[   22719ms] [LOG] [Player] viewWeapon pos=0.25,-0.34,-0.80 rot=NaN,NaN,NaN visible=true fpArmsPos=0.00,0.00,0.00 @ http://localhost:3001/entities/Player.js:742
[   22719ms] [LOG] [Weapon] applyToMesh: recoilAngle=0.1 swayX=0 swayY=0 time=6.8687999999998155 baseRot={x:undefined,y:undefined,z:undefined} type=object @ http://localhost:3001/items/Weapon.js:220
[   22726ms] [LOG] [Player] viewWeapon pos=0.25,-0.34,-0.80 rot=NaN,NaN,NaN visible=true fpArmsPos=0.00,0.00,0.00 @ http://localhost:3001/entities/Player.js:742
[   22726ms] [LOG] [Weapon] applyToMesh: recoilAngle=0.1 swayX=0 swayY=0 time=6.875699999999257 baseRot={x:undefined,y:undefined,z:undefined} type=object @ http://localhost:3001/items/Weapon.js:220
[   22734ms] [LOG] [Player] viewWeapon pos=0.25,-0.34,-0.80 rot=NaN,NaN,NaN visible=true fpArmsPos=0.00,0.00,0.00 @ http://localhost:3001/entities/Player.js:742
[   22734ms] [LOG] [Weapon] applyToMesh: recoilAngle=0.1 swayX=0 swayY=0 time=6.8832999999998155 baseRot={x:undefined,y:undefined,z:undefined} type=object @ http://localhost:3001/items/Weapon.js:220
[   22742ms] [LOG] [Player] viewWeapon pos=0.25,-0.34,-0.80 rot=NaN,NaN,NaN visible=true fpArmsPos=0.00,0.00,0.00 @ http://localhost:3001/entities/Player.js:742
[   22742ms] [LOG] [Weapon] applyToMesh: recoilAngle=0.1 swayX=0 swayY=0 time=6.891399999999443 baseRot={x:undefined,y:undefined,z:undefined} type=object @ http://localhost:3001/items/Weapon.js:220
[   22749ms] [LOG] [Player] viewWeapon pos=0.25,-0.34,-0.80 rot=NaN,NaN,NaN visible=true fpArmsPos=0.00,0.00,0.00 @ http://localhost:3001/entities/Player.js:742
[   22749ms] [LOG] [Weapon] applyToMesh: recoilAngle=0.1 swayX=0 swayY=0 time=6.898799999999816 baseRot={x:undefined,y:undefined,z:undefined} type=object @ http://localhost:3001/items/Weapon.js:220
[   22757ms] [LOG] [Player] viewWeapon pos=0.25,-0.34,-0.80 rot=NaN,NaN,NaN visible=true fpArmsPos=0.00,0.00,0.00 @ http://localhost:3001/entities/Player.js:742
[   22757ms] [LOG] [Weapon] applyToMesh: recoilAngle=0.1 swayX=0 swayY=0 time=6.906199999999257 baseRot={x:undefined,y:undefined,z:undefined} type=object @ http://localhost:3001/items/Weapon.js:220
[   22766ms] [LOG] [Player] viewWeapon pos=0.25,-0.34,-0.80 rot=NaN,NaN,NaN visible=true fpArmsPos=0.00,0.00,0.00 @ http://localhost:3001/entities/Player.js:742
[   22766ms] [LOG] [Weapon] applyToMesh: recoilAngle=0.1 swayX=0 swayY=0 time=6.9152999999998155 baseRot={x:undefined,y:undefined,z:undefined} type=object @ http://localhost:3001/items/Weapon.js:220
[   22773ms] [LOG] [Player] viewWeapon pos=0.25,-0.34,-0.80 rot=NaN,NaN,NaN visible=true fpArmsPos=0.00,0.00,0.00 @ http://localhost:3001/entities/Player.js:742
[   22773ms] [LOG] [Weapon] applyToMesh: recoilAngle=0.1 swayX=0 swayY=0 time=6.922899999999443 baseRot={x:undefined,y:undefined,z:undefined} type=object @ http://localhost:3001/items/Weapon.js:220
[   22781ms] [LOG] [Player] viewWeapon pos=0.25,-0.34,-0.80 rot=NaN,NaN,NaN visible=true fpArmsPos=0.00,0.00,0.00 @ http://localhost:3001/entities/Player.js:742
[   22781ms] [LOG] [Weapon] applyToMesh: recoilAngle=0.1 swayX=0 swayY=0 time=6.9310999999996294 baseRot={x:undefined,y:undefined,z:undefined} type=object @ http://localhost:3001/items/Weapon.js:220
[   22791ms] [LOG] [Player] viewWeapon pos=0.25,-0.34,-0.80 rot=NaN,NaN,NaN visible=true fpArmsPos=0.00,0.00,0.00 @ http://localhost:3001/entities/Player.js:742
[   22791ms] [LOG] [Weapon] applyToMesh: recoilAngle=0.1 swayX=0 swayY=0 time=6.9401999999992565 baseRot={x:undefined,y:undefined,z:undefined} type=object @ http://localhost:3001/items/Weapon.js:220
[   22798ms] [LOG] [Player] viewWeapon pos=0.25,-0.34,-0.80 rot=NaN,NaN,NaN visible=true fpArmsPos=0.00,0.00,0.00 @ http://localhost:3001/entities/Player.js:742
[   22798ms] [LOG] [Weapon] applyToMesh: recoilAngle=0.1 swayX=0 swayY=0 time=6.947599999999629 baseRot={x:undefined,y:undefined,z:undefined} type=object @ http://localhost:3001/items/Weapon.js:220
[   22798ms] [LOG] [Player] after applyToMesh: rot=NaN,NaN,NaN baseRot=undef @ http://localhost:3001/entities/Player.js:781
[   22806ms] [LOG] [Player] viewWeapon pos=0.25,-0.34,-0.80 rot=NaN,NaN,NaN visible=true fpArmsPos=0.00,0.00,0.00 @ http://localhost:3001/entities/Player.js:742
[   22806ms] [LOG] [Weapon] applyToMesh: recoilAngle=0.1 swayX=0 swayY=0 time=6.955799999999815 baseRot={x:undefined,y:undefined,z:undefined} type=object @ http://localhost:3001/items/Weapon.js:220
[   22814ms] [LOG] [Player] viewWeapon pos=0.25,-0.34,-0.80 rot=NaN,NaN,NaN visible=true fpArmsPos=0.00,0.00,0.00 @ http://localhost:3001/entities/Player.js:742
[   22814ms] [LOG] [Weapon] applyToMesh: recoilAngle=0.1 swayX=0 swayY=0 time=6.96349999999907 baseRot={x:undefined,y:undefined,z:undefined} type=object @ http://localhost:3001/items/Weapon.js:220
[   22822ms] [LOG] [Player] viewWeapon pos=0.25,-0.34,-0.80 rot=NaN,NaN,NaN visible=true fpArmsPos=0.00,0.00,0.00 @ http://localhost:3001/entities/Player.js:742
[   22822ms] [LOG] [Weapon] applyToMesh: recoilAngle=0.1 swayX=0 swayY=0 time=6.971199999999256 baseRot={x:undefined,y:undefined,z:undefined} type=object @ http://localhost:3001/items/Weapon.js:220
[   22829ms] [LOG] [Player] viewWeapon pos=0.25,-0.34,-0.80 rot=NaN,NaN,NaN visible=true fpArmsPos=0.00,0.00,0.00 @ http://localhost:3001/entities/Player.js:742
[   22830ms] [LOG] [Weapon] applyToMesh: recoilAngle=0.1 swayX=0 swayY=0 time=6.9788999999994425 baseRot={x:undefined,y:undefined,z:undefined} type=object @ http://localhost:3001/items/Weapon.js:220
[   22838ms] [LOG] [Player] viewWeapon pos=0.25,-0.34,-0.80 rot=NaN,NaN,NaN visible=true fpArmsPos=0.00,0.00,0.00 @ http://localhost:3001/entities/Player.js:742
[   22838ms] [LOG] [Weapon] applyToMesh: recoilAngle=0.1 swayX=0 swayY=0 time=6.987599999999629 baseRot={x:undefined,y:undefined,z:undefined} type=object @ http://localhost:3001/items/Weapon.js:220
[   22845ms] [LOG] [Player] viewWeapon pos=0.25,-0.34,-0.80 rot=NaN,NaN,NaN visible=true fpArmsPos=0.00,0.00,0.00 @ http://localhost:3001/entities/Player.js:742
[   22845ms] [LOG] [Weapon] applyToMesh: recoilAngle=0.1 swayX=0 swayY=0 time=6.9950999999996295 baseRot={x:undefined,y:undefined,z:undefined} type=object @ http://localhost:3001/items/Weapon.js:220
[   22852ms] [LOG] [Player] viewWeapon pos=0.25,-0.34,-0.80 rot=NaN,NaN,NaN visible=true fpArmsPos=0.00,0.00,0.00 @ http://localhost:3001/entities/Player.js:742
[   22852ms] [LOG] [Weapon] applyToMesh: recoilAngle=0.1 swayX=0 swayY=0 time=7.0017999999998155 baseRot={x:undefined,y:undefined,z:undefined} type=object @ http://localhost:3001/items/Weapon.js:220
[   22861ms] [LOG] [Player] viewWeapon pos=0.25,-0.34,-0.80 rot=NaN,NaN,NaN visible=true fpArmsPos=0.00,0.00,0.00 @ http://localhost:3001/entities/Player.js:742
[   22861ms] [LOG] [Weapon] applyToMesh: recoilAngle=0.1 swayX=0 swayY=0 time=7.010599999999629 baseRot={x:undefined,y:undefined,z:undefined} type=object @ http://localhost:3001/items/Weapon.js:220
[   22871ms] [LOG] [Player] viewWeapon pos=0.25,-0.34,-0.80 rot=NaN,NaN,NaN visible=true fpArmsPos=0.00,0.00,0.00 @ http://localhost:3001/entities/Player.js:742
[   22871ms] [LOG] [Weapon] applyToMesh: recoilAngle=0.1 swayX=0 swayY=0 time=7.020199999999257 baseRot={x:undefined,y:undefined,z:undefined} type=object @ http://localhost:3001/items/Weapon.js:220
[   22871ms] [LOG] [Player] anim: recoilAngle=0.1 swayX=0 swayY=0 time=7.020199999999257 @ http://localhost:3001/entities/Player.js:780
[   22880ms] [LOG] [Player] viewWeapon pos=0.25,-0.34,-0.80 rot=NaN,NaN,NaN visible=true fpArmsPos=0.00,0.00,0.00 @ http://localhost:3001/entities/Player.js:742
[   22880ms] [LOG] [Weapon] applyToMesh: recoilAngle=0.1 swayX=0 swayY=0 time=7.029599999999629 baseRot={x:undefined,y:undefined,z:undefined} type=object @ http://localhost:3001/items/Weapon.js:220
[   22892ms] [LOG] [Player] viewWeapon pos=0.25,-0.34,-0.80 rot=NaN,NaN,NaN visible=true fpArmsPos=0.00,0.00,0.00 @ http://localhost:3001/entities/Player.js:742
[   22892ms] [LOG] [Weapon] applyToMesh: recoilAngle=0.1 swayX=0 swayY=0 time=7.041699999999256 baseRot={x:undefined,y:undefined,z:undefined} type=object @ http://localhost:3001/items/Weapon.js:220
[   22900ms] [LOG] [Player] viewWeapon pos=0.25,-0.34,-0.80 rot=NaN,NaN,NaN visible=true fpArmsPos=0.00,0.00,0.00 @ http://localhost:3001/entities/Player.js:742
[   22900ms] [LOG] [Weapon] applyToMesh: recoilAngle=0.1 swayX=0 swayY=0 time=7.049399999999443 baseRot={x:undefined,y:undefined,z:undefined} type=object @ http://localhost:3001/items/Weapon.js:220
[   22909ms] [LOG] [Player] viewWeapon pos=0.25,-0.34,-0.80 rot=NaN,NaN,NaN visible=true fpArmsPos=0.00,0.00,0.00 @ http://localhost:3001/entities/Player.js:742
[   22909ms] [LOG] [Weapon] applyToMesh: recoilAngle=0.1 swayX=0 swayY=0 time=7.058399999999443 baseRot={x:undefined,y:undefined,z:undefined} type=object @ http://localhost:3001/items/Weapon.js:220
[   22916ms] [LOG] [Player] viewWeapon pos=0.25,-0.34,-0.80 rot=NaN,NaN,NaN visible=true fpArmsPos=0.00,0.00,0.00 @ http://localhost:3001/entities/Player.js:742
[   22916ms] [LOG] [Weapon] applyToMesh: recoilAngle=0.1 swayX=0 swayY=0 time=7.065299999999816 baseRot={x:undefined,y:undefined,z:undefined} type=object @ http://localhost:3001/items/Weapon.js:220
[   22925ms] [LOG] [Player] viewWeapon pos=0.25,-0.34,-0.80 rot=NaN,NaN,NaN visible=true fpArmsPos=0.00,0.00,0.00 @ http://localhost:3001/entities/Player.js:742
[   22925ms] [LOG] [Weapon] applyToMesh: recoilAngle=0.1 swayX=0 swayY=0 time=7.0744999999990705 baseRot={x:undefined,y:undefined,z:undefined} type=object @ http://localhost:3001/items/Weapon.js:220
[   22935ms] [LOG] [Player] viewWeapon pos=0.25,-0.34,-0.80 rot=NaN,NaN,NaN visible=true fpArmsPos=0.00,0.00,0.00 @ http://localhost:3001/entities/Player.js:742
[   22935ms] [LOG] [Weapon] applyToMesh: recoilAngle=0.1 swayX=0 swayY=0 time=7.084999999999071 baseRot={x:undefined,y:undefined,z:undefined} type=object @ http://localhost:3001/items/Weapon.js:220
[   22945ms] [LOG] [Player] viewWeapon pos=0.25,-0.34,-0.80 rot=NaN,NaN,NaN visible=true fpArmsPos=0.00,0.00,0.00 @ http://localhost:3001/entities/Player.js:742
[   22945ms] [LOG] [Weapon] applyToMesh: recoilAngle=0.1 swayX=0 swayY=0 time=7.094699999999257 baseRot={x:undefined,y:undefined,z:undefined} type=object @ http://localhost:3001/items/Weapon.js:220
[   22956ms] [LOG] [Player] viewWeapon pos=0.25,-0.34,-0.80 rot=NaN,NaN,NaN visible=true fpArmsPos=0.00,0.00,0.00 @ http://localhost:3001/entities/Player.js:742
[   22956ms] [LOG] [Weapon] applyToMesh: recoilAngle=0.1 swayX=0 swayY=0 time=7.105299999999816 baseRot={x:undefined,y:undefined,z:undefined} type=object @ http://localhost:3001/items/Weapon.js:220
[   22968ms] [LOG] [Player] viewWeapon pos=0.25,-0.34,-0.80 rot=NaN,NaN,NaN visible=true fpArmsPos=0.00,0.00,0.00 @ http://localhost:3001/entities/Player.js:742
[   22968ms] [LOG] [Weapon] applyToMesh: recoilAngle=0.1 swayX=0 swayY=0 time=7.116899999999443 baseRot={x:undefined,y:undefined,z:undefined} type=object @ http://localhost:3001/items/Weapon.js:220
[   22980ms] [LOG] [Player] viewWeapon pos=0.25,-0.34,-0.80 rot=NaN,NaN,NaN visible=true fpArmsPos=0.00,0.00,0.00 @ http://localhost:3001/entities/Player.js:742
[   22980ms] [LOG] [Weapon] applyToMesh: recoilAngle=0.1 swayX=0 swayY=0 time=7.129699999999257 baseRot={x:undefined,y:undefined,z:undefined} type=object @ http://localhost:3001/items/Weapon.js:220
[   22990ms] [LOG] [Player] viewWeapon pos=0.25,-0.34,-0.80 rot=NaN,NaN,NaN visible=true fpArmsPos=0.00,0.00,0.00 @ http://localhost:3001/entities/Player.js:742
[   22990ms] [LOG] [Weapon] applyToMesh: recoilAngle=0.1 swayX=0 swayY=0 time=7.139899999999443 baseRot={x:undefined,y:undefined,z:undefined} type=object @ http://localhost:3001/items/Weapon.js:220
[   23002ms] [LOG] [Player] viewWeapon pos=0.25,-0.34,-0.80 rot=NaN,NaN,NaN visible=true fpArmsPos=0.00,0.00,0.00 @ http://localhost:3001/entities/Player.js:742
[   23002ms] [LOG] [Weapon] applyToMesh: recoilAngle=0.1 swayX=0 swayY=0 time=7.1514999999990705 baseRot={x:undefined,y:undefined,z:undefined} type=object @ http://localhost:3001/items/Weapon.js:220
[   23011ms] [LOG] [Player] viewWeapon pos=0.25,-0.34,-0.80 rot=NaN,NaN,NaN visible=true fpArmsPos=0.00,0.00,0.00 @ http://localhost:3001/entities/Player.js:742
[   23011ms] [LOG] [Weapon] applyToMesh: recoilAngle=0.1 swayX=0 swayY=0 time=7.160499999999071 baseRot={x:undefined,y:undefined,z:undefined} type=object @ http://localhost:3001/items/Weapon.js:220
[   23021ms] [LOG] [Player] viewWeapon pos=0.25,-0.34,-0.80 rot=NaN,NaN,NaN visible=true fpArmsPos=0.00,0.00,0.00 @ http://localhost:3001/entities/Player.js:742
[   23021ms] [LOG] [Weapon] applyToMesh: recoilAngle=0.1 swayX=0 swayY=0 time=7.170299999999816 baseRot={x:undefined,y:undefined,z:undefined} type=object @ http://localhost:3001/items/Weapon.js:220
[   23030ms] [LOG] [Player] viewWeapon pos=0.25,-0.34,-0.80 rot=NaN,NaN,NaN visible=true fpArmsPos=0.00,0.00,0.00 @ http://localhost:3001/entities/Player.js:742
[   23031ms] [LOG] [Weapon] applyToMesh: recoilAngle=0.1 swayX=0 swayY=0 time=7.179899999999444 baseRot={x:undefined,y:undefined,z:undefined} type=object @ http://localhost:3001/items/Weapon.js:220
[   23040ms] [LOG] [Player] viewWeapon pos=0.25,-0.34,-0.80 rot=NaN,NaN,NaN visible=true fpArmsPos=0.00,0.00,0.00 @ http://localhost:3001/entities/Player.js:742
[   23040ms] [LOG] [Weapon] applyToMesh: recoilAngle=0.1 swayX=0 swayY=0 time=7.189399999999444 baseRot={x:undefined,y:undefined,z:undefined} type=object @ http://localhost:3001/items/Weapon.js:220
[   23053ms] [LOG] [Player] viewWeapon pos=0.25,-0.34,-0.80 rot=NaN,NaN,NaN visible=true fpArmsPos=0.00,0.00,0.00 @ http://localhost:3001/entities/Player.js:742
[   23053ms] [LOG] [Weapon] applyToMesh: recoilAngle=0.1 swayX=0 swayY=0 time=7.202399999999444 baseRot={x:undefined,y:undefined,z:undefined} type=object @ http://localhost:3001/items/Weapon.js:220
[   23053ms] [LOG] [Player] after applyToMesh: rot=NaN,NaN,NaN baseRot=undef @ http://localhost:3001/entities/Player.js:781
[   23063ms] [LOG] [Player] viewWeapon pos=0.25,-0.34,-0.80 rot=NaN,NaN,NaN visible=true fpArmsPos=0.00,0.00,0.00 @ http://localhost:3001/entities/Player.js:742
[   23063ms] [LOG] [Weapon] applyToMesh: recoilAngle=0.1 swayX=0 swayY=0 time=7.21209999999963 baseRot={x:undefined,y:undefined,z:undefined} type=object @ http://localhost:3001/items/Weapon.js:220
[   23072ms] [LOG] [Player] viewWeapon pos=0.25,-0.34,-0.80 rot=NaN,NaN,NaN visible=true fpArmsPos=0.00,0.00,0.00 @ http://localhost:3001/entities/Player.js:742
[   23072ms] [LOG] [Weapon] applyToMesh: recoilAngle=0.1 swayX=0 swayY=0 time=7.221499999999072 baseRot={x:undefined,y:undefined,z:undefined} type=object @ http://localhost:3001/items/Weapon.js:220
[   23082ms] [LOG] [Player] viewWeapon pos=0.25,-0.34,-0.80 rot=NaN,NaN,NaN visible=true fpArmsPos=0.00,0.00,0.00 @ http://localhost:3001/entities/Player.js:742
[   23082ms] [LOG] [Weapon] applyToMesh: recoilAngle=0.1 swayX=0 swayY=0 time=7.231299999999817 baseRot={x:undefined,y:undefined,z:undefined} type=object @ http://localhost:3001/items/Weapon.js:220
[   23097ms] [LOG] [Player] viewWeapon pos=0.25,-0.34,-0.80 rot=NaN,NaN,NaN visible=true fpArmsPos=0.00,0.00,0.00 @ http://localhost:3001/entities/Player.js:742
[   23097ms] [LOG] [Weapon] applyToMesh: recoilAngle=0.1 swayX=0 swayY=0 time=7.245899999999445 baseRot={x:undefined,y:undefined,z:undefined} type=object @ http://localhost:3001/items/Weapon.js:220
[   23110ms] [LOG] [Player] viewWeapon pos=0.25,-0.34,-0.80 rot=NaN,NaN,NaN visible=true fpArmsPos=0.00,0.00,0.00 @ http://localhost:3001/entities/Player.js:742
[   23110ms] [LOG] [Weapon] applyToMesh: recoilAngle=0.1 swayX=0 swayY=0 time=7.259799999999817 baseRot={x:undefined,y:undefined,z:undefined} type=object @ http://localhost:3001/items/Weapon.js:220
[   23119ms] [LOG] [Player] viewWeapon pos=0.25,-0.34,-0.80 rot=NaN,NaN,NaN visible=true fpArmsPos=0.00,0.00,0.00 @ http://localhost:3001/entities/Player.js:742
[   23119ms] [LOG] [Weapon] applyToMesh: recoilAngle=0.1 swayX=0 swayY=0 time=7.268099999999631 baseRot={x:undefined,y:undefined,z:undefined} type=object @ http://localhost:3001/items/Weapon.js:220
[   23128ms] [LOG] [Player] viewWeapon pos=0.25,-0.34,-0.80 rot=NaN,NaN,NaN visible=true fpArmsPos=0.00,0.00,0.00 @ http://localhost:3001/entities/Player.js:742
[   23128ms] [LOG] [Weapon] applyToMesh: recoilAngle=0.1 swayX=0 swayY=0 time=7.277399999999445 baseRot={x:undefined,y:undefined,z:undefined} type=object @ http://localhost:3001/items/Weapon.js:220
[   23135ms] [LOG] [Player] viewWeapon pos=0.25,-0.34,-0.80 rot=NaN,NaN,NaN visible=true fpArmsPos=0.00,0.00,0.00 @ http://localhost:3001/entities/Player.js:742
[   23136ms] [LOG] [Weapon] applyToMesh: recoilAngle=0.1 swayX=0 swayY=0 time=7.285099999999631 baseRot={x:undefined,y:undefined,z:undefined} type=object @ http://localhost:3001/items/Weapon.js:220
[   23202ms] [LOG] [Player] viewWeapon pos=0.25,-0.34,-0.80 rot=NaN,NaN,NaN visible=true fpArmsPos=0.00,0.00,0.00 @ http://localhost:3001/entities/Player.js:742
[   23203ms] [LOG] [Weapon] applyToMesh: recoilAngle=0.1 swayX=0 swayY=0 time=7.335099999999631 baseRot={x:undefined,y:undefined,z:undefined} type=object @ http://localhost:3001/items/Weapon.js:220
[   23214ms] [LOG] [Player] viewWeapon pos=0.25,-0.34,-0.80 rot=NaN,NaN,NaN visible=true fpArmsPos=0.00,0.00,0.00 @ http://localhost:3001/entities/Player.js:742
[   23214ms] [LOG] [Weapon] applyToMesh: recoilAngle=0.1 swayX=0 swayY=0 time=7.346899999999445 baseRot={x:undefined,y:undefined,z:undefined} type=object @ http://localhost:3001/items/Weapon.js:220
[   23222ms] [LOG] [Player] viewWeapon pos=0.25,-0.34,-0.80 rot=NaN,NaN,NaN visible=true fpArmsPos=0.00,0.00,0.00 @ http://localhost:3001/entities/Player.js:742
[   23222ms] [LOG] [Weapon] applyToMesh: recoilAngle=0.1 swayX=0 swayY=0 time=7.355099999999631 baseRot={x:undefined,y:undefined,z:undefined} type=object @ http://localhost:3001/items/Weapon.js:220
[   23237ms] [LOG] [Player] viewWeapon pos=0.25,-0.34,-0.80 rot=NaN,NaN,NaN visible=true fpArmsPos=0.00,0.00,0.00 @ http://localhost:3001/entities/Player.js:742
[   23238ms] [LOG] [Weapon] applyToMesh: recoilAngle=0.1 swayX=0 swayY=0 time=7.370199999999258 baseRot={x:undefined,y:undefined,z:undefined} type=object @ http://localhost:3001/items/Weapon.js:220
[   23247ms] [LOG] [Player] viewWeapon pos=0.25,-0.34,-0.80 rot=NaN,NaN,NaN visible=true fpArmsPos=0.00,0.00,0.00 @ http://localhost:3001/entities/Player.js:742
[   23247ms] [LOG] [Weapon] applyToMesh: recoilAngle=0.1 swayX=0 swayY=0 time=7.38009999999963 baseRot={x:undefined,y:undefined,z:undefined} type=object @ http://localhost:3001/items/Weapon.js:220
[   23256ms] [LOG] [Player] viewWeapon pos=0.25,-0.34,-0.80 rot=NaN,NaN,NaN visible=true fpArmsPos=0.00,0.00,0.00 @ http://localhost:3001/entities/Player.js:742
[   23256ms] [LOG] [Weapon] applyToMesh: recoilAngle=0.1 swayX=0 swayY=0 time=7.388899999999444 baseRot={x:undefined,y:undefined,z:undefined} type=object @ http://localhost:3001/items/Weapon.js:220
[   23264ms] [LOG] [Player] viewWeapon pos=0.25,-0.34,-0.80 rot=NaN,NaN,NaN visible=true fpArmsPos=0.00,0.00,0.00 @ http://localhost:3001/entities/Player.js:742
[   23265ms] [LOG] [Weapon] applyToMesh: recoilAngle=0.1 swayX=0 swayY=0 time=7.39759999999963 baseRot={x:undefined,y:undefined,z:undefined} type=object @ http://localhost:3001/items/Weapon.js:220
[   23265ms] [LOG] [Player] anim: recoilAngle=0.1 swayX=0 swayY=0 time=7.39759999999963 @ http://localhost:3001/entities/Player.js:780
[   23273ms] [LOG] [Player] viewWeapon pos=0.25,-0.34,-0.80 rot=NaN,NaN,NaN visible=true fpArmsPos=0.00,0.00,0.00 @ http://localhost:3001/entities/Player.js:742
[   23273ms] [LOG] [Weapon] applyToMesh: recoilAngle=0.1 swayX=0 swayY=0 time=7.40609999999963 baseRot={x:undefined,y:undefined,z:undefined} type=object @ http://localhost:3001/items/Weapon.js:220
[   23282ms] [LOG] [Player] viewWeapon pos=0.25,-0.34,-0.80 rot=NaN,NaN,NaN visible=true fpArmsPos=0.00,0.00,0.00 @ http://localhost:3001/entities/Player.js:742
[   23282ms] [LOG] [Weapon] applyToMesh: recoilAngle=0.1 swayX=0 swayY=0 time=7.414899999999443 baseRot={x:undefined,y:undefined,z:undefined} type=object @ http://localhost:3001/items/Weapon.js:220
[   23293ms] [LOG] [Player] viewWeapon pos=0.25,-0.34,-0.80 rot=NaN,NaN,NaN visible=true fpArmsPos=0.00,0.00,0.00 @ http://localhost:3001/entities/Player.js:742
[   23293ms] [LOG] [Weapon] applyToMesh: recoilAngle=0.1 swayX=0 swayY=0 time=7.4260999999996296 baseRot={x:undefined,y:undefined,z:undefined} type=object @ http://localhost:3001/items/Weapon.js:220
[   23303ms] [LOG] [Player] viewWeapon pos=0.25,-0.34,-0.80 rot=NaN,NaN,NaN visible=true fpArmsPos=0.00,0.00,0.00 @ http://localhost:3001/entities/Player.js:742
[   23303ms] [LOG] [Weapon] applyToMesh: recoilAngle=0.1 swayX=0 swayY=0 time=7.436399999999443 baseRot={x:undefined,y:undefined,z:undefined} type=object @ http://localhost:3001/items/Weapon.js:220
[   23310ms] [LOG] [Player] viewWeapon pos=0.25,-0.34,-0.80 rot=NaN,NaN,NaN visible=true fpArmsPos=0.00,0.00,0.00 @ http://localhost:3001/entities/Player.js:742
[   23310ms] [LOG] [Weapon] applyToMesh: recoilAngle=0.1 swayX=0 swayY=0 time=7.44349999999907 baseRot={x:undefined,y:undefined,z:undefined} type=object @ http://localhost:3001/items/Weapon.js:220
[   23319ms] [LOG] [Player] viewWeapon pos=0.25,-0.34,-0.80 rot=NaN,NaN,NaN visible=true fpArmsPos=0.00,0.00,0.00 @ http://localhost:3001/entities/Player.js:742
[   23319ms] [LOG] [Weapon] applyToMesh: recoilAngle=0.1 swayX=0 swayY=0 time=7.452099999999629 baseRot={x:undefined,y:undefined,z:undefined} type=object @ http://localhost:3001/items/Weapon.js:220
[   23327ms] [LOG] [Player] viewWeapon pos=0.25,-0.34,-0.80 rot=NaN,NaN,NaN visible=true fpArmsPos=0.00,0.00,0.00 @ http://localhost:3001/entities/Player.js:742
[   23327ms] [LOG] [Weapon] applyToMesh: recoilAngle=0.1 swayX=0 swayY=0 time=7.459799999999816 baseRot={x:undefined,y:undefined,z:undefined} type=object @ http://localhost:3001/items/Weapon.js:220
[   23335ms] [LOG] [Player] viewWeapon pos=0.25,-0.34,-0.80 rot=NaN,NaN,NaN visible=true fpArmsPos=0.00,0.00,0.00 @ http://localhost:3001/entities/Player.js:742
[   23335ms] [LOG] [Weapon] applyToMesh: recoilAngle=0.1 swayX=0 swayY=0 time=7.467699999999257 baseRot={x:undefined,y:undefined,z:undefined} type=object @ http://localhost:3001/items/Weapon.js:220
[   23343ms] [LOG] [Player] viewWeapon pos=0.25,-0.34,-0.80 rot=NaN,NaN,NaN visible=true fpArmsPos=0.00,0.00,0.00 @ http://localhost:3001/entities/Player.js:742
[   23343ms] [LOG] [Weapon] applyToMesh: recoilAngle=0.1 swayX=0 swayY=0 time=7.476399999999444 baseRot={x:undefined,y:undefined,z:undefined} type=object @ http://localhost:3001/items/Weapon.js:220
[   23352ms] [LOG] [Player] viewWeapon pos=0.25,-0.34,-0.80 rot=NaN,NaN,NaN visible=true fpArmsPos=0.00,0.00,0.00 @ http://localhost:3001/entities/Player.js:742
[   23352ms] [LOG] [Weapon] applyToMesh: recoilAngle=0.1 swayX=0 swayY=0 time=7.485399999999444 baseRot={x:undefined,y:undefined,z:undefined} type=object @ http://localhost:3001/items/Weapon.js:220
[   23360ms] [LOG] [Player] viewWeapon pos=0.25,-0.34,-0.80 rot=NaN,NaN,NaN visible=true fpArmsPos=0.00,0.00,0.00 @ http://localhost:3001/entities/Player.js:742
[   23360ms] [LOG] [Weapon] applyToMesh: recoilAngle=0.1 swayX=0 swayY=0 time=7.492899999999445 baseRot={x:undefined,y:undefined,z:undefined} type=object @ http://localhost:3001/items/Weapon.js:220
[   23367ms] [LOG] [Player] viewWeapon pos=0.25,-0.34,-0.80 rot=NaN,NaN,NaN visible=true fpArmsPos=0.00,0.00,0.00 @ http://localhost:3001/entities/Player.js:742
[   23367ms] [LOG] [Weapon] applyToMesh: recoilAngle=0.1 swayX=0 swayY=0 time=7.499899999999444 baseRot={x:undefined,y:undefined,z:undefined} type=object @ http://localhost:3001/items/Weapon.js:220
[   23374ms] [LOG] [Player] viewWeapon pos=0.25,-0.34,-0.80 rot=NaN,NaN,NaN visible=true fpArmsPos=0.00,0.00,0.00 @ http://localhost:3001/entities/Player.js:742
[   23375ms] [LOG] [Weapon] applyToMesh: recoilAngle=0.1 swayX=0 swayY=0 time=7.5073999999994445 baseRot={x:undefined,y:undefined,z:undefined} type=object @ http://localhost:3001/items/Weapon.js:220
[   23381ms] [LOG] [Player] viewWeapon pos=0.25,-0.34,-0.80 rot=NaN,NaN,NaN visible=true fpArmsPos=0.00,0.00,0.00 @ http://localhost:3001/entities/Player.js:742
[   23381ms] [LOG] [Weapon] applyToMesh: recoilAngle=0.1 swayX=0 swayY=0 time=7.514399999999444 baseRot={x:undefined,y:undefined,z:undefined} type=object @ http://localhost:3001/items/Weapon.js:220
[   23388ms] [LOG] [Player] viewWeapon pos=0.25,-0.34,-0.80 rot=NaN,NaN,NaN visible=true fpArmsPos=0.00,0.00,0.00 @ http://localhost:3001/entities/Player.js:742
[   23389ms] [LOG] [Weapon] applyToMesh: recoilAngle=0.1 swayX=0 swayY=0 time=7.521399999999444 baseRot={x:undefined,y:undefined,z:undefined} type=object @ http://localhost:3001/items/Weapon.js:220
[   23399ms] [LOG] [Player] viewWeapon pos=0.25,-0.34,-0.80 rot=NaN,NaN,NaN visible=true fpArmsPos=0.00,0.00,0.00 @ http://localhost:3001/entities/Player.js:742
[   23399ms] [LOG] [Weapon] applyToMesh: recoilAngle=0.1 swayX=0 swayY=0 time=7.531999999999071 baseRot={x:undefined,y:undefined,z:undefined} type=object @ http://localhost:3001/items/Weapon.js:220
[   23408ms] [LOG] [Player] viewWeapon pos=0.25,-0.34,-0.80 rot=NaN,NaN,NaN visible=true fpArmsPos=0.00,0.00,0.00 @ http://localhost:3001/entities/Player.js:742
[   23408ms] [LOG] [Weapon] applyToMesh: recoilAngle=0.1 swayX=0 swayY=0 time=7.540999999999071 baseRot={x:undefined,y:undefined,z:undefined} type=object @ http://localhost:3001/items/Weapon.js:220
[   23415ms] [LOG] [Player] viewWeapon pos=0.25,-0.34,-0.80 rot=NaN,NaN,NaN visible=true fpArmsPos=0.00,0.00,0.00 @ http://localhost:3001/entities/Player.js:742
[   23415ms] [LOG] [Weapon] applyToMesh: recoilAngle=0.1 swayX=0 swayY=0 time=7.547899999999444 baseRot={x:undefined,y:undefined,z:undefined} type=object @ http://localhost:3001/items/Weapon.js:220
[   23422ms] [LOG] [Player] viewWeapon pos=0.25,-0.34,-0.80 rot=NaN,NaN,NaN visible=true fpArmsPos=0.00,0.00,0.00 @ http://localhost:3001/entities/Player.js:742
[   23422ms] [LOG] [Weapon] applyToMesh: recoilAngle=0.1 swayX=0 swayY=0 time=7.555299999999817 baseRot={x:undefined,y:undefined,z:undefined} type=object @ http://localhost:3001/items/Weapon.js:220
[   23430ms] [LOG] [Player] viewWeapon pos=0.25,-0.34,-0.80 rot=NaN,NaN,NaN visible=true fpArmsPos=0.00,0.00,0.00 @ http://localhost:3001/entities/Player.js:742
[   23430ms] [LOG] [Weapon] applyToMesh: recoilAngle=0.1 swayX=0 swayY=0 time=7.562799999999817 baseRot={x:undefined,y:undefined,z:undefined} type=object @ http://localhost:3001/items/Weapon.js:220
[   23437ms] [LOG] [Player] viewWeapon pos=0.25,-0.34,-0.80 rot=NaN,NaN,NaN visible=true fpArmsPos=0.00,0.00,0.00 @ http://localhost:3001/entities/Player.js:742
[   23438ms] [LOG] [Weapon] applyToMesh: recoilAngle=0.1 swayX=0 swayY=0 time=7.570499999999072 baseRot={x:undefined,y:undefined,z:undefined} type=object @ http://localhost:3001/items/Weapon.js:220
[   23450ms] [LOG] [Player] viewWeapon pos=0.25,-0.34,-0.80 rot=NaN,NaN,NaN visible=true fpArmsPos=0.00,0.00,0.00 @ http://localhost:3001/entities/Player.js:742
[   23450ms] [LOG] [Weapon] applyToMesh: recoilAngle=0.1 swayX=0 swayY=0 time=7.582499999999071 baseRot={x:undefined,y:undefined,z:undefined} type=object @ http://localhost:3001/items/Weapon.js:220
[   23458ms] [LOG] [Player] viewWeapon pos=0.25,-0.34,-0.80 rot=NaN,NaN,NaN visible=true fpArmsPos=0.00,0.00,0.00 @ http://localhost:3001/entities/Player.js:742
[   23458ms] [LOG] [Weapon] applyToMesh: recoilAngle=0.1 swayX=0 swayY=0 time=7.5906999999992575 baseRot={x:undefined,y:undefined,z:undefined} type=object @ http://localhost:3001/items/Weapon.js:220
[   23464ms] [LOG] [Player] viewWeapon pos=0.25,-0.34,-0.80 rot=NaN,NaN,NaN visible=true fpArmsPos=0.00,0.00,0.00 @ http://localhost:3001/entities/Player.js:742
[   23465ms] [LOG] [Weapon] applyToMesh: recoilAngle=0.1 swayX=0 swayY=0 time=7.597699999999257 baseRot={x:undefined,y:undefined,z:undefined} type=object @ http://localhost:3001/items/Weapon.js:220
[   23471ms] [LOG] [Player] viewWeapon pos=0.25,-0.34,-0.80 rot=NaN,NaN,NaN visible=true fpArmsPos=0.00,0.00,0.00 @ http://localhost:3001/entities/Player.js:742
[   23472ms] [LOG] [Weapon] applyToMesh: recoilAngle=0.1 swayX=0 swayY=0 time=7.60459999999963 baseRot={x:undefined,y:undefined,z:undefined} type=object @ http://localhost:3001/items/Weapon.js:220
[   23479ms] [LOG] [Player] viewWeapon pos=0.25,-0.34,-0.80 rot=NaN,NaN,NaN visible=true fpArmsPos=0.00,0.00,0.00 @ http://localhost:3001/entities/Player.js:742
[   23479ms] [LOG] [Weapon] applyToMesh: recoilAngle=0.1 swayX=0 swayY=0 time=7.612199999999258 baseRot={x:undefined,y:undefined,z:undefined} type=object @ http://localhost:3001/items/Weapon.js:220
[   23479ms] [LOG] [Player] after applyToMesh: rot=NaN,NaN,NaN baseRot=undef @ http://localhost:3001/entities/Player.js:781
[   23485ms] [LOG] [Player] viewWeapon pos=0.25,-0.34,-0.80 rot=NaN,NaN,NaN visible=true fpArmsPos=0.00,0.00,0.00 @ http://localhost:3001/entities/Player.js:742
[   23485ms] [LOG] [Weapon] applyToMesh: recoilAngle=0.1 swayX=0 swayY=0 time=7.618699999999258 baseRot={x:undefined,y:undefined,z:undefined} type=object @ http://localhost:3001/items/Weapon.js:220
[   23493ms] [LOG] [Player] viewWeapon pos=0.25,-0.34,-0.80 rot=NaN,NaN,NaN visible=true fpArmsPos=0.00,0.00,0.00 @ http://localhost:3001/entities/Player.js:742
[   23493ms] [LOG] [Weapon] applyToMesh: recoilAngle=0.1 swayX=0 swayY=0 time=7.626399999999444 baseRot={x:undefined,y:undefined,z:undefined} type=object @ http://localhost:3001/items/Weapon.js:220
[   23500ms] [LOG] [Player] viewWeapon pos=0.25,-0.34,-0.80 rot=NaN,NaN,NaN visible=true fpArmsPos=0.00,0.00,0.00 @ http://localhost:3001/entities/Player.js:742
[   23501ms] [LOG] [Weapon] applyToMesh: recoilAngle=0.1 swayX=0 swayY=0 time=7.633699999999258 baseRot={x:undefined,y:undefined,z:undefined} type=object @ http://localhost:3001/items/Weapon.js:220
[   23508ms] [LOG] [Player] viewWeapon pos=0.25,-0.34,-0.80 rot=NaN,NaN,NaN visible=true fpArmsPos=0.00,0.00,0.00 @ http://localhost:3001/entities/Player.js:742
[   23508ms] [LOG] [Weapon] applyToMesh: recoilAngle=0.1 swayX=0 swayY=0 time=7.641299999999816 baseRot={x:undefined,y:undefined,z:undefined} type=object @ http://localhost:3001/items/Weapon.js:220
[   23516ms] [LOG] [Player] viewWeapon pos=0.25,-0.34,-0.80 rot=NaN,NaN,NaN visible=true fpArmsPos=0.00,0.00,0.00 @ http://localhost:3001/entities/Player.js:742
[   23517ms] [LOG] [Weapon] applyToMesh: recoilAngle=0.1 swayX=0 swayY=0 time=7.649699999999258 baseRot={x:undefined,y:undefined,z:undefined} type=object @ http://localhost:3001/items/Weapon.js:220
[   23523ms] [LOG] [Player] viewWeapon pos=0.25,-0.34,-0.80 rot=NaN,NaN,NaN visible=true fpArmsPos=0.00,0.00,0.00 @ http://localhost:3001/entities/Player.js:742
[   23523ms] [LOG] [Weapon] applyToMesh: recoilAngle=0.1 swayX=0 swayY=0 time=7.655899999999444 baseRot={x:undefined,y:undefined,z:undefined} type=object @ http://localhost:3001/items/Weapon.js:220
[   23530ms] [LOG] [Player] viewWeapon pos=0.25,-0.34,-0.80 rot=NaN,NaN,NaN visible=true fpArmsPos=0.00,0.00,0.00 @ http://localhost:3001/entities/Player.js:742
[   23530ms] [LOG] [Weapon] applyToMesh: recoilAngle=0.1 swayX=0 swayY=0 time=7.663299999999817 baseRot={x:undefined,y:undefined,z:undefined} type=object @ http://localhost:3001/items/Weapon.js:220
[   23536ms] [LOG] [Player] viewWeapon pos=0.25,-0.34,-0.80 rot=NaN,NaN,NaN visible=true fpArmsPos=0.00,0.00,0.00 @ http://localhost:3001/entities/Player.js:742
[   23536ms] [LOG] [Weapon] applyToMesh: recoilAngle=0.1 swayX=0 swayY=0 time=7.6695999999996305 baseRot={x:undefined,y:undefined,z:undefined} type=object @ http://localhost:3001/items/Weapon.js:220
[   23546ms] [LOG] [Player] viewWeapon pos=0.25,-0.34,-0.80 rot=NaN,NaN,NaN visible=true fpArmsPos=0.00,0.00,0.00 @ http://localhost:3001/entities/Player.js:742
[   23547ms] [LOG] [Weapon] applyToMesh: recoilAngle=0.1 swayX=0 swayY=0 time=7.679699999999258 baseRot={x:undefined,y:undefined,z:undefined} type=object @ http://localhost:3001/items/Weapon.js:220
[   23553ms] [LOG] [Player] viewWeapon pos=0.25,-0.34,-0.80 rot=NaN,NaN,NaN visible=true fpArmsPos=0.00,0.00,0.00 @ http://localhost:3001/entities/Player.js:742
[   23553ms] [LOG] [Weapon] applyToMesh: recoilAngle=0.1 swayX=0 swayY=0 time=7.685999999999072 baseRot={x:undefined,y:undefined,z:undefined} type=object @ http://localhost:3001/items/Weapon.js:220
[   23559ms] [LOG] [Player] viewWeapon pos=0.25,-0.34,-0.80 rot=NaN,NaN,NaN visible=true fpArmsPos=0.00,0.00,0.00 @ http://localhost:3001/entities/Player.js:742
[   23559ms] [LOG] [Weapon] applyToMesh: recoilAngle=0.1 swayX=0 swayY=0 time=7.6922999999998165 baseRot={x:undefined,y:undefined,z:undefined} type=object @ http://localhost:3001/items/Weapon.js:220
[   23566ms] [LOG] [Player] viewWeapon pos=0.25,-0.34,-0.80 rot=NaN,NaN,NaN visible=true fpArmsPos=0.00,0.00,0.00 @ http://localhost:3001/entities/Player.js:742
[   23566ms] [LOG] [Weapon] applyToMesh: recoilAngle=0.1 swayX=0 swayY=0 time=7.699199999999258 baseRot={x:undefined,y:undefined,z:undefined} type=object @ http://localhost:3001/items/Weapon.js:220
[   23572ms] [LOG] [Player] viewWeapon pos=0.25,-0.34,-0.80 rot=NaN,NaN,NaN visible=true fpArmsPos=0.00,0.00,0.00 @ http://localhost:3001/entities/Player.js:742
[   23572ms] [LOG] [Weapon] applyToMesh: recoilAngle=0.1 swayX=0 swayY=0 time=7.70559999999963 baseRot={x:undefined,y:undefined,z:undefined} type=object @ http://localhost:3001/items/Weapon.js:220
[   23579ms] [LOG] [Player] viewWeapon pos=0.25,-0.34,-0.80 rot=NaN,NaN,NaN visible=true fpArmsPos=0.00,0.00,0.00 @ http://localhost:3001/entities/Player.js:742
[   23579ms] [LOG] [Weapon] applyToMesh: recoilAngle=0.1 swayX=0 swayY=0 time=7.712399999999444 baseRot={x:undefined,y:undefined,z:undefined} type=object @ http://localhost:3001/items/Weapon.js:220
[   23585ms] [LOG] [Player] viewWeapon pos=0.25,-0.34,-0.80 rot=NaN,NaN,NaN visible=true fpArmsPos=0.00,0.00,0.00 @ http://localhost:3001/entities/Player.js:742
[   23586ms] [LOG] [Weapon] applyToMesh: recoilAngle=0.1 swayX=0 swayY=0 time=7.71859999999963 baseRot={x:undefined,y:undefined,z:undefined} type=object @ http://localhost:3001/items/Weapon.js:220
[   23593ms] [LOG] [Player] viewWeapon pos=0.25,-0.34,-0.80 rot=NaN,NaN,NaN visible=true fpArmsPos=0.00,0.00,0.00 @ http://localhost:3001/entities/Player.js:742
[   23593ms] [LOG] [Weapon] applyToMesh: recoilAngle=0.1 swayX=0 swayY=0 time=7.726299999999816 baseRot={x:undefined,y:undefined,z:undefined} type=object @ http://localhost:3001/items/Weapon.js:220
[   23600ms] [LOG] [Player] viewWeapon pos=0.25,-0.34,-0.80 rot=NaN,NaN,NaN visible=true fpArmsPos=0.00,0.00,0.00 @ http://localhost:3001/entities/Player.js:742
[   23600ms] [LOG] [Weapon] applyToMesh: recoilAngle=0.1 swayX=0 swayY=0 time=7.732899999999444 baseRot={x:undefined,y:undefined,z:undefined} type=object @ http://localhost:3001/items/Weapon.js:220
[   23607ms] [LOG] [Player] viewWeapon pos=0.25,-0.34,-0.80 rot=NaN,NaN,NaN visible=true fpArmsPos=0.00,0.00,0.00 @ http://localhost:3001/entities/Player.js:742
[   23607ms] [LOG] [Weapon] applyToMesh: recoilAngle=0.1 swayX=0 swayY=0 time=7.7396999999992575 baseRot={x:undefined,y:undefined,z:undefined} type=object @ http://localhost:3001/items/Weapon.js:220
[   23613ms] [LOG] [Player] viewWeapon pos=0.25,-0.34,-0.80 rot=NaN,NaN,NaN visible=true fpArmsPos=0.00,0.00,0.00 @ http://localhost:3001/entities/Player.js:742
[   23613ms] [LOG] [Weapon] applyToMesh: recoilAngle=0.1 swayX=0 swayY=0 time=7.746299999999816 baseRot={x:undefined,y:undefined,z:undefined} type=object @ http://localhost:3001/items/Weapon.js:220
[   23619ms] [LOG] [Player] viewWeapon pos=0.25,-0.34,-0.80 rot=NaN,NaN,NaN visible=true fpArmsPos=0.00,0.00,0.00 @ http://localhost:3001/entities/Player.js:742
[   23619ms] [LOG] [Weapon] applyToMesh: recoilAngle=0.1 swayX=0 swayY=0 time=7.75259999999963 baseRot={x:undefined,y:undefined,z:undefined} type=object @ http://localhost:3001/items/Weapon.js:220
[   23626ms] [LOG] [Player] viewWeapon pos=0.25,-0.34,-0.80 rot=NaN,NaN,NaN visible=true fpArmsPos=0.00,0.00,0.00 @ http://localhost:3001/entities/Player.js:742
[   23626ms] [LOG] [Weapon] applyToMesh: recoilAngle=0.1 swayX=0 swayY=0 time=7.758999999999071 baseRot={x:undefined,y:undefined,z:undefined} type=object @ http://localhost:3001/items/Weapon.js:220
[   23633ms] [LOG] [Player] viewWeapon pos=0.25,-0.34,-0.80 rot=NaN,NaN,NaN visible=true fpArmsPos=0.00,0.00,0.00 @ http://localhost:3001/entities/Player.js:742
[   23633ms] [LOG] [Weapon] applyToMesh: recoilAngle=0.1 swayX=0 swayY=0 time=7.765699999999257 baseRot={x:undefined,y:undefined,z:undefined} type=object @ http://localhost:3001/items/Weapon.js:220
[   23642ms] [LOG] [Player] viewWeapon pos=0.25,-0.34,-0.80 rot=NaN,NaN,NaN visible=true fpArmsPos=0.00,0.00,0.00 @ http://localhost:3001/entities/Player.js:742
[   23642ms] [LOG] [Weapon] applyToMesh: recoilAngle=0.1 swayX=0 swayY=0 time=7.775199999999257 baseRot={x:undefined,y:undefined,z:undefined} type=object @ http://localhost:3001/items/Weapon.js:220
[   23649ms] [LOG] [Player] viewWeapon pos=0.25,-0.34,-0.80 rot=NaN,NaN,NaN visible=true fpArmsPos=0.00,0.00,0.00 @ http://localhost:3001/entities/Player.js:742
[   23649ms] [LOG] [Weapon] applyToMesh: recoilAngle=0.1 swayX=0 swayY=0 time=7.781899999999443 baseRot={x:undefined,y:undefined,z:undefined} type=object @ http://localhost:3001/items/Weapon.js:220
[   23656ms] [LOG] [Player] viewWeapon pos=0.25,-0.34,-0.80 rot=NaN,NaN,NaN visible=true fpArmsPos=0.00,0.00,0.00 @ http://localhost:3001/entities/Player.js:742
[   23656ms] [LOG] [Weapon] applyToMesh: recoilAngle=0.1 swayX=0 swayY=0 time=7.789299999999816 baseRot={x:undefined,y:undefined,z:undefined} type=object @ http://localhost:3001/items/Weapon.js:220
[   23663ms] [LOG] [Player] viewWeapon pos=0.25,-0.34,-0.80 rot=NaN,NaN,NaN visible=true fpArmsPos=0.00,0.00,0.00 @ http://localhost:3001/entities/Player.js:742
[   23664ms] [LOG] [Weapon] applyToMesh: recoilAngle=0.1 swayX=0 swayY=0 time=7.796799999999816 baseRot={x:undefined,y:undefined,z:undefined} type=object @ http://localhost:3001/items/Weapon.js:220
[   23671ms] [LOG] [Player] viewWeapon pos=0.25,-0.34,-0.80 rot=NaN,NaN,NaN visible=true fpArmsPos=0.00,0.00,0.00 @ http://localhost:3001/entities/Player.js:742
[   23671ms] [LOG] [Weapon] applyToMesh: recoilAngle=0.1 swayX=0 swayY=0 time=7.803699999999258 baseRot={x:undefined,y:undefined,z:undefined} type=object @ http://localhost:3001/items/Weapon.js:220
[   23682ms] [LOG] [Player] viewWeapon pos=0.25,-0.34,-0.80 rot=NaN,NaN,NaN visible=true fpArmsPos=0.00,0.00,0.00 @ http://localhost:3001/entities/Player.js:742
[   23683ms] [LOG] [Weapon] applyToMesh: recoilAngle=0.1 swayX=0 swayY=0 time=7.815499999999071 baseRot={x:undefined,y:undefined,z:undefined} type=object @ http://localhost:3001/items/Weapon.js:220
[   23698ms] [LOG] [Player] viewWeapon pos=0.25,-0.34,-0.80 rot=NaN,NaN,NaN visible=true fpArmsPos=0.00,0.00,0.00 @ http://localhost:3001/entities/Player.js:742
[   23698ms] [LOG] [Weapon] applyToMesh: recoilAngle=0.1 swayX=0 swayY=0 time=7.830999999999071 baseRot={x:undefined,y:undefined,z:undefined} type=object @ http://localhost:3001/items/Weapon.js:220
[   23710ms] [LOG] [Player] viewWeapon pos=0.25,-0.34,-0.80 rot=NaN,NaN,NaN visible=true fpArmsPos=0.00,0.00,0.00 @ http://localhost:3001/entities/Player.js:742
[   23710ms] [LOG] [Weapon] applyToMesh: recoilAngle=0.1 swayX=0 swayY=0 time=7.842899999999444 baseRot={x:undefined,y:undefined,z:undefined} type=object @ http://localhost:3001/items/Weapon.js:220
[   23710ms] [LOG] [CameraController] playerPos=46.00,4.04,0.00 targetY=4.19 camPos=46.00,4.19,0.00 @ http://localhost:3001/core/CameraController.js:240
[   23721ms] [LOG] [Player] viewWeapon pos=0.25,-0.34,-0.80 rot=NaN,NaN,NaN visible=true fpArmsPos=0.00,0.00,0.00 @ http://localhost:3001/entities/Player.js:742
[   23721ms] [LOG] [Weapon] applyToMesh: recoilAngle=0.1 swayX=0 swayY=0 time=7.853599999999631 baseRot={x:undefined,y:undefined,z:undefined} type=object @ http://localhost:3001/items/Weapon.js:220
[   23728ms] [LOG] [Player] viewWeapon pos=0.25,-0.34,-0.80 rot=NaN,NaN,NaN visible=true fpArmsPos=0.00,0.00,0.00 @ http://localhost:3001/entities/Player.js:742
[   23728ms] [LOG] [Weapon] applyToMesh: recoilAngle=0.1 swayX=0 swayY=0 time=7.861399999999445 baseRot={x:undefined,y:undefined,z:undefined} type=object @ http://localhost:3001/items/Weapon.js:220
[   23736ms] [LOG] [Player] viewWeapon pos=0.25,-0.34,-0.80 rot=NaN,NaN,NaN visible=true fpArmsPos=0.00,0.00,0.00 @ http://localhost:3001/entities/Player.js:742
[   23737ms] [LOG] [Weapon] applyToMesh: recoilAngle=0.1 swayX=0 swayY=0 time=7.869599999999631 baseRot={x:undefined,y:undefined,z:undefined} type=object @ http://localhost:3001/items/Weapon.js:220
[   23743ms] [LOG] [Player] viewWeapon pos=0.25,-0.34,-0.80 rot=NaN,NaN,NaN visible=true fpArmsPos=0.00,0.00,0.00 @ http://localhost:3001/entities/Player.js:742
[   23743ms] [LOG] [Weapon] applyToMesh: recoilAngle=0.1 swayX=0 swayY=0 time=7.87659999999963 baseRot={x:undefined,y:undefined,z:undefined} type=object @ http://localhost:3001/items/Weapon.js:220
[   23744ms] [LOG] [Player] after applyToMesh: rot=NaN,NaN,NaN baseRot=undef @ http://localhost:3001/entities/Player.js:781
[   23750ms] [LOG] [Player] viewWeapon pos=0.25,-0.34,-0.80 rot=NaN,NaN,NaN visible=true fpArmsPos=0.00,0.00,0.00 @ http://localhost:3001/entities/Player.js:742
[   23750ms] [LOG] [Weapon] applyToMesh: recoilAngle=0.1 swayX=0 swayY=0 time=7.882899999999444 baseRot={x:undefined,y:undefined,z:undefined} type=object @ http://localhost:3001/items/Weapon.js:220
[   23750ms] [LOG] [Player] after applyToMesh: rot=NaN,NaN,NaN baseRot=undef @ http://localhost:3001/entities/Player.js:781
[   23757ms] [LOG] [Player] viewWeapon pos=0.25,-0.34,-0.80 rot=NaN,NaN,NaN visible=true fpArmsPos=0.00,0.00,0.00 @ http://localhost:3001/entities/Player.js:742
[   23757ms] [LOG] [Weapon] applyToMesh: recoilAngle=0.1 swayX=0 swayY=0 time=7.8899999999990715 baseRot={x:undefined,y:undefined,z:undefined} type=object @ http://localhost:3001/items/Weapon.js:220
[   23764ms] [LOG] [Player] viewWeapon pos=0.25,-0.34,-0.80 rot=NaN,NaN,NaN visible=true fpArmsPos=0.00,0.00,0.00 @ http://localhost:3001/entities/Player.js:742
[   23764ms] [LOG] [Weapon] applyToMesh: recoilAngle=0.1 swayX=0 swayY=0 time=7.8970999999996305 baseRot={x:undefined,y:undefined,z:undefined} type=object @ http://localhost:3001/items/Weapon.js:220
[   23771ms] [LOG] [Player] viewWeapon pos=0.25,-0.34,-0.80 rot=NaN,NaN,NaN visible=true fpArmsPos=0.00,0.00,0.00 @ http://localhost:3001/entities/Player.js:742
[   23771ms] [LOG] [Weapon] applyToMesh: recoilAngle=0.1 swayX=0 swayY=0 time=7.9037999999998165 baseRot={x:undefined,y:undefined,z:undefined} type=object @ http://localhost:3001/items/Weapon.js:220
[   23777ms] [LOG] [Player] viewWeapon pos=0.25,-0.34,-0.80 rot=NaN,NaN,NaN visible=true fpArmsPos=0.00,0.00,0.00 @ http://localhost:3001/entities/Player.js:742
[   23778ms] [LOG] [Weapon] applyToMesh: recoilAngle=0.1 swayX=0 swayY=0 time=7.910399999999444 baseRot={x:undefined,y:undefined,z:undefined} type=object @ http://localhost:3001/items/Weapon.js:220
[   23786ms] [LOG] [Player] viewWeapon pos=0.25,-0.34,-0.80 rot=NaN,NaN,NaN visible=true fpArmsPos=0.00,0.00,0.00 @ http://localhost:3001/entities/Player.js:742
[   23786ms] [LOG] [Weapon] applyToMesh: recoilAngle=0.1 swayX=0 swayY=0 time=7.919399999999444 baseRot={x:undefined,y:undefined,z:undefined} type=object @ http://localhost:3001/items/Weapon.js:220
[   23793ms] [LOG] [Player] viewWeapon pos=0.25,-0.34,-0.80 rot=NaN,NaN,NaN visible=true fpArmsPos=0.00,0.00,0.00 @ http://localhost:3001/entities/Player.js:742
[   23793ms] [LOG] [Weapon] applyToMesh: recoilAngle=0.1 swayX=0 swayY=0 time=7.92609999999963 baseRot={x:undefined,y:undefined,z:undefined} type=object @ http://localhost:3001/items/Weapon.js:220
[   23801ms] [LOG] [Player] viewWeapon pos=0.25,-0.34,-0.80 rot=NaN,NaN,NaN visible=true fpArmsPos=0.00,0.00,0.00 @ http://localhost:3001/entities/Player.js:742
[   23801ms] [LOG] [Weapon] applyToMesh: recoilAngle=0.1 swayX=0 swayY=0 time=7.933899999999444 baseRot={x:undefined,y:undefined,z:undefined} type=object @ http://localhost:3001/items/Weapon.js:220
[   23807ms] [LOG] [Player] viewWeapon pos=0.25,-0.34,-0.80 rot=NaN,NaN,NaN visible=true fpArmsPos=0.00,0.00,0.00 @ http://localhost:3001/entities/Player.js:742
[   23807ms] [LOG] [Weapon] applyToMesh: recoilAngle=0.1 swayX=0 swayY=0 time=7.939999999999072 baseRot={x:undefined,y:undefined,z:undefined} type=object @ http://localhost:3001/items/Weapon.js:220
[   23814ms] [LOG] [Player] viewWeapon pos=0.25,-0.34,-0.80 rot=NaN,NaN,NaN visible=true fpArmsPos=0.00,0.00,0.00 @ http://localhost:3001/entities/Player.js:742
[   23814ms] [LOG] [Weapon] applyToMesh: recoilAngle=0.1 swayX=0 swayY=0 time=7.946599999999631 baseRot={x:undefined,y:undefined,z:undefined} type=object @ http://localhost:3001/items/Weapon.js:220
[   23820ms] [LOG] [Player] viewWeapon pos=0.25,-0.34,-0.80 rot=NaN,NaN,NaN visible=true fpArmsPos=0.00,0.00,0.00 @ http://localhost:3001/entities/Player.js:742
[   23821ms] [LOG] [Weapon] applyToMesh: recoilAngle=0.1 swayX=0 swayY=0 time=7.95359999999963 baseRot={x:undefined,y:undefined,z:undefined} type=object @ http://localhost:3001/items/Weapon.js:220
[   23821ms] [LOG] [Player] after applyToMesh: rot=NaN,NaN,NaN baseRot=undef @ http://localhost:3001/entities/Player.js:781
[   23827ms] [LOG] [Player] viewWeapon pos=0.25,-0.34,-0.80 rot=NaN,NaN,NaN visible=true fpArmsPos=0.00,0.00,0.00 @ http://localhost:3001/entities/Player.js:742
[   23827ms] [LOG] [Weapon] applyToMesh: recoilAngle=0.1 swayX=0 swayY=0 time=7.960299999999816 baseRot={x:undefined,y:undefined,z:undefined} type=object @ http://localhost:3001/items/Weapon.js:220
[   23836ms] [LOG] [Player] viewWeapon pos=0.25,-0.34,-0.80 rot=NaN,NaN,NaN visible=true fpArmsPos=0.00,0.00,0.00 @ http://localhost:3001/entities/Player.js:742
[   23836ms] [LOG] [Weapon] applyToMesh: recoilAngle=0.1 swayX=0 swayY=0 time=7.96909999999963 baseRot={x:undefined,y:undefined,z:undefined} type=object @ http://localhost:3001/items/Weapon.js:220
[   23842ms] [LOG] [Player] viewWeapon pos=0.25,-0.34,-0.80 rot=NaN,NaN,NaN visible=true fpArmsPos=0.00,0.00,0.00 @ http://localhost:3001/entities/Player.js:742
[   23843ms] [LOG] [Weapon] applyToMesh: recoilAngle=0.1 swayX=0 swayY=0 time=7.97559999999963 baseRot={x:undefined,y:undefined,z:undefined} type=object @ http://localhost:3001/items/Weapon.js:220
[   23849ms] [LOG] [Player] viewWeapon pos=0.25,-0.34,-0.80 rot=NaN,NaN,NaN visible=true fpArmsPos=0.00,0.00,0.00 @ http://localhost:3001/entities/Player.js:742
[   23849ms] [LOG] [Weapon] applyToMesh: recoilAngle=0.1 swayX=0 swayY=0 time=7.9818999999994436 baseRot={x:undefined,y:undefined,z:undefined} type=object @ http://localhost:3001/items/Weapon.js:220
[   23855ms] [LOG] [Player] viewWeapon pos=0.25,-0.34,-0.80 rot=NaN,NaN,NaN visible=true fpArmsPos=0.00,0.00,0.00 @ http://localhost:3001/entities/Player.js:742
[   23856ms] [LOG] [Weapon] applyToMesh: recoilAngle=0.1 swayX=0 swayY=0 time=7.988299999999816 baseRot={x:undefined,y:undefined,z:undefined} type=object @ http://localhost:3001/items/Weapon.js:220
[   23862ms] [LOG] [Player] viewWeapon pos=0.25,-0.34,-0.80 rot=NaN,NaN,NaN visible=true fpArmsPos=0.00,0.00,0.00 @ http://localhost:3001/entities/Player.js:742
[   23862ms] [LOG] [Weapon] applyToMesh: recoilAngle=0.1 swayX=0 swayY=0 time=7.9950999999996295 baseRot={x:undefined,y:undefined,z:undefined} type=object @ http://localhost:3001/items/Weapon.js:220
[   23868ms] [LOG] [Player] viewWeapon pos=0.25,-0.34,-0.80 rot=NaN,NaN,NaN visible=true fpArmsPos=0.00,0.00,0.00 @ http://localhost:3001/entities/Player.js:742
[   23869ms] [LOG] [Weapon] applyToMesh: recoilAngle=0.1 swayX=0 swayY=0 time=8.00159999999963 baseRot={x:undefined,y:undefined,z:undefined} type=object @ http://localhost:3001/items/Weapon.js:220
[   23875ms] [LOG] [Player] viewWeapon pos=0.25,-0.34,-0.80 rot=NaN,NaN,NaN visible=true fpArmsPos=0.00,0.00,0.00 @ http://localhost:3001/entities/Player.js:742
[   23875ms] [LOG] [Weapon] applyToMesh: recoilAngle=0.1 swayX=0 swayY=0 time=8.008199999999258 baseRot={x:undefined,y:undefined,z:undefined} type=object @ http://localhost:3001/items/Weapon.js:220
[   23883ms] [LOG] [Player] viewWeapon pos=0.25,-0.34,-0.80 rot=NaN,NaN,NaN visible=true fpArmsPos=0.00,0.00,0.00 @ http://localhost:3001/entities/Player.js:742
[   23883ms] [LOG] [Weapon] applyToMesh: recoilAngle=0.1 swayX=0 swayY=0 time=8.015899999999444 baseRot={x:undefined,y:undefined,z:undefined} type=object @ http://localhost:3001/items/Weapon.js:220
[   23890ms] [LOG] [Player] viewWeapon pos=0.25,-0.34,-0.80 rot=NaN,NaN,NaN visible=true fpArmsPos=0.00,0.00,0.00 @ http://localhost:3001/entities/Player.js:742
[   23890ms] [LOG] [Weapon] applyToMesh: recoilAngle=0.1 swayX=0 swayY=0 time=8.022799999999817 baseRot={x:undefined,y:undefined,z:undefined} type=object @ http://localhost:3001/items/Weapon.js:220
[   23896ms] [LOG] [Player] viewWeapon pos=0.25,-0.34,-0.80 rot=NaN,NaN,NaN visible=true fpArmsPos=0.00,0.00,0.00 @ http://localhost:3001/entities/Player.js:742
[   23896ms] [LOG] [Weapon] applyToMesh: recoilAngle=0.1 swayX=0 swayY=0 time=8.028799999999817 baseRot={x:undefined,y:undefined,z:undefined} type=object @ http://localhost:3001/items/Weapon.js:220
[   23902ms] [LOG] [Player] viewWeapon pos=0.25,-0.34,-0.80 rot=NaN,NaN,NaN visible=true fpArmsPos=0.00,0.00,0.00 @ http://localhost:3001/entities/Player.js:742
[   23902ms] [LOG] [Weapon] applyToMesh: recoilAngle=0.1 swayX=0 swayY=0 time=8.035199999999259 baseRot={x:undefined,y:undefined,z:undefined} type=object @ http://localhost:3001/items/Weapon.js:220
[   23909ms] [LOG] [Player] viewWeapon pos=0.25,-0.34,-0.80 rot=NaN,NaN,NaN visible=true fpArmsPos=0.00,0.00,0.00 @ http://localhost:3001/entities/Player.js:742
[   23909ms] [LOG] [Weapon] applyToMesh: recoilAngle=0.1 swayX=0 swayY=0 time=8.041899999999446 baseRot={x:undefined,y:undefined,z:undefined} type=object @ http://localhost:3001/items/Weapon.js:220
[   23916ms] [LOG] [Player] viewWeapon pos=0.25,-0.34,-0.80 rot=NaN,NaN,NaN visible=true fpArmsPos=0.00,0.00,0.00 @ http://localhost:3001/entities/Player.js:742
[   23916ms] [LOG] [Weapon] applyToMesh: recoilAngle=0.1 swayX=0 swayY=0 time=8.048799999999819 baseRot={x:undefined,y:undefined,z:undefined} type=object @ http://localhost:3001/items/Weapon.js:220
[   23923ms] [LOG] [Player] viewWeapon pos=0.25,-0.34,-0.80 rot=NaN,NaN,NaN visible=true fpArmsPos=0.00,0.00,0.00 @ http://localhost:3001/entities/Player.js:742
[   23923ms] [LOG] [Weapon] applyToMesh: recoilAngle=0.1 swayX=0 swayY=0 time=8.055799999999818 baseRot={x:undefined,y:undefined,z:undefined} type=object @ http://localhost:3001/items/Weapon.js:220
[   23930ms] [LOG] [Player] viewWeapon pos=0.25,-0.34,-0.80 rot=NaN,NaN,NaN visible=true fpArmsPos=0.00,0.00,0.00 @ http://localhost:3001/entities/Player.js:742
[   23930ms] [LOG] [Weapon] applyToMesh: recoilAngle=0.1 swayX=0 swayY=0 time=8.063099999999633 baseRot={x:undefined,y:undefined,z:undefined} type=object @ http://localhost:3001/items/Weapon.js:220
[   23937ms] [LOG] [Player] viewWeapon pos=0.25,-0.34,-0.80 rot=NaN,NaN,NaN visible=true fpArmsPos=0.00,0.00,0.00 @ http://localhost:3001/entities/Player.js:742
[   23937ms] [LOG] [Weapon] applyToMesh: recoilAngle=0.1 swayX=0 swayY=0 time=8.070299999999818 baseRot={x:undefined,y:undefined,z:undefined} type=object @ http://localhost:3001/items/Weapon.js:220
[   23945ms] [LOG] [Player] viewWeapon pos=0.25,-0.34,-0.80 rot=NaN,NaN,NaN visible=true fpArmsPos=0.00,0.00,0.00 @ http://localhost:3001/entities/Player.js:742
[   23945ms] [LOG] [Weapon] applyToMesh: recoilAngle=0.1 swayX=0 swayY=0 time=8.07769999999926 baseRot={x:undefined,y:undefined,z:undefined} type=object @ http://localhost:3001/items/Weapon.js:220
[   23951ms] [LOG] [Player] viewWeapon pos=0.25,-0.34,-0.80 rot=NaN,NaN,NaN visible=true fpArmsPos=0.00,0.00,0.00 @ http://localhost:3001/entities/Player.js:742
[   23952ms] [LOG] [Weapon] applyToMesh: recoilAngle=0.1 swayX=0 swayY=0 time=8.084699999999259 baseRot={x:undefined,y:undefined,z:undefined} type=object @ http://localhost:3001/items/Weapon.js:220
[   23958ms] [LOG] [Player] viewWeapon pos=0.25,-0.34,-0.80 rot=NaN,NaN,NaN visible=true fpArmsPos=0.00,0.00,0.00 @ http://localhost:3001/entities/Player.js:742
[   23958ms] [LOG] [Weapon] applyToMesh: recoilAngle=0.1 swayX=0 swayY=0 time=8.091499999999073 baseRot={x:undefined,y:undefined,z:undefined} type=object @ http://localhost:3001/items/Weapon.js:220
[   23964ms] [LOG] [Player] viewWeapon pos=0.25,-0.34,-0.80 rot=NaN,NaN,NaN visible=true fpArmsPos=0.00,0.00,0.00 @ http://localhost:3001/entities/Player.js:742
[   23964ms] [LOG] [Weapon] applyToMesh: recoilAngle=0.1 swayX=0 swayY=0 time=8.097399999999444 baseRot={x:undefined,y:undefined,z:undefined} type=object @ http://localhost:3001/items/Weapon.js:220
[   23971ms] [LOG] [Player] viewWeapon pos=0.25,-0.34,-0.80 rot=NaN,NaN,NaN visible=true fpArmsPos=0.00,0.00,0.00 @ http://localhost:3001/entities/Player.js:742
[   23971ms] [LOG] [Weapon] applyToMesh: recoilAngle=0.1 swayX=0 swayY=0 time=8.104299999999817 baseRot={x:undefined,y:undefined,z:undefined} type=object @ http://localhost:3001/items/Weapon.js:220
[   23979ms] [LOG] [Player] viewWeapon pos=0.25,-0.34,-0.80 rot=NaN,NaN,NaN visible=true fpArmsPos=0.00,0.00,0.00 @ http://localhost:3001/entities/Player.js:742
[   23979ms] [LOG] [Weapon] applyToMesh: recoilAngle=0.1 swayX=0 swayY=0 time=8.111899999999444 baseRot={x:undefined,y:undefined,z:undefined} type=object @ http://localhost:3001/items/Weapon.js:220
[   23985ms] [LOG] [Player] viewWeapon pos=0.25,-0.34,-0.80 rot=NaN,NaN,NaN visible=true fpArmsPos=0.00,0.00,0.00 @ http://localhost:3001/entities/Player.js:742
[   23986ms] [LOG] [Weapon] applyToMesh: recoilAngle=0.1 swayX=0 swayY=0 time=8.118799999999817 baseRot={x:undefined,y:undefined,z:undefined} type=object @ http://localhost:3001/items/Weapon.js:220
[   23992ms] [LOG] [Player] viewWeapon pos=0.25,-0.34,-0.80 rot=NaN,NaN,NaN visible=true fpArmsPos=0.00,0.00,0.00 @ http://localhost:3001/entities/Player.js:742
[   23992ms] [LOG] [Weapon] applyToMesh: recoilAngle=0.1 swayX=0 swayY=0 time=8.125299999999818 baseRot={x:undefined,y:undefined,z:undefined} type=object @ http://localhost:3001/items/Weapon.js:220
[   23999ms] [LOG] [Player] viewWeapon pos=0.25,-0.34,-0.80 rot=NaN,NaN,NaN visible=true fpArmsPos=0.00,0.00,0.00 @ http://localhost:3001/entities/Player.js:742
[   23999ms] [LOG] [Weapon] applyToMesh: recoilAngle=0.1 swayX=0 swayY=0 time=8.132099999999632 baseRot={x:undefined,y:undefined,z:undefined} type=object @ http://localhost:3001/items/Weapon.js:220
[   24006ms] [LOG] [Player] viewWeapon pos=0.25,-0.34,-0.80 rot=NaN,NaN,NaN visible=true fpArmsPos=0.00,0.00,0.00 @ http://localhost:3001/entities/Player.js:742
[   24006ms] [LOG] [Weapon] applyToMesh: recoilAngle=0.1 swayX=0 swayY=0 time=8.138999999999072 baseRot={x:undefined,y:undefined,z:undefined} type=object @ http://localhost:3001/items/Weapon.js:220
[   24013ms] [LOG] [Player] viewWeapon pos=0.25,-0.34,-0.80 rot=NaN,NaN,NaN visible=true fpArmsPos=0.00,0.00,0.00 @ http://localhost:3001/entities/Player.js:742
[   24013ms] [LOG] [Weapon] applyToMesh: recoilAngle=0.1 swayX=0 swayY=0 time=8.145899999999445 baseRot={x:undefined,y:undefined,z:undefined} type=object @ http://localhost:3001/items/Weapon.js:220
[   24020ms] [LOG] [Player] viewWeapon pos=0.25,-0.34,-0.80 rot=NaN,NaN,NaN visible=true fpArmsPos=0.00,0.00,0.00 @ http://localhost:3001/entities/Player.js:742
[   24020ms] [LOG] [Weapon] applyToMesh: recoilAngle=0.1 swayX=0 swayY=0 time=8.152899999999445 baseRot={x:undefined,y:undefined,z:undefined} type=object @ http://localhost:3001/items/Weapon.js:220
[   24028ms] [LOG] [Player] viewWeapon pos=0.25,-0.34,-0.80 rot=NaN,NaN,NaN visible=true fpArmsPos=0.00,0.00,0.00 @ http://localhost:3001/entities/Player.js:742
[   24028ms] [LOG] [Weapon] applyToMesh: recoilAngle=0.1 swayX=0 swayY=0 time=8.160699999999258 baseRot={x:undefined,y:undefined,z:undefined} type=object @ http://localhost:3001/items/Weapon.js:220
[   24034ms] [LOG] [Player] viewWeapon pos=0.25,-0.34,-0.80 rot=NaN,NaN,NaN visible=true fpArmsPos=0.00,0.00,0.00 @ http://localhost:3001/entities/Player.js:742
[   24034ms] [LOG] [Weapon] applyToMesh: recoilAngle=0.1 swayX=0 swayY=0 time=8.16709999999963 baseRot={x:undefined,y:undefined,z:undefined} type=object @ http://localhost:3001/items/Weapon.js:220
[   24041ms] [LOG] [Player] viewWeapon pos=0.25,-0.34,-0.80 rot=NaN,NaN,NaN visible=true fpArmsPos=0.00,0.00,0.00 @ http://localhost:3001/entities/Player.js:742
[   24041ms] [LOG] [Weapon] applyToMesh: recoilAngle=0.1 swayX=0 swayY=0 time=8.173899999999444 baseRot={x:undefined,y:undefined,z:undefined} type=object @ http://localhost:3001/items/Weapon.js:220
[   24047ms] [LOG] [Player] viewWeapon pos=0.25,-0.34,-0.80 rot=NaN,NaN,NaN visible=true fpArmsPos=0.00,0.00,0.00 @ http://localhost:3001/entities/Player.js:742
[   24048ms] [LOG] [Weapon] applyToMesh: recoilAngle=0.1 swayX=0 swayY=0 time=8.180699999999257 baseRot={x:undefined,y:undefined,z:undefined} type=object @ http://localhost:3001/items/Weapon.js:220
[   24048ms] [LOG] [Player] after applyToMesh: rot=NaN,NaN,NaN baseRot=undef @ http://localhost:3001/entities/Player.js:781
[   24054ms] [LOG] [Player] viewWeapon pos=0.25,-0.34,-0.80 rot=NaN,NaN,NaN visible=true fpArmsPos=0.00,0.00,0.00 @ http://localhost:3001/entities/Player.js:742
[   24054ms] [LOG] [Weapon] applyToMesh: recoilAngle=0.1 swayX=0 swayY=0 time=8.18759999999963 baseRot={x:undefined,y:undefined,z:undefined} type=object @ http://localhost:3001/items/Weapon.js:220
[   24061ms] [LOG] [Player] viewWeapon pos=0.25,-0.34,-0.80 rot=NaN,NaN,NaN visible=true fpArmsPos=0.00,0.00,0.00 @ http://localhost:3001/entities/Player.js:742
[   24062ms] [LOG] [Weapon] applyToMesh: recoilAngle=0.1 swayX=0 swayY=0 time=8.194699999999258 baseRot={x:undefined,y:undefined,z:undefined} type=object @ http://localhost:3001/items/Weapon.js:220
[   24069ms] [LOG] [Player] viewWeapon pos=0.25,-0.34,-0.80 rot=NaN,NaN,NaN visible=true fpArmsPos=0.00,0.00,0.00 @ http://localhost:3001/entities/Player.js:742
[   24069ms] [LOG] [Weapon] applyToMesh: recoilAngle=0.1 swayX=0 swayY=0 time=8.201499999999072 baseRot={x:undefined,y:undefined,z:undefined} type=object @ http://localhost:3001/items/Weapon.js:220
[   24076ms] [LOG] [Player] viewWeapon pos=0.25,-0.34,-0.80 rot=NaN,NaN,NaN visible=true fpArmsPos=0.00,0.00,0.00 @ http://localhost:3001/entities/Player.js:742
[   24076ms] [LOG] [Weapon] applyToMesh: recoilAngle=0.1 swayX=0 swayY=0 time=8.209399999999444 baseRot={x:undefined,y:undefined,z:undefined} type=object @ http://localhost:3001/items/Weapon.js:220
[   24083ms] [LOG] [Player] viewWeapon pos=0.25,-0.34,-0.80 rot=NaN,NaN,NaN visible=true fpArmsPos=0.00,0.00,0.00 @ http://localhost:3001/entities/Player.js:742
[   24084ms] [LOG] [Weapon] applyToMesh: recoilAngle=0.1 swayX=0 swayY=0 time=8.216699999999259 baseRot={x:undefined,y:undefined,z:undefined} type=object @ http://localhost:3001/items/Weapon.js:220
[   24090ms] [LOG] [Player] viewWeapon pos=0.25,-0.34,-0.80 rot=NaN,NaN,NaN visible=true fpArmsPos=0.00,0.00,0.00 @ http://localhost:3001/entities/Player.js:742
[   24090ms] [LOG] [Weapon] applyToMesh: recoilAngle=0.1 swayX=0 swayY=0 time=8.222799999999818 baseRot={x:undefined,y:undefined,z:undefined} type=object @ http://localhost:3001/items/Weapon.js:220
[   24096ms] [LOG] [Player] viewWeapon pos=0.25,-0.34,-0.80 rot=NaN,NaN,NaN visible=true fpArmsPos=0.00,0.00,0.00 @ http://localhost:3001/entities/Player.js:742
[   24096ms] [LOG] [Weapon] applyToMesh: recoilAngle=0.1 swayX=0 swayY=0 time=8.229299999999819 baseRot={x:undefined,y:undefined,z:undefined} type=object @ http://localhost:3001/items/Weapon.js:220
[   24103ms] [LOG] [Player] viewWeapon pos=0.25,-0.34,-0.80 rot=NaN,NaN,NaN visible=true fpArmsPos=0.00,0.00,0.00 @ http://localhost:3001/entities/Player.js:742
[   24103ms] [LOG] [Weapon] applyToMesh: recoilAngle=0.1 swayX=0 swayY=0 time=8.236299999999819 baseRot={x:undefined,y:undefined,z:undefined} type=object @ http://localhost:3001/items/Weapon.js:220
[   24110ms] [LOG] [Player] viewWeapon pos=0.25,-0.34,-0.80 rot=NaN,NaN,NaN visible=true fpArmsPos=0.00,0.00,0.00 @ http://localhost:3001/entities/Player.js:742
[   24110ms] [LOG] [Weapon] applyToMesh: recoilAngle=0.1 swayX=0 swayY=0 time=8.24319999999926 baseRot={x:undefined,y:undefined,z:undefined} type=object @ http://localhost:3001/items/Weapon.js:220
[   24117ms] [LOG] [Player] viewWeapon pos=0.25,-0.34,-0.80 rot=NaN,NaN,NaN visible=true fpArmsPos=0.00,0.00,0.00 @ http://localhost:3001/entities/Player.js:742
[   24117ms] [LOG] [Weapon] applyToMesh: recoilAngle=0.1 swayX=0 swayY=0 time=8.250199999999259 baseRot={x:undefined,y:undefined,z:undefined} type=object @ http://localhost:3001/items/Weapon.js:220
[   24126ms] [LOG] [Player] viewWeapon pos=0.25,-0.34,-0.80 rot=NaN,NaN,NaN visible=true fpArmsPos=0.00,0.00,0.00 @ http://localhost:3001/entities/Player.js:742
[   24126ms] [LOG] [Weapon] applyToMesh: recoilAngle=0.1 swayX=0 swayY=0 time=8.25909999999963 baseRot={x:undefined,y:undefined,z:undefined} type=object @ http://localhost:3001/items/Weapon.js:220
[   24133ms] [LOG] [Player] viewWeapon pos=0.25,-0.34,-0.80 rot=NaN,NaN,NaN visible=true fpArmsPos=0.00,0.00,0.00 @ http://localhost:3001/entities/Player.js:742
[   24133ms] [LOG] [Weapon] applyToMesh: recoilAngle=0.1 swayX=0 swayY=0 time=8.266199999999259 baseRot={x:undefined,y:undefined,z:undefined} type=object @ http://localhost:3001/items/Weapon.js:220
[   24139ms] [LOG] [Player] viewWeapon pos=0.25,-0.34,-0.80 rot=NaN,NaN,NaN visible=true fpArmsPos=0.00,0.00,0.00 @ http://localhost:3001/entities/Player.js:742
[   24139ms] [LOG] [Weapon] applyToMesh: recoilAngle=0.1 swayX=0 swayY=0 time=8.272299999999818 baseRot={x:undefined,y:undefined,z:undefined} type=object @ http://localhost:3001/items/Weapon.js:220
[   24146ms] [LOG] [Player] viewWeapon pos=0.25,-0.34,-0.80 rot=NaN,NaN,NaN visible=true fpArmsPos=0.00,0.00,0.00 @ http://localhost:3001/entities/Player.js:742
[   24146ms] [LOG] [Weapon] applyToMesh: recoilAngle=0.1 swayX=0 swayY=0 time=8.278999999999073 baseRot={x:undefined,y:undefined,z:undefined} type=object @ http://localhost:3001/items/Weapon.js:220
[   24152ms] [LOG] [Player] viewWeapon pos=0.25,-0.34,-0.80 rot=NaN,NaN,NaN visible=true fpArmsPos=0.00,0.00,0.00 @ http://localhost:3001/entities/Player.js:742
[   24152ms] [LOG] [Weapon] applyToMesh: recoilAngle=0.1 swayX=0 swayY=0 time=8.285299999999818 baseRot={x:undefined,y:undefined,z:undefined} type=object @ http://localhost:3001/items/Weapon.js:220
[   24159ms] [LOG] [Player] viewWeapon pos=0.25,-0.34,-0.80 rot=NaN,NaN,NaN visible=true fpArmsPos=0.00,0.00,0.00 @ http://localhost:3001/entities/Player.js:742
[   24159ms] [LOG] [Weapon] applyToMesh: recoilAngle=0.1 swayX=0 swayY=0 time=8.292499999999073 baseRot={x:undefined,y:undefined,z:undefined} type=object @ http://localhost:3001/items/Weapon.js:220
[   24166ms] [LOG] [Player] viewWeapon pos=0.25,-0.34,-0.80 rot=NaN,NaN,NaN visible=true fpArmsPos=0.00,0.00,0.00 @ http://localhost:3001/entities/Player.js:742
[   24166ms] [LOG] [Weapon] applyToMesh: recoilAngle=0.1 swayX=0 swayY=0 time=8.299299999999818 baseRot={x:undefined,y:undefined,z:undefined} type=object @ http://localhost:3001/items/Weapon.js:220
[   24174ms] [LOG] [Player] viewWeapon pos=0.25,-0.34,-0.80 rot=NaN,NaN,NaN visible=true fpArmsPos=0.00,0.00,0.00 @ http://localhost:3001/entities/Player.js:742
[   24174ms] [LOG] [Weapon] applyToMesh: recoilAngle=0.1 swayX=0 swayY=0 time=8.306799999999818 baseRot={x:undefined,y:undefined,z:undefined} type=object @ http://localhost:3001/items/Weapon.js:220
[   24180ms] [LOG] [Player] viewWeapon pos=0.25,-0.34,-0.80 rot=NaN,NaN,NaN visible=true fpArmsPos=0.00,0.00,0.00 @ http://localhost:3001/entities/Player.js:742
[   24180ms] [LOG] [Weapon] applyToMesh: recoilAngle=0.1 swayX=0 swayY=0 time=8.31319999999926 baseRot={x:undefined,y:undefined,z:undefined} type=object @ http://localhost:3001/items/Weapon.js:220
[   24186ms] [LOG] [Player] viewWeapon pos=0.25,-0.34,-0.80 rot=NaN,NaN,NaN visible=true fpArmsPos=0.00,0.00,0.00 @ http://localhost:3001/entities/Player.js:742
[   24186ms] [LOG] [Weapon] applyToMesh: recoilAngle=0.1 swayX=0 swayY=0 time=8.319599999999632 baseRot={x:undefined,y:undefined,z:undefined} type=object @ http://localhost:3001/items/Weapon.js:220
[   24194ms] [LOG] [Player] viewWeapon pos=0.25,-0.34,-0.80 rot=NaN,NaN,NaN visible=true fpArmsPos=0.00,0.00,0.00 @ http://localhost:3001/entities/Player.js:742
[   24194ms] [LOG] [Weapon] applyToMesh: recoilAngle=0.1 swayX=0 swayY=0 time=8.326499999999072 baseRot={x:undefined,y:undefined,z:undefined} type=object @ http://localhost:3001/items/Weapon.js:220
[   24200ms] [LOG] [Player] viewWeapon pos=0.25,-0.34,-0.80 rot=NaN,NaN,NaN visible=true fpArmsPos=0.00,0.00,0.00 @ http://localhost:3001/entities/Player.js:742
[   24201ms] [LOG] [Weapon] applyToMesh: recoilAngle=0.1 swayX=0 swayY=0 time=8.333499999999072 baseRot={x:undefined,y:undefined,z:undefined} type=object @ http://localhost:3001/items/Weapon.js:220
[   24207ms] [LOG] [Player] viewWeapon pos=0.25,-0.34,-0.80 rot=NaN,NaN,NaN visible=true fpArmsPos=0.00,0.00,0.00 @ http://localhost:3001/entities/Player.js:742
[   24207ms] [LOG] [Weapon] applyToMesh: recoilAngle=0.1 swayX=0 swayY=0 time=8.340399999999445 baseRot={x:undefined,y:undefined,z:undefined} type=object @ http://localhost:3001/items/Weapon.js:220
[   24207ms] [LOG] [Player] anim: recoilAngle=0.1 swayX=0 swayY=0 time=8.340399999999445 @ http://localhost:3001/entities/Player.js:780
[   24214ms] [LOG] [Player] viewWeapon pos=0.25,-0.34,-0.80 rot=NaN,NaN,NaN visible=true fpArmsPos=0.00,0.00,0.00 @ http://localhost:3001/entities/Player.js:742
[   24214ms] [LOG] [Weapon] applyToMesh: recoilAngle=0.1 swayX=0 swayY=0 time=8.347499999999073 baseRot={x:undefined,y:undefined,z:undefined} type=object @ http://localhost:3001/items/Weapon.js:220
[   24222ms] [LOG] [Player] viewWeapon pos=0.25,-0.34,-0.80 rot=NaN,NaN,NaN visible=true fpArmsPos=0.00,0.00,0.00 @ http://localhost:3001/entities/Player.js:742
[   24222ms] [LOG] [Weapon] applyToMesh: recoilAngle=0.1 swayX=0 swayY=0 time=8.354799999999818 baseRot={x:undefined,y:undefined,z:undefined} type=object @ http://localhost:3001/items/Weapon.js:220
[   24228ms] [LOG] [Player] viewWeapon pos=0.25,-0.34,-0.80 rot=NaN,NaN,NaN visible=true fpArmsPos=0.00,0.00,0.00 @ http://localhost:3001/entities/Player.js:742
[   24228ms] [LOG] [Weapon] applyToMesh: recoilAngle=0.1 swayX=0 swayY=0 time=8.361299999999819 baseRot={x:undefined,y:undefined,z:undefined} type=object @ http://localhost:3001/items/Weapon.js:220
[   24235ms] [LOG] [Player] viewWeapon pos=0.25,-0.34,-0.80 rot=NaN,NaN,NaN visible=true fpArmsPos=0.00,0.00,0.00 @ http://localhost:3001/entities/Player.js:742
[   24235ms] [LOG] [Weapon] applyToMesh: recoilAngle=0.1 swayX=0 swayY=0 time=8.36819999999926 baseRot={x:undefined,y:undefined,z:undefined} type=object @ http://localhost:3001/items/Weapon.js:220
[   24242ms] [LOG] [Player] viewWeapon pos=0.25,-0.34,-0.80 rot=NaN,NaN,NaN visible=true fpArmsPos=0.00,0.00,0.00 @ http://localhost:3001/entities/Player.js:742
[   24242ms] [LOG] [Weapon] applyToMesh: recoilAngle=0.1 swayX=0 swayY=0 time=8.375199999999259 baseRot={x:undefined,y:undefined,z:undefined} type=object @ http://localhost:3001/items/Weapon.js:220
[   24249ms] [LOG] [Player] viewWeapon pos=0.25,-0.34,-0.80 rot=NaN,NaN,NaN visible=true fpArmsPos=0.00,0.00,0.00 @ http://localhost:3001/entities/Player.js:742
[   24249ms] [LOG] [Weapon] applyToMesh: recoilAngle=0.1 swayX=0 swayY=0 time=8.381999999999072 baseRot={x:undefined,y:undefined,z:undefined} type=object @ http://localhost:3001/items/Weapon.js:220
[   24256ms] [LOG] [Player] viewWeapon pos=0.25,-0.34,-0.80 rot=NaN,NaN,NaN visible=true fpArmsPos=0.00,0.00,0.00 @ http://localhost:3001/entities/Player.js:742
[   24256ms] [LOG] [Weapon] applyToMesh: recoilAngle=0.1 swayX=0 swayY=0 time=8.389099999999631 baseRot={x:undefined,y:undefined,z:undefined} type=object @ http://localhost:3001/items/Weapon.js:220
[   24263ms] [LOG] [Player] viewWeapon pos=0.25,-0.34,-0.80 rot=NaN,NaN,NaN visible=true fpArmsPos=0.00,0.00,0.00 @ http://localhost:3001/entities/Player.js:742
[   24263ms] [LOG] [Weapon] applyToMesh: recoilAngle=0.1 swayX=0 swayY=0 time=8.396099999999631 baseRot={x:undefined,y:undefined,z:undefined} type=object @ http://localhost:3001/items/Weapon.js:220
[   24271ms] [LOG] [Player] viewWeapon pos=0.25,-0.34,-0.80 rot=NaN,NaN,NaN visible=true fpArmsPos=0.00,0.00,0.00 @ http://localhost:3001/entities/Player.js:742
[   24272ms] [LOG] [Weapon] applyToMesh: recoilAngle=0.1 swayX=0 swayY=0 time=8.404399999999445 baseRot={x:undefined,y:undefined,z:undefined} type=object @ http://localhost:3001/items/Weapon.js:220
[   24279ms] [LOG] [Player] viewWeapon pos=0.25,-0.34,-0.80 rot=NaN,NaN,NaN visible=true fpArmsPos=0.00,0.00,0.00 @ http://localhost:3001/entities/Player.js:742
[   24280ms] [LOG] [Weapon] applyToMesh: recoilAngle=0.1 swayX=0 swayY=0 time=8.412299999999817 baseRot={x:undefined,y:undefined,z:undefined} type=object @ http://localhost:3001/items/Weapon.js:220
[   24287ms] [LOG] [Player] viewWeapon pos=0.25,-0.34,-0.80 rot=NaN,NaN,NaN visible=true fpArmsPos=0.00,0.00,0.00 @ http://localhost:3001/entities/Player.js:742
[   24288ms] [LOG] [Weapon] applyToMesh: recoilAngle=0.1 swayX=0 swayY=0 time=8.420699999999258 baseRot={x:undefined,y:undefined,z:undefined} type=object @ http://localhost:3001/items/Weapon.js:220
[   24296ms] [LOG] [Player] viewWeapon pos=0.25,-0.34,-0.80 rot=NaN,NaN,NaN visible=true fpArmsPos=0.00,0.00,0.00 @ http://localhost:3001/entities/Player.js:742
[   24296ms] [LOG] [Weapon] applyToMesh: recoilAngle=0.1 swayX=0 swayY=0 time=8.428799999999816 baseRot={x:undefined,y:undefined,z:undefined} type=object @ http://localhost:3001/items/Weapon.js:220
[   24304ms] [LOG] [Player] viewWeapon pos=0.25,-0.34,-0.80 rot=NaN,NaN,NaN visible=true fpArmsPos=0.00,0.00,0.00 @ http://localhost:3001/entities/Player.js:742
[   24305ms] [LOG] [Weapon] applyToMesh: recoilAngle=0.1 swayX=0 swayY=0 time=8.437499999999071 baseRot={x:undefined,y:undefined,z:undefined} type=object @ http://localhost:3001/items/Weapon.js:220
[   24313ms] [LOG] [Player] viewWeapon pos=0.25,-0.34,-0.80 rot=NaN,NaN,NaN visible=true fpArmsPos=0.00,0.00,0.00 @ http://localhost:3001/entities/Player.js:742
[   24313ms] [LOG] [Weapon] applyToMesh: recoilAngle=0.1 swayX=0 swayY=0 time=8.44559999999963 baseRot={x:undefined,y:undefined,z:undefined} type=object @ http://localhost:3001/items/Weapon.js:220
[   24323ms] [LOG] [Player] viewWeapon pos=0.25,-0.34,-0.80 rot=NaN,NaN,NaN visible=true fpArmsPos=0.00,0.00,0.00 @ http://localhost:3001/entities/Player.js:742
[   24323ms] [LOG] [Weapon] applyToMesh: recoilAngle=0.1 swayX=0 swayY=0 time=8.455899999999444 baseRot={x:undefined,y:undefined,z:undefined} type=object @ http://localhost:3001/items/Weapon.js:220
[   24330ms] [LOG] [Player] viewWeapon pos=0.25,-0.34,-0.80 rot=NaN,NaN,NaN visible=true fpArmsPos=0.00,0.00,0.00 @ http://localhost:3001/entities/Player.js:742
[   24330ms] [LOG] [Weapon] applyToMesh: recoilAngle=0.1 swayX=0 swayY=0 time=8.46309999999963 baseRot={x:undefined,y:undefined,z:undefined} type=object @ http://localhost:3001/items/Weapon.js:220
[   24337ms] [LOG] [Player] viewWeapon pos=0.25,-0.34,-0.80 rot=NaN,NaN,NaN visible=true fpArmsPos=0.00,0.00,0.00 @ http://localhost:3001/entities/Player.js:742
[   24337ms] [LOG] [Weapon] applyToMesh: recoilAngle=0.1 swayX=0 swayY=0 time=8.470399999999444 baseRot={x:undefined,y:undefined,z:undefined} type=object @ http://localhost:3001/items/Weapon.js:220
[   24344ms] [LOG] [Player] viewWeapon pos=0.25,-0.34,-0.80 rot=NaN,NaN,NaN visible=true fpArmsPos=0.00,0.00,0.00 @ http://localhost:3001/entities/Player.js:742
[   24344ms] [LOG] [Weapon] applyToMesh: recoilAngle=0.1 swayX=0 swayY=0 time=8.476799999999816 baseRot={x:undefined,y:undefined,z:undefined} type=object @ http://localhost:3001/items/Weapon.js:220
[   24350ms] [LOG] [Player] viewWeapon pos=0.25,-0.34,-0.80 rot=NaN,NaN,NaN visible=true fpArmsPos=0.00,0.00,0.00 @ http://localhost:3001/entities/Player.js:742
[   24350ms] [LOG] [Weapon] applyToMesh: recoilAngle=0.1 swayX=0 swayY=0 time=8.483099999999629 baseRot={x:undefined,y:undefined,z:undefined} type=object @ http://localhost:3001/items/Weapon.js:220
[   24356ms] [LOG] [Player] viewWeapon pos=0.25,-0.34,-0.80 rot=NaN,NaN,NaN visible=true fpArmsPos=0.00,0.00,0.00 @ http://localhost:3001/entities/Player.js:742
[   24356ms] [LOG] [Weapon] applyToMesh: recoilAngle=0.1 swayX=0 swayY=0 time=8.489399999999442 baseRot={x:undefined,y:undefined,z:undefined} type=object @ http://localhost:3001/items/Weapon.js:220
[   24362ms] [LOG] [Player] viewWeapon pos=0.25,-0.34,-0.80 rot=NaN,NaN,NaN visible=true fpArmsPos=0.00,0.00,0.00 @ http://localhost:3001/entities/Player.js:742
[   24362ms] [LOG] [Weapon] applyToMesh: recoilAngle=0.1 swayX=0 swayY=0 time=8.495499999999069 baseRot={x:undefined,y:undefined,z:undefined} type=object @ http://localhost:3001/items/Weapon.js:220
[   24370ms] [LOG] [Player] viewWeapon pos=0.25,-0.34,-0.80 rot=NaN,NaN,NaN visible=true fpArmsPos=0.00,0.00,0.00 @ http://localhost:3001/entities/Player.js:742
[   24370ms] [LOG] [Weapon] applyToMesh: recoilAngle=0.1 swayX=0 swayY=0 time=8.503099999999629 baseRot={x:undefined,y:undefined,z:undefined} type=object @ http://localhost:3001/items/Weapon.js:220
[   24377ms] [LOG] [Player] viewWeapon pos=0.25,-0.34,-0.80 rot=NaN,NaN,NaN visible=true fpArmsPos=0.00,0.00,0.00 @ http://localhost:3001/entities/Player.js:742
[   24377ms] [LOG] [Weapon] applyToMesh: recoilAngle=0.1 swayX=0 swayY=0 time=8.509999999999069 baseRot={x:undefined,y:undefined,z:undefined} type=object @ http://localhost:3001/items/Weapon.js:220
[   24384ms] [LOG] [Player] viewWeapon pos=0.25,-0.34,-0.80 rot=NaN,NaN,NaN visible=true fpArmsPos=0.00,0.00,0.00 @ http://localhost:3001/entities/Player.js:742
[   24384ms] [LOG] [Weapon] applyToMesh: recoilAngle=0.1 swayX=0 swayY=0 time=8.516799999999813 baseRot={x:undefined,y:undefined,z:undefined} type=object @ http://localhost:3001/items/Weapon.js:220
[   24390ms] [LOG] [Player] viewWeapon pos=0.25,-0.34,-0.80 rot=NaN,NaN,NaN visible=true fpArmsPos=0.00,0.00,0.00 @ http://localhost:3001/entities/Player.js:742
[   24390ms] [LOG] [Weapon] applyToMesh: recoilAngle=0.1 swayX=0 swayY=0 time=8.523199999999255 baseRot={x:undefined,y:undefined,z:undefined} type=object @ http://localhost:3001/items/Weapon.js:220
[   24396ms] [LOG] [Player] viewWeapon pos=0.25,-0.34,-0.80 rot=NaN,NaN,NaN visible=true fpArmsPos=0.00,0.00,0.00 @ http://localhost:3001/entities/Player.js:742
[   24397ms] [LOG] [Weapon] applyToMesh: recoilAngle=0.1 swayX=0 swayY=0 time=8.529499999999068 baseRot={x:undefined,y:undefined,z:undefined} type=object @ http://localhost:3001/items/Weapon.js:220
[   24403ms] [LOG] [Player] viewWeapon pos=0.25,-0.34,-0.80 rot=NaN,NaN,NaN visible=true fpArmsPos=0.00,0.00,0.00 @ http://localhost:3001/entities/Player.js:742
[   24404ms] [LOG] [Weapon] applyToMesh: recoilAngle=0.1 swayX=0 swayY=0 time=8.536699999999254 baseRot={x:undefined,y:undefined,z:undefined} type=object @ http://localhost:3001/items/Weapon.js:220
[   24410ms] [LOG] [Player] viewWeapon pos=0.25,-0.34,-0.80 rot=NaN,NaN,NaN visible=true fpArmsPos=0.00,0.00,0.00 @ http://localhost:3001/entities/Player.js:742
[   24411ms] [LOG] [Weapon] applyToMesh: recoilAngle=0.1 swayX=0 swayY=0 time=8.543599999999627 baseRot={x:undefined,y:undefined,z:undefined} type=object @ http://localhost:3001/items/Weapon.js:220
[   24419ms] [LOG] [Player] viewWeapon pos=0.25,-0.34,-0.80 rot=NaN,NaN,NaN visible=true fpArmsPos=0.00,0.00,0.00 @ http://localhost:3001/entities/Player.js:742
[   24419ms] [LOG] [Weapon] applyToMesh: recoilAngle=0.1 swayX=0 swayY=0 time=8.55189999999944 baseRot={x:undefined,y:undefined,z:undefined} type=object @ http://localhost:3001/items/Weapon.js:220
[   24425ms] [LOG] [Player] viewWeapon pos=0.25,-0.34,-0.80 rot=NaN,NaN,NaN visible=true fpArmsPos=0.00,0.00,0.00 @ http://localhost:3001/entities/Player.js:742
[   24425ms] [LOG] [Weapon] applyToMesh: recoilAngle=0.1 swayX=0 swayY=0 time=8.558099999999627 baseRot={x:undefined,y:undefined,z:undefined} type=object @ http://localhost:3001/items/Weapon.js:220
[   24432ms] [LOG] [Player] viewWeapon pos=0.25,-0.34,-0.80 rot=NaN,NaN,NaN visible=true fpArmsPos=0.00,0.00,0.00 @ http://localhost:3001/entities/Player.js:742
[   24432ms] [LOG] [Weapon] applyToMesh: recoilAngle=0.1 swayX=0 swayY=0 time=8.56539999999944 baseRot={x:undefined,y:undefined,z:undefined} type=object @ http://localhost:3001/items/Weapon.js:220
[   24438ms] [LOG] [Player] viewWeapon pos=0.25,-0.34,-0.80 rot=NaN,NaN,NaN visible=true fpArmsPos=0.00,0.00,0.00 @ http://localhost:3001/entities/Player.js:742
[   24439ms] [LOG] [Weapon] applyToMesh: recoilAngle=0.1 swayX=0 swayY=0 time=8.571699999999254 baseRot={x:undefined,y:undefined,z:undefined} type=object @ http://localhost:3001/items/Weapon.js:220
[   24445ms] [LOG] [Player] viewWeapon pos=0.25,-0.34,-0.80 rot=NaN,NaN,NaN visible=true fpArmsPos=0.00,0.00,0.00 @ http://localhost:3001/entities/Player.js:742
[   24445ms] [LOG] [Weapon] applyToMesh: recoilAngle=0.1 swayX=0 swayY=0 time=8.577799999999813 baseRot={x:undefined,y:undefined,z:undefined} type=object @ http://localhost:3001/items/Weapon.js:220
[   24451ms] [LOG] [Player] viewWeapon pos=0.25,-0.34,-0.80 rot=NaN,NaN,NaN visible=true fpArmsPos=0.00,0.00,0.00 @ http://localhost:3001/entities/Player.js:742
[   24452ms] [LOG] [Weapon] applyToMesh: recoilAngle=0.1 swayX=0 swayY=0 time=8.584599999999627 baseRot={x:undefined,y:undefined,z:undefined} type=object @ http://localhost:3001/items/Weapon.js:220
[   24458ms] [LOG] [Player] viewWeapon pos=0.25,-0.34,-0.80 rot=NaN,NaN,NaN visible=true fpArmsPos=0.00,0.00,0.00 @ http://localhost:3001/entities/Player.js:742
[   24458ms] [LOG] [Weapon] applyToMesh: recoilAngle=0.1 swayX=0 swayY=0 time=8.591299999999814 baseRot={x:undefined,y:undefined,z:undefined} type=object @ http://localhost:3001/items/Weapon.js:220
[   24466ms] [LOG] [Player] viewWeapon pos=0.25,-0.34,-0.80 rot=NaN,NaN,NaN visible=true fpArmsPos=0.00,0.00,0.00 @ http://localhost:3001/entities/Player.js:742
[   24466ms] [LOG] [Weapon] applyToMesh: recoilAngle=0.1 swayX=0 swayY=0 time=8.599699999999254 baseRot={x:undefined,y:undefined,z:undefined} type=object @ http://localhost:3001/items/Weapon.js:220
[   24473ms] [LOG] [Player] viewWeapon pos=0.25,-0.34,-0.80 rot=NaN,NaN,NaN visible=true fpArmsPos=0.00,0.00,0.00 @ http://localhost:3001/entities/Player.js:742
[   24473ms] [LOG] [Weapon] applyToMesh: recoilAngle=0.1 swayX=0 swayY=0 time=8.605799999999814 baseRot={x:undefined,y:undefined,z:undefined} type=object @ http://localhost:3001/items/Weapon.js:220
[   24479ms] [LOG] [Player] viewWeapon pos=0.25,-0.34,-0.80 rot=NaN,NaN,NaN visible=true fpArmsPos=0.00,0.00,0.00 @ http://localhost:3001/entities/Player.js:742
[   24480ms] [LOG] [Weapon] applyToMesh: recoilAngle=0.1 swayX=0 swayY=0 time=8.612699999999254 baseRot={x:undefined,y:undefined,z:undefined} type=object @ http://localhost:3001/items/Weapon.js:220
[   24486ms] [LOG] [Player] viewWeapon pos=0.25,-0.34,-0.80 rot=NaN,NaN,NaN visible=true fpArmsPos=0.00,0.00,0.00 @ http://localhost:3001/entities/Player.js:742
[   24487ms] [LOG] [Weapon] applyToMesh: recoilAngle=0.1 swayX=0 swayY=0 time=8.619599999999627 baseRot={x:undefined,y:undefined,z:undefined} type=object @ http://localhost:3001/items/Weapon.js:220
[   24493ms] [LOG] [Player] viewWeapon pos=0.25,-0.34,-0.80 rot=NaN,NaN,NaN visible=true fpArmsPos=0.00,0.00,0.00 @ http://localhost:3001/entities/Player.js:742
[   24493ms] [LOG] [Weapon] applyToMesh: recoilAngle=0.1 swayX=0 swayY=0 time=8.626099999999628 baseRot={x:undefined,y:undefined,z:undefined} type=object @ http://localhost:3001/items/Weapon.js:220
[   24500ms] [LOG] [Player] viewWeapon pos=0.25,-0.34,-0.80 rot=NaN,NaN,NaN visible=true fpArmsPos=0.00,0.00,0.00 @ http://localhost:3001/entities/Player.js:742
[   24500ms] [LOG] [Weapon] applyToMesh: recoilAngle=0.1 swayX=0 swayY=0 time=8.632799999999815 baseRot={x:undefined,y:undefined,z:undefined} type=object @ http://localhost:3001/items/Weapon.js:220
[   24506ms] [LOG] [Player] viewWeapon pos=0.25,-0.34,-0.80 rot=NaN,NaN,NaN visible=true fpArmsPos=0.00,0.00,0.00 @ http://localhost:3001/entities/Player.js:742
[   24506ms] [LOG] [Weapon] applyToMesh: recoilAngle=0.1 swayX=0 swayY=0 time=8.639299999999816 baseRot={x:undefined,y:undefined,z:undefined} type=object @ http://localhost:3001/items/Weapon.js:220
[   24515ms] [LOG] [Player] viewWeapon pos=0.25,-0.34,-0.80 rot=NaN,NaN,NaN visible=true fpArmsPos=0.00,0.00,0.00 @ http://localhost:3001/entities/Player.js:742
[   24515ms] [LOG] [Weapon] applyToMesh: recoilAngle=0.1 swayX=0 swayY=0 time=8.64759999999963 baseRot={x:undefined,y:undefined,z:undefined} type=object @ http://localhost:3001/items/Weapon.js:220
[   24521ms] [LOG] [Player] viewWeapon pos=0.25,-0.34,-0.80 rot=NaN,NaN,NaN visible=true fpArmsPos=0.00,0.00,0.00 @ http://localhost:3001/entities/Player.js:742
[   24521ms] [LOG] [Weapon] applyToMesh: recoilAngle=0.1 swayX=0 swayY=0 time=8.65409999999963 baseRot={x:undefined,y:undefined,z:undefined} type=object @ http://localhost:3001/items/Weapon.js:220
[   24527ms] [LOG] [Player] viewWeapon pos=0.25,-0.34,-0.80 rot=NaN,NaN,NaN visible=true fpArmsPos=0.00,0.00,0.00 @ http://localhost:3001/entities/Player.js:742
[   24528ms] [LOG] [Weapon] applyToMesh: recoilAngle=0.1 swayX=0 swayY=0 time=8.660599999999631 baseRot={x:undefined,y:undefined,z:undefined} type=object @ http://localhost:3001/items/Weapon.js:220
[   24534ms] [LOG] [Player] viewWeapon pos=0.25,-0.34,-0.80 rot=NaN,NaN,NaN visible=true fpArmsPos=0.00,0.00,0.00 @ http://localhost:3001/entities/Player.js:742
[   24534ms] [LOG] [Weapon] applyToMesh: recoilAngle=0.1 swayX=0 swayY=0 time=8.666999999999073 baseRot={x:undefined,y:undefined,z:undefined} type=object @ http://localhost:3001/items/Weapon.js:220
[   24541ms] [LOG] [Player] viewWeapon pos=0.25,-0.34,-0.80 rot=NaN,NaN,NaN visible=true fpArmsPos=0.00,0.00,0.00 @ http://localhost:3001/entities/Player.js:742
[   24541ms] [LOG] [Weapon] applyToMesh: recoilAngle=0.1 swayX=0 swayY=0 time=8.673899999999445 baseRot={x:undefined,y:undefined,z:undefined} type=object @ http://localhost:3001/items/Weapon.js:220
[   24548ms] [LOG] [Player] viewWeapon pos=0.25,-0.34,-0.80 rot=NaN,NaN,NaN visible=true fpArmsPos=0.00,0.00,0.00 @ http://localhost:3001/entities/Player.js:742
[   24548ms] [LOG] [Weapon] applyToMesh: recoilAngle=0.1 swayX=0 swayY=0 time=8.680799999999818 baseRot={x:undefined,y:undefined,z:undefined} type=object @ http://localhost:3001/items/Weapon.js:220
[   24554ms] [LOG] [Player] viewWeapon pos=0.25,-0.34,-0.80 rot=NaN,NaN,NaN visible=true fpArmsPos=0.00,0.00,0.00 @ http://localhost:3001/entities/Player.js:742
[   24555ms] [LOG] [Weapon] applyToMesh: recoilAngle=0.1 swayX=0 swayY=0 time=8.687699999999259 baseRot={x:undefined,y:undefined,z:undefined} type=object @ http://localhost:3001/items/Weapon.js:220
[   24565ms] [LOG] [Player] viewWeapon pos=0.25,-0.34,-0.80 rot=NaN,NaN,NaN visible=true fpArmsPos=0.00,0.00,0.00 @ http://localhost:3001/entities/Player.js:742
[   24565ms] [LOG] [Weapon] applyToMesh: recoilAngle=0.1 swayX=0 swayY=0 time=8.697999999999073 baseRot={x:undefined,y:undefined,z:undefined} type=object @ http://localhost:3001/items/Weapon.js:220
[   24574ms] [LOG] [Player] viewWeapon pos=0.25,-0.34,-0.80 rot=NaN,NaN,NaN visible=true fpArmsPos=0.00,0.00,0.00 @ http://localhost:3001/entities/Player.js:742
[   24574ms] [LOG] [Weapon] applyToMesh: recoilAngle=0.1 swayX=0 swayY=0 time=8.70719999999926 baseRot={x:undefined,y:undefined,z:undefined} type=object @ http://localhost:3001/items/Weapon.js:220
[   24583ms] [LOG] [Player] viewWeapon pos=0.25,-0.34,-0.80 rot=NaN,NaN,NaN visible=true fpArmsPos=0.00,0.00,0.00 @ http://localhost:3001/entities/Player.js:742
[   24583ms] [LOG] [Weapon] applyToMesh: recoilAngle=0.1 swayX=0 swayY=0 time=8.715499999999073 baseRot={x:undefined,y:undefined,z:undefined} type=object @ http://localhost:3001/items/Weapon.js:220
[   24591ms] [LOG] [Player] viewWeapon pos=0.25,-0.34,-0.80 rot=NaN,NaN,NaN visible=true fpArmsPos=0.00,0.00,0.00 @ http://localhost:3001/entities/Player.js:742
[   24591ms] [LOG] [Weapon] applyToMesh: recoilAngle=0.1 swayX=0 swayY=0 time=8.724299999999818 baseRot={x:undefined,y:undefined,z:undefined} type=object @ http://localhost:3001/items/Weapon.js:220
[   24600ms] [LOG] [Player] viewWeapon pos=0.25,-0.34,-0.80 rot=NaN,NaN,NaN visible=true fpArmsPos=0.00,0.00,0.00 @ http://localhost:3001/entities/Player.js:742
[   24600ms] [LOG] [Weapon] applyToMesh: recoilAngle=0.1 swayX=0 swayY=0 time=8.733299999999819 baseRot={x:undefined,y:undefined,z:undefined} type=object @ http://localhost:3001/items/Weapon.js:220
[   24610ms] [LOG] [Player] viewWeapon pos=0.25,-0.34,-0.80 rot=NaN,NaN,NaN visible=true fpArmsPos=0.00,0.00,0.00 @ http://localhost:3001/entities/Player.js:742
[   24611ms] [LOG] [Weapon] applyToMesh: recoilAngle=0.1 swayX=0 swayY=0 time=8.743499999999074 baseRot={x:undefined,y:undefined,z:undefined} type=object @ http://localhost:3001/items/Weapon.js:220
[   24619ms] [LOG] [Player] viewWeapon pos=0.25,-0.34,-0.80 rot=NaN,NaN,NaN visible=true fpArmsPos=0.00,0.00,0.00 @ http://localhost:3001/entities/Player.js:742
[   24619ms] [LOG] [Weapon] applyToMesh: recoilAngle=0.1 swayX=0 swayY=0 time=8.751899999999447 baseRot={x:undefined,y:undefined,z:undefined} type=object @ http://localhost:3001/items/Weapon.js:220
[   24619ms] [LOG] [Player] after applyToMesh: rot=NaN,NaN,NaN baseRot=undef @ http://localhost:3001/entities/Player.js:781
[   24628ms] [LOG] [Player] viewWeapon pos=0.25,-0.34,-0.80 rot=NaN,NaN,NaN visible=true fpArmsPos=0.00,0.00,0.00 @ http://localhost:3001/entities/Player.js:742
[   24628ms] [LOG] [Weapon] applyToMesh: recoilAngle=0.1 swayX=0 swayY=0 time=8.760699999999261 baseRot={x:undefined,y:undefined,z:undefined} type=object @ http://localhost:3001/items/Weapon.js:220
[   24637ms] [LOG] [Player] viewWeapon pos=0.25,-0.34,-0.80 rot=NaN,NaN,NaN visible=true fpArmsPos=0.00,0.00,0.00 @ http://localhost:3001/entities/Player.js:742
[   24637ms] [LOG] [Weapon] applyToMesh: recoilAngle=0.1 swayX=0 swayY=0 time=8.76979999999982 baseRot={x:undefined,y:undefined,z:undefined} type=object @ http://localhost:3001/items/Weapon.js:220
[   24645ms] [LOG] [Player] viewWeapon pos=0.25,-0.34,-0.80 rot=NaN,NaN,NaN visible=true fpArmsPos=0.00,0.00,0.00 @ http://localhost:3001/entities/Player.js:742
[   24645ms] [LOG] [Weapon] applyToMesh: recoilAngle=0.1 swayX=0 swayY=0 time=8.777499999999076 baseRot={x:undefined,y:undefined,z:undefined} type=object @ http://localhost:3001/items/Weapon.js:220
[   24654ms] [LOG] [Player] viewWeapon pos=0.25,-0.34,-0.80 rot=NaN,NaN,NaN visible=true fpArmsPos=0.00,0.00,0.00 @ http://localhost:3001/entities/Player.js:742
[   24654ms] [LOG] [Weapon] applyToMesh: recoilAngle=0.1 swayX=0 swayY=0 time=8.786799999999822 baseRot={x:undefined,y:undefined,z:undefined} type=object @ http://localhost:3001/items/Weapon.js:220
[   24663ms] [LOG] [Player] viewWeapon pos=0.25,-0.34,-0.80 rot=NaN,NaN,NaN visible=true fpArmsPos=0.00,0.00,0.00 @ http://localhost:3001/entities/Player.js:742
[   24663ms] [LOG] [Weapon] applyToMesh: recoilAngle=0.1 swayX=0 swayY=0 time=8.79639999999945 baseRot={x:undefined,y:undefined,z:undefined} type=object @ http://localhost:3001/items/Weapon.js:220
[   24672ms] [LOG] [Player] viewWeapon pos=0.25,-0.34,-0.80 rot=NaN,NaN,NaN visible=true fpArmsPos=0.00,0.00,0.00 @ http://localhost:3001/entities/Player.js:742
[   24672ms] [LOG] [Weapon] applyToMesh: recoilAngle=0.1 swayX=0 swayY=0 time=8.804699999999263 baseRot={x:undefined,y:undefined,z:undefined} type=object @ http://localhost:3001/items/Weapon.js:220
[   24679ms] [LOG] [Player] viewWeapon pos=0.25,-0.34,-0.80 rot=NaN,NaN,NaN visible=true fpArmsPos=0.00,0.00,0.00 @ http://localhost:3001/entities/Player.js:742
[   24679ms] [LOG] [Weapon] applyToMesh: recoilAngle=0.1 swayX=0 swayY=0 time=8.812199999999264 baseRot={x:undefined,y:undefined,z:undefined} type=object @ http://localhost:3001/items/Weapon.js:220
[   24686ms] [LOG] [Player] viewWeapon pos=0.25,-0.34,-0.80 rot=NaN,NaN,NaN visible=true fpArmsPos=0.00,0.00,0.00 @ http://localhost:3001/entities/Player.js:742
[   24686ms] [LOG] [Weapon] applyToMesh: recoilAngle=0.1 swayX=0 swayY=0 time=8.819099999999636 baseRot={x:undefined,y:undefined,z:undefined} type=object @ http://localhost:3001/items/Weapon.js:220
[   24693ms] [LOG] [Player] viewWeapon pos=0.25,-0.34,-0.80 rot=NaN,NaN,NaN visible=true fpArmsPos=0.00,0.00,0.00 @ http://localhost:3001/entities/Player.js:742
[   24693ms] [LOG] [Weapon] applyToMesh: recoilAngle=0.1 swayX=0 swayY=0 time=8.826299999999822 baseRot={x:undefined,y:undefined,z:undefined} type=object @ http://localhost:3001/items/Weapon.js:220
[   24701ms] [LOG] [Player] viewWeapon pos=0.25,-0.34,-0.80 rot=NaN,NaN,NaN visible=true fpArmsPos=0.00,0.00,0.00 @ http://localhost:3001/entities/Player.js:742
[   24701ms] [LOG] [Weapon] applyToMesh: recoilAngle=0.1 swayX=0 swayY=0 time=8.834099999999635 baseRot={x:undefined,y:undefined,z:undefined} type=object @ http://localhost:3001/items/Weapon.js:220
[   24711ms] [LOG] [Player] viewWeapon pos=0.25,-0.34,-0.80 rot=NaN,NaN,NaN visible=true fpArmsPos=0.00,0.00,0.00 @ http://localhost:3001/entities/Player.js:742
[   24711ms] [LOG] [Weapon] applyToMesh: recoilAngle=0.1 swayX=0 swayY=0 time=8.843799999999822 baseRot={x:undefined,y:undefined,z:undefined} type=object @ http://localhost:3001/items/Weapon.js:220
[   24718ms] [LOG] [Player] viewWeapon pos=0.25,-0.34,-0.80 rot=NaN,NaN,NaN visible=true fpArmsPos=0.00,0.00,0.00 @ http://localhost:3001/entities/Player.js:742
[   24718ms] [LOG] [Weapon] applyToMesh: recoilAngle=0.1 swayX=0 swayY=0 time=8.851699999999264 baseRot={x:undefined,y:undefined,z:undefined} type=object @ http://localhost:3001/items/Weapon.js:220
[   24726ms] [LOG] [Player] viewWeapon pos=0.25,-0.34,-0.80 rot=NaN,NaN,NaN visible=true fpArmsPos=0.00,0.00,0.00 @ http://localhost:3001/entities/Player.js:742
[   24726ms] [LOG] [Weapon] applyToMesh: recoilAngle=0.1 swayX=0 swayY=0 time=8.85889999999945 baseRot={x:undefined,y:undefined,z:undefined} type=object @ http://localhost:3001/items/Weapon.js:220
[   24734ms] [LOG] [Player] viewWeapon pos=0.25,-0.34,-0.80 rot=NaN,NaN,NaN visible=true fpArmsPos=0.00,0.00,0.00 @ http://localhost:3001/entities/Player.js:742
[   24734ms] [LOG] [Weapon] applyToMesh: recoilAngle=0.1 swayX=0 swayY=0 time=8.867099999999636 baseRot={x:undefined,y:undefined,z:undefined} type=object @ http://localhost:3001/items/Weapon.js:220
[   24742ms] [LOG] [Player] viewWeapon pos=0.25,-0.34,-0.80 rot=NaN,NaN,NaN visible=true fpArmsPos=0.00,0.00,0.00 @ http://localhost:3001/entities/Player.js:742
[   24743ms] [LOG] [Weapon] applyToMesh: recoilAngle=0.1 swayX=0 swayY=0 time=8.87489999999945 baseRot={x:undefined,y:undefined,z:undefined} type=object @ http://localhost:3001/items/Weapon.js:220
[   24751ms] [LOG] [Player] viewWeapon pos=0.25,-0.34,-0.80 rot=NaN,NaN,NaN visible=true fpArmsPos=0.00,0.00,0.00 @ http://localhost:3001/entities/Player.js:742
[   24751ms] [LOG] [Weapon] applyToMesh: recoilAngle=0.1 swayX=0 swayY=0 time=8.883499999999078 baseRot={x:undefined,y:undefined,z:undefined} type=object @ http://localhost:3001/items/Weapon.js:220
[   24760ms] [LOG] [Player] viewWeapon pos=0.25,-0.34,-0.80 rot=NaN,NaN,NaN visible=true fpArmsPos=0.00,0.00,0.00 @ http://localhost:3001/entities/Player.js:742
[   24760ms] [LOG] [Weapon] applyToMesh: recoilAngle=0.1 swayX=0 swayY=0 time=8.893199999999265 baseRot={x:undefined,y:undefined,z:undefined} type=object @ http://localhost:3001/items/Weapon.js:220
[   24769ms] [LOG] [Player] viewWeapon pos=0.25,-0.34,-0.80 rot=NaN,NaN,NaN visible=true fpArmsPos=0.00,0.00,0.00 @ http://localhost:3001/entities/Player.js:742
[   24769ms] [LOG] [Weapon] applyToMesh: recoilAngle=0.1 swayX=0 swayY=0 time=8.901699999999265 baseRot={x:undefined,y:undefined,z:undefined} type=object @ http://localhost:3001/items/Weapon.js:220
[   24778ms] [LOG] [Player] viewWeapon pos=0.25,-0.34,-0.80 rot=NaN,NaN,NaN visible=true fpArmsPos=0.00,0.00,0.00 @ http://localhost:3001/entities/Player.js:742
[   24778ms] [LOG] [Weapon] applyToMesh: recoilAngle=0.1 swayX=0 swayY=0 time=8.910899999999451 baseRot={x:undefined,y:undefined,z:undefined} type=object @ http://localhost:3001/items/Weapon.js:220
[   24785ms] [LOG] [Player] viewWeapon pos=0.25,-0.34,-0.80 rot=NaN,NaN,NaN visible=true fpArmsPos=0.00,0.00,0.00 @ http://localhost:3001/entities/Player.js:742
[   24785ms] [LOG] [Weapon] applyToMesh: recoilAngle=0.1 swayX=0 swayY=0 time=8.918299999999823 baseRot={x:undefined,y:undefined,z:undefined} type=object @ http://localhost:3001/items/Weapon.js:220
[   24793ms] [LOG] [Player] viewWeapon pos=0.25,-0.34,-0.80 rot=NaN,NaN,NaN visible=true fpArmsPos=0.00,0.00,0.00 @ http://localhost:3001/entities/Player.js:742
[   24793ms] [LOG] [Weapon] applyToMesh: recoilAngle=0.1 swayX=0 swayY=0 time=8.926099999999636 baseRot={x:undefined,y:undefined,z:undefined} type=object @ http://localhost:3001/items/Weapon.js:220
[   24800ms] [LOG] [Player] viewWeapon pos=0.25,-0.34,-0.80 rot=NaN,NaN,NaN visible=true fpArmsPos=0.00,0.00,0.00 @ http://localhost:3001/entities/Player.js:742
[   24800ms] [LOG] [Weapon] applyToMesh: recoilAngle=0.1 swayX=0 swayY=0 time=8.933199999999264 baseRot={x:undefined,y:undefined,z:undefined} type=object @ http://localhost:3001/items/Weapon.js:220
[   24808ms] [LOG] [Player] viewWeapon pos=0.25,-0.34,-0.80 rot=NaN,NaN,NaN visible=true fpArmsPos=0.00,0.00,0.00 @ http://localhost:3001/entities/Player.js:742
[   24808ms] [LOG] [Weapon] applyToMesh: recoilAngle=0.1 swayX=0 swayY=0 time=8.940999999999077 baseRot={x:undefined,y:undefined,z:undefined} type=object @ http://localhost:3001/items/Weapon.js:220
[   24815ms] [LOG] [Player] viewWeapon pos=0.25,-0.34,-0.80 rot=NaN,NaN,NaN visible=true fpArmsPos=0.00,0.00,0.00 @ http://localhost:3001/entities/Player.js:742
[   24815ms] [LOG] [Weapon] applyToMesh: recoilAngle=0.1 swayX=0 swayY=0 time=8.948199999999263 baseRot={x:undefined,y:undefined,z:undefined} type=object @ http://localhost:3001/items/Weapon.js:220
[   24822ms] [LOG] [Player] viewWeapon pos=0.25,-0.34,-0.80 rot=NaN,NaN,NaN visible=true fpArmsPos=0.00,0.00,0.00 @ http://localhost:3001/entities/Player.js:742
[   24822ms] [LOG] [Weapon] applyToMesh: recoilAngle=0.1 swayX=0 swayY=0 time=8.955099999999636 baseRot={x:undefined,y:undefined,z:undefined} type=object @ http://localhost:3001/items/Weapon.js:220
[   24828ms] [LOG] [Player] viewWeapon pos=0.25,-0.34,-0.80 rot=NaN,NaN,NaN visible=true fpArmsPos=0.00,0.00,0.00 @ http://localhost:3001/entities/Player.js:742
[   24828ms] [LOG] [Weapon] applyToMesh: recoilAngle=0.1 swayX=0 swayY=0 time=8.961699999999263 baseRot={x:undefined,y:undefined,z:undefined} type=object @ http://localhost:3001/items/Weapon.js:220
[   24835ms] [LOG] [Player] viewWeapon pos=0.25,-0.34,-0.80 rot=NaN,NaN,NaN visible=true fpArmsPos=0.00,0.00,0.00 @ http://localhost:3001/entities/Player.js:742
[   24835ms] [LOG] [Weapon] applyToMesh: recoilAngle=0.1 swayX=0 swayY=0 time=8.967699999999263 baseRot={x:undefined,y:undefined,z:undefined} type=object @ http://localhost:3001/items/Weapon.js:220
[   24835ms] [LOG] [Player] after applyToMesh: rot=NaN,NaN,NaN baseRot=undef @ http://localhost:3001/entities/Player.js:781
[   24843ms] [LOG] [Player] viewWeapon pos=0.25,-0.34,-0.80 rot=NaN,NaN,NaN visible=true fpArmsPos=0.00,0.00,0.00 @ http://localhost:3001/entities/Player.js:742
[   24843ms] [LOG] [Weapon] applyToMesh: recoilAngle=0.1 swayX=0 swayY=0 time=8.975799999999822 baseRot={x:undefined,y:undefined,z:undefined} type=object @ http://localhost:3001/items/Weapon.js:220
[   24849ms] [LOG] [Player] viewWeapon pos=0.25,-0.34,-0.80 rot=NaN,NaN,NaN visible=true fpArmsPos=0.00,0.00,0.00 @ http://localhost:3001/entities/Player.js:742
[   24849ms] [LOG] [Weapon] applyToMesh: recoilAngle=0.1 swayX=0 swayY=0 time=8.982299999999823 baseRot={x:undefined,y:undefined,z:undefined} type=object @ http://localhost:3001/items/Weapon.js:220
[   24857ms] [LOG] [Player] viewWeapon pos=0.25,-0.34,-0.80 rot=NaN,NaN,NaN visible=true fpArmsPos=0.00,0.00,0.00 @ http://localhost:3001/entities/Player.js:742
[   24857ms] [LOG] [Weapon] applyToMesh: recoilAngle=0.1 swayX=0 swayY=0 time=8.990199999999264 baseRot={x:undefined,y:undefined,z:undefined} type=object @ http://localhost:3001/items/Weapon.js:220
[   24864ms] [LOG] [Player] viewWeapon pos=0.25,-0.34,-0.80 rot=NaN,NaN,NaN visible=true fpArmsPos=0.00,0.00,0.00 @ http://localhost:3001/entities/Player.js:742
[   24864ms] [LOG] [Weapon] applyToMesh: recoilAngle=0.1 swayX=0 swayY=0 time=8.996999999999078 baseRot={x:undefined,y:undefined,z:undefined} type=object @ http://localhost:3001/items/Weapon.js:220
[   24870ms] [LOG] [Player] viewWeapon pos=0.25,-0.34,-0.80 rot=NaN,NaN,NaN visible=true fpArmsPos=0.00,0.00,0.00 @ http://localhost:3001/entities/Player.js:742
[   24870ms] [LOG] [Weapon] applyToMesh: recoilAngle=0.1 swayX=0 swayY=0 time=9.003599999999636 baseRot={x:undefined,y:undefined,z:undefined} type=object @ http://localhost:3001/items/Weapon.js:220
[   24877ms] [LOG] [Player] viewWeapon pos=0.25,-0.34,-0.80 rot=NaN,NaN,NaN visible=true fpArmsPos=0.00,0.00,0.00 @ http://localhost:3001/entities/Player.js:742
[   24877ms] [LOG] [Weapon] applyToMesh: recoilAngle=0.1 swayX=0 swayY=0 time=9.00989999999945 baseRot={x:undefined,y:undefined,z:undefined} type=object @ http://localhost:3001/items/Weapon.js:220
[   24883ms] [LOG] [Player] viewWeapon pos=0.25,-0.34,-0.80 rot=NaN,NaN,NaN visible=true fpArmsPos=0.00,0.00,0.00 @ http://localhost:3001/entities/Player.js:742
[   24883ms] [LOG] [Weapon] applyToMesh: recoilAngle=0.1 swayX=0 swayY=0 time=9.016199999999262 baseRot={x:undefined,y:undefined,z:undefined} type=object @ http://localhost:3001/items/Weapon.js:220
[   24890ms] [LOG] [Player] viewWeapon pos=0.25,-0.34,-0.80 rot=NaN,NaN,NaN visible=true fpArmsPos=0.00,0.00,0.00 @ http://localhost:3001/entities/Player.js:742
[   24890ms] [LOG] [Weapon] applyToMesh: recoilAngle=0.1 swayX=0 swayY=0 time=9.022999999999076 baseRot={x:undefined,y:undefined,z:undefined} type=object @ http://localhost:3001/items/Weapon.js:220
[   24897ms] [LOG] [Player] viewWeapon pos=0.25,-0.34,-0.80 rot=NaN,NaN,NaN visible=true fpArmsPos=0.00,0.00,0.00 @ http://localhost:3001/entities/Player.js:742
[   24897ms] [LOG] [Weapon] applyToMesh: recoilAngle=0.1 swayX=0 swayY=0 time=9.030099999999635 baseRot={x:undefined,y:undefined,z:undefined} type=object @ http://localhost:3001/items/Weapon.js:220
[   24905ms] [LOG] [Player] viewWeapon pos=0.25,-0.34,-0.80 rot=NaN,NaN,NaN visible=true fpArmsPos=0.00,0.00,0.00 @ http://localhost:3001/entities/Player.js:742
[   24905ms] [LOG] [Weapon] applyToMesh: recoilAngle=0.1 swayX=0 swayY=0 time=9.037999999999077 baseRot={x:undefined,y:undefined,z:undefined} type=object @ http://localhost:3001/items/Weapon.js:220
[   24911ms] [LOG] [Player] viewWeapon pos=0.25,-0.34,-0.80 rot=NaN,NaN,NaN visible=true fpArmsPos=0.00,0.00,0.00 @ http://localhost:3001/entities/Player.js:742
[   24911ms] [LOG] [Weapon] applyToMesh: recoilAngle=0.1 swayX=0 swayY=0 time=9.044499999999077 baseRot={x:undefined,y:undefined,z:undefined} type=object @ http://localhost:3001/items/Weapon.js:220
[   24918ms] [LOG] [Player] viewWeapon pos=0.25,-0.34,-0.80 rot=NaN,NaN,NaN visible=true fpArmsPos=0.00,0.00,0.00 @ http://localhost:3001/entities/Player.js:742
[   24918ms] [LOG] [Weapon] applyToMesh: recoilAngle=0.1 swayX=0 swayY=0 time=9.051299999999822 baseRot={x:undefined,y:undefined,z:undefined} type=object @ http://localhost:3001/items/Weapon.js:220
[   24925ms] [LOG] [Player] viewWeapon pos=0.25,-0.34,-0.80 rot=NaN,NaN,NaN visible=true fpArmsPos=0.00,0.00,0.00 @ http://localhost:3001/entities/Player.js:742
[   24925ms] [LOG] [Weapon] applyToMesh: recoilAngle=0.1 swayX=0 swayY=0 time=9.05789999999945 baseRot={x:undefined,y:undefined,z:undefined} type=object @ http://localhost:3001/items/Weapon.js:220
[   24932ms] [LOG] [Player] viewWeapon pos=0.25,-0.34,-0.80 rot=NaN,NaN,NaN visible=true fpArmsPos=0.00,0.00,0.00 @ http://localhost:3001/entities/Player.js:742
[   24932ms] [LOG] [Weapon] applyToMesh: recoilAngle=0.1 swayX=0 swayY=0 time=9.064899999999449 baseRot={x:undefined,y:undefined,z:undefined} type=object @ http://localhost:3001/items/Weapon.js:220
[   24939ms] [LOG] [Player] viewWeapon pos=0.25,-0.33,-0.80 rot=NaN,NaN,NaN visible=true fpArmsPos=0.00,0.00,0.00 @ http://localhost:3001/entities/Player.js:742
[   24939ms] [LOG] [Weapon] applyToMesh: recoilAngle=0.1 swayX=0 swayY=0 time=9.071599999999636 baseRot={x:undefined,y:undefined,z:undefined} type=object @ http://localhost:3001/items/Weapon.js:220
[   24939ms] [LOG] [Player] after applyToMesh: rot=NaN,NaN,NaN baseRot=undef @ http://localhost:3001/entities/Player.js:781
[   24946ms] [LOG] [Player] viewWeapon pos=0.25,-0.33,-0.80 rot=NaN,NaN,NaN visible=true fpArmsPos=0.00,0.00,0.00 @ http://localhost:3001/entities/Player.js:742
[   24946ms] [LOG] [Weapon] applyToMesh: recoilAngle=0.1 swayX=0 swayY=0 time=9.078699999999264 baseRot={x:undefined,y:undefined,z:undefined} type=object @ http://localhost:3001/items/Weapon.js:220
[   24953ms] [LOG] [Player] viewWeapon pos=0.25,-0.33,-0.80 rot=NaN,NaN,NaN visible=true fpArmsPos=0.00,0.00,0.00 @ http://localhost:3001/entities/Player.js:742
[   24954ms] [LOG] [Weapon] applyToMesh: recoilAngle=0.1 swayX=0 swayY=0 time=9.086799999999823 baseRot={x:undefined,y:undefined,z:undefined} type=object @ http://localhost:3001/items/Weapon.js:220
[   24960ms] [LOG] [Player] viewWeapon pos=0.25,-0.33,-0.80 rot=NaN,NaN,NaN visible=true fpArmsPos=0.00,0.00,0.00 @ http://localhost:3001/entities/Player.js:742
[   24960ms] [LOG] [Weapon] applyToMesh: recoilAngle=0.1 swayX=0 swayY=0 time=9.092999999999078 baseRot={x:undefined,y:undefined,z:undefined} type=object @ http://localhost:3001/items/Weapon.js:220
[   24967ms] [LOG] [Player] viewWeapon pos=0.25,-0.33,-0.80 rot=NaN,NaN,NaN visible=true fpArmsPos=0.00,0.00,0.00 @ http://localhost:3001/entities/Player.js:742
[   24967ms] [LOG] [Weapon] applyToMesh: recoilAngle=0.1 swayX=0 swayY=0 time=9.100099999999637 baseRot={x:undefined,y:undefined,z:undefined} type=object @ http://localhost:3001/items/Weapon.js:220
[   24973ms] [LOG] [Player] viewWeapon pos=0.25,-0.33,-0.80 rot=NaN,NaN,NaN visible=true fpArmsPos=0.00,0.00,0.00 @ http://localhost:3001/entities/Player.js:742
[   24973ms] [LOG] [Weapon] applyToMesh: recoilAngle=0.1 swayX=0 swayY=0 time=9.106199999999264 baseRot={x:undefined,y:undefined,z:undefined} type=object @ http://localhost:3001/items/Weapon.js:220
[   24980ms] [LOG] [Player] viewWeapon pos=0.25,-0.33,-0.80 rot=NaN,NaN,NaN visible=true fpArmsPos=0.00,0.00,0.00 @ http://localhost:3001/entities/Player.js:742
[   24980ms] [LOG] [Weapon] applyToMesh: recoilAngle=0.1 swayX=0 swayY=0 time=9.112699999999265 baseRot={x:undefined,y:undefined,z:undefined} type=object @ http://localhost:3001/items/Weapon.js:220
[   24986ms] [LOG] [Player] viewWeapon pos=0.25,-0.33,-0.80 rot=NaN,NaN,NaN visible=true fpArmsPos=0.00,0.00,0.00 @ http://localhost:3001/entities/Player.js:742
[   24986ms] [LOG] [Weapon] applyToMesh: recoilAngle=0.1 swayX=0 swayY=0 time=9.119099999999637 baseRot={x:undefined,y:undefined,z:undefined} type=object @ http://localhost:3001/items/Weapon.js:220
[   24992ms] [LOG] [Player] viewWeapon pos=0.25,-0.33,-0.80 rot=NaN,NaN,NaN visible=true fpArmsPos=0.00,0.00,0.00 @ http://localhost:3001/entities/Player.js:742
[   24992ms] [LOG] [Weapon] applyToMesh: recoilAngle=0.1 swayX=0 swayY=0 time=9.125499999999079 baseRot={x:undefined,y:undefined,z:undefined} type=object @ http://localhost:3001/items/Weapon.js:220
[   25000ms] [LOG] [Player] viewWeapon pos=0.25,-0.33,-0.80 rot=NaN,NaN,NaN visible=true fpArmsPos=0.00,0.00,0.00 @ http://localhost:3001/entities/Player.js:742
[   25000ms] [LOG] [Weapon] applyToMesh: recoilAngle=0.1 swayX=0 swayY=0 time=9.13289999999945 baseRot={x:undefined,y:undefined,z:undefined} type=object @ http://localhost:3001/items/Weapon.js:220
[   25006ms] [LOG] [Player] viewWeapon pos=0.25,-0.33,-0.80 rot=NaN,NaN,NaN visible=true fpArmsPos=0.00,0.00,0.00 @ http://localhost:3001/entities/Player.js:742
[   25007ms] [LOG] [Weapon] applyToMesh: recoilAngle=0.1 swayX=0 swayY=0 time=9.139499999999078 baseRot={x:undefined,y:undefined,z:undefined} type=object @ http://localhost:3001/items/Weapon.js:220
[   25013ms] [LOG] [Player] viewWeapon pos=0.25,-0.33,-0.80 rot=NaN,NaN,NaN visible=true fpArmsPos=0.00,0.00,0.00 @ http://localhost:3001/entities/Player.js:742
[   25013ms] [LOG] [Weapon] applyToMesh: recoilAngle=0.1 swayX=0 swayY=0 time=9.146099999999636 baseRot={x:undefined,y:undefined,z:undefined} type=object @ http://localhost:3001/items/Weapon.js:220
[   25013ms] [LOG] [Player] after applyToMesh: rot=NaN,NaN,NaN baseRot=undef @ http://localhost:3001/entities/Player.js:781
[   25020ms] [LOG] [Player] viewWeapon pos=0.25,-0.33,-0.80 rot=NaN,NaN,NaN visible=true fpArmsPos=0.00,0.00,0.00 @ http://localhost:3001/entities/Player.js:742
[   25020ms] [LOG] [Weapon] applyToMesh: recoilAngle=0.1 swayX=0 swayY=0 time=9.152999999999077 baseRot={x:undefined,y:undefined,z:undefined} type=object @ http://localhost:3001/items/Weapon.js:220
[   25027ms] [LOG] [Player] viewWeapon pos=0.25,-0.33,-0.80 rot=NaN,NaN,NaN visible=true fpArmsPos=0.00,0.00,0.00 @ http://localhost:3001/entities/Player.js:742
[   25027ms] [LOG] [Weapon] applyToMesh: recoilAngle=0.1 swayX=0 swayY=0 time=9.15989999999945 baseRot={x:undefined,y:undefined,z:undefined} type=object @ http://localhost:3001/items/Weapon.js:220
[   25034ms] [LOG] [Player] viewWeapon pos=0.25,-0.33,-0.80 rot=NaN,NaN,NaN visible=true fpArmsPos=0.00,0.00,0.00 @ http://localhost:3001/entities/Player.js:742
[   25034ms] [LOG] [Weapon] applyToMesh: recoilAngle=0.1 swayX=0 swayY=0 time=9.166799999999823 baseRot={x:undefined,y:undefined,z:undefined} type=object @ http://localhost:3001/items/Weapon.js:220
[   25041ms] [LOG] [Player] viewWeapon pos=0.25,-0.33,-0.80 rot=NaN,NaN,NaN visible=true fpArmsPos=0.00,0.00,0.00 @ http://localhost:3001/entities/Player.js:742
[   25041ms] [LOG] [Weapon] applyToMesh: recoilAngle=0.1 swayX=0 swayY=0 time=9.173799999999822 baseRot={x:undefined,y:undefined,z:undefined} type=object @ http://localhost:3001/items/Weapon.js:220
[   25048ms] [LOG] [Player] viewWeapon pos=0.25,-0.33,-0.80 rot=NaN,NaN,NaN visible=true fpArmsPos=0.00,0.00,0.00 @ http://localhost:3001/entities/Player.js:742
[   25049ms] [LOG] [Weapon] applyToMesh: recoilAngle=0.1 swayX=0 swayY=0 time=9.181699999999264 baseRot={x:undefined,y:undefined,z:undefined} type=object @ http://localhost:3001/items/Weapon.js:220
[   25055ms] [LOG] [Player] viewWeapon pos=0.25,-0.33,-0.80 rot=NaN,NaN,NaN visible=true fpArmsPos=0.00,0.00,0.00 @ http://localhost:3001/entities/Player.js:742
[   25055ms] [LOG] [Weapon] applyToMesh: recoilAngle=0.1 swayX=0 swayY=0 time=9.18789999999945 baseRot={x:undefined,y:undefined,z:undefined} type=object @ http://localhost:3001/items/Weapon.js:220
[   25062ms] [LOG] [Player] viewWeapon pos=0.25,-0.33,-0.80 rot=NaN,NaN,NaN visible=true fpArmsPos=0.00,0.00,0.00 @ http://localhost:3001/entities/Player.js:742
[   25062ms] [LOG] [Weapon] applyToMesh: recoilAngle=0.1 swayX=0 swayY=0 time=9.194699999999264 baseRot={x:undefined,y:undefined,z:undefined} type=object @ http://localhost:3001/items/Weapon.js:220
[   25069ms] [LOG] [Player] viewWeapon pos=0.25,-0.33,-0.80 rot=NaN,NaN,NaN visible=true fpArmsPos=0.00,0.00,0.00 @ http://localhost:3001/entities/Player.js:742
[   25069ms] [LOG] [Weapon] applyToMesh: recoilAngle=0.1 swayX=0 swayY=0 time=9.20189999999945 baseRot={x:undefined,y:undefined,z:undefined} type=object @ http://localhost:3001/items/Weapon.js:220
[   25075ms] [LOG] [Player] viewWeapon pos=0.25,-0.33,-0.80 rot=NaN,NaN,NaN visible=true fpArmsPos=0.00,0.00,0.00 @ http://localhost:3001/entities/Player.js:742
[   25075ms] [LOG] [Weapon] applyToMesh: recoilAngle=0.1 swayX=0 swayY=0 time=9.208599999999636 baseRot={x:undefined,y:undefined,z:undefined} type=object @ http://localhost:3001/items/Weapon.js:220
[   25076ms] [LOG] [Player] after applyToMesh: rot=NaN,NaN,NaN baseRot=undef @ http://localhost:3001/entities/Player.js:781
[   25082ms] [LOG] [Player] viewWeapon pos=0.25,-0.33,-0.80 rot=NaN,NaN,NaN visible=true fpArmsPos=0.00,0.00,0.00 @ http://localhost:3001/entities/Player.js:742
[   25082ms] [LOG] [Weapon] applyToMesh: recoilAngle=0.1 swayX=0 swayY=0 time=9.21539999999945 baseRot={x:undefined,y:undefined,z:undefined} type=object @ http://localhost:3001/items/Weapon.js:220
[   25089ms] [LOG] [Player] viewWeapon pos=0.25,-0.33,-0.80 rot=NaN,NaN,NaN visible=true fpArmsPos=0.00,0.00,0.00 @ http://localhost:3001/entities/Player.js:742
[   25089ms] [LOG] [Weapon] applyToMesh: recoilAngle=0.1 swayX=0 swayY=0 time=9.222499999999078 baseRot={x:undefined,y:undefined,z:undefined} type=object @ http://localhost:3001/items/Weapon.js:220
[   25097ms] [LOG] [Player] viewWeapon pos=0.25,-0.33,-0.80 rot=NaN,NaN,NaN visible=true fpArmsPos=0.00,0.00,0.00 @ http://localhost:3001/entities/Player.js:742
[   25097ms] [LOG] [Weapon] applyToMesh: recoilAngle=0.1 swayX=0 swayY=0 time=9.22989999999945 baseRot={x:undefined,y:undefined,z:undefined} type=object @ http://localhost:3001/items/Weapon.js:220
[   25097ms] [LOG] [Player] after applyToMesh: rot=NaN,NaN,NaN baseRot=undef @ http://localhost:3001/entities/Player.js:781
[   25103ms] [LOG] [Player] viewWeapon pos=0.25,-0.33,-0.80 rot=NaN,NaN,NaN visible=true fpArmsPos=0.00,0.00,0.00 @ http://localhost:3001/entities/Player.js:742
[   25103ms] [LOG] [Weapon] applyToMesh: recoilAngle=0.1 swayX=0 swayY=0 time=9.23639999999945 baseRot={x:undefined,y:undefined,z:undefined} type=object @ http://localhost:3001/items/Weapon.js:220
[   25110ms] [LOG] [Player] viewWeapon pos=0.25,-0.33,-0.80 rot=NaN,NaN,NaN visible=true fpArmsPos=0.00,0.00,0.00 @ http://localhost:3001/entities/Player.js:742
[   25110ms] [LOG] [Weapon] applyToMesh: recoilAngle=0.1 swayX=0 swayY=0 time=9.243199999999264 baseRot={x:undefined,y:undefined,z:undefined} type=object @ http://localhost:3001/items/Weapon.js:220
[   25117ms] [LOG] [Player] viewWeapon pos=0.25,-0.33,-0.80 rot=NaN,NaN,NaN visible=true fpArmsPos=0.00,0.00,0.00 @ http://localhost:3001/entities/Player.js:742
[   25117ms] [LOG] [Weapon] applyToMesh: recoilAngle=0.1 swayX=0 swayY=0 time=9.250299999999823 baseRot={x:undefined,y:undefined,z:undefined} type=object @ http://localhost:3001/items/Weapon.js:220
[   25124ms] [LOG] [Player] viewWeapon pos=0.25,-0.33,-0.80 rot=NaN,NaN,NaN visible=true fpArmsPos=0.00,0.00,0.00 @ http://localhost:3001/entities/Player.js:742
[   25124ms] [LOG] [Weapon] applyToMesh: recoilAngle=0.1 swayX=0 swayY=0 time=9.257199999999264 baseRot={x:undefined,y:undefined,z:undefined} type=object @ http://localhost:3001/items/Weapon.js:220
[   25131ms] [LOG] [Player] viewWeapon pos=0.25,-0.33,-0.80 rot=NaN,NaN,NaN visible=true fpArmsPos=0.00,0.00,0.00 @ http://localhost:3001/entities/Player.js:742
[   25131ms] [LOG] [Weapon] applyToMesh: recoilAngle=0.1 swayX=0 swayY=0 time=9.263999999999077 baseRot={x:undefined,y:undefined,z:undefined} type=object @ http://localhost:3001/items/Weapon.js:220
[   25138ms] [LOG] [Player] viewWeapon pos=0.25,-0.33,-0.80 rot=NaN,NaN,NaN visible=true fpArmsPos=0.00,0.00,0.00 @ http://localhost:3001/entities/Player.js:742
[   25138ms] [LOG] [Weapon] applyToMesh: recoilAngle=0.1 swayX=0 swayY=0 time=9.270999999999077 baseRot={x:undefined,y:undefined,z:undefined} type=object @ http://localhost:3001/items/Weapon.js:220
[   25146ms] [LOG] [Player] viewWeapon pos=0.25,-0.33,-0.80 rot=NaN,NaN,NaN visible=true fpArmsPos=0.00,0.00,0.00 @ http://localhost:3001/entities/Player.js:742
[   25146ms] [LOG] [Weapon] applyToMesh: recoilAngle=0.1 swayX=0 swayY=0 time=9.278799999999823 baseRot={x:undefined,y:undefined,z:undefined} type=object @ http://localhost:3001/items/Weapon.js:220
[   25152ms] [LOG] [Player] viewWeapon pos=0.25,-0.33,-0.80 rot=NaN,NaN,NaN visible=true fpArmsPos=0.00,0.00,0.00 @ http://localhost:3001/entities/Player.js:742
[   25152ms] [LOG] [Weapon] applyToMesh: recoilAngle=0.1 swayX=0 swayY=0 time=9.285199999999264 baseRot={x:undefined,y:undefined,z:undefined} type=object @ http://localhost:3001/items/Weapon.js:220
[   25159ms] [LOG] [Player] viewWeapon pos=0.25,-0.33,-0.80 rot=NaN,NaN,NaN visible=true fpArmsPos=0.00,0.00,0.00 @ http://localhost:3001/entities/Player.js:742
[   25159ms] [LOG] [Weapon] applyToMesh: recoilAngle=0.1 swayX=0 swayY=0 time=9.291899999999451 baseRot={x:undefined,y:undefined,z:undefined} type=object @ http://localhost:3001/items/Weapon.js:220
[   25159ms] [LOG] [Player] after applyToMesh: rot=NaN,NaN,NaN baseRot=undef @ http://localhost:3001/entities/Player.js:781
[   25166ms] [LOG] [Player] viewWeapon pos=0.25,-0.33,-0.80 rot=NaN,NaN,NaN visible=true fpArmsPos=0.00,0.00,0.00 @ http://localhost:3001/entities/Player.js:742
[   25166ms] [LOG] [Weapon] applyToMesh: recoilAngle=0.1 swayX=0 swayY=0 time=9.298799999999824 baseRot={x:undefined,y:undefined,z:undefined} type=object @ http://localhost:3001/items/Weapon.js:220
[   25166ms] [LOG] [Player] anim: recoilAngle=0.1 swayX=0 swayY=0 time=9.298799999999824 @ http://localhost:3001/entities/Player.js:780
[   25173ms] [LOG] [Player] viewWeapon pos=0.25,-0.33,-0.80 rot=NaN,NaN,NaN visible=true fpArmsPos=0.00,0.00,0.00 @ http://localhost:3001/entities/Player.js:742
[   25173ms] [LOG] [Weapon] applyToMesh: recoilAngle=0.1 swayX=0 swayY=0 time=9.305799999999824 baseRot={x:undefined,y:undefined,z:undefined} type=object @ http://localhost:3001/items/Weapon.js:220
[   25180ms] [LOG] [Player] viewWeapon pos=0.25,-0.33,-0.80 rot=NaN,NaN,NaN visible=true fpArmsPos=0.00,0.00,0.00 @ http://localhost:3001/entities/Player.js:742
[   25180ms] [LOG] [Weapon] applyToMesh: recoilAngle=0.1 swayX=0 swayY=0 time=9.312799999999823 baseRot={x:undefined,y:undefined,z:undefined} type=object @ http://localhost:3001/items/Weapon.js:220
[   25187ms] [LOG] [Player] viewWeapon pos=0.25,-0.33,-0.80 rot=NaN,NaN,NaN visible=true fpArmsPos=0.00,0.00,0.00 @ http://localhost:3001/entities/Player.js:742
[   25187ms] [LOG] [Weapon] applyToMesh: recoilAngle=0.1 swayX=0 swayY=0 time=9.319899999999452 baseRot={x:undefined,y:undefined,z:undefined} type=object @ http://localhost:3001/items/Weapon.js:220
[   25194ms] [LOG] [Player] viewWeapon pos=0.25,-0.33,-0.80 rot=NaN,NaN,NaN visible=true fpArmsPos=0.00,0.00,0.00 @ http://localhost:3001/entities/Player.js:742
[   25194ms] [LOG] [Weapon] applyToMesh: recoilAngle=0.1 swayX=0 swayY=0 time=9.327499999999079 baseRot={x:undefined,y:undefined,z:undefined} type=object @ http://localhost:3001/items/Weapon.js:220
[   25200ms] [LOG] [Player] viewWeapon pos=0.25,-0.33,-0.80 rot=NaN,NaN,NaN visible=true fpArmsPos=0.00,0.00,0.00 @ http://localhost:3001/entities/Player.js:742
[   25201ms] [LOG] [Weapon] applyToMesh: recoilAngle=0.1 swayX=0 swayY=0 time=9.333599999999638 baseRot={x:undefined,y:undefined,z:undefined} type=object @ http://localhost:3001/items/Weapon.js:220
[   25207ms] [LOG] [Player] viewWeapon pos=0.25,-0.33,-0.80 rot=NaN,NaN,NaN visible=true fpArmsPos=0.00,0.00,0.00 @ http://localhost:3001/entities/Player.js:742
[   25207ms] [LOG] [Weapon] applyToMesh: recoilAngle=0.1 swayX=0 swayY=0 time=9.340599999999638 baseRot={x:undefined,y:undefined,z:undefined} type=object @ http://localhost:3001/items/Weapon.js:220
[   25214ms] [LOG] [Player] viewWeapon pos=0.25,-0.33,-0.80 rot=NaN,NaN,NaN visible=true fpArmsPos=0.00,0.00,0.00 @ http://localhost:3001/entities/Player.js:742
[   25214ms] [LOG] [Weapon] applyToMesh: recoilAngle=0.1 swayX=0 swayY=0 time=9.347399999999451 baseRot={x:undefined,y:undefined,z:undefined} type=object @ http://localhost:3001/items/Weapon.js:220
[   25221ms] [LOG] [Player] viewWeapon pos=0.25,-0.33,-0.80 rot=NaN,NaN,NaN visible=true fpArmsPos=0.00,0.00,0.00 @ http://localhost:3001/entities/Player.js:742
[   25221ms] [LOG] [Weapon] applyToMesh: recoilAngle=0.1 swayX=0 swayY=0 time=9.354399999999451 baseRot={x:undefined,y:undefined,z:undefined} type=object @ http://localhost:3001/items/Weapon.js:220
[   25228ms] [LOG] [Player] viewWeapon pos=0.25,-0.33,-0.80 rot=NaN,NaN,NaN visible=true fpArmsPos=0.00,0.00,0.00 @ http://localhost:3001/entities/Player.js:742
[   25228ms] [LOG] [Weapon] applyToMesh: recoilAngle=0.1 swayX=0 swayY=0 time=9.36139999999945 baseRot={x:undefined,y:undefined,z:undefined} type=object @ http://localhost:3001/items/Weapon.js:220
[   25235ms] [LOG] [Player] viewWeapon pos=0.25,-0.33,-0.80 rot=NaN,NaN,NaN visible=true fpArmsPos=0.00,0.00,0.00 @ http://localhost:3001/entities/Player.js:742
[   25235ms] [LOG] [Weapon] applyToMesh: recoilAngle=0.1 swayX=0 swayY=0 time=9.368199999999264 baseRot={x:undefined,y:undefined,z:undefined} type=object @ http://localhost:3001/items/Weapon.js:220
[   25243ms] [LOG] [Player] viewWeapon pos=0.25,-0.33,-0.80 rot=NaN,NaN,NaN visible=true fpArmsPos=0.00,0.00,0.00 @ http://localhost:3001/entities/Player.js:742
[   25243ms] [LOG] [Weapon] applyToMesh: recoilAngle=0.1 swayX=0 swayY=0 time=9.37539999999945 baseRot={x:undefined,y:undefined,z:undefined} type=object @ http://localhost:3001/items/Weapon.js:220
[   25249ms] [LOG] [Player] viewWeapon pos=0.25,-0.33,-0.80 rot=NaN,NaN,NaN visible=true fpArmsPos=0.00,0.00,0.00 @ http://localhost:3001/entities/Player.js:742
[   25250ms] [LOG] [Weapon] applyToMesh: recoilAngle=0.1 swayX=0 swayY=0 time=9.382599999999636 baseRot={x:undefined,y:undefined,z:undefined} type=object @ http://localhost:3001/items/Weapon.js:220
[   25257ms] [LOG] [Player] viewWeapon pos=0.25,-0.33,-0.80 rot=NaN,NaN,NaN visible=true fpArmsPos=0.00,0.00,0.00 @ http://localhost:3001/entities/Player.js:742
[   25257ms] [LOG] [Weapon] applyToMesh: recoilAngle=0.1 swayX=0 swayY=0 time=9.389999999999077 baseRot={x:undefined,y:undefined,z:undefined} type=object @ http://localhost:3001/items/Weapon.js:220
[   25257ms] [LOG] [Player] anim: recoilAngle=0.1 swayX=0 swayY=0 time=9.389999999999077 @ http://localhost:3001/entities/Player.js:780
[   25325ms] [LOG] [Player] viewWeapon pos=0.25,-0.33,-0.80 rot=NaN,NaN,NaN visible=true fpArmsPos=0.00,0.00,0.00 @ http://localhost:3001/entities/Player.js:742
[   25325ms] [LOG] [Weapon] applyToMesh: recoilAngle=0.1 swayX=0 swayY=0 time=9.439999999999078 baseRot={x:undefined,y:undefined,z:undefined} type=object @ http://localhost:3001/items/Weapon.js:220
[   25391ms] [LOG] [Player] viewWeapon pos=0.25,-0.33,-0.80 rot=NaN,NaN,NaN visible=true fpArmsPos=0.00,0.00,0.00 @ http://localhost:3001/entities/Player.js:742
[   25391ms] [LOG] [Weapon] applyToMesh: recoilAngle=0.1 swayX=0 swayY=0 time=9.489999999999078 baseRot={x:undefined,y:undefined,z:undefined} type=object @ http://localhost:3001/items/Weapon.js:220
[   25400ms] [LOG] [Player] viewWeapon pos=0.25,-0.33,-0.80 rot=NaN,NaN,NaN visible=true fpArmsPos=0.00,0.00,0.00 @ http://localhost:3001/entities/Player.js:742
[   25400ms] [LOG] [Weapon] applyToMesh: recoilAngle=0.1 swayX=0 swayY=0 time=9.498699999999264 baseRot={x:undefined,y:undefined,z:undefined} type=object @ http://localhost:3001/items/Weapon.js:220
[   25407ms] [LOG] [Player] viewWeapon pos=0.25,-0.33,-0.80 rot=NaN,NaN,NaN visible=true fpArmsPos=0.00,0.00,0.00 @ http://localhost:3001/entities/Player.js:742
[   25407ms] [LOG] [Weapon] applyToMesh: recoilAngle=0.1 swayX=0 swayY=0 time=9.505799999998892 baseRot={x:undefined,y:undefined,z:undefined} type=object @ http://localhost:3001/items/Weapon.js:220
[   25428ms] [LOG] [Player] viewWeapon pos=0.25,-0.33,-0.80 rot=NaN,NaN,NaN visible=true fpArmsPos=0.00,0.00,0.00 @ http://localhost:3001/entities/Player.js:742
[   25428ms] [LOG] [Weapon] applyToMesh: recoilAngle=0.1 swayX=0 swayY=0 time=9.526799999998893 baseRot={x:undefined,y:undefined,z:undefined} type=object @ http://localhost:3001/items/Weapon.js:220
[   25436ms] [LOG] [Player] viewWeapon pos=0.25,-0.33,-0.80 rot=NaN,NaN,NaN visible=true fpArmsPos=0.00,0.00,0.00 @ http://localhost:3001/entities/Player.js:742
[   25436ms] [LOG] [Weapon] applyToMesh: recoilAngle=0.1 swayX=0 swayY=0 time=9.534899999999451 baseRot={x:undefined,y:undefined,z:undefined} type=object @ http://localhost:3001/items/Weapon.js:220
[   25443ms] [LOG] [Player] viewWeapon pos=0.25,-0.33,-0.80 rot=NaN,NaN,NaN visible=true fpArmsPos=0.00,0.00,0.00 @ http://localhost:3001/entities/Player.js:742
[   25443ms] [LOG] [Weapon] applyToMesh: recoilAngle=0.1 swayX=0 swayY=0 time=9.541599999999638 baseRot={x:undefined,y:undefined,z:undefined} type=object @ http://localhost:3001/items/Weapon.js:220
[   25451ms] [LOG] [Player] viewWeapon pos=0.25,-0.33,-0.80 rot=NaN,NaN,NaN visible=true fpArmsPos=0.00,0.00,0.00 @ http://localhost:3001/entities/Player.js:742
[   25451ms] [LOG] [Weapon] applyToMesh: recoilAngle=0.1 swayX=0 swayY=0 time=9.549599999999637 baseRot={x:undefined,y:undefined,z:undefined} type=object @ http://localhost:3001/items/Weapon.js:220
[   25457ms] [LOG] [Player] viewWeapon pos=0.25,-0.33,-0.80 rot=NaN,NaN,NaN visible=true fpArmsPos=0.00,0.00,0.00 @ http://localhost:3001/entities/Player.js:742
[   25457ms] [LOG] [Weapon] applyToMesh: recoilAngle=0.1 swayX=0 swayY=0 time=9.556399999999451 baseRot={x:undefined,y:undefined,z:undefined} type=object @ http://localhost:3001/items/Weapon.js:220
[   25464ms] [LOG] [Player] viewWeapon pos=0.25,-0.33,-0.80 rot=NaN,NaN,NaN visible=true fpArmsPos=0.00,0.00,0.00 @ http://localhost:3001/entities/Player.js:742
[   25464ms] [LOG] [Weapon] applyToMesh: recoilAngle=0.1 swayX=0 swayY=0 time=9.563199999999265 baseRot={x:undefined,y:undefined,z:undefined} type=object @ http://localhost:3001/items/Weapon.js:220
[   25472ms] [LOG] [Player] viewWeapon pos=0.25,-0.33,-0.80 rot=NaN,NaN,NaN visible=true fpArmsPos=0.00,0.00,0.00 @ http://localhost:3001/entities/Player.js:742
[   25472ms] [LOG] [Weapon] applyToMesh: recoilAngle=0.1 swayX=0 swayY=0 time=9.57039999999945 baseRot={x:undefined,y:undefined,z:undefined} type=object @ http://localhost:3001/items/Weapon.js:220
[   25478ms] [LOG] [Player] viewWeapon pos=0.25,-0.33,-0.80 rot=NaN,NaN,NaN visible=true fpArmsPos=0.00,0.00,0.00 @ http://localhost:3001/entities/Player.js:742
[   25478ms] [LOG] [Weapon] applyToMesh: recoilAngle=0.1 swayX=0 swayY=0 time=9.577099999999637 baseRot={x:undefined,y:undefined,z:undefined} type=object @ http://localhost:3001/items/Weapon.js:220
[   25542ms] [LOG] [Player] viewWeapon pos=0.25,-0.33,-0.80 rot=NaN,NaN,NaN visible=true fpArmsPos=0.00,0.00,0.00 @ http://localhost:3001/entities/Player.js:742
[   25543ms] [LOG] [Weapon] applyToMesh: recoilAngle=0.1 swayX=0 swayY=0 time=9.627099999999638 baseRot={x:undefined,y:undefined,z:undefined} type=object @ http://localhost:3001/items/Weapon.js:220
[   25552ms] [LOG] [Player] viewWeapon pos=0.25,-0.33,-0.80 rot=NaN,NaN,NaN visible=true fpArmsPos=0.00,0.00,0.00 @ http://localhost:3001/entities/Player.js:742
[   25552ms] [LOG] [Weapon] applyToMesh: recoilAngle=0.1 swayX=0 swayY=0 time=9.636599999999637 baseRot={x:undefined,y:undefined,z:undefined} type=object @ http://localhost:3001/items/Weapon.js:220
[   25558ms] [LOG] [Player] viewWeapon pos=0.25,-0.33,-0.80 rot=NaN,NaN,NaN visible=true fpArmsPos=0.00,0.00,0.00 @ http://localhost:3001/entities/Player.js:742
[   25558ms] [LOG] [Weapon] applyToMesh: recoilAngle=0.1 swayX=0 swayY=0 time=9.642599999999637 baseRot={x:undefined,y:undefined,z:undefined} type=object @ http://localhost:3001/items/Weapon.js:220
[   25576ms] [LOG] [Player] viewWeapon pos=0.25,-0.33,-0.80 rot=NaN,NaN,NaN visible=true fpArmsPos=0.00,0.00,0.00 @ http://localhost:3001/entities/Player.js:742
[   25576ms] [LOG] [Weapon] applyToMesh: recoilAngle=0.1 swayX=0 swayY=0 time=9.660299999999824 baseRot={x:undefined,y:undefined,z:undefined} type=object @ http://localhost:3001/items/Weapon.js:220
[   25582ms] [LOG] [Player] viewWeapon pos=0.25,-0.33,-0.80 rot=NaN,NaN,NaN visible=true fpArmsPos=0.00,0.00,0.00 @ http://localhost:3001/entities/Player.js:742
[   25583ms] [LOG] [Weapon] applyToMesh: recoilAngle=0.1 swayX=0 swayY=0 time=9.667099999999637 baseRot={x:undefined,y:undefined,z:undefined} type=object @ http://localhost:3001/items/Weapon.js:220
[   25592ms] [LOG] [Player] viewWeapon pos=0.25,-0.33,-0.80 rot=NaN,NaN,NaN visible=true fpArmsPos=0.00,0.00,0.00 @ http://localhost:3001/entities/Player.js:742
[   25592ms] [LOG] [Weapon] applyToMesh: recoilAngle=0.1 swayX=0 swayY=0 time=9.676700000000196 baseRot={x:undefined,y:undefined,z:undefined} type=object @ http://localhost:3001/items/Weapon.js:220
[   25600ms] [LOG] [Player] viewWeapon pos=0.25,-0.33,-0.80 rot=NaN,NaN,NaN visible=true fpArmsPos=0.00,0.00,0.00 @ http://localhost:3001/entities/Player.js:742
[   25600ms] [LOG] [Weapon] applyToMesh: recoilAngle=0.1 swayX=0 swayY=0 time=9.68500000000001 baseRot={x:undefined,y:undefined,z:undefined} type=object @ http://localhost:3001/items/Weapon.js:220
[   25607ms] [LOG] [Player] viewWeapon pos=0.25,-0.33,-0.80 rot=NaN,NaN,NaN visible=true fpArmsPos=0.00,0.00,0.00 @ http://localhost:3001/entities/Player.js:742
[   25607ms] [LOG] [Weapon] applyToMesh: recoilAngle=0.1 swayX=0 swayY=0 time=9.692000000000009 baseRot={x:undefined,y:undefined,z:undefined} type=object @ http://localhost:3001/items/Weapon.js:220
[   25615ms] [LOG] [Player] viewWeapon pos=0.25,-0.33,-0.80 rot=NaN,NaN,NaN visible=true fpArmsPos=0.00,0.00,0.00 @ http://localhost:3001/entities/Player.js:742
[   25615ms] [LOG] [Weapon] applyToMesh: recoilAngle=0.1 swayX=0 swayY=0 time=9.69940000000038 baseRot={x:undefined,y:undefined,z:undefined} type=object @ http://localhost:3001/items/Weapon.js:220
[   25615ms] [LOG] [Player] after applyToMesh: rot=NaN,NaN,NaN baseRot=undef @ http://localhost:3001/entities/Player.js:781
[   25623ms] [LOG] [Player] viewWeapon pos=0.25,-0.33,-0.80 rot=NaN,NaN,NaN visible=true fpArmsPos=0.00,0.00,0.00 @ http://localhost:3001/entities/Player.js:742
[   25623ms] [LOG] [Weapon] applyToMesh: recoilAngle=0.1 swayX=0 swayY=0 time=9.707700000000195 baseRot={x:undefined,y:undefined,z:undefined} type=object @ http://localhost:3001/items/Weapon.js:220
[   25630ms] [LOG] [Player] viewWeapon pos=0.25,-0.33,-0.80 rot=NaN,NaN,NaN visible=true fpArmsPos=0.00,0.00,0.00 @ http://localhost:3001/entities/Player.js:742
[   25630ms] [LOG] [Weapon] applyToMesh: recoilAngle=0.1 swayX=0 swayY=0 time=9.714599999999635 baseRot={x:undefined,y:undefined,z:undefined} type=object @ http://localhost:3001/items/Weapon.js:220
[   25638ms] [LOG] [Player] viewWeapon pos=0.25,-0.33,-0.80 rot=NaN,NaN,NaN visible=true fpArmsPos=0.00,0.00,0.00 @ http://localhost:3001/entities/Player.js:742
[   25638ms] [LOG] [Weapon] applyToMesh: recoilAngle=0.1 swayX=0 swayY=0 time=9.722700000000193 baseRot={x:undefined,y:undefined,z:undefined} type=object @ http://localhost:3001/items/Weapon.js:220
[   25648ms] [LOG] [Player] viewWeapon pos=0.25,-0.33,-0.80 rot=NaN,NaN,NaN visible=true fpArmsPos=0.00,0.00,0.00 @ http://localhost:3001/entities/Player.js:742
[   25648ms] [LOG] [Weapon] applyToMesh: recoilAngle=0.1 swayX=0 swayY=0 time=9.732700000000193 baseRot={x:undefined,y:undefined,z:undefined} type=object @ http://localhost:3001/items/Weapon.js:220
[   25656ms] [LOG] [Player] viewWeapon pos=0.25,-0.33,-0.80 rot=NaN,NaN,NaN visible=true fpArmsPos=0.00,0.00,0.00 @ http://localhost:3001/entities/Player.js:742
[   25656ms] [LOG] [Weapon] applyToMesh: recoilAngle=0.1 swayX=0 swayY=0 time=9.741200000000193 baseRot={x:undefined,y:undefined,z:undefined} type=object @ http://localhost:3001/items/Weapon.js:220
[   25664ms] [LOG] [Player] viewWeapon pos=0.25,-0.33,-0.80 rot=NaN,NaN,NaN visible=true fpArmsPos=0.00,0.00,0.00 @ http://localhost:3001/entities/Player.js:742
[   25664ms] [LOG] [Weapon] applyToMesh: recoilAngle=0.1 swayX=0 swayY=0 time=9.748599999999634 baseRot={x:undefined,y:undefined,z:undefined} type=object @ http://localhost:3001/items/Weapon.js:220
[   25672ms] [LOG] [Player] viewWeapon pos=0.25,-0.33,-0.80 rot=NaN,NaN,NaN visible=true fpArmsPos=0.00,0.00,0.00 @ http://localhost:3001/entities/Player.js:742
[   25672ms] [LOG] [Weapon] applyToMesh: recoilAngle=0.1 swayX=0 swayY=0 time=9.757000000000007 baseRot={x:undefined,y:undefined,z:undefined} type=object @ http://localhost:3001/items/Weapon.js:220
[   25681ms] [LOG] [Player] viewWeapon pos=0.25,-0.33,-0.80 rot=NaN,NaN,NaN visible=true fpArmsPos=0.00,0.00,0.00 @ http://localhost:3001/entities/Player.js:742
[   25681ms] [LOG] [Weapon] applyToMesh: recoilAngle=0.1 swayX=0 swayY=0 time=9.765900000000379 baseRot={x:undefined,y:undefined,z:undefined} type=object @ http://localhost:3001/items/Weapon.js:220
[   25690ms] [LOG] [Player] viewWeapon pos=0.25,-0.33,-0.80 rot=NaN,NaN,NaN visible=true fpArmsPos=0.00,0.00,0.00 @ http://localhost:3001/entities/Player.js:742
[   25690ms] [LOG] [Weapon] applyToMesh: recoilAngle=0.1 swayX=0 swayY=0 time=9.774700000000193 baseRot={x:undefined,y:undefined,z:undefined} type=object @ http://localhost:3001/items/Weapon.js:220
[   25700ms] [LOG] [Player] viewWeapon pos=0.25,-0.33,-0.80 rot=NaN,NaN,NaN visible=true fpArmsPos=0.00,0.00,0.00 @ http://localhost:3001/entities/Player.js:742
[   25701ms] [LOG] [Weapon] applyToMesh: recoilAngle=0.1 swayX=0 swayY=0 time=9.784900000000379 baseRot={x:undefined,y:undefined,z:undefined} type=object @ http://localhost:3001/items/Weapon.js:220
[   25708ms] [LOG] [Player] viewWeapon pos=0.25,-0.33,-0.80 rot=NaN,NaN,NaN visible=true fpArmsPos=0.00,0.00,0.00 @ http://localhost:3001/entities/Player.js:742
[   25709ms] [LOG] [Weapon] applyToMesh: recoilAngle=0.1 swayX=0 swayY=0 time=9.793000000000006 baseRot={x:undefined,y:undefined,z:undefined} type=object @ http://localhost:3001/items/Weapon.js:220
[   25716ms] [LOG] [Player] viewWeapon pos=0.25,-0.33,-0.80 rot=NaN,NaN,NaN visible=true fpArmsPos=0.00,0.00,0.00 @ http://localhost:3001/entities/Player.js:742
[   25716ms] [LOG] [Weapon] applyToMesh: recoilAngle=0.1 swayX=0 swayY=0 time=9.801200000000193 baseRot={x:undefined,y:undefined,z:undefined} type=object @ http://localhost:3001/items/Weapon.js:220
[   25724ms] [LOG] [Player] viewWeapon pos=0.25,-0.33,-0.80 rot=NaN,NaN,NaN visible=true fpArmsPos=0.00,0.00,0.00 @ http://localhost:3001/entities/Player.js:742
[   25724ms] [LOG] [Weapon] applyToMesh: recoilAngle=0.1 swayX=0 swayY=0 time=9.809099999999635 baseRot={x:undefined,y:undefined,z:undefined} type=object @ http://localhost:3001/items/Weapon.js:220
[   25733ms] [LOG] [Player] viewWeapon pos=0.25,-0.33,-0.80 rot=NaN,NaN,NaN visible=true fpArmsPos=0.00,0.00,0.00 @ http://localhost:3001/entities/Player.js:742
[   25734ms] [LOG] [Weapon] applyToMesh: recoilAngle=0.1 swayX=0 swayY=0 time=9.818299999999821 baseRot={x:undefined,y:undefined,z:undefined} type=object @ http://localhost:3001/items/Weapon.js:220
[   25742ms] [LOG] [Player] viewWeapon pos=0.25,-0.33,-0.80 rot=NaN,NaN,NaN visible=true fpArmsPos=0.00,0.00,0.00 @ http://localhost:3001/entities/Player.js:742
[   25742ms] [LOG] [Weapon] applyToMesh: recoilAngle=0.1 swayX=0 swayY=0 time=9.82629999999982 baseRot={x:undefined,y:undefined,z:undefined} type=object @ http://localhost:3001/items/Weapon.js:220
[   25752ms] [LOG] [Player] viewWeapon pos=0.25,-0.33,-0.80 rot=NaN,NaN,NaN visible=true fpArmsPos=0.00,0.00,0.00 @ http://localhost:3001/entities/Player.js:742
[   25753ms] [LOG] [Weapon] applyToMesh: recoilAngle=0.1 swayX=0 swayY=0 time=9.837200000000193 baseRot={x:undefined,y:undefined,z:undefined} type=object @ http://localhost:3001/items/Weapon.js:220
[   25762ms] [LOG] [Player] viewWeapon pos=0.25,-0.33,-0.80 rot=NaN,NaN,NaN visible=true fpArmsPos=0.00,0.00,0.00 @ http://localhost:3001/entities/Player.js:742
[   25762ms] [LOG] [Weapon] applyToMesh: recoilAngle=0.1 swayX=0 swayY=0 time=9.84690000000038 baseRot={x:undefined,y:undefined,z:undefined} type=object @ http://localhost:3001/items/Weapon.js:220
[   25772ms] [LOG] [Player] viewWeapon pos=0.25,-0.33,-0.80 rot=NaN,NaN,NaN visible=true fpArmsPos=0.00,0.00,0.00 @ http://localhost:3001/entities/Player.js:742
[   25773ms] [LOG] [Weapon] applyToMesh: recoilAngle=0.1 swayX=0 swayY=0 time=9.857000000000008 baseRot={x:undefined,y:undefined,z:undefined} type=object @ http://localhost:3001/items/Weapon.js:220
[   25781ms] [LOG] [Player] viewWeapon pos=0.25,-0.33,-0.80 rot=NaN,NaN,NaN visible=true fpArmsPos=0.00,0.00,0.00 @ http://localhost:3001/entities/Player.js:742
[   25781ms] [LOG] [Weapon] applyToMesh: recoilAngle=0.1 swayX=0 swayY=0 time=9.865700000000194 baseRot={x:undefined,y:undefined,z:undefined} type=object @ http://localhost:3001/items/Weapon.js:220
[   25790ms] [LOG] [Player] viewWeapon pos=0.25,-0.33,-0.80 rot=NaN,NaN,NaN visible=true fpArmsPos=0.00,0.00,0.00 @ http://localhost:3001/entities/Player.js:742
[   25790ms] [LOG] [Weapon] applyToMesh: recoilAngle=0.1 swayX=0 swayY=0 time=9.874700000000194 baseRot={x:undefined,y:undefined,z:undefined} type=object @ http://localhost:3001/items/Weapon.js:220
[   25802ms] [LOG] [Player] viewWeapon pos=0.25,-0.33,-0.80 rot=NaN,NaN,NaN visible=true fpArmsPos=0.00,0.00,0.00 @ http://localhost:3001/entities/Player.js:742
[   25803ms] [LOG] [Weapon] applyToMesh: recoilAngle=0.1 swayX=0 swayY=0 time=9.887200000000194 baseRot={x:undefined,y:undefined,z:undefined} type=object @ http://localhost:3001/items/Weapon.js:220
[   25812ms] [LOG] [Player] viewWeapon pos=0.25,-0.33,-0.80 rot=NaN,NaN,NaN visible=true fpArmsPos=0.00,0.00,0.00 @ http://localhost:3001/entities/Player.js:742
[   25812ms] [LOG] [Weapon] applyToMesh: recoilAngle=0.1 swayX=0 swayY=0 time=9.896599999999635 baseRot={x:undefined,y:undefined,z:undefined} type=object @ http://localhost:3001/items/Weapon.js:220
[   25821ms] [LOG] [Player] viewWeapon pos=0.25,-0.33,-0.80 rot=NaN,NaN,NaN visible=true fpArmsPos=0.00,0.00,0.00 @ http://localhost:3001/entities/Player.js:742
[   25822ms] [LOG] [Weapon] applyToMesh: recoilAngle=0.1 swayX=0 swayY=0 time=9.906099999999634 baseRot={x:undefined,y:undefined,z:undefined} type=object @ http://localhost:3001/items/Weapon.js:220
[   25830ms] [LOG] [Player] viewWeapon pos=0.25,-0.33,-0.80 rot=NaN,NaN,NaN visible=true fpArmsPos=0.00,0.00,0.00 @ http://localhost:3001/entities/Player.js:742
[   25830ms] [LOG] [Weapon] applyToMesh: recoilAngle=0.1 swayX=0 swayY=0 time=9.914400000000379 baseRot={x:undefined,y:undefined,z:undefined} type=object @ http://localhost:3001/items/Weapon.js:220
[   25830ms] [LOG] [Player] after applyToMesh: rot=NaN,NaN,NaN baseRot=undef @ http://localhost:3001/entities/Player.js:781
[   25838ms] [LOG] [Player] viewWeapon pos=0.25,-0.33,-0.80 rot=NaN,NaN,NaN visible=true fpArmsPos=0.00,0.00,0.00 @ http://localhost:3001/entities/Player.js:742
[   25838ms] [LOG] [Weapon] applyToMesh: recoilAngle=0.1 swayX=0 swayY=0 time=9.922400000000378 baseRot={x:undefined,y:undefined,z:undefined} type=object @ http://localhost:3001/items/Weapon.js:220
[   25851ms] [LOG] [Player] viewWeapon pos=0.25,-0.33,-0.80 rot=NaN,NaN,NaN visible=true fpArmsPos=0.00,0.00,0.00 @ http://localhost:3001/entities/Player.js:742
[   25851ms] [LOG] [Weapon] applyToMesh: recoilAngle=0.1 swayX=0 swayY=0 time=9.935700000000192 baseRot={x:undefined,y:undefined,z:undefined} type=object @ http://localhost:3001/items/Weapon.js:220
[   25860ms] [LOG] [Player] viewWeapon pos=0.25,-0.33,-0.80 rot=NaN,NaN,NaN visible=true fpArmsPos=0.00,0.00,0.00 @ http://localhost:3001/entities/Player.js:742
[   25860ms] [LOG] [Weapon] applyToMesh: recoilAngle=0.1 swayX=0 swayY=0 time=9.944099999999633 baseRot={x:undefined,y:undefined,z:undefined} type=object @ http://localhost:3001/items/Weapon.js:220
[   25867ms] [LOG] [Player] viewWeapon pos=0.25,-0.33,-0.80 rot=NaN,NaN,NaN visible=true fpArmsPos=0.00,0.00,0.00 @ http://localhost:3001/entities/Player.js:742
[   25867ms] [LOG] [Weapon] applyToMesh: recoilAngle=0.1 swayX=0 swayY=0 time=9.951599999999633 baseRot={x:undefined,y:undefined,z:undefined} type=object @ http://localhost:3001/items/Weapon.js:220
[   25878ms] [LOG] [Player] viewWeapon pos=0.25,-0.33,-0.80 rot=NaN,NaN,NaN visible=true fpArmsPos=0.00,0.00,0.00 @ http://localhost:3001/entities/Player.js:742
[   25878ms] [LOG] [Weapon] applyToMesh: recoilAngle=0.1 swayX=0 swayY=0 time=9.962900000000378 baseRot={x:undefined,y:undefined,z:undefined} type=object @ http://localhost:3001/items/Weapon.js:220
[   25886ms] [LOG] [Player] viewWeapon pos=0.25,-0.33,-0.80 rot=NaN,NaN,NaN visible=true fpArmsPos=0.00,0.00,0.00 @ http://localhost:3001/entities/Player.js:742
[   25886ms] [LOG] [Weapon] applyToMesh: recoilAngle=0.1 swayX=0 swayY=0 time=9.97079999999982 baseRot={x:undefined,y:undefined,z:undefined} type=object @ http://localhost:3001/items/Weapon.js:220
[   25886ms] [LOG] [Player] after applyToMesh: rot=NaN,NaN,NaN baseRot=undef @ http://localhost:3001/entities/Player.js:781
[   25974ms] [LOG] [Player] viewWeapon pos=0.25,-0.33,-0.80 rot=NaN,NaN,NaN visible=true fpArmsPos=0.00,0.00,0.00 @ http://localhost:3001/entities/Player.js:742
[   25974ms] [LOG] [Weapon] applyToMesh: recoilAngle=0.1 swayX=0 swayY=0 time=10.02079999999982 baseRot={x:undefined,y:undefined,z:undefined} type=object @ http://localhost:3001/items/Weapon.js:220
[   25988ms] [LOG] [Player] viewWeapon pos=0.25,-0.33,-0.80 rot=NaN,NaN,NaN visible=true fpArmsPos=0.00,0.00,0.00 @ http://localhost:3001/entities/Player.js:742
[   25988ms] [LOG] [Weapon] applyToMesh: recoilAngle=0.1 swayX=0 swayY=0 time=10.035000000000005 baseRot={x:undefined,y:undefined,z:undefined} type=object @ http://localhost:3001/items/Weapon.js:220
[   25996ms] [LOG] [Player] viewWeapon pos=0.25,-0.33,-0.80 rot=NaN,NaN,NaN visible=true fpArmsPos=0.00,0.00,0.00 @ http://localhost:3001/entities/Player.js:742
[   25996ms] [LOG] [Weapon] applyToMesh: recoilAngle=0.1 swayX=0 swayY=0 time=10.043099999999633 baseRot={x:undefined,y:undefined,z:undefined} type=object @ http://localhost:3001/items/Weapon.js:220
[   26020ms] [LOG] [Player] viewWeapon pos=0.25,-0.33,-0.80 rot=NaN,NaN,NaN visible=true fpArmsPos=0.00,0.00,0.00 @ http://localhost:3001/entities/Player.js:742
[   26021ms] [LOG] [Weapon] applyToMesh: recoilAngle=0.1 swayX=0 swayY=0 time=10.067099999999632 baseRot={x:undefined,y:undefined,z:undefined} type=object @ http://localhost:3001/items/Weapon.js:220
[   26032ms] [LOG] [Player] viewWeapon pos=0.25,-0.33,-0.80 rot=NaN,NaN,NaN visible=true fpArmsPos=0.00,0.00,0.00 @ http://localhost:3001/entities/Player.js:742
[   26032ms] [LOG] [Weapon] applyToMesh: recoilAngle=0.1 swayX=0 swayY=0 time=10.079399999999445 baseRot={x:undefined,y:undefined,z:undefined} type=object @ http://localhost:3001/items/Weapon.js:220
[   26043ms] [LOG] [Player] viewWeapon pos=0.25,-0.33,-0.80 rot=NaN,NaN,NaN visible=true fpArmsPos=0.00,0.00,0.00 @ http://localhost:3001/entities/Player.js:742
[   26043ms] [LOG] [Weapon] applyToMesh: recoilAngle=0.1 swayX=0 swayY=0 time=10.089500000000005 baseRot={x:undefined,y:undefined,z:undefined} type=object @ http://localhost:3001/items/Weapon.js:220
[   26051ms] [LOG] [Player] viewWeapon pos=0.25,-0.33,-0.80 rot=NaN,NaN,NaN visible=true fpArmsPos=0.00,0.00,0.00 @ http://localhost:3001/entities/Player.js:742
[   26051ms] [LOG] [Weapon] applyToMesh: recoilAngle=0.1 swayX=0 swayY=0 time=10.098099999999633 baseRot={x:undefined,y:undefined,z:undefined} type=object @ http://localhost:3001/items/Weapon.js:220
[   26059ms] [LOG] [Player] viewWeapon pos=0.25,-0.33,-0.80 rot=NaN,NaN,NaN visible=true fpArmsPos=0.00,0.00,0.00 @ http://localhost:3001/entities/Player.js:742
[   26059ms] [LOG] [Weapon] applyToMesh: recoilAngle=0.1 swayX=0 swayY=0 time=10.106399999999446 baseRot={x:undefined,y:undefined,z:undefined} type=object @ http://localhost:3001/items/Weapon.js:220
[   26068ms] [LOG] [Player] viewWeapon pos=0.25,-0.33,-0.80 rot=NaN,NaN,NaN visible=true fpArmsPos=0.00,0.00,0.00 @ http://localhost:3001/entities/Player.js:742
[   26069ms] [LOG] [Weapon] applyToMesh: recoilAngle=0.1 swayX=0 swayY=0 time=10.115399999999447 baseRot={x:undefined,y:undefined,z:undefined} type=object @ http://localhost:3001/items/Weapon.js:220
[   26069ms] [LOG] [Player] after applyToMesh: rot=NaN,NaN,NaN baseRot=undef @ http://localhost:3001/entities/Player.js:781
[   26081ms] [LOG] [Player] viewWeapon pos=0.25,-0.33,-0.80 rot=NaN,NaN,NaN visible=true fpArmsPos=0.00,0.00,0.00 @ http://localhost:3001/entities/Player.js:742
[   26081ms] [LOG] [Weapon] applyToMesh: recoilAngle=0.1 swayX=0 swayY=0 time=10.127599999999633 baseRot={x:undefined,y:undefined,z:undefined} type=object @ http://localhost:3001/items/Weapon.js:220
[   26081ms] [LOG] [Player] after applyToMesh: rot=NaN,NaN,NaN baseRot=undef @ http://localhost:3001/entities/Player.js:781
[   26089ms] [LOG] [Player] viewWeapon pos=0.25,-0.33,-0.80 rot=NaN,NaN,NaN visible=true fpArmsPos=0.00,0.00,0.00 @ http://localhost:3001/entities/Player.js:742
[   26089ms] [LOG] [Weapon] applyToMesh: recoilAngle=0.1 swayX=0 swayY=0 time=10.13579999999982 baseRot={x:undefined,y:undefined,z:undefined} type=object @ http://localhost:3001/items/Weapon.js:220
[   26097ms] [LOG] [Player] viewWeapon pos=0.25,-0.33,-0.80 rot=NaN,NaN,NaN visible=true fpArmsPos=0.00,0.00,0.00 @ http://localhost:3001/entities/Player.js:742
[   26098ms] [LOG] [Weapon] applyToMesh: recoilAngle=0.1 swayX=0 swayY=0 time=10.14429999999982 baseRot={x:undefined,y:undefined,z:undefined} type=object @ http://localhost:3001/items/Weapon.js:220
[   26107ms] [LOG] [Player] viewWeapon pos=0.25,-0.33,-0.80 rot=NaN,NaN,NaN visible=true fpArmsPos=0.00,0.00,0.00 @ http://localhost:3001/entities/Player.js:742
[   26108ms] [LOG] [Weapon] applyToMesh: recoilAngle=0.1 swayX=0 swayY=0 time=10.154399999999448 baseRot={x:undefined,y:undefined,z:undefined} type=object @ http://localhost:3001/items/Weapon.js:220
[   26118ms] [LOG] [Player] viewWeapon pos=0.25,-0.33,-0.80 rot=NaN,NaN,NaN visible=true fpArmsPos=0.00,0.00,0.00 @ http://localhost:3001/entities/Player.js:742
[   26118ms] [LOG] [Weapon] applyToMesh: recoilAngle=0.1 swayX=0 swayY=0 time=10.164000000000007 baseRot={x:undefined,y:undefined,z:undefined} type=object @ http://localhost:3001/items/Weapon.js:220
[   26128ms] [LOG] [Player] viewWeapon pos=0.25,-0.33,-0.80 rot=NaN,NaN,NaN visible=true fpArmsPos=0.00,0.00,0.00 @ http://localhost:3001/entities/Player.js:742
[   26128ms] [LOG] [Weapon] applyToMesh: recoilAngle=0.1 swayX=0 swayY=0 time=10.174899999999448 baseRot={x:undefined,y:undefined,z:undefined} type=object @ http://localhost:3001/items/Weapon.js:220
[   26135ms] [LOG] [Player] viewWeapon pos=0.25,-0.33,-0.80 rot=NaN,NaN,NaN visible=true fpArmsPos=0.00,0.00,0.00 @ http://localhost:3001/entities/Player.js:742
[   26135ms] [LOG] [Weapon] applyToMesh: recoilAngle=0.1 swayX=0 swayY=0 time=10.18229999999982 baseRot={x:undefined,y:undefined,z:undefined} type=object @ http://localhost:3001/items/Weapon.js:220
[   26143ms] [LOG] [Player] viewWeapon pos=0.25,-0.33,-0.80 rot=NaN,NaN,NaN visible=true fpArmsPos=0.00,0.00,0.00 @ http://localhost:3001/entities/Player.js:742
[   26143ms] [LOG] [Weapon] applyToMesh: recoilAngle=0.1 swayX=0 swayY=0 time=10.189700000000192 baseRot={x:undefined,y:undefined,z:undefined} type=object @ http://localhost:3001/items/Weapon.js:220
[   26150ms] [LOG] [Player] viewWeapon pos=0.25,-0.33,-0.80 rot=NaN,NaN,NaN visible=true fpArmsPos=0.00,0.00,0.00 @ http://localhost:3001/entities/Player.js:742
[   26150ms] [LOG] [Weapon] applyToMesh: recoilAngle=0.1 swayX=0 swayY=0 time=10.197500000000005 baseRot={x:undefined,y:undefined,z:undefined} type=object @ http://localhost:3001/items/Weapon.js:220
[   26159ms] [LOG] [Player] viewWeapon pos=0.25,-0.33,-0.80 rot=NaN,NaN,NaN visible=true fpArmsPos=0.00,0.00,0.00 @ http://localhost:3001/entities/Player.js:742
[   26159ms] [LOG] [Weapon] applyToMesh: recoilAngle=0.1 swayX=0 swayY=0 time=10.205399999999447 baseRot={x:undefined,y:undefined,z:undefined} type=object @ http://localhost:3001/items/Weapon.js:220
[   26168ms] [LOG] [Player] viewWeapon pos=0.25,-0.33,-0.80 rot=NaN,NaN,NaN visible=true fpArmsPos=0.00,0.00,0.00 @ http://localhost:3001/entities/Player.js:742
[   26168ms] [LOG] [Weapon] applyToMesh: recoilAngle=0.1 swayX=0 swayY=0 time=10.215099999999634 baseRot={x:undefined,y:undefined,z:undefined} type=object @ http://localhost:3001/items/Weapon.js:220
[   26176ms] [LOG] [Player] viewWeapon pos=0.25,-0.33,-0.80 rot=NaN,NaN,NaN visible=true fpArmsPos=0.00,0.00,0.00 @ http://localhost:3001/entities/Player.js:742
[   26176ms] [LOG] [Weapon] applyToMesh: recoilAngle=0.1 swayX=0 swayY=0 time=10.223500000000007 baseRot={x:undefined,y:undefined,z:undefined} type=object @ http://localhost:3001/items/Weapon.js:220
[   26184ms] [LOG] [Player] viewWeapon pos=0.25,-0.33,-0.80 rot=NaN,NaN,NaN visible=true fpArmsPos=0.00,0.00,0.00 @ http://localhost:3001/entities/Player.js:742
[   26185ms] [LOG] [Weapon] applyToMesh: recoilAngle=0.1 swayX=0 swayY=0 time=10.231399999999448 baseRot={x:undefined,y:undefined,z:undefined} type=object @ http://localhost:3001/items/Weapon.js:220
[   26195ms] [LOG] [Player] viewWeapon pos=0.25,-0.33,-0.80 rot=NaN,NaN,NaN visible=true fpArmsPos=0.00,0.00,0.00 @ http://localhost:3001/entities/Player.js:742
[   26195ms] [LOG] [Weapon] applyToMesh: recoilAngle=0.1 swayX=0 swayY=0 time=10.242099999999635 baseRot={x:undefined,y:undefined,z:undefined} type=object @ http://localhost:3001/items/Weapon.js:220
[   26203ms] [LOG] [Player] viewWeapon pos=0.25,-0.33,-0.80 rot=NaN,NaN,NaN visible=true fpArmsPos=0.00,0.00,0.00 @ http://localhost:3001/entities/Player.js:742
[   26204ms] [LOG] [Weapon] applyToMesh: recoilAngle=0.1 swayX=0 swayY=0 time=10.250299999999822 baseRot={x:undefined,y:undefined,z:undefined} type=object @ http://localhost:3001/items/Weapon.js:220
[   26211ms] [LOG] [Player] viewWeapon pos=0.25,-0.33,-0.80 rot=NaN,NaN,NaN visible=true fpArmsPos=0.00,0.00,0.00 @ http://localhost:3001/entities/Player.js:742
[   26211ms] [LOG] [Weapon] applyToMesh: recoilAngle=0.1 swayX=0 swayY=0 time=10.258099999999635 baseRot={x:undefined,y:undefined,z:undefined} type=object @ http://localhost:3001/items/Weapon.js:220
[   26219ms] [LOG] [Player] viewWeapon pos=0.25,-0.33,-0.80 rot=NaN,NaN,NaN visible=true fpArmsPos=0.00,0.00,0.00 @ http://localhost:3001/entities/Player.js:742
[   26219ms] [LOG] [Weapon] applyToMesh: recoilAngle=0.1 swayX=0 swayY=0 time=10.265799999999821 baseRot={x:undefined,y:undefined,z:undefined} type=object @ http://localhost:3001/items/Weapon.js:220
[   26231ms] [LOG] [Player] viewWeapon pos=0.25,-0.33,-0.80 rot=NaN,NaN,NaN visible=true fpArmsPos=0.00,0.00,0.00 @ http://localhost:3001/entities/Player.js:742
[   26232ms] [LOG] [Weapon] applyToMesh: recoilAngle=0.1 swayX=0 swayY=0 time=10.27829999999982 baseRot={x:undefined,y:undefined,z:undefined} type=object @ http://localhost:3001/items/Weapon.js:220
[   26241ms] [LOG] [Player] viewWeapon pos=0.25,-0.33,-0.80 rot=NaN,NaN,NaN visible=true fpArmsPos=0.00,0.00,0.00 @ http://localhost:3001/entities/Player.js:742
[   26241ms] [LOG] [Weapon] applyToMesh: recoilAngle=0.1 swayX=0 swayY=0 time=10.287599999999633 baseRot={x:undefined,y:undefined,z:undefined} type=object @ http://localhost:3001/items/Weapon.js:220
[   26241ms] [LOG] [Player] after applyToMesh: rot=NaN,NaN,NaN baseRot=undef @ http://localhost:3001/entities/Player.js:781
[   26250ms] [LOG] [Player] viewWeapon pos=0.25,-0.33,-0.80 rot=NaN,NaN,NaN visible=true fpArmsPos=0.00,0.00,0.00 @ http://localhost:3001/entities/Player.js:742
[   26250ms] [LOG] [Weapon] applyToMesh: recoilAngle=0.1 swayX=0 swayY=0 time=10.297099999999633 baseRot={x:undefined,y:undefined,z:undefined} type=object @ http://localhost:3001/items/Weapon.js:220
[   26258ms] [LOG] [Player] viewWeapon pos=0.25,-0.33,-0.80 rot=NaN,NaN,NaN visible=true fpArmsPos=0.00,0.00,0.00 @ http://localhost:3001/entities/Player.js:742
[   26258ms] [LOG] [Weapon] applyToMesh: recoilAngle=0.1 swayX=0 swayY=0 time=10.305099999999632 baseRot={x:undefined,y:undefined,z:undefined} type=object @ http://localhost:3001/items/Weapon.js:220
[   26266ms] [LOG] [Player] viewWeapon pos=0.25,-0.33,-0.80 rot=NaN,NaN,NaN visible=true fpArmsPos=0.00,0.00,0.00 @ http://localhost:3001/entities/Player.js:742
[   26266ms] [LOG] [Weapon] applyToMesh: recoilAngle=0.1 swayX=0 swayY=0 time=10.313500000000005 baseRot={x:undefined,y:undefined,z:undefined} type=object @ http://localhost:3001/items/Weapon.js:220
[   26279ms] [LOG] [Player] viewWeapon pos=0.25,-0.33,-0.80 rot=NaN,NaN,NaN visible=true fpArmsPos=0.00,0.00,0.00 @ http://localhost:3001/entities/Player.js:742
[   26280ms] [LOG] [Weapon] applyToMesh: recoilAngle=0.1 swayX=0 swayY=0 time=10.326299999999819 baseRot={x:undefined,y:undefined,z:undefined} type=object @ http://localhost:3001/items/Weapon.js:220
[   26291ms] [LOG] [Player] viewWeapon pos=0.25,-0.33,-0.80 rot=NaN,NaN,NaN visible=true fpArmsPos=0.00,0.00,0.00 @ http://localhost:3001/entities/Player.js:742
[   26292ms] [LOG] [Weapon] applyToMesh: recoilAngle=0.1 swayX=0 swayY=0 time=10.337200000000191 baseRot={x:undefined,y:undefined,z:undefined} type=object @ http://localhost:3001/items/Weapon.js:220
[   26303ms] [LOG] [Player] viewWeapon pos=0.25,-0.33,-0.80 rot=NaN,NaN,NaN visible=true fpArmsPos=0.00,0.00,0.00 @ http://localhost:3001/entities/Player.js:742
[   26303ms] [LOG] [Weapon] applyToMesh: recoilAngle=0.1 swayX=0 swayY=0 time=10.350299999999818 baseRot={x:undefined,y:undefined,z:undefined} type=object @ http://localhost:3001/items/Weapon.js:220
[   26304ms] [LOG] [CameraController] playerPos=46.00,4.04,0.00 targetY=4.19 camPos=46.00,4.19,0.00 @ http://localhost:3001/core/CameraController.js:240
[   26304ms] [LOG] [Cam] pitch=-14.3° yaw=0.0° @ http://localhost:3001/core/CameraController.js:252
[   26314ms] [LOG] [Player] viewWeapon pos=0.25,-0.33,-0.80 rot=NaN,NaN,NaN visible=true fpArmsPos=0.00,0.00,0.00 @ http://localhost:3001/entities/Player.js:742
[   26314ms] [LOG] [Weapon] applyToMesh: recoilAngle=0.1 swayX=0 swayY=0 time=10.361099999999631 baseRot={x:undefined,y:undefined,z:undefined} type=object @ http://localhost:3001/items/Weapon.js:220
[   26327ms] [LOG] [Player] viewWeapon pos=0.25,-0.33,-0.80 rot=NaN,NaN,NaN visible=true fpArmsPos=0.00,0.00,0.00 @ http://localhost:3001/entities/Player.js:742
[   26327ms] [LOG] [Weapon] applyToMesh: recoilAngle=0.1 swayX=0 swayY=0 time=10.373799999999818 baseRot={x:undefined,y:undefined,z:undefined} type=object @ http://localhost:3001/items/Weapon.js:220
[   26338ms] [LOG] [Player] viewWeapon pos=0.25,-0.33,-0.80 rot=NaN,NaN,NaN visible=true fpArmsPos=0.00,0.00,0.00 @ http://localhost:3001/entities/Player.js:742
[   26338ms] [LOG] [Weapon] applyToMesh: recoilAngle=0.1 swayX=0 swayY=0 time=10.385099999999632 baseRot={x:undefined,y:undefined,z:undefined} type=object @ http://localhost:3001/items/Weapon.js:220
[   26348ms] [LOG] [Player] viewWeapon pos=0.25,-0.33,-0.80 rot=NaN,NaN,NaN visible=true fpArmsPos=0.00,0.00,0.00 @ http://localhost:3001/entities/Player.js:742
[   26349ms] [LOG] [Weapon] applyToMesh: recoilAngle=0.1 swayX=0 swayY=0 time=10.395299999999818 baseRot={x:undefined,y:undefined,z:undefined} type=object @ http://localhost:3001/items/Weapon.js:220
[   26359ms] [LOG] [Player] viewWeapon pos=0.25,-0.33,-0.80 rot=NaN,NaN,NaN visible=true fpArmsPos=0.00,0.00,0.00 @ http://localhost:3001/entities/Player.js:742
[   26359ms] [LOG] [Weapon] applyToMesh: recoilAngle=0.1 swayX=0 swayY=0 time=10.40609999999963 baseRot={x:undefined,y:undefined,z:undefined} type=object @ http://localhost:3001/items/Weapon.js:220
[   26372ms] [LOG] [Player] viewWeapon pos=0.25,-0.33,-0.80 rot=NaN,NaN,NaN visible=true fpArmsPos=0.00,0.00,0.00 @ http://localhost:3001/entities/Player.js:742
[   26372ms] [LOG] [Weapon] applyToMesh: recoilAngle=0.1 swayX=0 swayY=0 time=10.418500000000003 baseRot={x:undefined,y:undefined,z:undefined} type=object @ http://localhost:3001/items/Weapon.js:220
[   26383ms] [LOG] [Player] viewWeapon pos=0.25,-0.33,-0.80 rot=NaN,NaN,NaN visible=true fpArmsPos=0.00,0.00,0.00 @ http://localhost:3001/entities/Player.js:742
[   26383ms] [LOG] [Weapon] applyToMesh: recoilAngle=0.1 swayX=0 swayY=0 time=10.430000000000003 baseRot={x:undefined,y:undefined,z:undefined} type=object @ http://localhost:3001/items/Weapon.js:220
[   26395ms] [LOG] [Player] viewWeapon pos=0.25,-0.33,-0.80 rot=NaN,NaN,NaN visible=true fpArmsPos=0.00,0.00,0.00 @ http://localhost:3001/entities/Player.js:742
[   26395ms] [LOG] [Weapon] applyToMesh: recoilAngle=0.1 swayX=0 swayY=0 time=10.44170000000019 baseRot={x:undefined,y:undefined,z:undefined} type=object @ http://localhost:3001/items/Weapon.js:220
[   26406ms] [LOG] [Player] viewWeapon pos=0.25,-0.33,-0.80 rot=NaN,NaN,NaN visible=true fpArmsPos=0.00,0.00,0.00 @ http://localhost:3001/entities/Player.js:742
[   26406ms] [LOG] [Weapon] applyToMesh: recoilAngle=0.1 swayX=0 swayY=0 time=10.452899999999444 baseRot={x:undefined,y:undefined,z:undefined} type=object @ http://localhost:3001/items/Weapon.js:220
[   26418ms] [LOG] [Player] viewWeapon pos=0.25,-0.33,-0.80 rot=NaN,NaN,NaN visible=true fpArmsPos=0.00,0.00,0.00 @ http://localhost:3001/entities/Player.js:742
[   26418ms] [LOG] [Weapon] applyToMesh: recoilAngle=0.1 swayX=0 swayY=0 time=10.46509999999963 baseRot={x:undefined,y:undefined,z:undefined} type=object @ http://localhost:3001/items/Weapon.js:220
[   26429ms] [LOG] [Player] viewWeapon pos=0.25,-0.33,-0.80 rot=NaN,NaN,NaN visible=true fpArmsPos=0.00,0.00,0.00 @ http://localhost:3001/entities/Player.js:742
[   26429ms] [LOG] [Weapon] applyToMesh: recoilAngle=0.1 swayX=0 swayY=0 time=10.475799999999817 baseRot={x:undefined,y:undefined,z:undefined} type=object @ http://localhost:3001/items/Weapon.js:220
[   26439ms] [LOG] [Player] viewWeapon pos=0.25,-0.33,-0.80 rot=NaN,NaN,NaN visible=true fpArmsPos=0.00,0.00,0.00 @ http://localhost:3001/entities/Player.js:742
[   26439ms] [LOG] [Weapon] applyToMesh: recoilAngle=0.1 swayX=0 swayY=0 time=10.485899999999445 baseRot={x:undefined,y:undefined,z:undefined} type=object @ http://localhost:3001/items/Weapon.js:220
[   26450ms] [LOG] [Player] viewWeapon pos=0.25,-0.33,-0.80 rot=NaN,NaN,NaN visible=true fpArmsPos=0.00,0.00,0.00 @ http://localhost:3001/entities/Player.js:742
[   26450ms] [LOG] [Weapon] applyToMesh: recoilAngle=0.1 swayX=0 swayY=0 time=10.496599999999631 baseRot={x:undefined,y:undefined,z:undefined} type=object @ http://localhost:3001/items/Weapon.js:220
[   26461ms] [LOG] [Player] viewWeapon pos=0.25,-0.33,-0.80 rot=NaN,NaN,NaN visible=true fpArmsPos=0.00,0.00,0.00 @ http://localhost:3001/entities/Player.js:742
[   26461ms] [LOG] [Weapon] applyToMesh: recoilAngle=0.1 swayX=0 swayY=0 time=10.507500000000004 baseRot={x:undefined,y:undefined,z:undefined} type=object @ http://localhost:3001/items/Weapon.js:220
[   26461ms] [LOG] [Player] after applyToMesh: rot=NaN,NaN,NaN baseRot=undef @ http://localhost:3001/entities/Player.js:781
[   26473ms] [LOG] [Player] viewWeapon pos=0.25,-0.33,-0.80 rot=NaN,NaN,NaN visible=true fpArmsPos=0.00,0.00,0.00 @ http://localhost:3001/entities/Player.js:742
[   26473ms] [LOG] [Weapon] applyToMesh: recoilAngle=0.1 swayX=0 swayY=0 time=10.520000000000003 baseRot={x:undefined,y:undefined,z:undefined} type=object @ http://localhost:3001/items/Weapon.js:220
[   26483ms] [LOG] [Player] viewWeapon pos=0.25,-0.33,-0.80 rot=NaN,NaN,NaN visible=true fpArmsPos=0.00,0.00,0.00 @ http://localhost:3001/entities/Player.js:742
[   26483ms] [LOG] [Weapon] applyToMesh: recoilAngle=0.1 swayX=0 swayY=0 time=10.52959999999963 baseRot={x:undefined,y:undefined,z:undefined} type=object @ http://localhost:3001/items/Weapon.js:220
[   26493ms] [LOG] [Player] viewWeapon pos=0.25,-0.33,-0.80 rot=NaN,NaN,NaN visible=true fpArmsPos=0.00,0.00,0.00 @ http://localhost:3001/entities/Player.js:742
[   26493ms] [LOG] [Weapon] applyToMesh: recoilAngle=0.1 swayX=0 swayY=0 time=10.53970000000019 baseRot={x:undefined,y:undefined,z:undefined} type=object @ http://localhost:3001/items/Weapon.js:220
[   26503ms] [LOG] [Player] viewWeapon pos=0.25,-0.33,-0.80 rot=NaN,NaN,NaN visible=true fpArmsPos=0.00,0.00,0.00 @ http://localhost:3001/entities/Player.js:742
[   26504ms] [LOG] [Weapon] applyToMesh: recoilAngle=0.1 swayX=0 swayY=0 time=10.550399999999446 baseRot={x:undefined,y:undefined,z:undefined} type=object @ http://localhost:3001/items/Weapon.js:220
[   26504ms] [LOG] [Player] anim: recoilAngle=0.1 swayX=0 swayY=0 time=10.550399999999446 @ http://localhost:3001/entities/Player.js:780
[   26514ms] [LOG] [Player] viewWeapon pos=0.25,-0.33,-0.80 rot=NaN,NaN,NaN visible=true fpArmsPos=0.00,0.00,0.00 @ http://localhost:3001/entities/Player.js:742
[   26514ms] [LOG] [Weapon] applyToMesh: recoilAngle=0.1 swayX=0 swayY=0 time=10.561200000000191 baseRot={x:undefined,y:undefined,z:undefined} type=object @ http://localhost:3001/items/Weapon.js:220
[   26528ms] [LOG] [Player] viewWeapon pos=0.25,-0.33,-0.80 rot=NaN,NaN,NaN visible=true fpArmsPos=0.00,0.00,0.00 @ http://localhost:3001/entities/Player.js:742
[   26528ms] [LOG] [Weapon] applyToMesh: recoilAngle=0.1 swayX=0 swayY=0 time=10.575000000000005 baseRot={x:undefined,y:undefined,z:undefined} type=object @ http://localhost:3001/items/Weapon.js:220
[   26538ms] [LOG] [Player] viewWeapon pos=0.25,-0.33,-0.80 rot=NaN,NaN,NaN visible=true fpArmsPos=0.00,0.00,0.00 @ http://localhost:3001/entities/Player.js:742
[   26539ms] [LOG] [Weapon] applyToMesh: recoilAngle=0.1 swayX=0 swayY=0 time=10.585399999999446 baseRot={x:undefined,y:undefined,z:undefined} type=object @ http://localhost:3001/items/Weapon.js:220
[   26551ms] [LOG] [Player] viewWeapon pos=0.25,-0.34,-0.80 rot=NaN,NaN,NaN visible=true fpArmsPos=0.00,0.00,0.00 @ http://localhost:3001/entities/Player.js:742
[   26551ms] [LOG] [Weapon] applyToMesh: recoilAngle=0.1 swayX=0 swayY=0 time=10.597000000000005 baseRot={x:undefined,y:undefined,z:undefined} type=object @ http://localhost:3001/items/Weapon.js:220
[   26563ms] [LOG] [Player] viewWeapon pos=0.25,-0.34,-0.80 rot=NaN,NaN,NaN visible=true fpArmsPos=0.00,0.00,0.00 @ http://localhost:3001/entities/Player.js:742
[   26563ms] [LOG] [Weapon] applyToMesh: recoilAngle=0.1 swayX=0 swayY=0 time=10.610000000000005 baseRot={x:undefined,y:undefined,z:undefined} type=object @ http://localhost:3001/items/Weapon.js:220
[   26576ms] [LOG] [Player] viewWeapon pos=0.25,-0.34,-0.80 rot=NaN,NaN,NaN visible=true fpArmsPos=0.00,0.00,0.00 @ http://localhost:3001/entities/Player.js:742
[   26576ms] [LOG] [Weapon] applyToMesh: recoilAngle=0.1 swayX=0 swayY=0 time=10.62329999999982 baseRot={x:undefined,y:undefined,z:undefined} type=object @ http://localhost:3001/items/Weapon.js:220
[   26587ms] [LOG] [Player] viewWeapon pos=0.25,-0.34,-0.80 rot=NaN,NaN,NaN visible=true fpArmsPos=0.00,0.00,0.00 @ http://localhost:3001/entities/Player.js:742
[   26587ms] [LOG] [Weapon] applyToMesh: recoilAngle=0.1 swayX=0 swayY=0 time=10.633899999999446 baseRot={x:undefined,y:undefined,z:undefined} type=object @ http://localhost:3001/items/Weapon.js:220
[   26587ms] [LOG] [Player] after applyToMesh: rot=NaN,NaN,NaN baseRot=undef @ http://localhost:3001/entities/Player.js:781
[   26598ms] [LOG] [Player] viewWeapon pos=0.25,-0.34,-0.80 rot=NaN,NaN,NaN visible=true fpArmsPos=0.00,0.00,0.00 @ http://localhost:3001/entities/Player.js:742
[   26598ms] [LOG] [Weapon] applyToMesh: recoilAngle=0.1 swayX=0 swayY=0 time=10.644000000000005 baseRot={x:undefined,y:undefined,z:undefined} type=object @ http://localhost:3001/items/Weapon.js:220
[   26610ms] [LOG] [Player] viewWeapon pos=0.25,-0.34,-0.80 rot=NaN,NaN,NaN visible=true fpArmsPos=0.00,0.00,0.00 @ http://localhost:3001/entities/Player.js:742
[   26610ms] [LOG] [Weapon] applyToMesh: recoilAngle=0.1 swayX=0 swayY=0 time=10.656500000000005 baseRot={x:undefined,y:undefined,z:undefined} type=object @ http://localhost:3001/items/Weapon.js:220
[   26622ms] [LOG] [Player] viewWeapon pos=0.25,-0.34,-0.80 rot=NaN,NaN,NaN visible=true fpArmsPos=0.00,0.00,0.00 @ http://localhost:3001/entities/Player.js:742
[   26622ms] [LOG] [Weapon] applyToMesh: recoilAngle=0.1 swayX=0 swayY=0 time=10.668899999999446 baseRot={x:undefined,y:undefined,z:undefined} type=object @ http://localhost:3001/items/Weapon.js:220
[   26633ms] [LOG] [Player] viewWeapon pos=0.25,-0.34,-0.80 rot=NaN,NaN,NaN visible=true fpArmsPos=0.00,0.00,0.00 @ http://localhost:3001/entities/Player.js:742
[   26633ms] [LOG] [Weapon] applyToMesh: recoilAngle=0.1 swayX=0 swayY=0 time=10.679700000000192 baseRot={x:undefined,y:undefined,z:undefined} type=object @ http://localhost:3001/items/Weapon.js:220
[   26645ms] [LOG] [Player] viewWeapon pos=0.25,-0.34,-0.80 rot=NaN,NaN,NaN visible=true fpArmsPos=0.00,0.00,0.00 @ http://localhost:3001/entities/Player.js:742
[   26645ms] [LOG] [Weapon] applyToMesh: recoilAngle=0.1 swayX=0 swayY=0 time=10.691399999999447 baseRot={x:undefined,y:undefined,z:undefined} type=object @ http://localhost:3001/items/Weapon.js:220
[   26656ms] [LOG] [Player] viewWeapon pos=0.25,-0.34,-0.80 rot=NaN,NaN,NaN visible=true fpArmsPos=0.00,0.00,0.00 @ http://localhost:3001/entities/Player.js:742
[   26656ms] [LOG] [Weapon] applyToMesh: recoilAngle=0.1 swayX=0 swayY=0 time=10.702700000000192 baseRot={x:undefined,y:undefined,z:undefined} type=object @ http://localhost:3001/items/Weapon.js:220
[   26669ms] [LOG] [Player] viewWeapon pos=0.25,-0.34,-0.80 rot=NaN,NaN,NaN visible=true fpArmsPos=0.00,0.00,0.00 @ http://localhost:3001/entities/Player.js:742
[   26669ms] [LOG] [Weapon] applyToMesh: recoilAngle=0.1 swayX=0 swayY=0 time=10.715399999999446 baseRot={x:undefined,y:undefined,z:undefined} type=object @ http://localhost:3001/items/Weapon.js:220
[   26679ms] [LOG] [Player] viewWeapon pos=0.25,-0.34,-0.80 rot=NaN,NaN,NaN visible=true fpArmsPos=0.00,0.00,0.00 @ http://localhost:3001/entities/Player.js:742
[   26679ms] [LOG] [Weapon] applyToMesh: recoilAngle=0.1 swayX=0 swayY=0 time=10.725799999999818 baseRot={x:undefined,y:undefined,z:undefined} type=object @ http://localhost:3001/items/Weapon.js:220
[   26691ms] [LOG] [Player] viewWeapon pos=0.25,-0.34,-0.80 rot=NaN,NaN,NaN visible=true fpArmsPos=0.00,0.00,0.00 @ http://localhost:3001/entities/Player.js:742
[   26691ms] [LOG] [Weapon] applyToMesh: recoilAngle=0.1 swayX=0 swayY=0 time=10.737599999999633 baseRot={x:undefined,y:undefined,z:undefined} type=object @ http://localhost:3001/items/Weapon.js:220
[   26703ms] [LOG] [Player] viewWeapon pos=0.25,-0.34,-0.80 rot=NaN,NaN,NaN visible=true fpArmsPos=0.00,0.00,0.00 @ http://localhost:3001/entities/Player.js:742
[   26704ms] [LOG] [Weapon] applyToMesh: recoilAngle=0.1 swayX=0 swayY=0 time=10.750399999999447 baseRot={x:undefined,y:undefined,z:undefined} type=object @ http://localhost:3001/items/Weapon.js:220
[   26716ms] [LOG] [Player] viewWeapon pos=0.25,-0.34,-0.80 rot=NaN,NaN,NaN visible=true fpArmsPos=0.00,0.00,0.00 @ http://localhost:3001/entities/Player.js:742
[   26716ms] [LOG] [Weapon] applyToMesh: recoilAngle=0.1 swayX=0 swayY=0 time=10.762899999999446 baseRot={x:undefined,y:undefined,z:undefined} type=object @ http://localhost:3001/items/Weapon.js:220
[   26727ms] [LOG] [Player] viewWeapon pos=0.25,-0.34,-0.80 rot=NaN,NaN,NaN visible=true fpArmsPos=0.00,0.00,0.00 @ http://localhost:3001/entities/Player.js:742
[   26727ms] [LOG] [Weapon] applyToMesh: recoilAngle=0.1 swayX=0 swayY=0 time=10.773700000000192 baseRot={x:undefined,y:undefined,z:undefined} type=object @ http://localhost:3001/items/Weapon.js:220
[   26737ms] [LOG] [Player] viewWeapon pos=0.25,-0.34,-0.80 rot=NaN,NaN,NaN visible=true fpArmsPos=0.00,0.00,0.00 @ http://localhost:3001/entities/Player.js:742
[   26738ms] [LOG] [Weapon] applyToMesh: recoilAngle=0.1 swayX=0 swayY=0 time=10.784000000000006 baseRot={x:undefined,y:undefined,z:undefined} type=object @ http://localhost:3001/items/Weapon.js:220
[   26750ms] [LOG] [Player] viewWeapon pos=0.25,-0.34,-0.80 rot=NaN,NaN,NaN visible=true fpArmsPos=0.00,0.00,0.00 @ http://localhost:3001/entities/Player.js:742
[   26751ms] [LOG] [Weapon] applyToMesh: recoilAngle=0.1 swayX=0 swayY=0 time=10.797200000000192 baseRot={x:undefined,y:undefined,z:undefined} type=object @ http://localhost:3001/items/Weapon.js:220
[   26764ms] [LOG] [Player] viewWeapon pos=0.25,-0.34,-0.80 rot=NaN,NaN,NaN visible=true fpArmsPos=0.00,0.00,0.00 @ http://localhost:3001/entities/Player.js:742
[   26764ms] [LOG] [Weapon] applyToMesh: recoilAngle=0.1 swayX=0 swayY=0 time=10.81079999999982 baseRot={x:undefined,y:undefined,z:undefined} type=object @ http://localhost:3001/items/Weapon.js:220
[   26774ms] [LOG] [Player] viewWeapon pos=0.25,-0.34,-0.80 rot=NaN,NaN,NaN visible=true fpArmsPos=0.00,0.00,0.00 @ http://localhost:3001/entities/Player.js:742
[   26774ms] [LOG] [Weapon] applyToMesh: recoilAngle=0.1 swayX=0 swayY=0 time=10.820799999999819 baseRot={x:undefined,y:undefined,z:undefined} type=object @ http://localhost:3001/items/Weapon.js:220
[   26784ms] [LOG] [Player] viewWeapon pos=0.25,-0.34,-0.80 rot=NaN,NaN,NaN visible=true fpArmsPos=0.00,0.00,0.00 @ http://localhost:3001/entities/Player.js:742
[   26785ms] [LOG] [Weapon] applyToMesh: recoilAngle=0.1 swayX=0 swayY=0 time=10.831200000000191 baseRot={x:undefined,y:undefined,z:undefined} type=object @ http://localhost:3001/items/Weapon.js:220
[   26793ms] [LOG] [Player] viewWeapon pos=0.25,-0.34,-0.80 rot=NaN,NaN,NaN visible=true fpArmsPos=0.00,0.00,0.00 @ http://localhost:3001/entities/Player.js:742
[   26793ms] [LOG] [Weapon] applyToMesh: recoilAngle=0.1 swayX=0 swayY=0 time=10.840200000000191 baseRot={x:undefined,y:undefined,z:undefined} type=object @ http://localhost:3001/items/Weapon.js:220
[   26804ms] [LOG] [Player] viewWeapon pos=0.25,-0.34,-0.80 rot=NaN,NaN,NaN visible=true fpArmsPos=0.00,0.00,0.00 @ http://localhost:3001/entities/Player.js:742
[   26804ms] [LOG] [Weapon] applyToMesh: recoilAngle=0.1 swayX=0 swayY=0 time=10.850899999999447 baseRot={x:undefined,y:undefined,z:undefined} type=object @ http://localhost:3001/items/Weapon.js:220
[   26818ms] [LOG] [Player] viewWeapon pos=0.25,-0.34,-0.80 rot=NaN,NaN,NaN visible=true fpArmsPos=0.00,0.00,0.00 @ http://localhost:3001/entities/Player.js:742
[   26818ms] [LOG] [Weapon] applyToMesh: recoilAngle=0.1 swayX=0 swayY=0 time=10.864899999999446 baseRot={x:undefined,y:undefined,z:undefined} type=object @ http://localhost:3001/items/Weapon.js:220
[   26829ms] [LOG] [Player] viewWeapon pos=0.25,-0.34,-0.80 rot=NaN,NaN,NaN visible=true fpArmsPos=0.00,0.00,0.00 @ http://localhost:3001/entities/Player.js:742
[   26830ms] [LOG] [Weapon] applyToMesh: recoilAngle=0.1 swayX=0 swayY=0 time=10.87620000000019 baseRot={x:undefined,y:undefined,z:undefined} type=object @ http://localhost:3001/items/Weapon.js:220
[   26839ms] [LOG] [Player] viewWeapon pos=0.25,-0.34,-0.80 rot=NaN,NaN,NaN visible=true fpArmsPos=0.00,0.00,0.00 @ http://localhost:3001/entities/Player.js:742
[   26839ms] [LOG] [Weapon] applyToMesh: recoilAngle=0.1 swayX=0 swayY=0 time=10.885899999999445 baseRot={x:undefined,y:undefined,z:undefined} type=object @ http://localhost:3001/items/Weapon.js:220
[   26851ms] [LOG] [Player] viewWeapon pos=0.25,-0.34,-0.80 rot=NaN,NaN,NaN visible=true fpArmsPos=0.00,0.00,0.00 @ http://localhost:3001/entities/Player.js:742
[   26851ms] [LOG] [Weapon] applyToMesh: recoilAngle=0.1 swayX=0 swayY=0 time=10.897899999999446 baseRot={x:undefined,y:undefined,z:undefined} type=object @ http://localhost:3001/items/Weapon.js:220
[   26866ms] [LOG] [Player] viewWeapon pos=0.25,-0.34,-0.80 rot=NaN,NaN,NaN visible=true fpArmsPos=0.00,0.00,0.00 @ http://localhost:3001/entities/Player.js:742
[   26866ms] [LOG] [Weapon] applyToMesh: recoilAngle=0.1 swayX=0 swayY=0 time=10.912799999999818 baseRot={x:undefined,y:undefined,z:undefined} type=object @ http://localhost:3001/items/Weapon.js:220
[   26879ms] [LOG] [Player] viewWeapon pos=0.25,-0.34,-0.80 rot=NaN,NaN,NaN visible=true fpArmsPos=0.00,0.00,0.00 @ http://localhost:3001/entities/Player.js:742
[   26879ms] [LOG] [Weapon] applyToMesh: recoilAngle=0.1 swayX=0 swayY=0 time=10.925799999999818 baseRot={x:undefined,y:undefined,z:undefined} type=object @ http://localhost:3001/items/Weapon.js:220
[   26890ms] [LOG] [Player] viewWeapon pos=0.25,-0.34,-0.80 rot=NaN,NaN,NaN visible=true fpArmsPos=0.00,0.00,0.00 @ http://localhost:3001/entities/Player.js:742
[   26890ms] [LOG] [Weapon] applyToMesh: recoilAngle=0.1 swayX=0 swayY=0 time=10.936299999999818 baseRot={x:undefined,y:undefined,z:undefined} type=object @ http://localhost:3001/items/Weapon.js:220
[   26900ms] [LOG] [Player] viewWeapon pos=0.25,-0.34,-0.80 rot=NaN,NaN,NaN visible=true fpArmsPos=0.00,0.00,0.00 @ http://localhost:3001/entities/Player.js:742
[   26900ms] [LOG] [Weapon] applyToMesh: recoilAngle=0.1 swayX=0 swayY=0 time=10.946200000000191 baseRot={x:undefined,y:undefined,z:undefined} type=object @ http://localhost:3001/items/Weapon.js:220
[   26913ms] [LOG] [Player] viewWeapon pos=0.25,-0.34,-0.80 rot=NaN,NaN,NaN visible=true fpArmsPos=0.00,0.00,0.00 @ http://localhost:3001/entities/Player.js:742
[   26914ms] [LOG] [Weapon] applyToMesh: recoilAngle=0.1 swayX=0 swayY=0 time=10.960399999999446 baseRot={x:undefined,y:undefined,z:undefined} type=object @ http://localhost:3001/items/Weapon.js:220
[   26924ms] [LOG] [Player] viewWeapon pos=0.25,-0.34,-0.80 rot=NaN,NaN,NaN visible=true fpArmsPos=0.00,0.00,0.00 @ http://localhost:3001/entities/Player.js:742
[   26925ms] [LOG] [Weapon] applyToMesh: recoilAngle=0.1 swayX=0 swayY=0 time=10.971200000000191 baseRot={x:undefined,y:undefined,z:undefined} type=object @ http://localhost:3001/items/Weapon.js:220
[   26935ms] [LOG] [Player] viewWeapon pos=0.25,-0.34,-0.80 rot=NaN,NaN,NaN visible=true fpArmsPos=0.00,0.00,0.00 @ http://localhost:3001/entities/Player.js:742
[   26935ms] [LOG] [Weapon] applyToMesh: recoilAngle=0.1 swayX=0 swayY=0 time=10.981799999999819 baseRot={x:undefined,y:undefined,z:undefined} type=object @ http://localhost:3001/items/Weapon.js:220
[   26947ms] [LOG] [Player] viewWeapon pos=0.25,-0.34,-0.80 rot=NaN,NaN,NaN visible=true fpArmsPos=0.00,0.00,0.00 @ http://localhost:3001/entities/Player.js:742
[   26948ms] [LOG] [Weapon] applyToMesh: recoilAngle=0.1 swayX=0 swayY=0 time=10.994399999999446 baseRot={x:undefined,y:undefined,z:undefined} type=object @ http://localhost:3001/items/Weapon.js:220
[   26960ms] [LOG] [Player] viewWeapon pos=0.25,-0.34,-0.80 rot=NaN,NaN,NaN visible=true fpArmsPos=0.00,0.00,0.00 @ http://localhost:3001/entities/Player.js:742
[   26960ms] [LOG] [Weapon] applyToMesh: recoilAngle=0.1 swayX=0 swayY=0 time=11.00729999999982 baseRot={x:undefined,y:undefined,z:undefined} type=object @ http://localhost:3001/items/Weapon.js:220
[   26974ms] [LOG] [Player] viewWeapon pos=0.25,-0.34,-0.80 rot=NaN,NaN,NaN visible=true fpArmsPos=0.00,0.00,0.00 @ http://localhost:3001/entities/Player.js:742
[   26975ms] [LOG] [Weapon] applyToMesh: recoilAngle=0.1 swayX=0 swayY=0 time=11.020200000000193 baseRot={x:undefined,y:undefined,z:undefined} type=object @ http://localhost:3001/items/Weapon.js:220
[   27005ms] [LOG] [Player] viewWeapon pos=0.25,-0.34,-0.80 rot=NaN,NaN,NaN visible=true fpArmsPos=0.00,0.00,0.00 @ http://localhost:3001/entities/Player.js:742
[   27005ms] [LOG] [Weapon] applyToMesh: recoilAngle=0.1 swayX=0 swayY=0 time=11.051599999999635 baseRot={x:undefined,y:undefined,z:undefined} type=object @ http://localhost:3001/items/Weapon.js:220
[   27024ms] [LOG] [Player] viewWeapon pos=0.25,-0.34,-0.80 rot=NaN,NaN,NaN visible=true fpArmsPos=0.00,0.00,0.00 @ http://localhost:3001/entities/Player.js:742
[   27024ms] [LOG] [Weapon] applyToMesh: recoilAngle=0.1 swayX=0 swayY=0 time=11.070899999999448 baseRot={x:undefined,y:undefined,z:undefined} type=object @ http://localhost:3001/items/Weapon.js:220
[   27037ms] [LOG] [Player] viewWeapon pos=0.25,-0.34,-0.80 rot=NaN,NaN,NaN visible=true fpArmsPos=0.00,0.00,0.00 @ http://localhost:3001/entities/Player.js:742
[   27038ms] [LOG] [Weapon] applyToMesh: recoilAngle=0.1 swayX=0 swayY=0 time=11.084399999999448 baseRot={x:undefined,y:undefined,z:undefined} type=object @ http://localhost:3001/items/Weapon.js:220
[   27052ms] [LOG] [Player] viewWeapon pos=0.25,-0.34,-0.80 rot=NaN,NaN,NaN visible=true fpArmsPos=0.00,0.00,0.00 @ http://localhost:3001/entities/Player.js:742
[   27052ms] [LOG] [Weapon] applyToMesh: recoilAngle=0.1 swayX=0 swayY=0 time=11.098599999999633 baseRot={x:undefined,y:undefined,z:undefined} type=object @ http://localhost:3001/items/Weapon.js:220
[   27064ms] [LOG] [Player] viewWeapon pos=0.25,-0.34,-0.80 rot=NaN,NaN,NaN visible=true fpArmsPos=0.00,0.00,0.00 @ http://localhost:3001/entities/Player.js:742
[   27065ms] [LOG] [Weapon] applyToMesh: recoilAngle=0.1 swayX=0 swayY=0 time=11.111599999999633 baseRot={x:undefined,y:undefined,z:undefined} type=object @ http://localhost:3001/items/Weapon.js:220
[   27074ms] [LOG] [Player] viewWeapon pos=0.25,-0.34,-0.80 rot=NaN,NaN,NaN visible=true fpArmsPos=0.00,0.00,0.00 @ http://localhost:3001/entities/Player.js:742
[   27075ms] [LOG] [Weapon] applyToMesh: recoilAngle=0.1 swayX=0 swayY=0 time=11.12129999999982 baseRot={x:undefined,y:undefined,z:undefined} type=object @ http://localhost:3001/items/Weapon.js:220
[   27085ms] [LOG] [Player] viewWeapon pos=0.25,-0.34,-0.80 rot=NaN,NaN,NaN visible=true fpArmsPos=0.00,0.00,0.00 @ http://localhost:3001/entities/Player.js:742
[   27085ms] [LOG] [Weapon] applyToMesh: recoilAngle=0.1 swayX=0 swayY=0 time=11.131599999999635 baseRot={x:undefined,y:undefined,z:undefined} type=object @ http://localhost:3001/items/Weapon.js:220
[   27093ms] [LOG] [Player] viewWeapon pos=0.25,-0.34,-0.80 rot=NaN,NaN,NaN visible=true fpArmsPos=0.00,0.00,0.00 @ http://localhost:3001/entities/Player.js:742
[   27093ms] [LOG] [Weapon] applyToMesh: recoilAngle=0.1 swayX=0 swayY=0 time=11.140200000000194 baseRot={x:undefined,y:undefined,z:undefined} type=object @ http://localhost:3001/items/Weapon.js:220
[   27105ms] [LOG] [Player] viewWeapon pos=0.25,-0.34,-0.80 rot=NaN,NaN,NaN visible=true fpArmsPos=0.00,0.00,0.00 @ http://localhost:3001/entities/Player.js:742
[   27105ms] [LOG] [Weapon] applyToMesh: recoilAngle=0.1 swayX=0 swayY=0 time=11.15239999999945 baseRot={x:undefined,y:undefined,z:undefined} type=object @ http://localhost:3001/items/Weapon.js:220
[   27116ms] [LOG] [Player] viewWeapon pos=0.25,-0.34,-0.80 rot=NaN,NaN,NaN visible=true fpArmsPos=0.00,0.00,0.00 @ http://localhost:3001/entities/Player.js:742
[   27116ms] [LOG] [Weapon] applyToMesh: recoilAngle=0.1 swayX=0 swayY=0 time=11.162700000000195 baseRot={x:undefined,y:undefined,z:undefined} type=object @ http://localhost:3001/items/Weapon.js:220
[   27127ms] [LOG] [Player] viewWeapon pos=0.25,-0.34,-0.80 rot=NaN,NaN,NaN visible=true fpArmsPos=0.00,0.00,0.00 @ http://localhost:3001/entities/Player.js:742
[   27128ms] [LOG] [Weapon] applyToMesh: recoilAngle=0.1 swayX=0 swayY=0 time=11.174500000000009 baseRot={x:undefined,y:undefined,z:undefined} type=object @ http://localhost:3001/items/Weapon.js:220
[   27139ms] [LOG] [Player] viewWeapon pos=0.25,-0.34,-0.80 rot=NaN,NaN,NaN visible=true fpArmsPos=0.00,0.00,0.00 @ http://localhost:3001/entities/Player.js:742
[   27139ms] [LOG] [Weapon] applyToMesh: recoilAngle=0.1 swayX=0 swayY=0 time=11.185299999999822 baseRot={x:undefined,y:undefined,z:undefined} type=object @ http://localhost:3001/items/Weapon.js:220
[   27148ms] [LOG] [Player] viewWeapon pos=0.25,-0.34,-0.80 rot=NaN,NaN,NaN visible=true fpArmsPos=0.00,0.00,0.00 @ http://localhost:3001/entities/Player.js:742
[   27148ms] [LOG] [Weapon] applyToMesh: recoilAngle=0.1 swayX=0 swayY=0 time=11.19500000000001 baseRot={x:undefined,y:undefined,z:undefined} type=object @ http://localhost:3001/items/Weapon.js:220
[   27158ms] [LOG] [Player] viewWeapon pos=0.25,-0.34,-0.80 rot=NaN,NaN,NaN visible=true fpArmsPos=0.00,0.00,0.00 @ http://localhost:3001/entities/Player.js:742
[   27158ms] [LOG] [Weapon] applyToMesh: recoilAngle=0.1 swayX=0 swayY=0 time=11.204700000000196 baseRot={x:undefined,y:undefined,z:undefined} type=object @ http://localhost:3001/items/Weapon.js:220
[   27169ms] [LOG] [Player] viewWeapon pos=0.25,-0.34,-0.80 rot=NaN,NaN,NaN visible=true fpArmsPos=0.00,0.00,0.00 @ http://localhost:3001/entities/Player.js:742
[   27169ms] [LOG] [Weapon] applyToMesh: recoilAngle=0.1 swayX=0 swayY=0 time=11.216099999999637 baseRot={x:undefined,y:undefined,z:undefined} type=object @ http://localhost:3001/items/Weapon.js:220
[   27177ms] [LOG] [Player] viewWeapon pos=0.25,-0.34,-0.80 rot=NaN,NaN,NaN visible=true fpArmsPos=0.00,0.00,0.00 @ http://localhost:3001/entities/Player.js:742
[   27177ms] [LOG] [Weapon] applyToMesh: recoilAngle=0.1 swayX=0 swayY=0 time=11.22389999999945 baseRot={x:undefined,y:undefined,z:undefined} type=object @ http://localhost:3001/items/Weapon.js:220
[   27187ms] [LOG] [Player] viewWeapon pos=0.25,-0.34,-0.80 rot=NaN,NaN,NaN visible=true fpArmsPos=0.00,0.00,0.00 @ http://localhost:3001/entities/Player.js:742
[   27187ms] [LOG] [Weapon] applyToMesh: recoilAngle=0.1 swayX=0 swayY=0 time=11.234000000000009 baseRot={x:undefined,y:undefined,z:undefined} type=object @ http://localhost:3001/items/Weapon.js:220
[   27198ms] [LOG] [Player] viewWeapon pos=0.25,-0.34,-0.80 rot=NaN,NaN,NaN visible=true fpArmsPos=0.00,0.00,0.00 @ http://localhost:3001/entities/Player.js:742
[   27198ms] [LOG] [Weapon] applyToMesh: recoilAngle=0.1 swayX=0 swayY=0 time=11.244599999999636 baseRot={x:undefined,y:undefined,z:undefined} type=object @ http://localhost:3001/items/Weapon.js:220
[   27207ms] [LOG] [Player] viewWeapon pos=0.25,-0.34,-0.80 rot=NaN,NaN,NaN visible=true fpArmsPos=0.00,0.00,0.00 @ http://localhost:3001/entities/Player.js:742
[   27207ms] [LOG] [Weapon] applyToMesh: recoilAngle=0.1 swayX=0 swayY=0 time=11.253700000000196 baseRot={x:undefined,y:undefined,z:undefined} type=object @ http://localhost:3001/items/Weapon.js:220
[   27207ms] [LOG] [Player] anim: recoilAngle=0.1 swayX=0 swayY=0 time=11.253700000000196 @ http://localhost:3001/entities/Player.js:780
[   27218ms] [LOG] [Player] viewWeapon pos=0.25,-0.34,-0.80 rot=NaN,NaN,NaN visible=true fpArmsPos=0.00,0.00,0.00 @ http://localhost:3001/entities/Player.js:742
[   27218ms] [LOG] [Weapon] applyToMesh: recoilAngle=0.1 swayX=0 swayY=0 time=11.26489999999945 baseRot={x:undefined,y:undefined,z:undefined} type=object @ http://localhost:3001/items/Weapon.js:220
[   27227ms] [LOG] [Player] viewWeapon pos=0.25,-0.34,-0.80 rot=NaN,NaN,NaN visible=true fpArmsPos=0.00,0.00,0.00 @ http://localhost:3001/entities/Player.js:742
[   27227ms] [LOG] [Weapon] applyToMesh: recoilAngle=0.1 swayX=0 swayY=0 time=11.273799999999822 baseRot={x:undefined,y:undefined,z:undefined} type=object @ http://localhost:3001/items/Weapon.js:220
[   27234ms] [LOG] [Player] viewWeapon pos=0.25,-0.34,-0.80 rot=NaN,NaN,NaN visible=true fpArmsPos=0.00,0.00,0.00 @ http://localhost:3001/entities/Player.js:742
[   27234ms] [LOG] [Weapon] applyToMesh: recoilAngle=0.1 swayX=0 swayY=0 time=11.28089999999945 baseRot={x:undefined,y:undefined,z:undefined} type=object @ http://localhost:3001/items/Weapon.js:220
[   27243ms] [LOG] [Player] viewWeapon pos=0.25,-0.34,-0.80 rot=NaN,NaN,NaN visible=true fpArmsPos=0.00,0.00,0.00 @ http://localhost:3001/entities/Player.js:742
[   27243ms] [LOG] [Weapon] applyToMesh: recoilAngle=0.1 swayX=0 swayY=0 time=11.289599999999636 baseRot={x:undefined,y:undefined,z:undefined} type=object @ http://localhost:3001/items/Weapon.js:220
[   27255ms] [LOG] [Player] viewWeapon pos=0.25,-0.34,-0.80 rot=NaN,NaN,NaN visible=true fpArmsPos=0.00,0.00,0.00 @ http://localhost:3001/entities/Player.js:742
[   27255ms] [LOG] [Weapon] applyToMesh: recoilAngle=0.1 swayX=0 swayY=0 time=11.302299999999823 baseRot={x:undefined,y:undefined,z:undefined} type=object @ http://localhost:3001/items/Weapon.js:220
[   27266ms] [LOG] [Player] viewWeapon pos=0.25,-0.34,-0.80 rot=NaN,NaN,NaN visible=true fpArmsPos=0.00,0.00,0.00 @ http://localhost:3001/entities/Player.js:742
[   27266ms] [LOG] [Weapon] applyToMesh: recoilAngle=0.1 swayX=0 swayY=0 time=11.313099999999636 baseRot={x:undefined,y:undefined,z:undefined} type=object @ http://localhost:3001/items/Weapon.js:220
[   27274ms] [LOG] [Player] viewWeapon pos=0.25,-0.34,-0.80 rot=NaN,NaN,NaN visible=true fpArmsPos=0.00,0.00,0.00 @ http://localhost:3001/entities/Player.js:742
[   27275ms] [LOG] [Weapon] applyToMesh: recoilAngle=0.1 swayX=0 swayY=0 time=11.32150000000001 baseRot={x:undefined,y:undefined,z:undefined} type=object @ http://localhost:3001/items/Weapon.js:220
[   27281ms] [LOG] [Player] viewWeapon pos=0.25,-0.34,-0.80 rot=NaN,NaN,NaN visible=true fpArmsPos=0.00,0.00,0.00 @ http://localhost:3001/entities/Player.js:742
[   27282ms] [LOG] [Weapon] applyToMesh: recoilAngle=0.1 swayX=0 swayY=0 time=11.328599999999637 baseRot={x:undefined,y:undefined,z:undefined} type=object @ http://localhost:3001/items/Weapon.js:220
[   27289ms] [LOG] [Player] viewWeapon pos=0.25,-0.34,-0.80 rot=NaN,NaN,NaN visible=true fpArmsPos=0.00,0.00,0.00 @ http://localhost:3001/entities/Player.js:742
[   27290ms] [LOG] [Weapon] applyToMesh: recoilAngle=0.1 swayX=0 swayY=0 time=11.33639999999945 baseRot={x:undefined,y:undefined,z:undefined} type=object @ http://localhost:3001/items/Weapon.js:220
[   27299ms] [LOG] [Player] viewWeapon pos=0.25,-0.34,-0.80 rot=NaN,NaN,NaN visible=true fpArmsPos=0.00,0.00,0.00 @ http://localhost:3001/entities/Player.js:742
[   27299ms] [LOG] [Weapon] applyToMesh: recoilAngle=0.1 swayX=0 swayY=0 time=11.34589999999945 baseRot={x:undefined,y:undefined,z:undefined} type=object @ http://localhost:3001/items/Weapon.js:220
[   27310ms] [LOG] [Player] viewWeapon pos=0.25,-0.34,-0.80 rot=NaN,NaN,NaN visible=true fpArmsPos=0.00,0.00,0.00 @ http://localhost:3001/entities/Player.js:742
[   27310ms] [LOG] [Weapon] applyToMesh: recoilAngle=0.1 swayX=0 swayY=0 time=11.356500000000008 baseRot={x:undefined,y:undefined,z:undefined} type=object @ http://localhost:3001/items/Weapon.js:220
[   27324ms] [LOG] [Player] viewWeapon pos=0.25,-0.34,-0.80 rot=NaN,NaN,NaN visible=true fpArmsPos=0.00,0.00,0.00 @ http://localhost:3001/entities/Player.js:742
[   27324ms] [LOG] [Weapon] applyToMesh: recoilAngle=0.1 swayX=0 swayY=0 time=11.370700000000193 baseRot={x:undefined,y:undefined,z:undefined} type=object @ http://localhost:3001/items/Weapon.js:220
[   27335ms] [LOG] [Player] viewWeapon pos=0.25,-0.34,-0.80 rot=NaN,NaN,NaN visible=true fpArmsPos=0.00,0.00,0.00 @ http://localhost:3001/entities/Player.js:742
[   27335ms] [LOG] [Weapon] applyToMesh: recoilAngle=0.1 swayX=0 swayY=0 time=11.381599999999635 baseRot={x:undefined,y:undefined,z:undefined} type=object @ http://localhost:3001/items/Weapon.js:220
[   27345ms] [LOG] [Player] viewWeapon pos=0.25,-0.34,-0.80 rot=NaN,NaN,NaN visible=true fpArmsPos=0.00,0.00,0.00 @ http://localhost:3001/entities/Player.js:742
[   27345ms] [LOG] [Weapon] applyToMesh: recoilAngle=0.1 swayX=0 swayY=0 time=11.391700000000194 baseRot={x:undefined,y:undefined,z:undefined} type=object @ http://localhost:3001/items/Weapon.js:220
[   27356ms] [LOG] [Player] viewWeapon pos=0.25,-0.34,-0.80 rot=NaN,NaN,NaN visible=true fpArmsPos=0.00,0.00,0.00 @ http://localhost:3001/entities/Player.js:742
[   27356ms] [LOG] [Weapon] applyToMesh: recoilAngle=0.1 swayX=0 swayY=0 time=11.402500000000007 baseRot={x:undefined,y:undefined,z:undefined} type=object @ http://localhost:3001/items/Weapon.js:220
[   27368ms] [LOG] [Player] viewWeapon pos=0.25,-0.34,-0.80 rot=NaN,NaN,NaN visible=true fpArmsPos=0.00,0.00,0.00 @ http://localhost:3001/entities/Player.js:742
[   27369ms] [LOG] [Weapon] applyToMesh: recoilAngle=0.1 swayX=0 swayY=0 time=11.41529999999982 baseRot={x:undefined,y:undefined,z:undefined} type=object @ http://localhost:3001/items/Weapon.js:220
[   27379ms] [LOG] [Player] viewWeapon pos=0.25,-0.34,-0.80 rot=NaN,NaN,NaN visible=true fpArmsPos=0.00,0.00,0.00 @ http://localhost:3001/entities/Player.js:742
[   27379ms] [LOG] [Weapon] applyToMesh: recoilAngle=0.1 swayX=0 swayY=0 time=11.425899999999448 baseRot={x:undefined,y:undefined,z:undefined} type=object @ http://localhost:3001/items/Weapon.js:220
[   27390ms] [LOG] [Player] viewWeapon pos=0.25,-0.34,-0.80 rot=NaN,NaN,NaN visible=true fpArmsPos=0.00,0.00,0.00 @ http://localhost:3001/entities/Player.js:742
[   27390ms] [LOG] [Weapon] applyToMesh: recoilAngle=0.1 swayX=0 swayY=0 time=11.436700000000194 baseRot={x:undefined,y:undefined,z:undefined} type=object @ http://localhost:3001/items/Weapon.js:220
[   27400ms] [LOG] [Player] viewWeapon pos=0.25,-0.34,-0.80 rot=NaN,NaN,NaN visible=true fpArmsPos=0.00,0.00,0.00 @ http://localhost:3001/entities/Player.js:742
[   27400ms] [LOG] [Weapon] applyToMesh: recoilAngle=0.1 swayX=0 swayY=0 time=11.446500000000007 baseRot={x:undefined,y:undefined,z:undefined} type=object @ http://localhost:3001/items/Weapon.js:220
[   27411ms] [LOG] [Player] viewWeapon pos=0.25,-0.34,-0.80 rot=NaN,NaN,NaN visible=true fpArmsPos=0.00,0.00,0.00 @ http://localhost:3001/entities/Player.js:742
[   27411ms] [LOG] [Weapon] applyToMesh: recoilAngle=0.1 swayX=0 swayY=0 time=11.457700000000195 baseRot={x:undefined,y:undefined,z:undefined} type=object @ http://localhost:3001/items/Weapon.js:220
[   27424ms] [LOG] [Player] viewWeapon pos=0.25,-0.34,-0.80 rot=NaN,NaN,NaN visible=true fpArmsPos=0.00,0.00,0.00 @ http://localhost:3001/entities/Player.js:742
[   27424ms] [LOG] [Weapon] applyToMesh: recoilAngle=0.1 swayX=0 swayY=0 time=11.470500000000008 baseRot={x:undefined,y:undefined,z:undefined} type=object @ http://localhost:3001/items/Weapon.js:220
[   27436ms] [LOG] [Player] viewWeapon pos=0.25,-0.34,-0.80 rot=NaN,NaN,NaN visible=true fpArmsPos=0.00,0.00,0.00 @ http://localhost:3001/entities/Player.js:742
[   27436ms] [LOG] [Weapon] applyToMesh: recoilAngle=0.1 swayX=0 swayY=0 time=11.482799999999822 baseRot={x:undefined,y:undefined,z:undefined} type=object @ http://localhost:3001/items/Weapon.js:220
[   27446ms] [LOG] [Player] viewWeapon pos=0.25,-0.34,-0.80 rot=NaN,NaN,NaN visible=true fpArmsPos=0.00,0.00,0.00 @ http://localhost:3001/entities/Player.js:742
[   27446ms] [LOG] [Weapon] applyToMesh: recoilAngle=0.1 swayX=0 swayY=0 time=11.493000000000007 baseRot={x:undefined,y:undefined,z:undefined} type=object @ http://localhost:3001/items/Weapon.js:220
[   27456ms] [LOG] [Player] viewWeapon pos=0.25,-0.34,-0.80 rot=NaN,NaN,NaN visible=true fpArmsPos=0.00,0.00,0.00 @ http://localhost:3001/entities/Player.js:742
[   27456ms] [LOG] [Weapon] applyToMesh: recoilAngle=0.1 swayX=0 swayY=0 time=11.502899999999448 baseRot={x:undefined,y:undefined,z:undefined} type=object @ http://localhost:3001/items/Weapon.js:220
[   27469ms] [LOG] [Player] viewWeapon pos=0.25,-0.34,-0.80 rot=NaN,NaN,NaN visible=true fpArmsPos=0.00,0.00,0.00 @ http://localhost:3001/entities/Player.js:742
[   27469ms] [LOG] [Weapon] applyToMesh: recoilAngle=0.1 swayX=0 swayY=0 time=11.515700000000193 baseRot={x:undefined,y:undefined,z:undefined} type=object @ http://localhost:3001/items/Weapon.js:220
[   27480ms] [LOG] [Player] viewWeapon pos=0.25,-0.34,-0.80 rot=NaN,NaN,NaN visible=true fpArmsPos=0.00,0.00,0.00 @ http://localhost:3001/entities/Player.js:742
[   27480ms] [LOG] [Weapon] applyToMesh: recoilAngle=0.1 swayX=0 swayY=0 time=11.526899999999447 baseRot={x:undefined,y:undefined,z:undefined} type=object @ http://localhost:3001/items/Weapon.js:220
[   27490ms] [LOG] [Player] viewWeapon pos=0.25,-0.34,-0.80 rot=NaN,NaN,NaN visible=true fpArmsPos=0.00,0.00,0.00 @ http://localhost:3001/entities/Player.js:742
[   27491ms] [LOG] [Weapon] applyToMesh: recoilAngle=0.1 swayX=0 swayY=0 time=11.537299999999819 baseRot={x:undefined,y:undefined,z:undefined} type=object @ http://localhost:3001/items/Weapon.js:220
[   27502ms] [LOG] [Player] viewWeapon pos=0.25,-0.34,-0.80 rot=NaN,NaN,NaN visible=true fpArmsPos=0.00,0.00,0.00 @ http://localhost:3001/entities/Player.js:742
[   27502ms] [LOG] [Weapon] applyToMesh: recoilAngle=0.1 swayX=0 swayY=0 time=11.548399999999447 baseRot={x:undefined,y:undefined,z:undefined} type=object @ http://localhost:3001/items/Weapon.js:220
[   27515ms] [LOG] [Player] viewWeapon pos=0.25,-0.34,-0.80 rot=NaN,NaN,NaN visible=true fpArmsPos=0.00,0.00,0.00 @ http://localhost:3001/entities/Player.js:742
[   27516ms] [LOG] [Weapon] applyToMesh: recoilAngle=0.1 swayX=0 swayY=0 time=11.56229999999982 baseRot={x:undefined,y:undefined,z:undefined} type=object @ http://localhost:3001/items/Weapon.js:220
[   27527ms] [LOG] [Player] viewWeapon pos=0.25,-0.34,-0.80 rot=NaN,NaN,NaN visible=true fpArmsPos=0.00,0.00,0.00 @ http://localhost:3001/entities/Player.js:742
[   27527ms] [LOG] [Weapon] applyToMesh: recoilAngle=0.1 swayX=0 swayY=0 time=11.573599999999633 baseRot={x:undefined,y:undefined,z:undefined} type=object @ http://localhost:3001/items/Weapon.js:220
[   27541ms] [LOG] [Player] viewWeapon pos=0.25,-0.34,-0.80 rot=NaN,NaN,NaN visible=true fpArmsPos=0.00,0.00,0.00 @ http://localhost:3001/entities/Player.js:742
[   27542ms] [LOG] [Weapon] applyToMesh: recoilAngle=0.1 swayX=0 swayY=0 time=11.587899999999447 baseRot={x:undefined,y:undefined,z:undefined} type=object @ http://localhost:3001/items/Weapon.js:220
[   27555ms] [LOG] [Player] viewWeapon pos=0.25,-0.34,-0.80 rot=NaN,NaN,NaN visible=true fpArmsPos=0.00,0.00,0.00 @ http://localhost:3001/entities/Player.js:742
[   27555ms] [LOG] [Weapon] applyToMesh: recoilAngle=0.1 swayX=0 swayY=0 time=11.601299999999819 baseRot={x:undefined,y:undefined,z:undefined} type=object @ http://localhost:3001/items/Weapon.js:220
[   27571ms] [LOG] [Player] viewWeapon pos=0.25,-0.34,-0.80 rot=NaN,NaN,NaN visible=true fpArmsPos=0.00,0.00,0.00 @ http://localhost:3001/entities/Player.js:742
[   27571ms] [LOG] [Weapon] applyToMesh: recoilAngle=0.1 swayX=0 swayY=0 time=11.617500000000005 baseRot={x:undefined,y:undefined,z:undefined} type=object @ http://localhost:3001/items/Weapon.js:220
[   27583ms] [LOG] [Player] viewWeapon pos=0.25,-0.34,-0.80 rot=NaN,NaN,NaN visible=true fpArmsPos=0.00,0.00,0.00 @ http://localhost:3001/entities/Player.js:742
[   27583ms] [LOG] [Weapon] applyToMesh: recoilAngle=0.1 swayX=0 swayY=0 time=11.629899999999447 baseRot={x:undefined,y:undefined,z:undefined} type=object @ http://localhost:3001/items/Weapon.js:220
[   27594ms] [LOG] [Player] viewWeapon pos=0.25,-0.34,-0.80 rot=NaN,NaN,NaN visible=true fpArmsPos=0.00,0.00,0.00 @ http://localhost:3001/entities/Player.js:742
[   27594ms] [LOG] [Weapon] applyToMesh: recoilAngle=0.1 swayX=0 swayY=0 time=11.641099999999634 baseRot={x:undefined,y:undefined,z:undefined} type=object @ http://localhost:3001/items/Weapon.js:220
[   27605ms] [LOG] [Player] viewWeapon pos=0.25,-0.34,-0.80 rot=NaN,NaN,NaN visible=true fpArmsPos=0.00,0.00,0.00 @ http://localhost:3001/entities/Player.js:742
[   27606ms] [LOG] [Weapon] applyToMesh: recoilAngle=0.1 swayX=0 swayY=0 time=11.652399999999448 baseRot={x:undefined,y:undefined,z:undefined} type=object @ http://localhost:3001/items/Weapon.js:220
[   27621ms] [LOG] [Player] viewWeapon pos=0.25,-0.34,-0.80 rot=NaN,NaN,NaN visible=true fpArmsPos=0.00,0.00,0.00 @ http://localhost:3001/entities/Player.js:742
[   27621ms] [LOG] [Weapon] applyToMesh: recoilAngle=0.1 swayX=0 swayY=0 time=11.667700000000194 baseRot={x:undefined,y:undefined,z:undefined} type=object @ http://localhost:3001/items/Weapon.js:220
[   27633ms] [LOG] [Player] viewWeapon pos=0.25,-0.34,-0.80 rot=NaN,NaN,NaN visible=true fpArmsPos=0.00,0.00,0.00 @ http://localhost:3001/entities/Player.js:742
[   27633ms] [LOG] [Weapon] applyToMesh: recoilAngle=0.1 swayX=0 swayY=0 time=11.67989999999945 baseRot={x:undefined,y:undefined,z:undefined} type=object @ http://localhost:3001/items/Weapon.js:220
[   27643ms] [LOG] [Player] viewWeapon pos=0.25,-0.34,-0.80 rot=NaN,NaN,NaN visible=true fpArmsPos=0.00,0.00,0.00 @ http://localhost:3001/entities/Player.js:742
[   27643ms] [LOG] [Weapon] applyToMesh: recoilAngle=0.1 swayX=0 swayY=0 time=11.69039999999945 baseRot={x:undefined,y:undefined,z:undefined} type=object @ http://localhost:3001/items/Weapon.js:220
[   27655ms] [LOG] [Player] viewWeapon pos=0.25,-0.34,-0.80 rot=NaN,NaN,NaN visible=true fpArmsPos=0.00,0.00,0.00 @ http://localhost:3001/entities/Player.js:742
[   27655ms] [LOG] [Weapon] applyToMesh: recoilAngle=0.1 swayX=0 swayY=0 time=11.701500000000008 baseRot={x:undefined,y:undefined,z:undefined} type=object @ http://localhost:3001/items/Weapon.js:220
[   27667ms] [LOG] [Player] viewWeapon pos=0.25,-0.34,-0.80 rot=NaN,NaN,NaN visible=true fpArmsPos=0.00,0.00,0.00 @ http://localhost:3001/entities/Player.js:742
[   27668ms] [LOG] [Weapon] applyToMesh: recoilAngle=0.1 swayX=0 swayY=0 time=11.714299999999822 baseRot={x:undefined,y:undefined,z:undefined} type=object @ http://localhost:3001/items/Weapon.js:220
[   27677ms] [LOG] [Player] viewWeapon pos=0.25,-0.34,-0.80 rot=NaN,NaN,NaN visible=true fpArmsPos=0.00,0.00,0.00 @ http://localhost:3001/entities/Player.js:742
[   27677ms] [LOG] [Weapon] applyToMesh: recoilAngle=0.1 swayX=0 swayY=0 time=11.724000000000009 baseRot={x:undefined,y:undefined,z:undefined} type=object @ http://localhost:3001/items/Weapon.js:220
[   27689ms] [LOG] [Player] viewWeapon pos=0.25,-0.34,-0.80 rot=NaN,NaN,NaN visible=true fpArmsPos=0.00,0.00,0.00 @ http://localhost:3001/entities/Player.js:742
[   27689ms] [LOG] [Weapon] applyToMesh: recoilAngle=0.1 swayX=0 swayY=0 time=11.73589999999945 baseRot={x:undefined,y:undefined,z:undefined} type=object @ http://localhost:3001/items/Weapon.js:220
[   27698ms] [LOG] [Player] viewWeapon pos=0.25,-0.34,-0.80 rot=NaN,NaN,NaN visible=true fpArmsPos=0.00,0.00,0.00 @ http://localhost:3001/entities/Player.js:742
[   27698ms] [LOG] [Weapon] applyToMesh: recoilAngle=0.1 swayX=0 swayY=0 time=11.74489999999945 baseRot={x:undefined,y:undefined,z:undefined} type=object @ http://localhost:3001/items/Weapon.js:220
[   27711ms] [LOG] [Player] viewWeapon pos=0.25,-0.34,-0.80 rot=NaN,NaN,NaN visible=true fpArmsPos=0.00,0.00,0.00 @ http://localhost:3001/entities/Player.js:742
[   27711ms] [LOG] [Weapon] applyToMesh: recoilAngle=0.1 swayX=0 swayY=0 time=11.75750000000001 baseRot={x:undefined,y:undefined,z:undefined} type=object @ http://localhost:3001/items/Weapon.js:220
[   27721ms] [LOG] [Player] viewWeapon pos=0.25,-0.34,-0.80 rot=NaN,NaN,NaN visible=true fpArmsPos=0.00,0.00,0.00 @ http://localhost:3001/entities/Player.js:742
[   27721ms] [LOG] [Weapon] applyToMesh: recoilAngle=0.1 swayX=0 swayY=0 time=11.767799999999824 baseRot={x:undefined,y:undefined,z:undefined} type=object @ http://localhost:3001/items/Weapon.js:220
[   27732ms] [LOG] [Player] viewWeapon pos=0.25,-0.34,-0.80 rot=NaN,NaN,NaN visible=true fpArmsPos=0.00,0.00,0.00 @ http://localhost:3001/entities/Player.js:742
[   27732ms] [LOG] [Weapon] applyToMesh: recoilAngle=0.1 swayX=0 swayY=0 time=11.778599999999637 baseRot={x:undefined,y:undefined,z:undefined} type=object @ http://localhost:3001/items/Weapon.js:220
[   27741ms] [LOG] [Player] viewWeapon pos=0.25,-0.34,-0.80 rot=NaN,NaN,NaN visible=true fpArmsPos=0.00,0.00,0.00 @ http://localhost:3001/entities/Player.js:742
[   27741ms] [LOG] [Weapon] applyToMesh: recoilAngle=0.1 swayX=0 swayY=0 time=11.787799999999823 baseRot={x:undefined,y:undefined,z:undefined} type=object @ http://localhost:3001/items/Weapon.js:220
[   27753ms] [LOG] [Player] viewWeapon pos=0.25,-0.34,-0.80 rot=NaN,NaN,NaN visible=true fpArmsPos=0.00,0.00,0.00 @ http://localhost:3001/entities/Player.js:742
[   27753ms] [LOG] [Weapon] applyToMesh: recoilAngle=0.1 swayX=0 swayY=0 time=11.799500000000009 baseRot={x:undefined,y:undefined,z:undefined} type=object @ http://localhost:3001/items/Weapon.js:220
[   27764ms] [LOG] [Player] viewWeapon pos=0.25,-0.34,-0.80 rot=NaN,NaN,NaN visible=true fpArmsPos=0.00,0.00,0.00 @ http://localhost:3001/entities/Player.js:742
[   27764ms] [LOG] [Weapon] applyToMesh: recoilAngle=0.1 swayX=0 swayY=0 time=11.811099999999637 baseRot={x:undefined,y:undefined,z:undefined} type=object @ http://localhost:3001/items/Weapon.js:220
[   27776ms] [LOG] [Player] viewWeapon pos=0.25,-0.34,-0.80 rot=NaN,NaN,NaN visible=true fpArmsPos=0.00,0.00,0.00 @ http://localhost:3001/entities/Player.js:742
[   27776ms] [LOG] [Weapon] applyToMesh: recoilAngle=0.1 swayX=0 swayY=0 time=11.823299999999824 baseRot={x:undefined,y:undefined,z:undefined} type=object @ http://localhost:3001/items/Weapon.js:220
[   27789ms] [LOG] [Player] viewWeapon pos=0.25,-0.34,-0.80 rot=NaN,NaN,NaN visible=true fpArmsPos=0.00,0.00,0.00 @ http://localhost:3001/entities/Player.js:742
[   27789ms] [LOG] [Weapon] applyToMesh: recoilAngle=0.1 swayX=0 swayY=0 time=11.835599999999637 baseRot={x:undefined,y:undefined,z:undefined} type=object @ http://localhost:3001/items/Weapon.js:220
[   27797ms] [LOG] [Player] viewWeapon pos=0.25,-0.34,-0.80 rot=NaN,NaN,NaN visible=true fpArmsPos=0.00,0.00,0.00 @ http://localhost:3001/entities/Player.js:742
[   27797ms] [LOG] [Weapon] applyToMesh: recoilAngle=0.1 swayX=0 swayY=0 time=11.843700000000196 baseRot={x:undefined,y:undefined,z:undefined} type=object @ http://localhost:3001/items/Weapon.js:220
[   27807ms] [LOG] [Player] viewWeapon pos=0.25,-0.34,-0.80 rot=NaN,NaN,NaN visible=true fpArmsPos=0.00,0.00,0.00 @ http://localhost:3001/entities/Player.js:742
[   27807ms] [LOG] [Weapon] applyToMesh: recoilAngle=0.1 swayX=0 swayY=0 time=11.854299999999823 baseRot={x:undefined,y:undefined,z:undefined} type=object @ http://localhost:3001/items/Weapon.js:220
[   27816ms] [LOG] [Player] viewWeapon pos=0.25,-0.34,-0.80 rot=NaN,NaN,NaN visible=true fpArmsPos=0.00,0.00,0.00 @ http://localhost:3001/entities/Player.js:742
[   27816ms] [LOG] [Weapon] applyToMesh: recoilAngle=0.1 swayX=0 swayY=0 time=11.863000000000008 baseRot={x:undefined,y:undefined,z:undefined} type=object @ http://localhost:3001/items/Weapon.js:220
[   27828ms] [LOG] [Player] viewWeapon pos=0.25,-0.34,-0.80 rot=NaN,NaN,NaN visible=true fpArmsPos=0.00,0.00,0.00 @ http://localhost:3001/entities/Player.js:742
[   27828ms] [LOG] [Weapon] applyToMesh: recoilAngle=0.1 swayX=0 swayY=0 time=11.874700000000194 baseRot={x:undefined,y:undefined,z:undefined} type=object @ http://localhost:3001/items/Weapon.js:220
[   27828ms] [LOG] [Player] after applyToMesh: rot=NaN,NaN,NaN baseRot=undef @ http://localhost:3001/entities/Player.js:781
[   27837ms] [LOG] [Player] viewWeapon pos=0.25,-0.34,-0.80 rot=NaN,NaN,NaN visible=true fpArmsPos=0.00,0.00,0.00 @ http://localhost:3001/entities/Player.js:742
[   27837ms] [LOG] [Weapon] applyToMesh: recoilAngle=0.1 swayX=0 swayY=0 time=11.883700000000195 baseRot={x:undefined,y:undefined,z:undefined} type=object @ http://localhost:3001/items/Weapon.js:220
[   27846ms] [LOG] [Player] viewWeapon pos=0.25,-0.34,-0.80 rot=NaN,NaN,NaN visible=true fpArmsPos=0.00,0.00,0.00 @ http://localhost:3001/entities/Player.js:742
[   27846ms] [LOG] [Weapon] applyToMesh: recoilAngle=0.1 swayX=0 swayY=0 time=11.892500000000009 baseRot={x:undefined,y:undefined,z:undefined} type=object @ http://localhost:3001/items/Weapon.js:220
[   27846ms] [LOG] [Player] after applyToMesh: rot=NaN,NaN,NaN baseRot=undef @ http://localhost:3001/entities/Player.js:781
[   27855ms] [LOG] [Player] viewWeapon pos=0.25,-0.34,-0.80 rot=NaN,NaN,NaN visible=true fpArmsPos=0.00,0.00,0.00 @ http://localhost:3001/entities/Player.js:742
[   27855ms] [LOG] [Weapon] applyToMesh: recoilAngle=0.1 swayX=0 swayY=0 time=11.902200000000196 baseRot={x:undefined,y:undefined,z:undefined} type=object @ http://localhost:3001/items/Weapon.js:220
[   27866ms] [LOG] [Player] viewWeapon pos=0.25,-0.34,-0.80 rot=NaN,NaN,NaN visible=true fpArmsPos=0.00,0.00,0.00 @ http://localhost:3001/entities/Player.js:742
[   27866ms] [LOG] [Weapon] applyToMesh: recoilAngle=0.1 swayX=0 swayY=0 time=11.912799999999823 baseRot={x:undefined,y:undefined,z:undefined} type=object @ http://localhost:3001/items/Weapon.js:220
[   27866ms] [LOG] [Player] after applyToMesh: rot=NaN,NaN,NaN baseRot=undef @ http://localhost:3001/entities/Player.js:781
[   27878ms] [LOG] [Player] viewWeapon pos=0.25,-0.34,-0.80 rot=NaN,NaN,NaN visible=true fpArmsPos=0.00,0.00,0.00 @ http://localhost:3001/entities/Player.js:742
[   27878ms] [LOG] [Weapon] applyToMesh: recoilAngle=0.1 swayX=0 swayY=0 time=11.924500000000009 baseRot={x:undefined,y:undefined,z:undefined} type=object @ http://localhost:3001/items/Weapon.js:220
[   27887ms] [LOG] [Player] viewWeapon pos=0.25,-0.34,-0.80 rot=NaN,NaN,NaN visible=true fpArmsPos=0.00,0.00,0.00 @ http://localhost:3001/entities/Player.js:742
[   27887ms] [LOG] [Weapon] applyToMesh: recoilAngle=0.1 swayX=0 swayY=0 time=11.934000000000008 baseRot={x:undefined,y:undefined,z:undefined} type=object @ http://localhost:3001/items/Weapon.js:220
[   27899ms] [LOG] [Player] viewWeapon pos=0.25,-0.34,-0.80 rot=NaN,NaN,NaN visible=true fpArmsPos=0.00,0.00,0.00 @ http://localhost:3001/entities/Player.js:742
[   27899ms] [LOG] [Weapon] applyToMesh: recoilAngle=0.1 swayX=0 swayY=0 time=11.945500000000008 baseRot={x:undefined,y:undefined,z:undefined} type=object @ http://localhost:3001/items/Weapon.js:220
[   27907ms] [LOG] [Player] viewWeapon pos=0.25,-0.34,-0.80 rot=NaN,NaN,NaN visible=true fpArmsPos=0.00,0.00,0.00 @ http://localhost:3001/entities/Player.js:742
[   27907ms] [LOG] [Weapon] applyToMesh: recoilAngle=0.1 swayX=0 swayY=0 time=11.953799999999822 baseRot={x:undefined,y:undefined,z:undefined} type=object @ http://localhost:3001/items/Weapon.js:220
[   27918ms] [LOG] [Player] viewWeapon pos=0.25,-0.34,-0.80 rot=NaN,NaN,NaN visible=true fpArmsPos=0.00,0.00,0.00 @ http://localhost:3001/entities/Player.js:742
[   27918ms] [LOG] [Weapon] applyToMesh: recoilAngle=0.1 swayX=0 swayY=0 time=11.964700000000194 baseRot={x:undefined,y:undefined,z:undefined} type=object @ http://localhost:3001/items/Weapon.js:220
[   27927ms] [LOG] [Player] viewWeapon pos=0.25,-0.34,-0.80 rot=NaN,NaN,NaN visible=true fpArmsPos=0.00,0.00,0.00 @ http://localhost:3001/entities/Player.js:742
[   27928ms] [LOG] [Weapon] applyToMesh: recoilAngle=0.1 swayX=0 swayY=0 time=11.974500000000008 baseRot={x:undefined,y:undefined,z:undefined} type=object @ http://localhost:3001/items/Weapon.js:220
[   27937ms] [LOG] [Player] viewWeapon pos=0.25,-0.34,-0.80 rot=NaN,NaN,NaN visible=true fpArmsPos=0.00,0.00,0.00 @ http://localhost:3001/entities/Player.js:742
[   27937ms] [LOG] [Weapon] applyToMesh: recoilAngle=0.1 swayX=0 swayY=0 time=11.98389999999945 baseRot={x:undefined,y:undefined,z:undefined} type=object @ http://localhost:3001/items/Weapon.js:220
[   27947ms] [LOG] [Player] viewWeapon pos=0.25,-0.34,-0.80 rot=NaN,NaN,NaN visible=true fpArmsPos=0.00,0.00,0.00 @ http://localhost:3001/entities/Player.js:742
[   27947ms] [LOG] [Weapon] applyToMesh: recoilAngle=0.1 swayX=0 swayY=0 time=11.994099999999635 baseRot={x:undefined,y:undefined,z:undefined} type=object @ http://localhost:3001/items/Weapon.js:220
[   27955ms] [LOG] [Player] viewWeapon pos=0.25,-0.34,-0.80 rot=NaN,NaN,NaN visible=true fpArmsPos=0.00,0.00,0.00 @ http://localhost:3001/entities/Player.js:742
[   27955ms] [LOG] [Weapon] applyToMesh: recoilAngle=0.1 swayX=0 swayY=0 time=12.002200000000194 baseRot={x:undefined,y:undefined,z:undefined} type=object @ http://localhost:3001/items/Weapon.js:220
[   27965ms] [LOG] [Player] viewWeapon pos=0.25,-0.34,-0.80 rot=NaN,NaN,NaN visible=true fpArmsPos=0.00,0.00,0.00 @ http://localhost:3001/entities/Player.js:742
[   27965ms] [LOG] [Weapon] applyToMesh: recoilAngle=0.1 swayX=0 swayY=0 time=12.011700000000193 baseRot={x:undefined,y:undefined,z:undefined} type=object @ http://localhost:3001/items/Weapon.js:220
[   27975ms] [LOG] [Player] viewWeapon pos=0.25,-0.34,-0.80 rot=NaN,NaN,NaN visible=true fpArmsPos=0.00,0.00,0.00 @ http://localhost:3001/entities/Player.js:742
[   27975ms] [LOG] [Weapon] applyToMesh: recoilAngle=0.1 swayX=0 swayY=0 time=12.022099999999634 baseRot={x:undefined,y:undefined,z:undefined} type=object @ http://localhost:3001/items/Weapon.js:220
[   27983ms] [LOG] [Player] viewWeapon pos=0.25,-0.34,-0.80 rot=NaN,NaN,NaN visible=true fpArmsPos=0.00,0.00,0.00 @ http://localhost:3001/entities/Player.js:742
[   27984ms] [LOG] [Weapon] applyToMesh: recoilAngle=0.1 swayX=0 swayY=0 time=12.030500000000007 baseRot={x:undefined,y:undefined,z:undefined} type=object @ http://localhost:3001/items/Weapon.js:220
[   27992ms] [LOG] [Player] viewWeapon pos=0.25,-0.34,-0.80 rot=NaN,NaN,NaN visible=true fpArmsPos=0.00,0.00,0.00 @ http://localhost:3001/entities/Player.js:742
[   27992ms] [LOG] [Weapon] applyToMesh: recoilAngle=0.1 swayX=0 swayY=0 time=12.038399999999449 baseRot={x:undefined,y:undefined,z:undefined} type=object @ http://localhost:3001/items/Weapon.js:220
[   28003ms] [LOG] [Player] viewWeapon pos=0.25,-0.34,-0.80 rot=NaN,NaN,NaN visible=true fpArmsPos=0.00,0.00,0.00 @ http://localhost:3001/entities/Player.js:742
[   28003ms] [LOG] [Weapon] applyToMesh: recoilAngle=0.1 swayX=0 swayY=0 time=12.049899999999448 baseRot={x:undefined,y:undefined,z:undefined} type=object @ http://localhost:3001/items/Weapon.js:220
[   28016ms] [LOG] [Player] viewWeapon pos=0.25,-0.34,-0.80 rot=NaN,NaN,NaN visible=true fpArmsPos=0.00,0.00,0.00 @ http://localhost:3001/entities/Player.js:742
[   28016ms] [LOG] [Weapon] applyToMesh: recoilAngle=0.1 swayX=0 swayY=0 time=12.062399999999448 baseRot={x:undefined,y:undefined,z:undefined} type=object @ http://localhost:3001/items/Weapon.js:220
[   28026ms] [LOG] [Player] viewWeapon pos=0.25,-0.34,-0.80 rot=NaN,NaN,NaN visible=true fpArmsPos=0.00,0.00,0.00 @ http://localhost:3001/entities/Player.js:742
[   28026ms] [LOG] [Weapon] applyToMesh: recoilAngle=0.1 swayX=0 swayY=0 time=12.073500000000006 baseRot={x:undefined,y:undefined,z:undefined} type=object @ http://localhost:3001/items/Weapon.js:220
[   28110ms] [LOG] [Player] viewWeapon pos=0.25,-0.34,-0.80 rot=NaN,NaN,NaN visible=true fpArmsPos=0.00,0.00,0.00 @ http://localhost:3001/entities/Player.js:742
[   28110ms] [LOG] [Weapon] applyToMesh: recoilAngle=0.1 swayX=0 swayY=0 time=12.123500000000007 baseRot={x:undefined,y:undefined,z:undefined} type=object @ http://localhost:3001/items/Weapon.js:220
[   28121ms] [LOG] [Player] viewWeapon pos=0.25,-0.34,-0.80 rot=NaN,NaN,NaN visible=true fpArmsPos=0.00,0.00,0.00 @ http://localhost:3001/entities/Player.js:742
[   28121ms] [LOG] [Weapon] applyToMesh: recoilAngle=0.1 swayX=0 swayY=0 time=12.134899999999448 baseRot={x:undefined,y:undefined,z:undefined} type=object @ http://localhost:3001/items/Weapon.js:220
[   28122ms] [LOG] [Player] after applyToMesh: rot=NaN,NaN,NaN baseRot=undef @ http://localhost:3001/entities/Player.js:781
[   28131ms] [LOG] [Player] viewWeapon pos=0.25,-0.34,-0.80 rot=NaN,NaN,NaN visible=true fpArmsPos=0.00,0.00,0.00 @ http://localhost:3001/entities/Player.js:742
[   28131ms] [LOG] [Weapon] applyToMesh: recoilAngle=0.1 swayX=0 swayY=0 time=12.14479999999982 baseRot={x:undefined,y:undefined,z:undefined} type=object @ http://localhost:3001/items/Weapon.js:220
[   28155ms] [LOG] [Player] viewWeapon pos=0.25,-0.34,-0.80 rot=NaN,NaN,NaN visible=true fpArmsPos=0.00,0.00,0.00 @ http://localhost:3001/entities/Player.js:742
[   28155ms] [LOG] [Weapon] applyToMesh: recoilAngle=0.1 swayX=0 swayY=0 time=12.168500000000007 baseRot={x:undefined,y:undefined,z:undefined} type=object @ http://localhost:3001/items/Weapon.js:220
[   28166ms] [LOG] [Player] viewWeapon pos=0.25,-0.34,-0.80 rot=NaN,NaN,NaN visible=true fpArmsPos=0.00,0.00,0.00 @ http://localhost:3001/entities/Player.js:742
[   28166ms] [LOG] [Weapon] applyToMesh: recoilAngle=0.1 swayX=0 swayY=0 time=12.179699999999261 baseRot={x:undefined,y:undefined,z:undefined} type=object @ http://localhost:3001/items/Weapon.js:220
[   28177ms] [LOG] [Player] viewWeapon pos=0.25,-0.34,-0.80 rot=NaN,NaN,NaN visible=true fpArmsPos=0.00,0.00,0.00 @ http://localhost:3001/entities/Player.js:742
[   28177ms] [LOG] [Weapon] applyToMesh: recoilAngle=0.1 swayX=0 swayY=0 time=12.190899999999449 baseRot={x:undefined,y:undefined,z:undefined} type=object @ http://localhost:3001/items/Weapon.js:220
[   28185ms] [LOG] [Player] viewWeapon pos=0.25,-0.34,-0.80 rot=NaN,NaN,NaN visible=true fpArmsPos=0.00,0.00,0.00 @ http://localhost:3001/entities/Player.js:742
[   28185ms] [LOG] [Weapon] applyToMesh: recoilAngle=0.1 swayX=0 swayY=0 time=12.198799999999821 baseRot={x:undefined,y:undefined,z:undefined} type=object @ http://localhost:3001/items/Weapon.js:220
[   28193ms] [LOG] [Player] viewWeapon pos=0.25,-0.34,-0.80 rot=NaN,NaN,NaN visible=true fpArmsPos=0.00,0.00,0.00 @ http://localhost:3001/entities/Player.js:742
[   28193ms] [LOG] [Weapon] applyToMesh: recoilAngle=0.1 swayX=0 swayY=0 time=12.207000000000008 baseRot={x:undefined,y:undefined,z:undefined} type=object @ http://localhost:3001/items/Weapon.js:220
[   28201ms] [LOG] [Player] viewWeapon pos=0.25,-0.34,-0.80 rot=NaN,NaN,NaN visible=true fpArmsPos=0.00,0.00,0.00 @ http://localhost:3001/entities/Player.js:742
[   28201ms] [LOG] [Weapon] applyToMesh: recoilAngle=0.1 swayX=0 swayY=0 time=12.214699999999263 baseRot={x:undefined,y:undefined,z:undefined} type=object @ http://localhost:3001/items/Weapon.js:220
[   28210ms] [LOG] [Player] viewWeapon pos=0.25,-0.34,-0.80 rot=NaN,NaN,NaN visible=true fpArmsPos=0.00,0.00,0.00 @ http://localhost:3001/entities/Player.js:742
[   28210ms] [LOG] [Weapon] applyToMesh: recoilAngle=0.1 swayX=0 swayY=0 time=12.223699999999264 baseRot={x:undefined,y:undefined,z:undefined} type=object @ http://localhost:3001/items/Weapon.js:220
[   28217ms] [LOG] [Player] viewWeapon pos=0.25,-0.34,-0.80 rot=NaN,NaN,NaN visible=true fpArmsPos=0.00,0.00,0.00 @ http://localhost:3001/entities/Player.js:742
[   28217ms] [LOG] [Weapon] applyToMesh: recoilAngle=0.1 swayX=0 swayY=0 time=12.231099999999635 baseRot={x:undefined,y:undefined,z:undefined} type=object @ http://localhost:3001/items/Weapon.js:220
[   28225ms] [LOG] [Player] viewWeapon pos=0.25,-0.34,-0.80 rot=NaN,NaN,NaN visible=true fpArmsPos=0.00,0.00,0.00 @ http://localhost:3001/entities/Player.js:742
[   28225ms] [LOG] [Weapon] applyToMesh: recoilAngle=0.1 swayX=0 swayY=0 time=12.239199999999263 baseRot={x:undefined,y:undefined,z:undefined} type=object @ http://localhost:3001/items/Weapon.js:220
[   28232ms] [LOG] [Player] viewWeapon pos=0.25,-0.34,-0.80 rot=NaN,NaN,NaN visible=true fpArmsPos=0.00,0.00,0.00 @ http://localhost:3001/entities/Player.js:742
[   28232ms] [LOG] [Weapon] applyToMesh: recoilAngle=0.1 swayX=0 swayY=0 time=12.245699999999264 baseRot={x:undefined,y:undefined,z:undefined} type=object @ http://localhost:3001/items/Weapon.js:220
[   28239ms] [LOG] [Player] viewWeapon pos=0.25,-0.34,-0.80 rot=NaN,NaN,NaN visible=true fpArmsPos=0.00,0.00,0.00 @ http://localhost:3001/entities/Player.js:742
[   28239ms] [LOG] [Weapon] applyToMesh: recoilAngle=0.1 swayX=0 swayY=0 time=12.252799999999823 baseRot={x:undefined,y:undefined,z:undefined} type=object @ http://localhost:3001/items/Weapon.js:220
[   28245ms] [LOG] [Player] viewWeapon pos=0.25,-0.34,-0.80 rot=NaN,NaN,NaN visible=true fpArmsPos=0.00,0.00,0.00 @ http://localhost:3001/entities/Player.js:742
[   28245ms] [LOG] [Weapon] applyToMesh: recoilAngle=0.1 swayX=0 swayY=0 time=12.259299999999824 baseRot={x:undefined,y:undefined,z:undefined} type=object @ http://localhost:3001/items/Weapon.js:220
[   28252ms] [LOG] [Player] viewWeapon pos=0.25,-0.34,-0.80 rot=NaN,NaN,NaN visible=true fpArmsPos=0.00,0.00,0.00 @ http://localhost:3001/entities/Player.js:742
[   28252ms] [LOG] [Weapon] applyToMesh: recoilAngle=0.1 swayX=0 swayY=0 time=12.26600000000001 baseRot={x:undefined,y:undefined,z:undefined} type=object @ http://localhost:3001/items/Weapon.js:220
[   28258ms] [LOG] [Player] viewWeapon pos=0.25,-0.34,-0.80 rot=NaN,NaN,NaN visible=true fpArmsPos=0.00,0.00,0.00 @ http://localhost:3001/entities/Player.js:742
[   28259ms] [LOG] [Weapon] applyToMesh: recoilAngle=0.1 swayX=0 swayY=0 time=12.272399999999452 baseRot={x:undefined,y:undefined,z:undefined} type=object @ http://localhost:3001/items/Weapon.js:220
[   28265ms] [LOG] [Player] viewWeapon pos=0.25,-0.34,-0.80 rot=NaN,NaN,NaN visible=true fpArmsPos=0.00,0.00,0.00 @ http://localhost:3001/entities/Player.js:742
[   28265ms] [LOG] [Weapon] applyToMesh: recoilAngle=0.1 swayX=0 swayY=0 time=12.279299999999825 baseRot={x:undefined,y:undefined,z:undefined} type=object @ http://localhost:3001/items/Weapon.js:220
[   28273ms] [LOG] [Player] viewWeapon pos=0.25,-0.34,-0.80 rot=NaN,NaN,NaN visible=true fpArmsPos=0.00,0.00,0.00 @ http://localhost:3001/entities/Player.js:742
[   28273ms] [LOG] [Weapon] applyToMesh: recoilAngle=0.1 swayX=0 swayY=0 time=12.287199999999267 baseRot={x:undefined,y:undefined,z:undefined} type=object @ http://localhost:3001/items/Weapon.js:220
[   28281ms] [LOG] [Player] viewWeapon pos=0.25,-0.34,-0.80 rot=NaN,NaN,NaN visible=true fpArmsPos=0.00,0.00,0.00 @ http://localhost:3001/entities/Player.js:742
[   28281ms] [LOG] [Weapon] applyToMesh: recoilAngle=0.1 swayX=0 swayY=0 time=12.294599999999638 baseRot={x:undefined,y:undefined,z:undefined} type=object @ http://localhost:3001/items/Weapon.js:220
[   28287ms] [LOG] [Player] viewWeapon pos=0.25,-0.34,-0.80 rot=NaN,NaN,NaN visible=true fpArmsPos=0.00,0.00,0.00 @ http://localhost:3001/entities/Player.js:742
[   28287ms] [LOG] [Weapon] applyToMesh: recoilAngle=0.1 swayX=0 swayY=0 time=12.30109999999964 baseRot={x:undefined,y:undefined,z:undefined} type=object @ http://localhost:3001/items/Weapon.js:220
[   28293ms] [LOG] [Player] viewWeapon pos=0.25,-0.34,-0.80 rot=NaN,NaN,NaN visible=true fpArmsPos=0.00,0.00,0.00 @ http://localhost:3001/entities/Player.js:742
[   28294ms] [LOG] [Weapon] applyToMesh: recoilAngle=0.1 swayX=0 swayY=0 time=12.30759999999964 baseRot={x:undefined,y:undefined,z:undefined} type=object @ http://localhost:3001/items/Weapon.js:220
[   28301ms] [LOG] [Player] viewWeapon pos=0.25,-0.34,-0.80 rot=NaN,NaN,NaN visible=true fpArmsPos=0.00,0.00,0.00 @ http://localhost:3001/entities/Player.js:742
[   28301ms] [LOG] [Weapon] applyToMesh: recoilAngle=0.1 swayX=0 swayY=0 time=12.314799999999826 baseRot={x:undefined,y:undefined,z:undefined} type=object @ http://localhost:3001/items/Weapon.js:220
[   28308ms] [LOG] [Player] viewWeapon pos=0.25,-0.34,-0.80 rot=NaN,NaN,NaN visible=true fpArmsPos=0.00,0.00,0.00 @ http://localhost:3001/entities/Player.js:742
[   28308ms] [LOG] [Weapon] applyToMesh: recoilAngle=0.1 swayX=0 swayY=0 time=12.321799999999826 baseRot={x:undefined,y:undefined,z:undefined} type=object @ http://localhost:3001/items/Weapon.js:220
[   28316ms] [LOG] [Player] viewWeapon pos=0.25,-0.34,-0.80 rot=NaN,NaN,NaN visible=true fpArmsPos=0.00,0.00,0.00 @ http://localhost:3001/entities/Player.js:742
[   28316ms] [LOG] [Weapon] applyToMesh: recoilAngle=0.1 swayX=0 swayY=0 time=12.329699999999267 baseRot={x:undefined,y:undefined,z:undefined} type=object @ http://localhost:3001/items/Weapon.js:220
[   28325ms] [LOG] [Player] viewWeapon pos=0.25,-0.34,-0.80 rot=NaN,NaN,NaN visible=true fpArmsPos=0.00,0.00,0.00 @ http://localhost:3001/entities/Player.js:742
[   28325ms] [LOG] [Weapon] applyToMesh: recoilAngle=0.1 swayX=0 swayY=0 time=12.338599999999639 baseRot={x:undefined,y:undefined,z:undefined} type=object @ http://localhost:3001/items/Weapon.js:220
[   28333ms] [LOG] [Player] viewWeapon pos=0.25,-0.34,-0.80 rot=NaN,NaN,NaN visible=true fpArmsPos=0.00,0.00,0.00 @ http://localhost:3001/entities/Player.js:742
[   28333ms] [LOG] [Weapon] applyToMesh: recoilAngle=0.1 swayX=0 swayY=0 time=12.346399999999452 baseRot={x:undefined,y:undefined,z:undefined} type=object @ http://localhost:3001/items/Weapon.js:220
[   28341ms] [LOG] [Player] viewWeapon pos=0.25,-0.34,-0.80 rot=NaN,NaN,NaN visible=true fpArmsPos=0.00,0.00,0.00 @ http://localhost:3001/entities/Player.js:742
[   28341ms] [LOG] [Weapon] applyToMesh: recoilAngle=0.1 swayX=0 swayY=0 time=12.354599999999639 baseRot={x:undefined,y:undefined,z:undefined} type=object @ http://localhost:3001/items/Weapon.js:220
[   28349ms] [LOG] [Player] viewWeapon pos=0.25,-0.34,-0.80 rot=NaN,NaN,NaN visible=true fpArmsPos=0.00,0.00,0.00 @ http://localhost:3001/entities/Player.js:742
[   28349ms] [LOG] [Weapon] applyToMesh: recoilAngle=0.1 swayX=0 swayY=0 time=12.362899999999453 baseRot={x:undefined,y:undefined,z:undefined} type=object @ http://localhost:3001/items/Weapon.js:220
[   28355ms] [LOG] [Player] viewWeapon pos=0.25,-0.34,-0.80 rot=NaN,NaN,NaN visible=true fpArmsPos=0.00,0.00,0.00 @ http://localhost:3001/entities/Player.js:742
[   28356ms] [LOG] [Weapon] applyToMesh: recoilAngle=0.1 swayX=0 swayY=0 time=12.369500000000011 baseRot={x:undefined,y:undefined,z:undefined} type=object @ http://localhost:3001/items/Weapon.js:220
[   28364ms] [LOG] [Player] viewWeapon pos=0.25,-0.34,-0.80 rot=NaN,NaN,NaN visible=true fpArmsPos=0.00,0.00,0.00 @ http://localhost:3001/entities/Player.js:742
[   28364ms] [LOG] [Weapon] applyToMesh: recoilAngle=0.1 swayX=0 swayY=0 time=12.377399999999453 baseRot={x:undefined,y:undefined,z:undefined} type=object @ http://localhost:3001/items/Weapon.js:220
[   28372ms] [LOG] [Player] viewWeapon pos=0.25,-0.34,-0.80 rot=NaN,NaN,NaN visible=true fpArmsPos=0.00,0.00,0.00 @ http://localhost:3001/entities/Player.js:742
[   28372ms] [LOG] [Weapon] applyToMesh: recoilAngle=0.1 swayX=0 swayY=0 time=12.386299999999824 baseRot={x:undefined,y:undefined,z:undefined} type=object @ http://localhost:3001/items/Weapon.js:220
[   28380ms] [LOG] [Player] viewWeapon pos=0.25,-0.34,-0.80 rot=NaN,NaN,NaN visible=true fpArmsPos=0.00,0.00,0.00 @ http://localhost:3001/entities/Player.js:742
[   28380ms] [LOG] [Weapon] applyToMesh: recoilAngle=0.1 swayX=0 swayY=0 time=12.39350000000001 baseRot={x:undefined,y:undefined,z:undefined} type=object @ http://localhost:3001/items/Weapon.js:220
[   28387ms] [LOG] [Player] viewWeapon pos=0.25,-0.34,-0.80 rot=NaN,NaN,NaN visible=true fpArmsPos=0.00,0.00,0.00 @ http://localhost:3001/entities/Player.js:742
[   28387ms] [LOG] [Weapon] applyToMesh: recoilAngle=0.1 swayX=0 swayY=0 time=12.400599999999638 baseRot={x:undefined,y:undefined,z:undefined} type=object @ http://localhost:3001/items/Weapon.js:220
[   28394ms] [LOG] [Player] viewWeapon pos=0.25,-0.34,-0.80 rot=NaN,NaN,NaN visible=true fpArmsPos=0.00,0.00,0.00 @ http://localhost:3001/entities/Player.js:742
[   28394ms] [LOG] [Weapon] applyToMesh: recoilAngle=0.1 swayX=0 swayY=0 time=12.408099999999639 baseRot={x:undefined,y:undefined,z:undefined} type=object @ http://localhost:3001/items/Weapon.js:220
[   28401ms] [LOG] [Player] viewWeapon pos=0.25,-0.34,-0.80 rot=NaN,NaN,NaN visible=true fpArmsPos=0.00,0.00,0.00 @ http://localhost:3001/entities/Player.js:742
[   28401ms] [LOG] [Weapon] applyToMesh: recoilAngle=0.1 swayX=0 swayY=0 time=12.415000000000012 baseRot={x:undefined,y:undefined,z:undefined} type=object @ http://localhost:3001/items/Weapon.js:220
[   28411ms] [LOG] [Player] viewWeapon pos=0.25,-0.34,-0.80 rot=NaN,NaN,NaN visible=true fpArmsPos=0.00,0.00,0.00 @ http://localhost:3001/entities/Player.js:742
[   28411ms] [LOG] [Weapon] applyToMesh: recoilAngle=0.1 swayX=0 swayY=0 time=12.425000000000011 baseRot={x:undefined,y:undefined,z:undefined} type=object @ http://localhost:3001/items/Weapon.js:220
[   28422ms] [LOG] [Player] viewWeapon pos=0.25,-0.34,-0.80 rot=NaN,NaN,NaN visible=true fpArmsPos=0.00,0.00,0.00 @ http://localhost:3001/entities/Player.js:742
[   28422ms] [LOG] [Weapon] applyToMesh: recoilAngle=0.1 swayX=0 swayY=0 time=12.435599999999638 baseRot={x:undefined,y:undefined,z:undefined} type=object @ http://localhost:3001/items/Weapon.js:220
[   28432ms] [LOG] [Player] viewWeapon pos=0.25,-0.34,-0.80 rot=NaN,NaN,NaN visible=true fpArmsPos=0.00,0.00,0.00 @ http://localhost:3001/entities/Player.js:742
[   28432ms] [LOG] [Weapon] applyToMesh: recoilAngle=0.1 swayX=0 swayY=0 time=12.445299999999826 baseRot={x:undefined,y:undefined,z:undefined} type=object @ http://localhost:3001/items/Weapon.js:220
[   28440ms] [LOG] [Player] viewWeapon pos=0.25,-0.34,-0.80 rot=NaN,NaN,NaN visible=true fpArmsPos=0.00,0.00,0.00 @ http://localhost:3001/entities/Player.js:742
[   28440ms] [LOG] [Weapon] applyToMesh: recoilAngle=0.1 swayX=0 swayY=0 time=12.453500000000012 baseRot={x:undefined,y:undefined,z:undefined} type=object @ http://localhost:3001/items/Weapon.js:220
[   28447ms] [LOG] [Player] viewWeapon pos=0.25,-0.34,-0.80 rot=NaN,NaN,NaN visible=true fpArmsPos=0.00,0.00,0.00 @ http://localhost:3001/entities/Player.js:742
[   28448ms] [LOG] [Weapon] applyToMesh: recoilAngle=0.1 swayX=0 swayY=0 time=12.461399999999454 baseRot={x:undefined,y:undefined,z:undefined} type=object @ http://localhost:3001/items/Weapon.js:220
[   28455ms] [LOG] [Player] viewWeapon pos=0.25,-0.34,-0.80 rot=NaN,NaN,NaN visible=true fpArmsPos=0.00,0.00,0.00 @ http://localhost:3001/entities/Player.js:742
[   28456ms] [LOG] [Weapon] applyToMesh: recoilAngle=0.1 swayX=0 swayY=0 time=12.468899999999454 baseRot={x:undefined,y:undefined,z:undefined} type=object @ http://localhost:3001/items/Weapon.js:220
[   28462ms] [LOG] [Player] viewWeapon pos=0.25,-0.34,-0.80 rot=NaN,NaN,NaN visible=true fpArmsPos=0.00,0.00,0.00 @ http://localhost:3001/entities/Player.js:742
[   28462ms] [LOG] [Weapon] applyToMesh: recoilAngle=0.1 swayX=0 swayY=0 time=12.475799999999827 baseRot={x:undefined,y:undefined,z:undefined} type=object @ http://localhost:3001/items/Weapon.js:220
[   28472ms] [LOG] [Player] viewWeapon pos=0.25,-0.34,-0.80 rot=NaN,NaN,NaN visible=true fpArmsPos=0.00,0.00,0.00 @ http://localhost:3001/entities/Player.js:742
[   28472ms] [LOG] [Weapon] applyToMesh: recoilAngle=0.1 swayX=0 swayY=0 time=12.485599999999641 baseRot={x:undefined,y:undefined,z:undefined} type=object @ http://localhost:3001/items/Weapon.js:220
[   28481ms] [LOG] [Player] viewWeapon pos=0.25,-0.34,-0.80 rot=NaN,NaN,NaN visible=true fpArmsPos=0.00,0.00,0.00 @ http://localhost:3001/entities/Player.js:742
[   28481ms] [LOG] [Weapon] applyToMesh: recoilAngle=0.1 swayX=0 swayY=0 time=12.494699999999268 baseRot={x:undefined,y:undefined,z:undefined} type=object @ http://localhost:3001/items/Weapon.js:220
[   28488ms] [LOG] [Player] viewWeapon pos=0.25,-0.34,-0.80 rot=NaN,NaN,NaN visible=true fpArmsPos=0.00,0.00,0.00 @ http://localhost:3001/entities/Player.js:742
[   28489ms] [LOG] [Weapon] applyToMesh: recoilAngle=0.1 swayX=0 swayY=0 time=12.502199999999268 baseRot={x:undefined,y:undefined,z:undefined} type=object @ http://localhost:3001/items/Weapon.js:220
[   28496ms] [LOG] [Player] viewWeapon pos=0.25,-0.34,-0.80 rot=NaN,NaN,NaN visible=true fpArmsPos=0.00,0.00,0.00 @ http://localhost:3001/entities/Player.js:742
[   28496ms] [LOG] [Weapon] applyToMesh: recoilAngle=0.1 swayX=0 swayY=0 time=12.50959999999964 baseRot={x:undefined,y:undefined,z:undefined} type=object @ http://localhost:3001/items/Weapon.js:220
[   28496ms] [LOG] [Player] after applyToMesh: rot=NaN,NaN,NaN baseRot=undef @ http://localhost:3001/entities/Player.js:781
[   28503ms] [LOG] [Player] viewWeapon pos=0.25,-0.34,-0.80 rot=NaN,NaN,NaN visible=true fpArmsPos=0.00,0.00,0.00 @ http://localhost:3001/entities/Player.js:742
[   28504ms] [LOG] [Weapon] applyToMesh: recoilAngle=0.1 swayX=0 swayY=0 time=12.517299999999826 baseRot={x:undefined,y:undefined,z:undefined} type=object @ http://localhost:3001/items/Weapon.js:220
[   28504ms] [LOG] [Player] after applyToMesh: rot=NaN,NaN,NaN baseRot=undef @ http://localhost:3001/entities/Player.js:781
[   28511ms] [LOG] [Player] viewWeapon pos=0.25,-0.34,-0.80 rot=NaN,NaN,NaN visible=true fpArmsPos=0.00,0.00,0.00 @ http://localhost:3001/entities/Player.js:742
[   28511ms] [LOG] [Weapon] applyToMesh: recoilAngle=0.1 swayX=0 swayY=0 time=12.525000000000013 baseRot={x:undefined,y:undefined,z:undefined} type=object @ http://localhost:3001/items/Weapon.js:220
[   28511ms] [LOG] [Player] after applyToMesh: rot=NaN,NaN,NaN baseRot=undef @ http://localhost:3001/entities/Player.js:781
[   28523ms] [LOG] [Player] viewWeapon pos=0.25,-0.34,-0.80 rot=NaN,NaN,NaN visible=true fpArmsPos=0.00,0.00,0.00 @ http://localhost:3001/entities/Player.js:742
[   28523ms] [LOG] [Weapon] applyToMesh: recoilAngle=0.1 swayX=0 swayY=0 time=12.536699999999268 baseRot={x:undefined,y:undefined,z:undefined} type=object @ http://localhost:3001/items/Weapon.js:220
[   28531ms] [LOG] [Player] viewWeapon pos=0.25,-0.34,-0.80 rot=NaN,NaN,NaN visible=true fpArmsPos=0.00,0.00,0.00 @ http://localhost:3001/entities/Player.js:742
[   28531ms] [LOG] [Weapon] applyToMesh: recoilAngle=0.1 swayX=0 swayY=0 time=12.544500000000014 baseRot={x:undefined,y:undefined,z:undefined} type=object @ http://localhost:3001/items/Weapon.js:220
[   28539ms] [LOG] [Player] viewWeapon pos=0.25,-0.34,-0.80 rot=NaN,NaN,NaN visible=true fpArmsPos=0.00,0.00,0.00 @ http://localhost:3001/entities/Player.js:742
[   28539ms] [LOG] [Weapon] applyToMesh: recoilAngle=0.1 swayX=0 swayY=0 time=12.552399999999455 baseRot={x:undefined,y:undefined,z:undefined} type=object @ http://localhost:3001/items/Weapon.js:220
[   28546ms] [LOG] [Player] viewWeapon pos=0.25,-0.34,-0.80 rot=NaN,NaN,NaN visible=true fpArmsPos=0.00,0.00,0.00 @ http://localhost:3001/entities/Player.js:742
[   28547ms] [LOG] [Weapon] applyToMesh: recoilAngle=0.1 swayX=0 swayY=0 time=12.560299999999827 baseRot={x:undefined,y:undefined,z:undefined} type=object @ http://localhost:3001/items/Weapon.js:220
[   28554ms] [LOG] [Player] viewWeapon pos=0.25,-0.34,-0.80 rot=NaN,NaN,NaN visible=true fpArmsPos=0.00,0.00,0.00 @ http://localhost:3001/entities/Player.js:742
[   28554ms] [LOG] [Weapon] applyToMesh: recoilAngle=0.1 swayX=0 swayY=0 time=12.567699999999268 baseRot={x:undefined,y:undefined,z:undefined} type=object @ http://localhost:3001/items/Weapon.js:220
[   28561ms] [LOG] [Player] viewWeapon pos=0.25,-0.34,-0.80 rot=NaN,NaN,NaN visible=true fpArmsPos=0.00,0.00,0.00 @ http://localhost:3001/entities/Player.js:742
[   28561ms] [LOG] [Weapon] applyToMesh: recoilAngle=0.1 swayX=0 swayY=0 time=12.574899999999454 baseRot={x:undefined,y:undefined,z:undefined} type=object @ http://localhost:3001/items/Weapon.js:220
[   28571ms] [LOG] [Player] viewWeapon pos=0.25,-0.34,-0.80 rot=NaN,NaN,NaN visible=true fpArmsPos=0.00,0.00,0.00 @ http://localhost:3001/entities/Player.js:742
[   28571ms] [LOG] [Weapon] applyToMesh: recoilAngle=0.1 swayX=0 swayY=0 time=12.584899999999454 baseRot={x:undefined,y:undefined,z:undefined} type=object @ http://localhost:3001/items/Weapon.js:220
[   28579ms] [LOG] [Player] viewWeapon pos=0.25,-0.34,-0.80 rot=NaN,NaN,NaN visible=true fpArmsPos=0.00,0.00,0.00 @ http://localhost:3001/entities/Player.js:742
[   28579ms] [LOG] [Weapon] applyToMesh: recoilAngle=0.1 swayX=0 swayY=0 time=12.592399999999454 baseRot={x:undefined,y:undefined,z:undefined} type=object @ http://localhost:3001/items/Weapon.js:220
[   28586ms] [LOG] [Player] viewWeapon pos=0.25,-0.34,-0.80 rot=NaN,NaN,NaN visible=true fpArmsPos=0.00,0.00,0.00 @ http://localhost:3001/entities/Player.js:742
[   28587ms] [LOG] [Weapon] applyToMesh: recoilAngle=0.1 swayX=0 swayY=0 time=12.600500000000013 baseRot={x:undefined,y:undefined,z:undefined} type=object @ http://localhost:3001/items/Weapon.js:220
[   28597ms] [LOG] [Player] viewWeapon pos=0.25,-0.34,-0.80 rot=NaN,NaN,NaN visible=true fpArmsPos=0.00,0.00,0.00 @ http://localhost:3001/entities/Player.js:742
[   28597ms] [LOG] [Weapon] applyToMesh: recoilAngle=0.1 swayX=0 swayY=0 time=12.610599999999641 baseRot={x:undefined,y:undefined,z:undefined} type=object @ http://localhost:3001/items/Weapon.js:220
[   28606ms] [LOG] [Player] viewWeapon pos=0.25,-0.34,-0.80 rot=NaN,NaN,NaN visible=true fpArmsPos=0.00,0.00,0.00 @ http://localhost:3001/entities/Player.js:742
[   28606ms] [LOG] [Weapon] applyToMesh: recoilAngle=0.1 swayX=0 swayY=0 time=12.619899999999454 baseRot={x:undefined,y:undefined,z:undefined} type=object @ http://localhost:3001/items/Weapon.js:220
[   28616ms] [LOG] [Player] viewWeapon pos=0.25,-0.34,-0.80 rot=NaN,NaN,NaN visible=true fpArmsPos=0.00,0.00,0.00 @ http://localhost:3001/entities/Player.js:742
[   28616ms] [LOG] [Weapon] applyToMesh: recoilAngle=0.1 swayX=0 swayY=0 time=12.629299999999827 baseRot={x:undefined,y:undefined,z:undefined} type=object @ http://localhost:3001/items/Weapon.js:220
[   28624ms] [LOG] [Player] viewWeapon pos=0.25,-0.34,-0.80 rot=NaN,NaN,NaN visible=true fpArmsPos=0.00,0.00,0.00 @ http://localhost:3001/entities/Player.js:742
[   28624ms] [LOG] [Weapon] applyToMesh: recoilAngle=0.1 swayX=0 swayY=0 time=12.637699999999267 baseRot={x:undefined,y:undefined,z:undefined} type=object @ http://localhost:3001/items/Weapon.js:220
[   28634ms] [LOG] [Player] viewWeapon pos=0.25,-0.34,-0.80 rot=NaN,NaN,NaN visible=true fpArmsPos=0.00,0.00,0.00 @ http://localhost:3001/entities/Player.js:742
[   28635ms] [LOG] [Weapon] applyToMesh: recoilAngle=0.1 swayX=0 swayY=0 time=12.647799999999826 baseRot={x:undefined,y:undefined,z:undefined} type=object @ http://localhost:3001/items/Weapon.js:220
[   28643ms] [LOG] [Player] viewWeapon pos=0.25,-0.34,-0.80 rot=NaN,NaN,NaN visible=true fpArmsPos=0.00,0.00,0.00 @ http://localhost:3001/entities/Player.js:742
[   28643ms] [LOG] [Weapon] applyToMesh: recoilAngle=0.1 swayX=0 swayY=0 time=12.656399999999454 baseRot={x:undefined,y:undefined,z:undefined} type=object @ http://localhost:3001/items/Weapon.js:220
[   28654ms] [LOG] [Player] viewWeapon pos=0.25,-0.34,-0.80 rot=NaN,NaN,NaN visible=true fpArmsPos=0.00,0.00,0.00 @ http://localhost:3001/entities/Player.js:742
[   28654ms] [LOG] [Weapon] applyToMesh: recoilAngle=0.1 swayX=0 swayY=0 time=12.667599999999641 baseRot={x:undefined,y:undefined,z:undefined} type=object @ http://localhost:3001/items/Weapon.js:220
[   28662ms] [LOG] [Player] viewWeapon pos=0.25,-0.34,-0.80 rot=NaN,NaN,NaN visible=true fpArmsPos=0.00,0.00,0.00 @ http://localhost:3001/entities/Player.js:742
[   28663ms] [LOG] [Weapon] applyToMesh: recoilAngle=0.1 swayX=0 swayY=0 time=12.676500000000013 baseRot={x:undefined,y:undefined,z:undefined} type=object @ http://localhost:3001/items/Weapon.js:220
[   28672ms] [LOG] [Player] viewWeapon pos=0.25,-0.34,-0.80 rot=NaN,NaN,NaN visible=true fpArmsPos=0.00,0.00,0.00 @ http://localhost:3001/entities/Player.js:742
[   28672ms] [LOG] [Weapon] applyToMesh: recoilAngle=0.1 swayX=0 swayY=0 time=12.685899999999455 baseRot={x:undefined,y:undefined,z:undefined} type=object @ http://localhost:3001/items/Weapon.js:220
[   28672ms] [LOG] [Player] after applyToMesh: rot=NaN,NaN,NaN baseRot=undef @ http://localhost:3001/entities/Player.js:781
[   28680ms] [LOG] [Player] viewWeapon pos=0.25,-0.34,-0.80 rot=NaN,NaN,NaN visible=true fpArmsPos=0.00,0.00,0.00 @ http://localhost:3001/entities/Player.js:742
[   28681ms] [LOG] [Weapon] applyToMesh: recoilAngle=0.1 swayX=0 swayY=0 time=12.694199999999269 baseRot={x:undefined,y:undefined,z:undefined} type=object @ http://localhost:3001/items/Weapon.js:220
[   28691ms] [LOG] [Player] viewWeapon pos=0.25,-0.34,-0.80 rot=NaN,NaN,NaN visible=true fpArmsPos=0.00,0.00,0.00 @ http://localhost:3001/entities/Player.js:742
[   28691ms] [LOG] [Weapon] applyToMesh: recoilAngle=0.1 swayX=0 swayY=0 time=12.70459999999964 baseRot={x:undefined,y:undefined,z:undefined} type=object @ http://localhost:3001/items/Weapon.js:220
[   28709ms] [LOG] [Player] viewWeapon pos=0.25,-0.34,-0.80 rot=NaN,NaN,NaN visible=true fpArmsPos=0.00,0.00,0.00 @ http://localhost:3001/entities/Player.js:742
[   28709ms] [LOG] [Weapon] applyToMesh: recoilAngle=0.1 swayX=0 swayY=0 time=12.721399999999454 baseRot={x:undefined,y:undefined,z:undefined} type=object @ http://localhost:3001/items/Weapon.js:220
[   28709ms] [LOG] [Player] after applyToMesh: rot=NaN,NaN,NaN baseRot=undef @ http://localhost:3001/entities/Player.js:781
[   28723ms] [LOG] [Player] viewWeapon pos=0.25,-0.34,-0.80 rot=NaN,NaN,NaN visible=true fpArmsPos=0.00,0.00,0.00 @ http://localhost:3001/entities/Player.js:742
[   28723ms] [LOG] [Weapon] applyToMesh: recoilAngle=0.1 swayX=0 swayY=0 time=12.736699999999267 baseRot={x:undefined,y:undefined,z:undefined} type=object @ http://localhost:3001/items/Weapon.js:220
[   28735ms] [LOG] [Player] viewWeapon pos=0.25,-0.34,-0.80 rot=NaN,NaN,NaN visible=true fpArmsPos=0.00,0.00,0.00 @ http://localhost:3001/entities/Player.js:742
[   28735ms] [LOG] [Weapon] applyToMesh: recoilAngle=0.1 swayX=0 swayY=0 time=12.748699999999268 baseRot={x:undefined,y:undefined,z:undefined} type=object @ http://localhost:3001/items/Weapon.js:220
[   28757ms] [LOG] [Player] viewWeapon pos=0.25,-0.34,-0.80 rot=NaN,NaN,NaN visible=true fpArmsPos=0.00,0.00,0.00 @ http://localhost:3001/entities/Player.js:742
[   28757ms] [LOG] [Weapon] applyToMesh: recoilAngle=0.1 swayX=0 swayY=0 time=12.764799999999827 baseRot={x:undefined,y:undefined,z:undefined} type=object @ http://localhost:3001/items/Weapon.js:220
[   28769ms] [LOG] [Player] viewWeapon pos=0.25,-0.34,-0.80 rot=NaN,NaN,NaN visible=true fpArmsPos=0.00,0.00,0.00 @ http://localhost:3001/entities/Player.js:742
[   28769ms] [LOG] [Weapon] applyToMesh: recoilAngle=0.1 swayX=0 swayY=0 time=12.782699999999268 baseRot={x:undefined,y:undefined,z:undefined} type=object @ http://localhost:3001/items/Weapon.js:220
[   28785ms] [LOG] [Player] viewWeapon pos=0.25,-0.34,-0.80 rot=NaN,NaN,NaN visible=true fpArmsPos=0.00,0.00,0.00 @ http://localhost:3001/entities/Player.js:742
[   28786ms] [LOG] [Weapon] applyToMesh: recoilAngle=0.1 swayX=0 swayY=0 time=12.798799999999828 baseRot={x:undefined,y:undefined,z:undefined} type=object @ http://localhost:3001/items/Weapon.js:220
[   28800ms] [LOG] [Player] viewWeapon pos=0.25,-0.34,-0.80 rot=NaN,NaN,NaN visible=true fpArmsPos=0.00,0.00,0.00 @ http://localhost:3001/entities/Player.js:742
[   28800ms] [LOG] [Weapon] applyToMesh: recoilAngle=0.1 swayX=0 swayY=0 time=12.813599999999642 baseRot={x:undefined,y:undefined,z:undefined} type=object @ http://localhost:3001/items/Weapon.js:220
[   28813ms] [LOG] [Player] viewWeapon pos=0.25,-0.34,-0.80 rot=NaN,NaN,NaN visible=true fpArmsPos=0.00,0.00,0.00 @ http://localhost:3001/entities/Player.js:742
[   28813ms] [LOG] [Weapon] applyToMesh: recoilAngle=0.1 swayX=0 swayY=0 time=12.826500000000015 baseRot={x:undefined,y:undefined,z:undefined} type=object @ http://localhost:3001/items/Weapon.js:220
[   28825ms] [LOG] [Player] viewWeapon pos=0.25,-0.34,-0.80 rot=NaN,NaN,NaN visible=true fpArmsPos=0.00,0.00,0.00 @ http://localhost:3001/entities/Player.js:742
[   28826ms] [LOG] [Weapon] applyToMesh: recoilAngle=0.1 swayX=0 swayY=0 time=12.839000000000015 baseRot={x:undefined,y:undefined,z:undefined} type=object @ http://localhost:3001/items/Weapon.js:220
[   28841ms] [LOG] [Player] viewWeapon pos=0.25,-0.34,-0.80 rot=NaN,NaN,NaN visible=true fpArmsPos=0.00,0.00,0.00 @ http://localhost:3001/entities/Player.js:742
[   28841ms] [LOG] [Weapon] applyToMesh: recoilAngle=0.1 swayX=0 swayY=0 time=12.85419999999927 baseRot={x:undefined,y:undefined,z:undefined} type=object @ http://localhost:3001/items/Weapon.js:220
[   28853ms] [LOG] [Player] viewWeapon pos=0.25,-0.34,-0.80 rot=NaN,NaN,NaN visible=true fpArmsPos=0.00,0.00,0.00 @ http://localhost:3001/entities/Player.js:742
[   28853ms] [LOG] [Weapon] applyToMesh: recoilAngle=0.1 swayX=0 swayY=0 time=12.866599999999643 baseRot={x:undefined,y:undefined,z:undefined} type=object @ http://localhost:3001/items/Weapon.js:220
[   28863ms] [LOG] [Player] viewWeapon pos=0.25,-0.34,-0.80 rot=NaN,NaN,NaN visible=true fpArmsPos=0.00,0.00,0.00 @ http://localhost:3001/entities/Player.js:742
[   28863ms] [LOG] [Weapon] applyToMesh: recoilAngle=0.1 swayX=0 swayY=0 time=12.877099999999643 baseRot={x:undefined,y:undefined,z:undefined} type=object @ http://localhost:3001/items/Weapon.js:220
[   28873ms] [LOG] [Player] viewWeapon pos=0.25,-0.34,-0.80 rot=NaN,NaN,NaN visible=true fpArmsPos=0.00,0.00,0.00 @ http://localhost:3001/entities/Player.js:742
[   28874ms] [LOG] [Weapon] applyToMesh: recoilAngle=0.1 swayX=0 swayY=0 time=12.887199999999272 baseRot={x:undefined,y:undefined,z:undefined} type=object @ http://localhost:3001/items/Weapon.js:220
[   28874ms] [LOG] [Player] after applyToMesh: rot=NaN,NaN,NaN baseRot=undef @ http://localhost:3001/entities/Player.js:781
[   28886ms] [LOG] [Player] viewWeapon pos=0.25,-0.34,-0.80 rot=NaN,NaN,NaN visible=true fpArmsPos=0.00,0.00,0.00 @ http://localhost:3001/entities/Player.js:742
[   28886ms] [LOG] [Weapon] applyToMesh: recoilAngle=0.1 swayX=0 swayY=0 time=12.899199999999272 baseRot={x:undefined,y:undefined,z:undefined} type=object @ http://localhost:3001/items/Weapon.js:220
[   28896ms] [LOG] [Player] viewWeapon pos=0.25,-0.34,-0.80 rot=NaN,NaN,NaN visible=true fpArmsPos=0.00,0.00,0.00 @ http://localhost:3001/entities/Player.js:742
[   28897ms] [LOG] [Weapon] applyToMesh: recoilAngle=0.1 swayX=0 swayY=0 time=12.91029999999983 baseRot={x:undefined,y:undefined,z:undefined} type=object @ http://localhost:3001/items/Weapon.js:220
[   28897ms] [LOG] [Player] after applyToMesh: rot=NaN,NaN,NaN baseRot=undef @ http://localhost:3001/entities/Player.js:781
[   28905ms] [LOG] [Player] viewWeapon pos=0.25,-0.34,-0.80 rot=NaN,NaN,NaN visible=true fpArmsPos=0.00,0.00,0.00 @ http://localhost:3001/entities/Player.js:742
[   28905ms] [LOG] [Weapon] applyToMesh: recoilAngle=0.1 swayX=0 swayY=0 time=12.919000000000016 baseRot={x:undefined,y:undefined,z:undefined} type=object @ http://localhost:3001/items/Weapon.js:220
[   28914ms] [LOG] [Player] viewWeapon pos=0.25,-0.34,-0.80 rot=NaN,NaN,NaN visible=true fpArmsPos=0.00,0.00,0.00 @ http://localhost:3001/entities/Player.js:742
[   28914ms] [LOG] [Weapon] applyToMesh: recoilAngle=0.1 swayX=0 swayY=0 time=12.927699999999271 baseRot={x:undefined,y:undefined,z:undefined} type=object @ http://localhost:3001/items/Weapon.js:220
[   28924ms] [LOG] [Player] viewWeapon pos=0.25,-0.34,-0.80 rot=NaN,NaN,NaN visible=true fpArmsPos=0.00,0.00,0.00 @ http://localhost:3001/entities/Player.js:742
[   28924ms] [LOG] [Weapon] applyToMesh: recoilAngle=0.1 swayX=0 swayY=0 time=12.937399999999458 baseRot={x:undefined,y:undefined,z:undefined} type=object @ http://localhost:3001/items/Weapon.js:220
[   28924ms] [LOG] [Player] anim: recoilAngle=0.1 swayX=0 swayY=0 time=12.937399999999458 @ http://localhost:3001/entities/Player.js:780
[   28936ms] [LOG] [Player] viewWeapon pos=0.25,-0.34,-0.80 rot=NaN,NaN,NaN visible=true fpArmsPos=0.00,0.00,0.00 @ http://localhost:3001/entities/Player.js:742
[   28936ms] [LOG] [Weapon] applyToMesh: recoilAngle=0.1 swayX=0 swayY=0 time=12.949599999999645 baseRot={x:undefined,y:undefined,z:undefined} type=object @ http://localhost:3001/items/Weapon.js:220
[   28945ms] [LOG] [Player] viewWeapon pos=0.25,-0.34,-0.80 rot=NaN,NaN,NaN visible=true fpArmsPos=0.00,0.00,0.00 @ http://localhost:3001/entities/Player.js:742
[   28945ms] [LOG] [Weapon] applyToMesh: recoilAngle=0.1 swayX=0 swayY=0 time=12.958599999999645 baseRot={x:undefined,y:undefined,z:undefined} type=object @ http://localhost:3001/items/Weapon.js:220
[   28955ms] [LOG] [Player] viewWeapon pos=0.25,-0.34,-0.80 rot=NaN,NaN,NaN visible=true fpArmsPos=0.00,0.00,0.00 @ http://localhost:3001/entities/Player.js:742
[   28955ms] [LOG] [Weapon] applyToMesh: recoilAngle=0.1 swayX=0 swayY=0 time=12.968599999999645 baseRot={x:undefined,y:undefined,z:undefined} type=object @ http://localhost:3001/items/Weapon.js:220
[   28965ms] [LOG] [Player] viewWeapon pos=0.25,-0.34,-0.80 rot=NaN,NaN,NaN visible=true fpArmsPos=0.00,0.00,0.00 @ http://localhost:3001/entities/Player.js:742
[   28965ms] [LOG] [Weapon] applyToMesh: recoilAngle=0.1 swayX=0 swayY=0 time=12.978399999999459 baseRot={x:undefined,y:undefined,z:undefined} type=object @ http://localhost:3001/items/Weapon.js:220
[   28974ms] [LOG] [Player] viewWeapon pos=0.25,-0.34,-0.80 rot=NaN,NaN,NaN visible=true fpArmsPos=0.00,0.00,0.00 @ http://localhost:3001/entities/Player.js:742
[   28974ms] [LOG] [Weapon] applyToMesh: recoilAngle=0.1 swayX=0 swayY=0 time=12.987500000000018 baseRot={x:undefined,y:undefined,z:undefined} type=object @ http://localhost:3001/items/Weapon.js:220
[   28984ms] [LOG] [Player] viewWeapon pos=0.25,-0.34,-0.80 rot=NaN,NaN,NaN visible=true fpArmsPos=0.00,0.00,0.00 @ http://localhost:3001/entities/Player.js:742
[   28984ms] [LOG] [Weapon] applyToMesh: recoilAngle=0.1 swayX=0 swayY=0 time=12.997399999999459 baseRot={x:undefined,y:undefined,z:undefined} type=object @ http://localhost:3001/items/Weapon.js:220
[   28992ms] [LOG] [Player] viewWeapon pos=0.25,-0.34,-0.80 rot=NaN,NaN,NaN visible=true fpArmsPos=0.00,0.00,0.00 @ http://localhost:3001/entities/Player.js:742
[   28992ms] [LOG] [Weapon] applyToMesh: recoilAngle=0.1 swayX=0 swayY=0 time=13.005299999999831 baseRot={x:undefined,y:undefined,z:undefined} type=object @ http://localhost:3001/items/Weapon.js:220
[   29002ms] [LOG] [Player] viewWeapon pos=0.25,-0.34,-0.80 rot=NaN,NaN,NaN visible=true fpArmsPos=0.00,0.00,0.00 @ http://localhost:3001/entities/Player.js:742
[   29002ms] [LOG] [Weapon] applyToMesh: recoilAngle=0.1 swayX=0 swayY=0 time=13.016000000000018 baseRot={x:undefined,y:undefined,z:undefined} type=object @ http://localhost:3001/items/Weapon.js:220
[   29011ms] [LOG] [Player] viewWeapon pos=0.25,-0.34,-0.80 rot=NaN,NaN,NaN visible=true fpArmsPos=0.00,0.00,0.00 @ http://localhost:3001/entities/Player.js:742
[   29011ms] [LOG] [Weapon] applyToMesh: recoilAngle=0.1 swayX=0 swayY=0 time=13.024199999999272 baseRot={x:undefined,y:undefined,z:undefined} type=object @ http://localhost:3001/items/Weapon.js:220
[   29020ms] [LOG] [Player] viewWeapon pos=0.25,-0.34,-0.80 rot=NaN,NaN,NaN visible=true fpArmsPos=0.00,0.00,0.00 @ http://localhost:3001/entities/Player.js:742
[   29021ms] [LOG] [Weapon] applyToMesh: recoilAngle=0.1 swayX=0 swayY=0 time=13.033299999999832 baseRot={x:undefined,y:undefined,z:undefined} type=object @ http://localhost:3001/items/Weapon.js:220
[   29030ms] [LOG] [Player] viewWeapon pos=0.25,-0.34,-0.80 rot=NaN,NaN,NaN visible=true fpArmsPos=0.00,0.00,0.00 @ http://localhost:3001/entities/Player.js:742
[   29030ms] [LOG] [Weapon] applyToMesh: recoilAngle=0.1 swayX=0 swayY=0 time=13.043599999999646 baseRot={x:undefined,y:undefined,z:undefined} type=object @ http://localhost:3001/items/Weapon.js:220
[   29038ms] [LOG] [Player] viewWeapon pos=0.25,-0.35,-0.80 rot=NaN,NaN,NaN visible=true fpArmsPos=0.00,0.00,0.00 @ http://localhost:3001/entities/Player.js:742
[   29039ms] [LOG] [Weapon] applyToMesh: recoilAngle=0.1 swayX=0 swayY=0 time=13.052099999999646 baseRot={x:undefined,y:undefined,z:undefined} type=object @ http://localhost:3001/items/Weapon.js:220
[   29050ms] [LOG] [Player] viewWeapon pos=0.25,-0.35,-0.80 rot=NaN,NaN,NaN visible=true fpArmsPos=0.00,0.00,0.00 @ http://localhost:3001/entities/Player.js:742
[   29050ms] [LOG] [Weapon] applyToMesh: recoilAngle=0.1 swayX=0 swayY=0 time=13.063299999999833 baseRot={x:undefined,y:undefined,z:undefined} type=object @ http://localhost:3001/items/Weapon.js:220
[   29058ms] [LOG] [Player] viewWeapon pos=0.25,-0.35,-0.80 rot=NaN,NaN,NaN visible=true fpArmsPos=0.00,0.00,0.00 @ http://localhost:3001/entities/Player.js:742
[   29059ms] [LOG] [Weapon] applyToMesh: recoilAngle=0.1 swayX=0 swayY=0 time=13.072299999999833 baseRot={x:undefined,y:undefined,z:undefined} type=object @ http://localhost:3001/items/Weapon.js:220
[   29066ms] [LOG] [Player] viewWeapon pos=0.25,-0.35,-0.80 rot=NaN,NaN,NaN visible=true fpArmsPos=0.00,0.00,0.00 @ http://localhost:3001/entities/Player.js:742
[   29066ms] [LOG] [Weapon] applyToMesh: recoilAngle=0.1 swayX=0 swayY=0 time=13.080099999999646 baseRot={x:undefined,y:undefined,z:undefined} type=object @ http://localhost:3001/items/Weapon.js:220
[   29076ms] [LOG] [Player] viewWeapon pos=0.25,-0.35,-0.80 rot=NaN,NaN,NaN visible=true fpArmsPos=0.00,0.00,0.00 @ http://localhost:3001/entities/Player.js:742
[   29077ms] [LOG] [Weapon] applyToMesh: recoilAngle=0.1 swayX=0 swayY=0 time=13.08889999999946 baseRot={x:undefined,y:undefined,z:undefined} type=object @ http://localhost:3001/items/Weapon.js:220
[   29077ms] [LOG] [Player] after applyToMesh: rot=NaN,NaN,NaN baseRot=undef @ http://localhost:3001/entities/Player.js:781
[   29091ms] [LOG] [Player] viewWeapon pos=0.25,-0.35,-0.80 rot=NaN,NaN,NaN visible=true fpArmsPos=0.00,0.00,0.00 @ http://localhost:3001/entities/Player.js:742
[   29091ms] [LOG] [Weapon] applyToMesh: recoilAngle=0.1 swayX=0 swayY=0 time=13.10439999999946 baseRot={x:undefined,y:undefined,z:undefined} type=object @ http://localhost:3001/items/Weapon.js:220
[   29109ms] [LOG] [Player] viewWeapon pos=0.25,-0.35,-0.80 rot=NaN,NaN,NaN visible=true fpArmsPos=0.00,0.00,0.00 @ http://localhost:3001/entities/Player.js:742
[   29109ms] [LOG] [Weapon] applyToMesh: recoilAngle=0.1 swayX=0 swayY=0 time=13.12289999999946 baseRot={x:undefined,y:undefined,z:undefined} type=object @ http://localhost:3001/items/Weapon.js:220
[   29125ms] [LOG] [Player] viewWeapon pos=0.25,-0.35,-0.80 rot=NaN,NaN,NaN visible=true fpArmsPos=0.00,0.00,0.00 @ http://localhost:3001/entities/Player.js:742
[   29125ms] [LOG] [Weapon] applyToMesh: recoilAngle=0.1 swayX=0 swayY=0 time=13.138299999999832 baseRot={x:undefined,y:undefined,z:undefined} type=object @ http://localhost:3001/items/Weapon.js:220
[   29125ms] [LOG] [Player] anim: recoilAngle=0.1 swayX=0 swayY=0 time=13.138299999999832 @ http://localhost:3001/entities/Player.js:780
[   29138ms] [LOG] [Player] viewWeapon pos=0.25,-0.35,-0.80 rot=NaN,NaN,NaN visible=true fpArmsPos=0.00,0.00,0.00 @ http://localhost:3001/entities/Player.js:742
[   29139ms] [LOG] [Weapon] applyToMesh: recoilAngle=0.1 swayX=0 swayY=0 time=13.152000000000019 baseRot={x:undefined,y:undefined,z:undefined} type=object @ http://localhost:3001/items/Weapon.js:220
[   29150ms] [LOG] [Player] viewWeapon pos=0.25,-0.35,-0.80 rot=NaN,NaN,NaN visible=true fpArmsPos=0.00,0.00,0.00 @ http://localhost:3001/entities/Player.js:742
[   29150ms] [LOG] [Weapon] applyToMesh: recoilAngle=0.1 swayX=0 swayY=0 time=13.164099999999646 baseRot={x:undefined,y:undefined,z:undefined} type=object @ http://localhost:3001/items/Weapon.js:220
[   29159ms] [LOG] [Player] viewWeapon pos=0.25,-0.35,-0.80 rot=NaN,NaN,NaN visible=true fpArmsPos=0.00,0.00,0.00 @ http://localhost:3001/entities/Player.js:742
[   29160ms] [LOG] [Weapon] applyToMesh: recoilAngle=0.1 swayX=0 swayY=0 time=13.173099999999646 baseRot={x:undefined,y:undefined,z:undefined} type=object @ http://localhost:3001/items/Weapon.js:220
[   29168ms] [LOG] [Player] viewWeapon pos=0.25,-0.35,-0.80 rot=NaN,NaN,NaN visible=true fpArmsPos=0.00,0.00,0.00 @ http://localhost:3001/entities/Player.js:742
[   29168ms] [LOG] [Weapon] applyToMesh: recoilAngle=0.1 swayX=0 swayY=0 time=13.181799999999832 baseRot={x:undefined,y:undefined,z:undefined} type=object @ http://localhost:3001/items/Weapon.js:220
[   29176ms] [LOG] [Player] viewWeapon pos=0.25,-0.35,-0.80 rot=NaN,NaN,NaN visible=true fpArmsPos=0.00,0.00,0.00 @ http://localhost:3001/entities/Player.js:742
[   29176ms] [LOG] [Weapon] applyToMesh: recoilAngle=0.1 swayX=0 swayY=0 time=13.189799999999831 baseRot={x:undefined,y:undefined,z:undefined} type=object @ http://localhost:3001/items/Weapon.js:220
[   29185ms] [LOG] [Player] viewWeapon pos=0.25,-0.35,-0.80 rot=NaN,NaN,NaN visible=true fpArmsPos=0.00,0.00,0.00 @ http://localhost:3001/entities/Player.js:742
[   29186ms] [LOG] [Weapon] applyToMesh: recoilAngle=0.1 swayX=0 swayY=0 time=13.199199999999273 baseRot={x:undefined,y:undefined,z:undefined} type=object @ http://localhost:3001/items/Weapon.js:220
[   29194ms] [LOG] [Player] viewWeapon pos=0.25,-0.35,-0.80 rot=NaN,NaN,NaN visible=true fpArmsPos=0.00,0.00,0.00 @ http://localhost:3001/entities/Player.js:742
[   29195ms] [LOG] [Weapon] applyToMesh: recoilAngle=0.1 swayX=0 swayY=0 time=13.207599999999646 baseRot={x:undefined,y:undefined,z:undefined} type=object @ http://localhost:3001/items/Weapon.js:220
[   29203ms] [LOG] [Player] viewWeapon pos=0.25,-0.35,-0.80 rot=NaN,NaN,NaN visible=true fpArmsPos=0.00,0.00,0.00 @ http://localhost:3001/entities/Player.js:742
[   29203ms] [LOG] [Weapon] applyToMesh: recoilAngle=0.1 swayX=0 swayY=0 time=13.217099999999645 baseRot={x:undefined,y:undefined,z:undefined} type=object @ http://localhost:3001/items/Weapon.js:220
[   29211ms] [LOG] [Player] viewWeapon pos=0.25,-0.35,-0.80 rot=NaN,NaN,NaN visible=true fpArmsPos=0.00,0.00,0.00 @ http://localhost:3001/entities/Player.js:742
[   29211ms] [LOG] [Weapon] applyToMesh: recoilAngle=0.1 swayX=0 swayY=0 time=13.225099999999644 baseRot={x:undefined,y:undefined,z:undefined} type=object @ http://localhost:3001/items/Weapon.js:220
[   29219ms] [LOG] [Player] viewWeapon pos=0.25,-0.35,-0.80 rot=NaN,NaN,NaN visible=true fpArmsPos=0.00,0.00,0.00 @ http://localhost:3001/entities/Player.js:742
[   29219ms] [LOG] [Weapon] applyToMesh: recoilAngle=0.1 swayX=0 swayY=0 time=13.233199999999272 baseRot={x:undefined,y:undefined,z:undefined} type=object @ http://localhost:3001/items/Weapon.js:220
[   29228ms] [LOG] [Player] viewWeapon pos=0.25,-0.35,-0.80 rot=NaN,NaN,NaN visible=true fpArmsPos=0.00,0.00,0.00 @ http://localhost:3001/entities/Player.js:742
[   29228ms] [LOG] [Weapon] applyToMesh: recoilAngle=0.1 swayX=0 swayY=0 time=13.241599999999645 baseRot={x:undefined,y:undefined,z:undefined} type=object @ http://localhost:3001/items/Weapon.js:220
[   29238ms] [LOG] [Player] viewWeapon pos=0.25,-0.35,-0.80 rot=NaN,NaN,NaN visible=true fpArmsPos=0.00,0.00,0.00 @ http://localhost:3001/entities/Player.js:742
[   29238ms] [LOG] [Weapon] applyToMesh: recoilAngle=0.1 swayX=0 swayY=0 time=13.252199999999272 baseRot={x:undefined,y:undefined,z:undefined} type=object @ http://localhost:3001/items/Weapon.js:220
[   29246ms] [LOG] [Player] viewWeapon pos=0.25,-0.35,-0.80 rot=NaN,NaN,NaN visible=true fpArmsPos=0.00,0.00,0.00 @ http://localhost:3001/entities/Player.js:742
[   29246ms] [LOG] [Weapon] applyToMesh: recoilAngle=0.1 swayX=0 swayY=0 time=13.260099999999644 baseRot={x:undefined,y:undefined,z:undefined} type=object @ http://localhost:3001/items/Weapon.js:220
[   29254ms] [LOG] [Player] viewWeapon pos=0.25,-0.35,-0.80 rot=NaN,NaN,NaN visible=true fpArmsPos=0.00,0.00,0.00 @ http://localhost:3001/entities/Player.js:742
[   29254ms] [LOG] [Weapon] applyToMesh: recoilAngle=0.1 swayX=0 swayY=0 time=13.268000000000017 baseRot={x:undefined,y:undefined,z:undefined} type=object @ http://localhost:3001/items/Weapon.js:220
[   29261ms] [LOG] [Player] viewWeapon pos=0.25,-0.35,-0.80 rot=NaN,NaN,NaN visible=true fpArmsPos=0.00,0.00,0.00 @ http://localhost:3001/entities/Player.js:742
[   29262ms] [LOG] [Weapon] applyToMesh: recoilAngle=0.1 swayX=0 swayY=0 time=13.275299999999831 baseRot={x:undefined,y:undefined,z:undefined} type=object @ http://localhost:3001/items/Weapon.js:220
[   29269ms] [LOG] [Player] viewWeapon pos=0.25,-0.35,-0.80 rot=NaN,NaN,NaN visible=true fpArmsPos=0.00,0.00,0.00 @ http://localhost:3001/entities/Player.js:742
[   29269ms] [LOG] [Weapon] applyToMesh: recoilAngle=0.1 swayX=0 swayY=0 time=13.283000000000017 baseRot={x:undefined,y:undefined,z:undefined} type=object @ http://localhost:3001/items/Weapon.js:220
[   29284ms] [LOG] [Player] viewWeapon pos=0.25,-0.35,-0.80 rot=NaN,NaN,NaN visible=true fpArmsPos=0.00,0.00,0.00 @ http://localhost:3001/entities/Player.js:742
[   29284ms] [LOG] [Weapon] applyToMesh: recoilAngle=0.1 swayX=0 swayY=0 time=13.298000000000018 baseRot={x:undefined,y:undefined,z:undefined} type=object @ http://localhost:3001/items/Weapon.js:220
[   29298ms] [LOG] [Player] viewWeapon pos=0.25,-0.35,-0.80 rot=NaN,NaN,NaN visible=true fpArmsPos=0.00,0.00,0.00 @ http://localhost:3001/entities/Player.js:742
[   29298ms] [LOG] [Weapon] applyToMesh: recoilAngle=0.1 swayX=0 swayY=0 time=13.311599999999645 baseRot={x:undefined,y:undefined,z:undefined} type=object @ http://localhost:3001/items/Weapon.js:220
[   29311ms] [LOG] [Player] viewWeapon pos=0.25,-0.35,-0.80 rot=NaN,NaN,NaN visible=true fpArmsPos=0.00,0.00,0.00 @ http://localhost:3001/entities/Player.js:742
[   29311ms] [LOG] [Weapon] applyToMesh: recoilAngle=0.1 swayX=0 swayY=0 time=13.324199999999273 baseRot={x:undefined,y:undefined,z:undefined} type=object @ http://localhost:3001/items/Weapon.js:220
[   29322ms] [LOG] [Player] viewWeapon pos=0.25,-0.35,-0.80 rot=NaN,NaN,NaN visible=true fpArmsPos=0.00,0.00,0.00 @ http://localhost:3001/entities/Player.js:742
[   29322ms] [LOG] [Weapon] applyToMesh: recoilAngle=0.1 swayX=0 swayY=0 time=13.335599999999646 baseRot={x:undefined,y:undefined,z:undefined} type=object @ http://localhost:3001/items/Weapon.js:220
[   29334ms] [LOG] [Player] viewWeapon pos=0.25,-0.35,-0.80 rot=NaN,NaN,NaN visible=true fpArmsPos=0.00,0.00,0.00 @ http://localhost:3001/entities/Player.js:742
[   29335ms] [LOG] [Weapon] applyToMesh: recoilAngle=0.1 swayX=0 swayY=0 time=13.348000000000019 baseRot={x:undefined,y:undefined,z:undefined} type=object @ http://localhost:3001/items/Weapon.js:220
[   29350ms] [LOG] [Player] viewWeapon pos=0.25,-0.35,-0.80 rot=NaN,NaN,NaN visible=true fpArmsPos=0.00,0.00,0.00 @ http://localhost:3001/entities/Player.js:742
[   29350ms] [LOG] [Weapon] applyToMesh: recoilAngle=0.1 swayX=0 swayY=0 time=13.363299999999832 baseRot={x:undefined,y:undefined,z:undefined} type=object @ http://localhost:3001/items/Weapon.js:220
[   29361ms] [LOG] [Player] viewWeapon pos=0.25,-0.35,-0.80 rot=NaN,NaN,NaN visible=true fpArmsPos=0.00,0.00,0.00 @ http://localhost:3001/entities/Player.js:742
[   29361ms] [LOG] [Weapon] applyToMesh: recoilAngle=0.1 swayX=0 swayY=0 time=13.374500000000019 baseRot={x:undefined,y:undefined,z:undefined} type=object @ http://localhost:3001/items/Weapon.js:220
[   29370ms] [LOG] [Player] viewWeapon pos=0.25,-0.35,-0.80 rot=NaN,NaN,NaN visible=true fpArmsPos=0.00,0.00,0.00 @ http://localhost:3001/entities/Player.js:742
[   29370ms] [LOG] [Weapon] applyToMesh: recoilAngle=0.1 swayX=0 swayY=0 time=13.38389999999946 baseRot={x:undefined,y:undefined,z:undefined} type=object @ http://localhost:3001/items/Weapon.js:220
[   29378ms] [LOG] [Player] viewWeapon pos=0.25,-0.35,-0.80 rot=NaN,NaN,NaN visible=true fpArmsPos=0.00,0.00,0.00 @ http://localhost:3001/entities/Player.js:742
[   29378ms] [LOG] [Weapon] applyToMesh: recoilAngle=0.1 swayX=0 swayY=0 time=13.392099999999648 baseRot={x:undefined,y:undefined,z:undefined} type=object @ http://localhost:3001/items/Weapon.js:220
[   29387ms] [LOG] [Player] viewWeapon pos=0.25,-0.35,-0.80 rot=NaN,NaN,NaN visible=true fpArmsPos=0.00,0.00,0.00 @ http://localhost:3001/entities/Player.js:742
[   29387ms] [LOG] [Weapon] applyToMesh: recoilAngle=0.1 swayX=0 swayY=0 time=13.400399999999461 baseRot={x:undefined,y:undefined,z:undefined} type=object @ http://localhost:3001/items/Weapon.js:220
[   29387ms] [LOG] [Player] after applyToMesh: rot=NaN,NaN,NaN baseRot=undef @ http://localhost:3001/entities/Player.js:781
[   29397ms] [LOG] [Player] viewWeapon pos=0.25,-0.35,-0.80 rot=NaN,NaN,NaN visible=true fpArmsPos=0.00,0.00,0.00 @ http://localhost:3001/entities/Player.js:742
[   29397ms] [LOG] [Weapon] applyToMesh: recoilAngle=0.1 swayX=0 swayY=0 time=13.411199999999274 baseRot={x:undefined,y:undefined,z:undefined} type=object @ http://localhost:3001/items/Weapon.js:220
[   29407ms] [LOG] [Player] viewWeapon pos=0.25,-0.35,-0.80 rot=NaN,NaN,NaN visible=true fpArmsPos=0.00,0.00,0.00 @ http://localhost:3001/entities/Player.js:742
[   29407ms] [LOG] [Weapon] applyToMesh: recoilAngle=0.1 swayX=0 swayY=0 time=13.421099999999647 baseRot={x:undefined,y:undefined,z:undefined} type=object @ http://localhost:3001/items/Weapon.js:220
[   29417ms] [LOG] [Player] viewWeapon pos=0.25,-0.35,-0.80 rot=NaN,NaN,NaN visible=true fpArmsPos=0.00,0.00,0.00 @ http://localhost:3001/entities/Player.js:742
[   29418ms] [LOG] [Weapon] applyToMesh: recoilAngle=0.1 swayX=0 swayY=0 time=13.431399999999462 baseRot={x:undefined,y:undefined,z:undefined} type=object @ http://localhost:3001/items/Weapon.js:220
[   29425ms] [LOG] [Player] viewWeapon pos=0.25,-0.35,-0.80 rot=NaN,NaN,NaN visible=true fpArmsPos=0.00,0.00,0.00 @ http://localhost:3001/entities/Player.js:742
[   29425ms] [LOG] [Weapon] applyToMesh: recoilAngle=0.1 swayX=0 swayY=0 time=13.439099999999648 baseRot={x:undefined,y:undefined,z:undefined} type=object @ http://localhost:3001/items/Weapon.js:220
[   29426ms] [LOG] [Player] after applyToMesh: rot=NaN,NaN,NaN baseRot=undef @ http://localhost:3001/entities/Player.js:781
[   29434ms] [LOG] [Player] viewWeapon pos=0.25,-0.35,-0.80 rot=NaN,NaN,NaN visible=true fpArmsPos=0.00,0.00,0.00 @ http://localhost:3001/entities/Player.js:742
[   29434ms] [LOG] [Weapon] applyToMesh: recoilAngle=0.1 swayX=0 swayY=0 time=13.44800000000002 baseRot={x:undefined,y:undefined,z:undefined} type=object @ http://localhost:3001/items/Weapon.js:220
[   29445ms] [LOG] [Player] viewWeapon pos=0.25,-0.35,-0.80 rot=NaN,NaN,NaN visible=true fpArmsPos=0.00,0.00,0.00 @ http://localhost:3001/entities/Player.js:742
[   29445ms] [LOG] [Weapon] applyToMesh: recoilAngle=0.1 swayX=0 swayY=0 time=13.45850000000002 baseRot={x:undefined,y:undefined,z:undefined} type=object @ http://localhost:3001/items/Weapon.js:220
[   29453ms] [LOG] [Player] viewWeapon pos=0.25,-0.35,-0.80 rot=NaN,NaN,NaN visible=true fpArmsPos=0.00,0.00,0.00 @ http://localhost:3001/entities/Player.js:742
[   29454ms] [LOG] [Weapon] applyToMesh: recoilAngle=0.1 swayX=0 swayY=0 time=13.467199999999275 baseRot={x:undefined,y:undefined,z:undefined} type=object @ http://localhost:3001/items/Weapon.js:220
[   29461ms] [LOG] [Player] viewWeapon pos=0.25,-0.35,-0.80 rot=NaN,NaN,NaN visible=true fpArmsPos=0.00,0.00,0.00 @ http://localhost:3001/entities/Player.js:742
[   29461ms] [LOG] [Weapon] applyToMesh: recoilAngle=0.1 swayX=0 swayY=0 time=13.47450000000002 baseRot={x:undefined,y:undefined,z:undefined} type=object @ http://localhost:3001/items/Weapon.js:220
[   29468ms] [LOG] [Player] viewWeapon pos=0.25,-0.35,-0.80 rot=NaN,NaN,NaN visible=true fpArmsPos=0.00,0.00,0.00 @ http://localhost:3001/entities/Player.js:742
[   29469ms] [LOG] [Weapon] applyToMesh: recoilAngle=0.1 swayX=0 swayY=0 time=13.482399999999462 baseRot={x:undefined,y:undefined,z:undefined} type=object @ http://localhost:3001/items/Weapon.js:220
[   29476ms] [LOG] [Player] viewWeapon pos=0.25,-0.35,-0.80 rot=NaN,NaN,NaN visible=true fpArmsPos=0.00,0.00,0.00 @ http://localhost:3001/entities/Player.js:742
[   29476ms] [LOG] [Weapon] applyToMesh: recoilAngle=0.1 swayX=0 swayY=0 time=13.489899999999462 baseRot={x:undefined,y:undefined,z:undefined} type=object @ http://localhost:3001/items/Weapon.js:220
[   29476ms] [LOG] [Player] after applyToMesh: rot=NaN,NaN,NaN baseRot=undef @ http://localhost:3001/entities/Player.js:781
[   29484ms] [LOG] [Player] viewWeapon pos=0.25,-0.35,-0.80 rot=NaN,NaN,NaN visible=true fpArmsPos=0.00,0.00,0.00 @ http://localhost:3001/entities/Player.js:742
[   29484ms] [LOG] [Weapon] applyToMesh: recoilAngle=0.1 swayX=0 swayY=0 time=13.497599999999649 baseRot={x:undefined,y:undefined,z:undefined} type=object @ http://localhost:3001/items/Weapon.js:220
[   29494ms] [LOG] [Player] viewWeapon pos=0.25,-0.35,-0.80 rot=NaN,NaN,NaN visible=true fpArmsPos=0.00,0.00,0.00 @ http://localhost:3001/entities/Player.js:742
[   29494ms] [LOG] [Weapon] applyToMesh: recoilAngle=0.1 swayX=0 swayY=0 time=13.507799999999834 baseRot={x:undefined,y:undefined,z:undefined} type=object @ http://localhost:3001/items/Weapon.js:220
[   29503ms] [LOG] [Player] viewWeapon pos=0.25,-0.35,-0.80 rot=NaN,NaN,NaN visible=true fpArmsPos=0.00,0.00,0.00 @ http://localhost:3001/entities/Player.js:742
[   29503ms] [LOG] [Weapon] applyToMesh: recoilAngle=0.1 swayX=0 swayY=0 time=13.516699999999275 baseRot={x:undefined,y:undefined,z:undefined} type=object @ http://localhost:3001/items/Weapon.js:220
[   29511ms] [LOG] [Player] viewWeapon pos=0.25,-0.35,-0.80 rot=NaN,NaN,NaN visible=true fpArmsPos=0.00,0.00,0.00 @ http://localhost:3001/entities/Player.js:742
[   29511ms] [LOG] [Weapon] applyToMesh: recoilAngle=0.1 swayX=0 swayY=0 time=13.524500000000021 baseRot={x:undefined,y:undefined,z:undefined} type=object @ http://localhost:3001/items/Weapon.js:220
[   29519ms] [LOG] [Player] viewWeapon pos=0.25,-0.35,-0.80 rot=NaN,NaN,NaN visible=true fpArmsPos=0.00,0.00,0.00 @ http://localhost:3001/entities/Player.js:742
[   29519ms] [LOG] [Weapon] applyToMesh: recoilAngle=0.1 swayX=0 swayY=0 time=13.532699999999275 baseRot={x:undefined,y:undefined,z:undefined} type=object @ http://localhost:3001/items/Weapon.js:220
[   29519ms] [LOG] [CameraController] playerPos=46.00,4.04,0.00 targetY=4.19 camPos=46.00,4.19,0.00 @ http://localhost:3001/core/CameraController.js:240
[   29526ms] [LOG] [Player] viewWeapon pos=0.25,-0.35,-0.80 rot=NaN,NaN,NaN visible=true fpArmsPos=0.00,0.00,0.00 @ http://localhost:3001/entities/Player.js:742
[   29526ms] [LOG] [Weapon] applyToMesh: recoilAngle=0.1 swayX=0 swayY=0 time=13.540199999999276 baseRot={x:undefined,y:undefined,z:undefined} type=object @ http://localhost:3001/items/Weapon.js:220
[   29534ms] [LOG] [Player] viewWeapon pos=0.25,-0.35,-0.80 rot=NaN,NaN,NaN visible=true fpArmsPos=0.00,0.00,0.00 @ http://localhost:3001/entities/Player.js:742
[   29534ms] [LOG] [Weapon] applyToMesh: recoilAngle=0.1 swayX=0 swayY=0 time=13.548000000000021 baseRot={x:undefined,y:undefined,z:undefined} type=object @ http://localhost:3001/items/Weapon.js:220
[   29534ms] [LOG] [Player] anim: recoilAngle=0.1 swayX=0 swayY=0 time=13.548000000000021 @ http://localhost:3001/entities/Player.js:780
[   29544ms] [LOG] [Player] viewWeapon pos=0.25,-0.35,-0.80 rot=NaN,NaN,NaN visible=true fpArmsPos=0.00,0.00,0.00 @ http://localhost:3001/entities/Player.js:742
[   29544ms] [LOG] [Weapon] applyToMesh: recoilAngle=0.1 swayX=0 swayY=0 time=13.557599999999649 baseRot={x:undefined,y:undefined,z:undefined} type=object @ http://localhost:3001/items/Weapon.js:220
[   29553ms] [LOG] [Player] viewWeapon pos=0.25,-0.35,-0.80 rot=NaN,NaN,NaN visible=true fpArmsPos=0.00,0.00,0.00 @ http://localhost:3001/entities/Player.js:742
[   29553ms] [LOG] [Weapon] applyToMesh: recoilAngle=0.1 swayX=0 swayY=0 time=13.566899999999462 baseRot={x:undefined,y:undefined,z:undefined} type=object @ http://localhost:3001/items/Weapon.js:220
[   29561ms] [LOG] [Player] viewWeapon pos=0.25,-0.35,-0.80 rot=NaN,NaN,NaN visible=true fpArmsPos=0.00,0.00,0.00 @ http://localhost:3001/entities/Player.js:742
[   29562ms] [LOG] [Weapon] applyToMesh: recoilAngle=0.1 swayX=0 swayY=0 time=13.575299999999835 baseRot={x:undefined,y:undefined,z:undefined} type=object @ http://localhost:3001/items/Weapon.js:220
[   29570ms] [LOG] [Player] viewWeapon pos=0.25,-0.35,-0.80 rot=NaN,NaN,NaN visible=true fpArmsPos=0.00,0.00,0.00 @ http://localhost:3001/entities/Player.js:742
[   29570ms] [LOG] [Weapon] applyToMesh: recoilAngle=0.1 swayX=0 swayY=0 time=13.583199999999277 baseRot={x:undefined,y:undefined,z:undefined} type=object @ http://localhost:3001/items/Weapon.js:220
[   29579ms] [LOG] [Player] viewWeapon pos=0.25,-0.35,-0.80 rot=NaN,NaN,NaN visible=true fpArmsPos=0.00,0.00,0.00 @ http://localhost:3001/entities/Player.js:742
[   29579ms] [LOG] [Weapon] applyToMesh: recoilAngle=0.1 swayX=0 swayY=0 time=13.592699999999276 baseRot={x:undefined,y:undefined,z:undefined} type=object @ http://localhost:3001/items/Weapon.js:220
[   29589ms] [LOG] [Player] viewWeapon pos=0.25,-0.35,-0.80 rot=NaN,NaN,NaN visible=true fpArmsPos=0.00,0.00,0.00 @ http://localhost:3001/entities/Player.js:742
[   29589ms] [LOG] [Weapon] applyToMesh: recoilAngle=0.1 swayX=0 swayY=0 time=13.60250000000002 baseRot={x:undefined,y:undefined,z:undefined} type=object @ http://localhost:3001/items/Weapon.js:220
[   29599ms] [LOG] [Player] viewWeapon pos=0.25,-0.35,-0.80 rot=NaN,NaN,NaN visible=true fpArmsPos=0.00,0.00,0.00 @ http://localhost:3001/entities/Player.js:742
[   29599ms] [LOG] [Weapon] applyToMesh: recoilAngle=0.1 swayX=0 swayY=0 time=13.612599999999649 baseRot={x:undefined,y:undefined,z:undefined} type=object @ http://localhost:3001/items/Weapon.js:220
[   29607ms] [LOG] [Player] viewWeapon pos=0.25,-0.35,-0.80 rot=NaN,NaN,NaN visible=true fpArmsPos=0.00,0.00,0.00 @ http://localhost:3001/entities/Player.js:742
[   29607ms] [LOG] [Weapon] applyToMesh: recoilAngle=0.1 swayX=0 swayY=0 time=13.620699999999276 baseRot={x:undefined,y:undefined,z:undefined} type=object @ http://localhost:3001/items/Weapon.js:220
[   29616ms] [LOG] [Player] viewWeapon pos=0.25,-0.35,-0.80 rot=NaN,NaN,NaN visible=true fpArmsPos=0.00,0.00,0.00 @ http://localhost:3001/entities/Player.js:742
[   29616ms] [LOG] [Weapon] applyToMesh: recoilAngle=0.1 swayX=0 swayY=0 time=13.630099999999649 baseRot={x:undefined,y:undefined,z:undefined} type=object @ http://localhost:3001/items/Weapon.js:220
[   29624ms] [LOG] [Player] viewWeapon pos=0.25,-0.35,-0.80 rot=NaN,NaN,NaN visible=true fpArmsPos=0.00,0.00,0.00 @ http://localhost:3001/entities/Player.js:742
[   29624ms] [LOG] [Weapon] applyToMesh: recoilAngle=0.1 swayX=0 swayY=0 time=13.638000000000021 baseRot={x:undefined,y:undefined,z:undefined} type=object @ http://localhost:3001/items/Weapon.js:220
[   29633ms] [LOG] [Player] viewWeapon pos=0.25,-0.35,-0.80 rot=NaN,NaN,NaN visible=true fpArmsPos=0.00,0.00,0.00 @ http://localhost:3001/entities/Player.js:742
[   29633ms] [LOG] [Weapon] applyToMesh: recoilAngle=0.1 swayX=0 swayY=0 time=13.646399999999462 baseRot={x:undefined,y:undefined,z:undefined} type=object @ http://localhost:3001/items/Weapon.js:220
[   29642ms] [LOG] [Player] viewWeapon pos=0.25,-0.35,-0.80 rot=NaN,NaN,NaN visible=true fpArmsPos=0.00,0.00,0.00 @ http://localhost:3001/entities/Player.js:742
[   29642ms] [LOG] [Weapon] applyToMesh: recoilAngle=0.1 swayX=0 swayY=0 time=13.655599999999648 baseRot={x:undefined,y:undefined,z:undefined} type=object @ http://localhost:3001/items/Weapon.js:220
[   29663ms] [LOG] [Player] viewWeapon pos=0.25,-0.35,-0.80 rot=NaN,NaN,NaN visible=true fpArmsPos=0.00,0.00,0.00 @ http://localhost:3001/entities/Player.js:742
[   29664ms] [LOG] [Weapon] applyToMesh: recoilAngle=0.1 swayX=0 swayY=0 time=13.677000000000021 baseRot={x:undefined,y:undefined,z:undefined} type=object @ http://localhost:3001/items/Weapon.js:220
[   29687ms] [LOG] [Player] viewWeapon pos=0.25,-0.35,-0.80 rot=NaN,NaN,NaN visible=true fpArmsPos=0.00,0.00,0.00 @ http://localhost:3001/entities/Player.js:742
[   29688ms] [LOG] [Weapon] applyToMesh: recoilAngle=0.1 swayX=0 swayY=0 time=13.700599999999648 baseRot={x:undefined,y:undefined,z:undefined} type=object @ http://localhost:3001/items/Weapon.js:220
[   29702ms] [LOG] [Player] viewWeapon pos=0.25,-0.35,-0.80 rot=NaN,NaN,NaN visible=true fpArmsPos=0.00,0.00,0.00 @ http://localhost:3001/entities/Player.js:742
[   29702ms] [LOG] [Weapon] applyToMesh: recoilAngle=0.1 swayX=0 swayY=0 time=13.71600000000002 baseRot={x:undefined,y:undefined,z:undefined} type=object @ http://localhost:3001/items/Weapon.js:220
[   29714ms] [LOG] [Player] viewWeapon pos=0.25,-0.35,-0.80 rot=NaN,NaN,NaN visible=true fpArmsPos=0.00,0.00,0.00 @ http://localhost:3001/entities/Player.js:742
[   29714ms] [LOG] [Weapon] applyToMesh: recoilAngle=0.1 swayX=0 swayY=0 time=13.727399999999461 baseRot={x:undefined,y:undefined,z:undefined} type=object @ http://localhost:3001/items/Weapon.js:220
[   29723ms] [LOG] [Player] viewWeapon pos=0.25,-0.35,-0.80 rot=NaN,NaN,NaN visible=true fpArmsPos=0.00,0.00,0.00 @ http://localhost:3001/entities/Player.js:742
[   29723ms] [LOG] [Weapon] applyToMesh: recoilAngle=0.1 swayX=0 swayY=0 time=13.736599999999648 baseRot={x:undefined,y:undefined,z:undefined} type=object @ http://localhost:3001/items/Weapon.js:220
[   29731ms] [LOG] [Player] viewWeapon pos=0.25,-0.35,-0.80 rot=NaN,NaN,NaN visible=true fpArmsPos=0.00,0.00,0.00 @ http://localhost:3001/entities/Player.js:742
[   29731ms] [LOG] [Weapon] applyToMesh: recoilAngle=0.1 swayX=0 swayY=0 time=13.745299999999833 baseRot={x:undefined,y:undefined,z:undefined} type=object @ http://localhost:3001/items/Weapon.js:220
[   29740ms] [LOG] [Player] viewWeapon pos=0.25,-0.35,-0.80 rot=NaN,NaN,NaN visible=true fpArmsPos=0.00,0.00,0.00 @ http://localhost:3001/entities/Player.js:742
[   29740ms] [LOG] [Weapon] applyToMesh: recoilAngle=0.1 swayX=0 swayY=0 time=13.753599999999647 baseRot={x:undefined,y:undefined,z:undefined} type=object @ http://localhost:3001/items/Weapon.js:220
[   29750ms] [LOG] [Player] viewWeapon pos=0.25,-0.35,-0.80 rot=NaN,NaN,NaN visible=true fpArmsPos=0.00,0.00,0.00 @ http://localhost:3001/entities/Player.js:742
[   29750ms] [LOG] [Weapon] applyToMesh: recoilAngle=0.1 swayX=0 swayY=0 time=13.76339999999946 baseRot={x:undefined,y:undefined,z:undefined} type=object @ http://localhost:3001/items/Weapon.js:220
[   29758ms] [LOG] [Player] viewWeapon pos=0.25,-0.35,-0.80 rot=NaN,NaN,NaN visible=true fpArmsPos=0.00,0.00,0.00 @ http://localhost:3001/entities/Player.js:742
[   29758ms] [LOG] [Weapon] applyToMesh: recoilAngle=0.1 swayX=0 swayY=0 time=13.771699999999274 baseRot={x:undefined,y:undefined,z:undefined} type=object @ http://localhost:3001/items/Weapon.js:220
[   29766ms] [LOG] [Player] viewWeapon pos=0.25,-0.35,-0.80 rot=NaN,NaN,NaN visible=true fpArmsPos=0.00,0.00,0.00 @ http://localhost:3001/entities/Player.js:742
[   29766ms] [LOG] [Weapon] applyToMesh: recoilAngle=0.1 swayX=0 swayY=0 time=13.779699999999274 baseRot={x:undefined,y:undefined,z:undefined} type=object @ http://localhost:3001/items/Weapon.js:220
[   29774ms] [LOG] [Player] viewWeapon pos=0.25,-0.35,-0.80 rot=NaN,NaN,NaN visible=true fpArmsPos=0.00,0.00,0.00 @ http://localhost:3001/entities/Player.js:742
[   29774ms] [LOG] [Weapon] applyToMesh: recoilAngle=0.1 swayX=0 swayY=0 time=13.787799999999832 baseRot={x:undefined,y:undefined,z:undefined} type=object @ http://localhost:3001/items/Weapon.js:220
[   29782ms] [LOG] [Player] viewWeapon pos=0.25,-0.35,-0.80 rot=NaN,NaN,NaN visible=true fpArmsPos=0.00,0.00,0.00 @ http://localhost:3001/entities/Player.js:742
[   29782ms] [LOG] [Weapon] applyToMesh: recoilAngle=0.1 swayX=0 swayY=0 time=13.795500000000018 baseRot={x:undefined,y:undefined,z:undefined} type=object @ http://localhost:3001/items/Weapon.js:220
[   29791ms] [LOG] [Player] viewWeapon pos=0.25,-0.35,-0.80 rot=NaN,NaN,NaN visible=true fpArmsPos=0.00,0.00,0.00 @ http://localhost:3001/entities/Player.js:742
[   29791ms] [LOG] [Weapon] applyToMesh: recoilAngle=0.1 swayX=0 swayY=0 time=13.804500000000019 baseRot={x:undefined,y:undefined,z:undefined} type=object @ http://localhost:3001/items/Weapon.js:220
[   29802ms] [LOG] [Player] viewWeapon pos=0.25,-0.35,-0.80 rot=NaN,NaN,NaN visible=true fpArmsPos=0.00,0.00,0.00 @ http://localhost:3001/entities/Player.js:742
[   29803ms] [LOG] [Weapon] applyToMesh: recoilAngle=0.1 swayX=0 swayY=0 time=13.81639999999946 baseRot={x:undefined,y:undefined,z:undefined} type=object @ http://localhost:3001/items/Weapon.js:220
[   29803ms] [LOG] [Player] after applyToMesh: rot=NaN,NaN,NaN baseRot=undef @ http://localhost:3001/entities/Player.js:781
[   29813ms] [LOG] [Player] viewWeapon pos=0.25,-0.35,-0.80 rot=NaN,NaN,NaN visible=true fpArmsPos=0.00,0.00,0.00 @ http://localhost:3001/entities/Player.js:742
[   29814ms] [LOG] [Weapon] applyToMesh: recoilAngle=0.1 swayX=0 swayY=0 time=13.827199999999273 baseRot={x:undefined,y:undefined,z:undefined} type=object @ http://localhost:3001/items/Weapon.js:220
[   29824ms] [LOG] [Player] viewWeapon pos=0.25,-0.35,-0.80 rot=NaN,NaN,NaN visible=true fpArmsPos=0.00,0.00,0.00 @ http://localhost:3001/entities/Player.js:742
[   29824ms] [LOG] [Weapon] applyToMesh: recoilAngle=0.1 swayX=0 swayY=0 time=13.837199999999273 baseRot={x:undefined,y:undefined,z:undefined} type=object @ http://localhost:3001/items/Weapon.js:220
[   29832ms] [LOG] [Player] viewWeapon pos=0.25,-0.35,-0.80 rot=NaN,NaN,NaN visible=true fpArmsPos=0.00,0.00,0.00 @ http://localhost:3001/entities/Player.js:742
[   29832ms] [LOG] [Weapon] applyToMesh: recoilAngle=0.1 swayX=0 swayY=0 time=13.845199999999272 baseRot={x:undefined,y:undefined,z:undefined} type=object @ http://localhost:3001/items/Weapon.js:220
[   29840ms] [LOG] [Player] viewWeapon pos=0.25,-0.35,-0.80 rot=NaN,NaN,NaN visible=true fpArmsPos=0.00,0.00,0.00 @ http://localhost:3001/entities/Player.js:742
[   29840ms] [LOG] [Weapon] applyToMesh: recoilAngle=0.1 swayX=0 swayY=0 time=13.853500000000016 baseRot={x:undefined,y:undefined,z:undefined} type=object @ http://localhost:3001/items/Weapon.js:220
[   29852ms] [LOG] [Player] viewWeapon pos=0.25,-0.35,-0.80 rot=NaN,NaN,NaN visible=true fpArmsPos=0.00,0.00,0.00 @ http://localhost:3001/entities/Player.js:742
[   29853ms] [LOG] [Weapon] applyToMesh: recoilAngle=0.1 swayX=0 swayY=0 time=13.86629999999983 baseRot={x:undefined,y:undefined,z:undefined} type=object @ http://localhost:3001/items/Weapon.js:220
[   29863ms] [LOG] [Player] viewWeapon pos=0.25,-0.35,-0.80 rot=NaN,NaN,NaN visible=true fpArmsPos=0.00,0.00,0.00 @ http://localhost:3001/entities/Player.js:742
[   29863ms] [LOG] [Weapon] applyToMesh: recoilAngle=0.1 swayX=0 swayY=0 time=13.876500000000016 baseRot={x:undefined,y:undefined,z:undefined} type=object @ http://localhost:3001/items/Weapon.js:220
[   29872ms] [LOG] [Player] viewWeapon pos=0.25,-0.35,-0.80 rot=NaN,NaN,NaN visible=true fpArmsPos=0.00,0.00,0.00 @ http://localhost:3001/entities/Player.js:742
[   29872ms] [LOG] [Weapon] applyToMesh: recoilAngle=0.1 swayX=0 swayY=0 time=13.885599999999643 baseRot={x:undefined,y:undefined,z:undefined} type=object @ http://localhost:3001/items/Weapon.js:220
[   29884ms] [LOG] [Player] viewWeapon pos=0.25,-0.35,-0.80 rot=NaN,NaN,NaN visible=true fpArmsPos=0.00,0.00,0.00 @ http://localhost:3001/entities/Player.js:742
[   29884ms] [LOG] [Weapon] applyToMesh: recoilAngle=0.1 swayX=0 swayY=0 time=13.89779999999983 baseRot={x:undefined,y:undefined,z:undefined} type=object @ http://localhost:3001/items/Weapon.js:220
[   29895ms] [LOG] [Player] viewWeapon pos=0.25,-0.35,-0.80 rot=NaN,NaN,NaN visible=true fpArmsPos=0.00,0.00,0.00 @ http://localhost:3001/entities/Player.js:742
[   29895ms] [LOG] [Weapon] applyToMesh: recoilAngle=0.1 swayX=0 swayY=0 time=13.908399999999457 baseRot={x:undefined,y:undefined,z:undefined} type=object @ http://localhost:3001/items/Weapon.js:220
[   29909ms] [LOG] [Player] viewWeapon pos=0.25,-0.35,-0.80 rot=NaN,NaN,NaN visible=true fpArmsPos=0.00,0.00,0.00 @ http://localhost:3001/entities/Player.js:742
[   29909ms] [LOG] [Weapon] applyToMesh: recoilAngle=0.1 swayX=0 swayY=0 time=13.922599999999642 baseRot={x:undefined,y:undefined,z:undefined} type=object @ http://localhost:3001/items/Weapon.js:220
[   29922ms] [LOG] [Player] viewWeapon pos=0.25,-0.35,-0.80 rot=NaN,NaN,NaN visible=true fpArmsPos=0.00,0.00,0.00 @ http://localhost:3001/entities/Player.js:742
[   29922ms] [LOG] [Weapon] applyToMesh: recoilAngle=0.1 swayX=0 swayY=0 time=13.935699999999269 baseRot={x:undefined,y:undefined,z:undefined} type=object @ http://localhost:3001/items/Weapon.js:220
[   29934ms] [LOG] [Player] viewWeapon pos=0.25,-0.35,-0.80 rot=NaN,NaN,NaN visible=true fpArmsPos=0.00,0.00,0.00 @ http://localhost:3001/entities/Player.js:742
[   29934ms] [LOG] [Weapon] applyToMesh: recoilAngle=0.1 swayX=0 swayY=0 time=13.947399999999455 baseRot={x:undefined,y:undefined,z:undefined} type=object @ http://localhost:3001/items/Weapon.js:220
[   29934ms] [LOG] [Player] after applyToMesh: rot=NaN,NaN,NaN baseRot=undef @ http://localhost:3001/entities/Player.js:781
[   29947ms] [LOG] [Player] viewWeapon pos=0.25,-0.35,-0.80 rot=NaN,NaN,NaN visible=true fpArmsPos=0.00,0.00,0.00 @ http://localhost:3001/entities/Player.js:742
[   29947ms] [LOG] [Weapon] applyToMesh: recoilAngle=0.1 swayX=0 swayY=0 time=13.960199999999269 baseRot={x:undefined,y:undefined,z:undefined} type=object @ http://localhost:3001/items/Weapon.js:220
[   29959ms] [LOG] [Player] viewWeapon pos=0.25,-0.35,-0.80 rot=NaN,NaN,NaN visible=true fpArmsPos=0.00,0.00,0.00 @ http://localhost:3001/entities/Player.js:742
[   29959ms] [LOG] [Weapon] applyToMesh: recoilAngle=0.1 swayX=0 swayY=0 time=13.97209999999964 baseRot={x:undefined,y:undefined,z:undefined} type=object @ http://localhost:3001/items/Weapon.js:220
[   29969ms] [LOG] [Player] viewWeapon pos=0.25,-0.35,-0.80 rot=NaN,NaN,NaN visible=true fpArmsPos=0.00,0.00,0.00 @ http://localhost:3001/entities/Player.js:742
[   29969ms] [LOG] [Weapon] applyToMesh: recoilAngle=0.1 swayX=0 swayY=0 time=13.983000000000013 baseRot={x:undefined,y:undefined,z:undefined} type=object @ http://localhost:3001/items/Weapon.js:220
[   29979ms] [LOG] [Player] viewWeapon pos=0.25,-0.35,-0.80 rot=NaN,NaN,NaN visible=true fpArmsPos=0.00,0.00,0.00 @ http://localhost:3001/entities/Player.js:742
[   29980ms] [LOG] [Weapon] applyToMesh: recoilAngle=0.1 swayX=0 swayY=0 time=13.992699999999267 baseRot={x:undefined,y:undefined,z:undefined} type=object @ http://localhost:3001/items/Weapon.js:220
[   29989ms] [LOG] [Player] viewWeapon pos=0.25,-0.35,-0.80 rot=NaN,NaN,NaN visible=true fpArmsPos=0.00,0.00,0.00 @ http://localhost:3001/entities/Player.js:742
[   29989ms] [LOG] [Weapon] applyToMesh: recoilAngle=0.1 swayX=0 swayY=0 time=14.002799999999826 baseRot={x:undefined,y:undefined,z:undefined} type=object @ http://localhost:3001/items/Weapon.js:220
[   29998ms] [LOG] [Player] viewWeapon pos=0.25,-0.35,-0.80 rot=NaN,NaN,NaN visible=true fpArmsPos=0.00,0.00,0.00 @ http://localhost:3001/entities/Player.js:742
[   29998ms] [LOG] [Weapon] applyToMesh: recoilAngle=0.1 swayX=0 swayY=0 time=14.011399999999455 baseRot={x:undefined,y:undefined,z:undefined} type=object @ http://localhost:3001/items/Weapon.js:220
[   30008ms] [LOG] [Player] viewWeapon pos=0.25,-0.35,-0.80 rot=NaN,NaN,NaN visible=true fpArmsPos=0.00,0.00,0.00 @ http://localhost:3001/entities/Player.js:742
[   30008ms] [LOG] [Weapon] applyToMesh: recoilAngle=0.1 swayX=0 swayY=0 time=14.021799999999827 baseRot={x:undefined,y:undefined,z:undefined} type=object @ http://localhost:3001/items/Weapon.js:220
[   30018ms] [LOG] [Player] viewWeapon pos=0.25,-0.35,-0.80 rot=NaN,NaN,NaN visible=true fpArmsPos=0.00,0.00,0.00 @ http://localhost:3001/entities/Player.js:742
[   30018ms] [LOG] [Weapon] applyToMesh: recoilAngle=0.1 swayX=0 swayY=0 time=14.031899999999455 baseRot={x:undefined,y:undefined,z:undefined} type=object @ http://localhost:3001/items/Weapon.js:220
[   30026ms] [LOG] [Player] viewWeapon pos=0.25,-0.35,-0.80 rot=NaN,NaN,NaN visible=true fpArmsPos=0.00,0.00,0.00 @ http://localhost:3001/entities/Player.js:742
[   30026ms] [LOG] [Weapon] applyToMesh: recoilAngle=0.1 swayX=0 swayY=0 time=14.039799999999827 baseRot={x:undefined,y:undefined,z:undefined} type=object @ http://localhost:3001/items/Weapon.js:220
[   30037ms] [LOG] [Player] viewWeapon pos=0.25,-0.35,-0.80 rot=NaN,NaN,NaN visible=true fpArmsPos=0.00,0.00,0.00 @ http://localhost:3001/entities/Player.js:742
[   30037ms] [LOG] [Weapon] applyToMesh: recoilAngle=0.1 swayX=0 swayY=0 time=14.050699999999269 baseRot={x:undefined,y:undefined,z:undefined} type=object @ http://localhost:3001/items/Weapon.js:220
[   30047ms] [LOG] [Player] viewWeapon pos=0.25,-0.35,-0.80 rot=NaN,NaN,NaN visible=true fpArmsPos=0.00,0.00,0.00 @ http://localhost:3001/entities/Player.js:742
[   30047ms] [LOG] [Weapon] applyToMesh: recoilAngle=0.1 swayX=0 swayY=0 time=14.060500000000014 baseRot={x:undefined,y:undefined,z:undefined} type=object @ http://localhost:3001/items/Weapon.js:220
[   30061ms] [LOG] [Player] viewWeapon pos=0.25,-0.35,-0.80 rot=NaN,NaN,NaN visible=true fpArmsPos=0.00,0.00,0.00 @ http://localhost:3001/entities/Player.js:742
[   30061ms] [LOG] [Weapon] applyToMesh: recoilAngle=0.1 swayX=0 swayY=0 time=14.074500000000013 baseRot={x:undefined,y:undefined,z:undefined} type=object @ http://localhost:3001/items/Weapon.js:220
[   30072ms] [LOG] [Player] viewWeapon pos=0.25,-0.35,-0.80 rot=NaN,NaN,NaN visible=true fpArmsPos=0.00,0.00,0.00 @ http://localhost:3001/entities/Player.js:742
[   30072ms] [LOG] [Weapon] applyToMesh: recoilAngle=0.1 swayX=0 swayY=0 time=14.085699999999267 baseRot={x:undefined,y:undefined,z:undefined} type=object @ http://localhost:3001/items/Weapon.js:220
[   30083ms] [LOG] [Player] viewWeapon pos=0.25,-0.35,-0.80 rot=NaN,NaN,NaN visible=true fpArmsPos=0.00,0.00,0.00 @ http://localhost:3001/entities/Player.js:742
[   30084ms] [LOG] [Weapon] applyToMesh: recoilAngle=0.1 swayX=0 swayY=0 time=14.097000000000012 baseRot={x:undefined,y:undefined,z:undefined} type=object @ http://localhost:3001/items/Weapon.js:220
[   30092ms] [LOG] [Player] viewWeapon pos=0.25,-0.35,-0.80 rot=NaN,NaN,NaN visible=true fpArmsPos=0.00,0.00,0.00 @ http://localhost:3001/entities/Player.js:742
[   30092ms] [LOG] [Weapon] applyToMesh: recoilAngle=0.1 swayX=0 swayY=0 time=14.105399999999452 baseRot={x:undefined,y:undefined,z:undefined} type=object @ http://localhost:3001/items/Weapon.js:220
[   30100ms] [LOG] [Player] viewWeapon pos=0.25,-0.35,-0.80 rot=NaN,NaN,NaN visible=true fpArmsPos=0.00,0.00,0.00 @ http://localhost:3001/entities/Player.js:742
[   30100ms] [LOG] [Weapon] applyToMesh: recoilAngle=0.1 swayX=0 swayY=0 time=14.113799999999825 baseRot={x:undefined,y:undefined,z:undefined} type=object @ http://localhost:3001/items/Weapon.js:220
[   30109ms] [LOG] [Player] viewWeapon pos=0.25,-0.35,-0.80 rot=NaN,NaN,NaN visible=true fpArmsPos=0.00,0.00,0.00 @ http://localhost:3001/entities/Player.js:742
[   30109ms] [LOG] [Weapon] applyToMesh: recoilAngle=0.1 swayX=0 swayY=0 time=14.123000000000012 baseRot={x:undefined,y:undefined,z:undefined} type=object @ http://localhost:3001/items/Weapon.js:220
[   30120ms] [LOG] [Player] viewWeapon pos=0.25,-0.35,-0.80 rot=NaN,NaN,NaN visible=true fpArmsPos=0.00,0.00,0.00 @ http://localhost:3001/entities/Player.js:742
[   30120ms] [LOG] [Weapon] applyToMesh: recoilAngle=0.1 swayX=0 swayY=0 time=14.13309999999964 baseRot={x:undefined,y:undefined,z:undefined} type=object @ http://localhost:3001/items/Weapon.js:220
[   30128ms] [LOG] [Player] viewWeapon pos=0.25,-0.35,-0.80 rot=NaN,NaN,NaN visible=true fpArmsPos=0.00,0.00,0.00 @ http://localhost:3001/entities/Player.js:742
[   30129ms] [LOG] [Weapon] applyToMesh: recoilAngle=0.1 swayX=0 swayY=0 time=14.14209999999964 baseRot={x:undefined,y:undefined,z:undefined} type=object @ http://localhost:3001/items/Weapon.js:220
[   30137ms] [LOG] [Player] viewWeapon pos=0.25,-0.35,-0.80 rot=NaN,NaN,NaN visible=true fpArmsPos=0.00,0.00,0.00 @ http://localhost:3001/entities/Player.js:742
[   30137ms] [LOG] [Weapon] applyToMesh: recoilAngle=0.1 swayX=0 swayY=0 time=14.15059999999964 baseRot={x:undefined,y:undefined,z:undefined} type=object @ http://localhost:3001/items/Weapon.js:220
[   30148ms] [LOG] [Player] viewWeapon pos=0.25,-0.35,-0.80 rot=NaN,NaN,NaN visible=true fpArmsPos=0.00,0.00,0.00 @ http://localhost:3001/entities/Player.js:742
[   30149ms] [LOG] [Weapon] applyToMesh: recoilAngle=0.1 swayX=0 swayY=0 time=14.16209999999964 baseRot={x:undefined,y:undefined,z:undefined} type=object @ http://localhost:3001/items/Weapon.js:220
[   30157ms] [LOG] [Player] viewWeapon pos=0.25,-0.35,-0.80 rot=NaN,NaN,NaN visible=true fpArmsPos=0.00,0.00,0.00 @ http://localhost:3001/entities/Player.js:742
[   30157ms] [LOG] [Weapon] applyToMesh: recoilAngle=0.1 swayX=0 swayY=0 time=14.171199999999267 baseRot={x:undefined,y:undefined,z:undefined} type=object @ http://localhost:3001/items/Weapon.js:220
[   30168ms] [LOG] [Player] viewWeapon pos=0.25,-0.35,-0.80 rot=NaN,NaN,NaN visible=true fpArmsPos=0.00,0.00,0.00 @ http://localhost:3001/entities/Player.js:742
[   30168ms] [LOG] [Weapon] applyToMesh: recoilAngle=0.1 swayX=0 swayY=0 time=14.181599999999639 baseRot={x:undefined,y:undefined,z:undefined} type=object @ http://localhost:3001/items/Weapon.js:220
[   30177ms] [LOG] [Player] viewWeapon pos=0.25,-0.35,-0.80 rot=NaN,NaN,NaN visible=true fpArmsPos=0.00,0.00,0.00 @ http://localhost:3001/entities/Player.js:742
[   30177ms] [LOG] [Weapon] applyToMesh: recoilAngle=0.1 swayX=0 swayY=0 time=14.190399999999453 baseRot={x:undefined,y:undefined,z:undefined} type=object @ http://localhost:3001/items/Weapon.js:220
[   30185ms] [LOG] [Player] viewWeapon pos=0.25,-0.35,-0.80 rot=NaN,NaN,NaN visible=true fpArmsPos=0.00,0.00,0.00 @ http://localhost:3001/entities/Player.js:742
[   30186ms] [LOG] [Weapon] applyToMesh: recoilAngle=0.1 swayX=0 swayY=0 time=14.199099999999639 baseRot={x:undefined,y:undefined,z:undefined} type=object @ http://localhost:3001/items/Weapon.js:220
[   30194ms] [LOG] [Player] viewWeapon pos=0.25,-0.35,-0.80 rot=NaN,NaN,NaN visible=true fpArmsPos=0.00,0.00,0.00 @ http://localhost:3001/entities/Player.js:742
[   30194ms] [LOG] [Weapon] applyToMesh: recoilAngle=0.1 swayX=0 swayY=0 time=14.207299999999826 baseRot={x:undefined,y:undefined,z:undefined} type=object @ http://localhost:3001/items/Weapon.js:220
[   30206ms] [LOG] [Player] viewWeapon pos=0.25,-0.35,-0.80 rot=NaN,NaN,NaN visible=true fpArmsPos=0.00,0.00,0.00 @ http://localhost:3001/entities/Player.js:742
[   30206ms] [LOG] [Weapon] applyToMesh: recoilAngle=0.1 swayX=0 swayY=0 time=14.219899999999454 baseRot={x:undefined,y:undefined,z:undefined} type=object @ http://localhost:3001/items/Weapon.js:220
[   30218ms] [LOG] [Player] viewWeapon pos=0.25,-0.35,-0.80 rot=NaN,NaN,NaN visible=true fpArmsPos=0.00,0.00,0.00 @ http://localhost:3001/entities/Player.js:742
[   30218ms] [LOG] [Weapon] applyToMesh: recoilAngle=0.1 swayX=0 swayY=0 time=14.231299999999827 baseRot={x:undefined,y:undefined,z:undefined} type=object @ http://localhost:3001/items/Weapon.js:220
[   30231ms] [LOG] [Player] viewWeapon pos=0.25,-0.35,-0.80 rot=NaN,NaN,NaN visible=true fpArmsPos=0.00,0.00,0.00 @ http://localhost:3001/entities/Player.js:742
[   30231ms] [LOG] [Weapon] applyToMesh: recoilAngle=0.1 swayX=0 swayY=0 time=14.241899999999454 baseRot={x:undefined,y:undefined,z:undefined} type=object @ http://localhost:3001/items/Weapon.js:220
[   30242ms] [LOG] [Player] viewWeapon pos=0.25,-0.35,-0.80 rot=NaN,NaN,NaN visible=true fpArmsPos=0.00,0.00,0.00 @ http://localhost:3001/entities/Player.js:742
[   30242ms] [LOG] [Weapon] applyToMesh: recoilAngle=0.1 swayX=0 swayY=0 time=14.255899999999453 baseRot={x:undefined,y:undefined,z:undefined} type=object @ http://localhost:3001/items/Weapon.js:220
[   30257ms] [LOG] [Player] viewWeapon pos=0.25,-0.35,-0.80 rot=NaN,NaN,NaN visible=true fpArmsPos=0.00,0.00,0.00 @ http://localhost:3001/entities/Player.js:742
[   30257ms] [LOG] [Weapon] applyToMesh: recoilAngle=0.1 swayX=0 swayY=0 time=14.270699999999268 baseRot={x:undefined,y:undefined,z:undefined} type=object @ http://localhost:3001/items/Weapon.js:220
[   30269ms] [LOG] [Player] viewWeapon pos=0.25,-0.35,-0.80 rot=NaN,NaN,NaN visible=true fpArmsPos=0.00,0.00,0.00 @ http://localhost:3001/entities/Player.js:742
[   30269ms] [LOG] [Weapon] applyToMesh: recoilAngle=0.1 swayX=0 swayY=0 time=14.282099999999641 baseRot={x:undefined,y:undefined,z:undefined} type=object @ http://localhost:3001/items/Weapon.js:220
[   30279ms] [LOG] [Player] viewWeapon pos=0.25,-0.35,-0.80 rot=NaN,NaN,NaN visible=true fpArmsPos=0.00,0.00,0.00 @ http://localhost:3001/entities/Player.js:742
[   30280ms] [LOG] [Weapon] applyToMesh: recoilAngle=0.1 swayX=0 swayY=0 time=14.293000000000013 baseRot={x:undefined,y:undefined,z:undefined} type=object @ http://localhost:3001/items/Weapon.js:220
[   30291ms] [LOG] [Player] viewWeapon pos=0.25,-0.35,-0.80 rot=NaN,NaN,NaN visible=true fpArmsPos=0.00,0.00,0.00 @ http://localhost:3001/entities/Player.js:742
[   30291ms] [LOG] [Weapon] applyToMesh: recoilAngle=0.1 swayX=0 swayY=0 time=14.303799999999827 baseRot={x:undefined,y:undefined,z:undefined} type=object @ http://localhost:3001/items/Weapon.js:220
[   30304ms] [LOG] [Player] viewWeapon pos=0.25,-0.35,-0.80 rot=NaN,NaN,NaN visible=true fpArmsPos=0.00,0.00,0.00 @ http://localhost:3001/entities/Player.js:742
[   30304ms] [LOG] [Weapon] applyToMesh: recoilAngle=0.1 swayX=0 swayY=0 time=14.317699999999268 baseRot={x:undefined,y:undefined,z:undefined} type=object @ http://localhost:3001/items/Weapon.js:220
[   30316ms] [LOG] [Player] viewWeapon pos=0.25,-0.35,-0.80 rot=NaN,NaN,NaN visible=true fpArmsPos=0.00,0.00,0.00 @ http://localhost:3001/entities/Player.js:742
[   30317ms] [LOG] [Weapon] applyToMesh: recoilAngle=0.1 swayX=0 swayY=0 time=14.329899999999455 baseRot={x:undefined,y:undefined,z:undefined} type=object @ http://localhost:3001/items/Weapon.js:220
[   30329ms] [LOG] [Player] viewWeapon pos=0.25,-0.35,-0.80 rot=NaN,NaN,NaN visible=true fpArmsPos=0.00,0.00,0.00 @ http://localhost:3001/entities/Player.js:742
[   30329ms] [LOG] [Weapon] applyToMesh: recoilAngle=0.1 swayX=0 swayY=0 time=14.342299999999828 baseRot={x:undefined,y:undefined,z:undefined} type=object @ http://localhost:3001/items/Weapon.js:220
[   30341ms] [LOG] [Player] viewWeapon pos=0.25,-0.35,-0.80 rot=NaN,NaN,NaN visible=true fpArmsPos=0.00,0.00,0.00 @ http://localhost:3001/entities/Player.js:742
[   30341ms] [LOG] [Weapon] applyToMesh: recoilAngle=0.1 swayX=0 swayY=0 time=14.35469999999927 baseRot={x:undefined,y:undefined,z:undefined} type=object @ http://localhost:3001/items/Weapon.js:220
[   30355ms] [LOG] [Player] viewWeapon pos=0.25,-0.35,-0.80 rot=NaN,NaN,NaN visible=true fpArmsPos=0.00,0.00,0.00 @ http://localhost:3001/entities/Player.js:742
[   30355ms] [LOG] [Weapon] applyToMesh: recoilAngle=0.1 swayX=0 swayY=0 time=14.368899999999455 baseRot={x:undefined,y:undefined,z:undefined} type=object @ http://localhost:3001/items/Weapon.js:220
[   30365ms] [LOG] [Player] viewWeapon pos=0.25,-0.35,-0.80 rot=NaN,NaN,NaN visible=true fpArmsPos=0.00,0.00,0.00 @ http://localhost:3001/entities/Player.js:742
[   30365ms] [LOG] [Weapon] applyToMesh: recoilAngle=0.1 swayX=0 swayY=0 time=14.37909999999964 baseRot={x:undefined,y:undefined,z:undefined} type=object @ http://localhost:3001/items/Weapon.js:220
[   30376ms] [LOG] [Player] viewWeapon pos=0.25,-0.35,-0.80 rot=NaN,NaN,NaN visible=true fpArmsPos=0.00,0.00,0.00 @ http://localhost:3001/entities/Player.js:742
[   30376ms] [LOG] [Weapon] applyToMesh: recoilAngle=0.1 swayX=0 swayY=0 time=14.389799999999827 baseRot={x:undefined,y:undefined,z:undefined} type=object @ http://localhost:3001/items/Weapon.js:220
[   30388ms] [LOG] [Player] viewWeapon pos=0.25,-0.35,-0.80 rot=NaN,NaN,NaN visible=true fpArmsPos=0.00,0.00,0.00 @ http://localhost:3001/entities/Player.js:742
[   30388ms] [LOG] [Weapon] applyToMesh: recoilAngle=0.1 swayX=0 swayY=0 time=14.40109999999964 baseRot={x:undefined,y:undefined,z:undefined} type=object @ http://localhost:3001/items/Weapon.js:220
[   30402ms] [LOG] [Player] viewWeapon pos=0.25,-0.35,-0.80 rot=NaN,NaN,NaN visible=true fpArmsPos=0.00,0.00,0.00 @ http://localhost:3001/entities/Player.js:742
[   30402ms] [LOG] [Weapon] applyToMesh: recoilAngle=0.1 swayX=0 swayY=0 time=14.41559999999964 baseRot={x:undefined,y:undefined,z:undefined} type=object @ http://localhost:3001/items/Weapon.js:220
[   30412ms] [LOG] [Player] viewWeapon pos=0.25,-0.35,-0.80 rot=NaN,NaN,NaN visible=true fpArmsPos=0.00,0.00,0.00 @ http://localhost:3001/entities/Player.js:742
[   30412ms] [LOG] [Weapon] applyToMesh: recoilAngle=0.1 swayX=0 swayY=0 time=14.425899999999455 baseRot={x:undefined,y:undefined,z:undefined} type=object @ http://localhost:3001/items/Weapon.js:220
[   30421ms] [LOG] [Player] viewWeapon pos=0.25,-0.35,-0.80 rot=NaN,NaN,NaN visible=true fpArmsPos=0.00,0.00,0.00 @ http://localhost:3001/entities/Player.js:742
[   30421ms] [LOG] [Weapon] applyToMesh: recoilAngle=0.1 swayX=0 swayY=0 time=14.43469999999927 baseRot={x:undefined,y:undefined,z:undefined} type=object @ http://localhost:3001/items/Weapon.js:220
[   30433ms] [LOG] [Player] viewWeapon pos=0.25,-0.35,-0.80 rot=NaN,NaN,NaN visible=true fpArmsPos=0.00,0.00,0.00 @ http://localhost:3001/entities/Player.js:742
[   30433ms] [LOG] [Weapon] applyToMesh: recoilAngle=0.1 swayX=0 swayY=0 time=14.446299999999829 baseRot={x:undefined,y:undefined,z:undefined} type=object @ http://localhost:3001/items/Weapon.js:220
[   30447ms] [LOG] [Player] viewWeapon pos=0.25,-0.35,-0.80 rot=NaN,NaN,NaN visible=true fpArmsPos=0.00,0.00,0.00 @ http://localhost:3001/entities/Player.js:742
[   30447ms] [LOG] [Weapon] applyToMesh: recoilAngle=0.1 swayX=0 swayY=0 time=14.460399999999456 baseRot={x:undefined,y:undefined,z:undefined} type=object @ http://localhost:3001/items/Weapon.js:220
[   30460ms] [LOG] [Player] viewWeapon pos=0.25,-0.34,-0.80 rot=NaN,NaN,NaN visible=true fpArmsPos=0.00,0.00,0.00 @ http://localhost:3001/entities/Player.js:742
[   30461ms] [LOG] [Weapon] applyToMesh: recoilAngle=0.1 swayX=0 swayY=0 time=14.473599999999642 baseRot={x:undefined,y:undefined,z:undefined} type=object @ http://localhost:3001/items/Weapon.js:220
[   30473ms] [LOG] [Player] viewWeapon pos=0.25,-0.34,-0.80 rot=NaN,NaN,NaN visible=true fpArmsPos=0.00,0.00,0.00 @ http://localhost:3001/entities/Player.js:742
[   30473ms] [LOG] [Weapon] applyToMesh: recoilAngle=0.1 swayX=0 swayY=0 time=14.486399999999456 baseRot={x:undefined,y:undefined,z:undefined} type=object @ http://localhost:3001/items/Weapon.js:220
[   30486ms] [LOG] [Player] viewWeapon pos=0.25,-0.34,-0.80 rot=NaN,NaN,NaN visible=true fpArmsPos=0.00,0.00,0.00 @ http://localhost:3001/entities/Player.js:742
[   30486ms] [LOG] [Weapon] applyToMesh: recoilAngle=0.1 swayX=0 swayY=0 time=14.499599999999642 baseRot={x:undefined,y:undefined,z:undefined} type=object @ http://localhost:3001/items/Weapon.js:220
[   30504ms] [LOG] [Player] viewWeapon pos=0.25,-0.34,-0.80 rot=NaN,NaN,NaN visible=true fpArmsPos=0.00,0.00,0.00 @ http://localhost:3001/entities/Player.js:742
[   30504ms] [LOG] [Weapon] applyToMesh: recoilAngle=0.1 swayX=0 swayY=0 time=14.517399999999455 baseRot={x:undefined,y:undefined,z:undefined} type=object @ http://localhost:3001/items/Weapon.js:220
[   30519ms] [LOG] [Player] viewWeapon pos=0.25,-0.34,-0.80 rot=NaN,NaN,NaN visible=true fpArmsPos=0.00,0.00,0.00 @ http://localhost:3001/entities/Player.js:742
[   30519ms] [LOG] [Weapon] applyToMesh: recoilAngle=0.1 swayX=0 swayY=0 time=14.532500000000013 baseRot={x:undefined,y:undefined,z:undefined} type=object @ http://localhost:3001/items/Weapon.js:220
[   30538ms] [LOG] [Player] viewWeapon pos=0.25,-0.34,-0.80 rot=NaN,NaN,NaN visible=true fpArmsPos=0.00,0.00,0.00 @ http://localhost:3001/entities/Player.js:742
[   30538ms] [LOG] [Weapon] applyToMesh: recoilAngle=0.1 swayX=0 swayY=0 time=14.551699999999268 baseRot={x:undefined,y:undefined,z:undefined} type=object @ http://localhost:3001/items/Weapon.js:220
[   30538ms] [LOG] [Player] after applyToMesh: rot=NaN,NaN,NaN baseRot=undef @ http://localhost:3001/entities/Player.js:781
[   30553ms] [LOG] [Player] viewWeapon pos=0.25,-0.34,-0.80 rot=NaN,NaN,NaN visible=true fpArmsPos=0.00,0.00,0.00 @ http://localhost:3001/entities/Player.js:742
[   30553ms] [LOG] [Weapon] applyToMesh: recoilAngle=0.1 swayX=0 swayY=0 time=14.566699999999269 baseRot={x:undefined,y:undefined,z:undefined} type=object @ http://localhost:3001/items/Weapon.js:220
[   30564ms] [LOG] [Player] viewWeapon pos=0.25,-0.34,-0.80 rot=NaN,NaN,NaN visible=true fpArmsPos=0.00,0.00,0.00 @ http://localhost:3001/entities/Player.js:742
[   30565ms] [LOG] [Weapon] applyToMesh: recoilAngle=0.1 swayX=0 swayY=0 time=14.578299999999828 baseRot={x:undefined,y:undefined,z:undefined} type=object @ http://localhost:3001/items/Weapon.js:220
[   30576ms] [LOG] [Player] viewWeapon pos=0.25,-0.34,-0.80 rot=NaN,NaN,NaN visible=true fpArmsPos=0.00,0.00,0.00 @ http://localhost:3001/entities/Player.js:742
[   30576ms] [LOG] [Weapon] applyToMesh: recoilAngle=0.1 swayX=0 swayY=0 time=14.589000000000015 baseRot={x:undefined,y:undefined,z:undefined} type=object @ http://localhost:3001/items/Weapon.js:220
[   30586ms] [LOG] [Player] viewWeapon pos=0.25,-0.34,-0.80 rot=NaN,NaN,NaN visible=true fpArmsPos=0.00,0.00,0.00 @ http://localhost:3001/entities/Player.js:742
[   30586ms] [LOG] [Weapon] applyToMesh: recoilAngle=0.1 swayX=0 swayY=0 time=14.59919999999927 baseRot={x:undefined,y:undefined,z:undefined} type=object @ http://localhost:3001/items/Weapon.js:220
[   30601ms] [LOG] [Player] viewWeapon pos=0.25,-0.34,-0.80 rot=NaN,NaN,NaN visible=true fpArmsPos=0.00,0.00,0.00 @ http://localhost:3001/entities/Player.js:742
[   30601ms] [LOG] [Weapon] applyToMesh: recoilAngle=0.1 swayX=0 swayY=0 time=14.614000000000015 baseRot={x:undefined,y:undefined,z:undefined} type=object @ http://localhost:3001/items/Weapon.js:220
[   30613ms] [LOG] [Player] viewWeapon pos=0.25,-0.34,-0.80 rot=NaN,NaN,NaN visible=true fpArmsPos=0.00,0.00,0.00 @ http://localhost:3001/entities/Player.js:742
[   30613ms] [LOG] [Weapon] applyToMesh: recoilAngle=0.1 swayX=0 swayY=0 time=14.626799999999829 baseRot={x:undefined,y:undefined,z:undefined} type=object @ http://localhost:3001/items/Weapon.js:220
[   30623ms] [LOG] [Player] viewWeapon pos=0.25,-0.34,-0.80 rot=NaN,NaN,NaN visible=true fpArmsPos=0.00,0.00,0.00 @ http://localhost:3001/entities/Player.js:742
[   30623ms] [LOG] [Weapon] applyToMesh: recoilAngle=0.1 swayX=0 swayY=0 time=14.636399999999457 baseRot={x:undefined,y:undefined,z:undefined} type=object @ http://localhost:3001/items/Weapon.js:220
[   30623ms] [LOG] [Player] after applyToMesh: rot=NaN,NaN,NaN baseRot=undef @ http://localhost:3001/entities/Player.js:781
[   30630ms] [LOG] [Player] viewWeapon pos=0.25,-0.34,-0.80 rot=NaN,NaN,NaN visible=true fpArmsPos=0.00,0.00,0.00 @ http://localhost:3001/entities/Player.js:742
[   30631ms] [LOG] [Weapon] applyToMesh: recoilAngle=0.1 swayX=0 swayY=0 time=14.64419999999927 baseRot={x:undefined,y:undefined,z:undefined} type=object @ http://localhost:3001/items/Weapon.js:220
[   30641ms] [LOG] [Player] viewWeapon pos=0.25,-0.34,-0.80 rot=NaN,NaN,NaN visible=true fpArmsPos=0.00,0.00,0.00 @ http://localhost:3001/entities/Player.js:742
[   30641ms] [LOG] [Weapon] applyToMesh: recoilAngle=0.1 swayX=0 swayY=0 time=14.654299999999829 baseRot={x:undefined,y:undefined,z:undefined} type=object @ http://localhost:3001/items/Weapon.js:220
[   30650ms] [LOG] [Player] viewWeapon pos=0.25,-0.34,-0.80 rot=NaN,NaN,NaN visible=true fpArmsPos=0.00,0.00,0.00 @ http://localhost:3001/entities/Player.js:742
[   30650ms] [LOG] [Weapon] applyToMesh: recoilAngle=0.1 swayX=0 swayY=0 time=14.663399999999456 baseRot={x:undefined,y:undefined,z:undefined} type=object @ http://localhost:3001/items/Weapon.js:220
[   30661ms] [LOG] [Player] viewWeapon pos=0.25,-0.34,-0.80 rot=NaN,NaN,NaN visible=true fpArmsPos=0.00,0.00,0.00 @ http://localhost:3001/entities/Player.js:742
[   30661ms] [LOG] [Weapon] applyToMesh: recoilAngle=0.1 swayX=0 swayY=0 time=14.674399999999455 baseRot={x:undefined,y:undefined,z:undefined} type=object @ http://localhost:3001/items/Weapon.js:220
[   30669ms] [LOG] [Player] viewWeapon pos=0.25,-0.34,-0.80 rot=NaN,NaN,NaN visible=true fpArmsPos=0.00,0.00,0.00 @ http://localhost:3001/entities/Player.js:742
[   30670ms] [LOG] [Weapon] applyToMesh: recoilAngle=0.1 swayX=0 swayY=0 time=14.68319999999927 baseRot={x:undefined,y:undefined,z:undefined} type=object @ http://localhost:3001/items/Weapon.js:220
[   30678ms] [LOG] [Player] viewWeapon pos=0.25,-0.34,-0.80 rot=NaN,NaN,NaN visible=true fpArmsPos=0.00,0.00,0.00 @ http://localhost:3001/entities/Player.js:742
[   30678ms] [LOG] [Weapon] applyToMesh: recoilAngle=0.1 swayX=0 swayY=0 time=14.691799999999828 baseRot={x:undefined,y:undefined,z:undefined} type=object @ http://localhost:3001/items/Weapon.js:220
[   30690ms] [LOG] [Player] viewWeapon pos=0.25,-0.34,-0.80 rot=NaN,NaN,NaN visible=true fpArmsPos=0.00,0.00,0.00 @ http://localhost:3001/entities/Player.js:742
[   30690ms] [LOG] [Weapon] applyToMesh: recoilAngle=0.1 swayX=0 swayY=0 time=14.70419999999927 baseRot={x:undefined,y:undefined,z:undefined} type=object @ http://localhost:3001/items/Weapon.js:220
[   30698ms] [LOG] [Player] viewWeapon pos=0.25,-0.34,-0.80 rot=NaN,NaN,NaN visible=true fpArmsPos=0.00,0.00,0.00 @ http://localhost:3001/entities/Player.js:742
[   30698ms] [LOG] [Weapon] applyToMesh: recoilAngle=0.1 swayX=0 swayY=0 time=14.711599999999642 baseRot={x:undefined,y:undefined,z:undefined} type=object @ http://localhost:3001/items/Weapon.js:220
[   30708ms] [LOG] [Player] viewWeapon pos=0.25,-0.34,-0.80 rot=NaN,NaN,NaN visible=true fpArmsPos=0.00,0.00,0.00 @ http://localhost:3001/entities/Player.js:742
[   30708ms] [LOG] [Weapon] applyToMesh: recoilAngle=0.1 swayX=0 swayY=0 time=14.721799999999828 baseRot={x:undefined,y:undefined,z:undefined} type=object @ http://localhost:3001/items/Weapon.js:220
[   30718ms] [LOG] [Player] viewWeapon pos=0.25,-0.34,-0.80 rot=NaN,NaN,NaN visible=true fpArmsPos=0.00,0.00,0.00 @ http://localhost:3001/entities/Player.js:742
[   30718ms] [LOG] [Weapon] applyToMesh: recoilAngle=0.1 swayX=0 swayY=0 time=14.731799999999827 baseRot={x:undefined,y:undefined,z:undefined} type=object @ http://localhost:3001/items/Weapon.js:220
[   30728ms] [LOG] [Player] viewWeapon pos=0.25,-0.34,-0.80 rot=NaN,NaN,NaN visible=true fpArmsPos=0.00,0.00,0.00 @ http://localhost:3001/entities/Player.js:742
[   30728ms] [LOG] [Weapon] applyToMesh: recoilAngle=0.1 swayX=0 swayY=0 time=14.741299999999827 baseRot={x:undefined,y:undefined,z:undefined} type=object @ http://localhost:3001/items/Weapon.js:220
[   30737ms] [LOG] [Player] viewWeapon pos=0.25,-0.34,-0.80 rot=NaN,NaN,NaN visible=true fpArmsPos=0.00,0.00,0.00 @ http://localhost:3001/entities/Player.js:742
[   30737ms] [LOG] [Weapon] applyToMesh: recoilAngle=0.1 swayX=0 swayY=0 time=14.75109999999964 baseRot={x:undefined,y:undefined,z:undefined} type=object @ http://localhost:3001/items/Weapon.js:220
[   30745ms] [LOG] [Player] viewWeapon pos=0.25,-0.34,-0.80 rot=NaN,NaN,NaN visible=true fpArmsPos=0.00,0.00,0.00 @ http://localhost:3001/entities/Player.js:742
[   30746ms] [LOG] [Weapon] applyToMesh: recoilAngle=0.1 swayX=0 swayY=0 time=14.759199999999268 baseRot={x:undefined,y:undefined,z:undefined} type=object @ http://localhost:3001/items/Weapon.js:220
[   30753ms] [LOG] [Player] viewWeapon pos=0.25,-0.34,-0.80 rot=NaN,NaN,NaN visible=true fpArmsPos=0.00,0.00,0.00 @ http://localhost:3001/entities/Player.js:742
[   30753ms] [LOG] [Weapon] applyToMesh: recoilAngle=0.1 swayX=0 swayY=0 time=14.767199999999267 baseRot={x:undefined,y:undefined,z:undefined} type=object @ http://localhost:3001/items/Weapon.js:220
[   30762ms] [LOG] [Player] viewWeapon pos=0.25,-0.34,-0.80 rot=NaN,NaN,NaN visible=true fpArmsPos=0.00,0.00,0.00 @ http://localhost:3001/entities/Player.js:742
[   30762ms] [LOG] [Weapon] applyToMesh: recoilAngle=0.1 swayX=0 swayY=0 time=14.775899999999453 baseRot={x:undefined,y:undefined,z:undefined} type=object @ http://localhost:3001/items/Weapon.js:220
[   30770ms] [LOG] [Player] viewWeapon pos=0.25,-0.34,-0.80 rot=NaN,NaN,NaN visible=true fpArmsPos=0.00,0.00,0.00 @ http://localhost:3001/entities/Player.js:742
[   30771ms] [LOG] [Weapon] applyToMesh: recoilAngle=0.1 swayX=0 swayY=0 time=14.783699999999266 baseRot={x:undefined,y:undefined,z:undefined} type=object @ http://localhost:3001/items/Weapon.js:220
[   30779ms] [LOG] [Player] viewWeapon pos=0.25,-0.34,-0.80 rot=NaN,NaN,NaN visible=true fpArmsPos=0.00,0.00,0.00 @ http://localhost:3001/entities/Player.js:742
[   30779ms] [LOG] [Weapon] applyToMesh: recoilAngle=0.1 swayX=0 swayY=0 time=14.793099999999638 baseRot={x:undefined,y:undefined,z:undefined} type=object @ http://localhost:3001/items/Weapon.js:220
[   30788ms] [LOG] [Player] viewWeapon pos=0.25,-0.34,-0.80 rot=NaN,NaN,NaN visible=true fpArmsPos=0.00,0.00,0.00 @ http://localhost:3001/entities/Player.js:742
[   30789ms] [LOG] [Weapon] applyToMesh: recoilAngle=0.1 swayX=0 swayY=0 time=14.802399999999452 baseRot={x:undefined,y:undefined,z:undefined} type=object @ http://localhost:3001/items/Weapon.js:220
[   30796ms] [LOG] [Player] viewWeapon pos=0.25,-0.34,-0.80 rot=NaN,NaN,NaN visible=true fpArmsPos=0.00,0.00,0.00 @ http://localhost:3001/entities/Player.js:742
[   30796ms] [LOG] [Weapon] applyToMesh: recoilAngle=0.1 swayX=0 swayY=0 time=14.810199999999265 baseRot={x:undefined,y:undefined,z:undefined} type=object @ http://localhost:3001/items/Weapon.js:220
[   30804ms] [LOG] [Player] viewWeapon pos=0.25,-0.34,-0.80 rot=NaN,NaN,NaN visible=true fpArmsPos=0.00,0.00,0.00 @ http://localhost:3001/entities/Player.js:742
[   30804ms] [LOG] [Weapon] applyToMesh: recoilAngle=0.1 swayX=0 swayY=0 time=14.817899999999451 baseRot={x:undefined,y:undefined,z:undefined} type=object @ http://localhost:3001/items/Weapon.js:220
[   30813ms] [LOG] [Player] viewWeapon pos=0.25,-0.34,-0.80 rot=NaN,NaN,NaN visible=true fpArmsPos=0.00,0.00,0.00 @ http://localhost:3001/entities/Player.js:742
[   30813ms] [LOG] [Weapon] applyToMesh: recoilAngle=0.1 swayX=0 swayY=0 time=14.826299999999824 baseRot={x:undefined,y:undefined,z:undefined} type=object @ http://localhost:3001/items/Weapon.js:220
[   30821ms] [LOG] [Player] viewWeapon pos=0.25,-0.34,-0.80 rot=NaN,NaN,NaN visible=true fpArmsPos=0.00,0.00,0.00 @ http://localhost:3001/entities/Player.js:742
[   30821ms] [LOG] [Weapon] applyToMesh: recoilAngle=0.1 swayX=0 swayY=0 time=14.834500000000011 baseRot={x:undefined,y:undefined,z:undefined} type=object @ http://localhost:3001/items/Weapon.js:220
[   30829ms] [LOG] [Player] viewWeapon pos=0.25,-0.34,-0.80 rot=NaN,NaN,NaN visible=true fpArmsPos=0.00,0.00,0.00 @ http://localhost:3001/entities/Player.js:742
[   30829ms] [LOG] [Weapon] applyToMesh: recoilAngle=0.1 swayX=0 swayY=0 time=14.84250000000001 baseRot={x:undefined,y:undefined,z:undefined} type=object @ http://localhost:3001/items/Weapon.js:220
[   30839ms] [LOG] [Player] viewWeapon pos=0.25,-0.34,-0.80 rot=NaN,NaN,NaN visible=true fpArmsPos=0.00,0.00,0.00 @ http://localhost:3001/entities/Player.js:742
[   30839ms] [LOG] [Weapon] applyToMesh: recoilAngle=0.1 swayX=0 swayY=0 time=14.85239999999945 baseRot={x:undefined,y:undefined,z:undefined} type=object @ http://localhost:3001/items/Weapon.js:220
[   30848ms] [LOG] [Player] viewWeapon pos=0.25,-0.34,-0.80 rot=NaN,NaN,NaN visible=true fpArmsPos=0.00,0.00,0.00 @ http://localhost:3001/entities/Player.js:742
[   30848ms] [LOG] [Weapon] applyToMesh: recoilAngle=0.1 swayX=0 swayY=0 time=14.86150000000001 baseRot={x:undefined,y:undefined,z:undefined} type=object @ http://localhost:3001/items/Weapon.js:220
[   30856ms] [LOG] [Player] viewWeapon pos=0.25,-0.34,-0.80 rot=NaN,NaN,NaN visible=true fpArmsPos=0.00,0.00,0.00 @ http://localhost:3001/entities/Player.js:742
[   30856ms] [LOG] [Weapon] applyToMesh: recoilAngle=0.1 swayX=0 swayY=0 time=14.869599999999638 baseRot={x:undefined,y:undefined,z:undefined} type=object @ http://localhost:3001/items/Weapon.js:220
[   30863ms] [LOG] [Player] viewWeapon pos=0.25,-0.34,-0.80 rot=NaN,NaN,NaN visible=true fpArmsPos=0.00,0.00,0.00 @ http://localhost:3001/entities/Player.js:742
[   30864ms] [LOG] [Weapon] applyToMesh: recoilAngle=0.1 swayX=0 swayY=0 time=14.877299999999824 baseRot={x:undefined,y:undefined,z:undefined} type=object @ http://localhost:3001/items/Weapon.js:220
[   30873ms] [LOG] [Player] viewWeapon pos=0.25,-0.34,-0.80 rot=NaN,NaN,NaN visible=true fpArmsPos=0.00,0.00,0.00 @ http://localhost:3001/entities/Player.js:742
[   30874ms] [LOG] [Weapon] applyToMesh: recoilAngle=0.1 swayX=0 swayY=0 time=14.887099999999638 baseRot={x:undefined,y:undefined,z:undefined} type=object @ http://localhost:3001/items/Weapon.js:220
[   30881ms] [LOG] [Player] viewWeapon pos=0.25,-0.34,-0.80 rot=NaN,NaN,NaN visible=true fpArmsPos=0.00,0.00,0.00 @ http://localhost:3001/entities/Player.js:742
[   30881ms] [LOG] [Weapon] applyToMesh: recoilAngle=0.1 swayX=0 swayY=0 time=14.894699999999265 baseRot={x:undefined,y:undefined,z:undefined} type=object @ http://localhost:3001/items/Weapon.js:220
[   30891ms] [LOG] [Player] viewWeapon pos=0.25,-0.34,-0.80 rot=NaN,NaN,NaN visible=true fpArmsPos=0.00,0.00,0.00 @ http://localhost:3001/entities/Player.js:742
[   30891ms] [LOG] [Weapon] applyToMesh: recoilAngle=0.1 swayX=0 swayY=0 time=14.90489999999945 baseRot={x:undefined,y:undefined,z:undefined} type=object @ http://localhost:3001/items/Weapon.js:220
[   30899ms] [LOG] [Player] viewWeapon pos=0.25,-0.34,-0.80 rot=NaN,NaN,NaN visible=true fpArmsPos=0.00,0.00,0.00 @ http://localhost:3001/entities/Player.js:742
[   30899ms] [LOG] [Weapon] applyToMesh: recoilAngle=0.1 swayX=0 swayY=0 time=14.91289999999945 baseRot={x:undefined,y:undefined,z:undefined} type=object @ http://localhost:3001/items/Weapon.js:220
[   30906ms] [LOG] [Player] viewWeapon pos=0.25,-0.34,-0.80 rot=NaN,NaN,NaN visible=true fpArmsPos=0.00,0.00,0.00 @ http://localhost:3001/entities/Player.js:742
[   30906ms] [LOG] [Weapon] applyToMesh: recoilAngle=0.1 swayX=0 swayY=0 time=14.920000000000009 baseRot={x:undefined,y:undefined,z:undefined} type=object @ http://localhost:3001/items/Weapon.js:220
[   30913ms] [LOG] [Player] viewWeapon pos=0.25,-0.34,-0.80 rot=NaN,NaN,NaN visible=true fpArmsPos=0.00,0.00,0.00 @ http://localhost:3001/entities/Player.js:742
[   30913ms] [LOG] [Weapon] applyToMesh: recoilAngle=0.1 swayX=0 swayY=0 time=14.927000000000008 baseRot={x:undefined,y:undefined,z:undefined} type=object @ http://localhost:3001/items/Weapon.js:220
[   30921ms] [LOG] [Player] viewWeapon pos=0.25,-0.34,-0.80 rot=NaN,NaN,NaN visible=true fpArmsPos=0.00,0.00,0.00 @ http://localhost:3001/entities/Player.js:742
[   30922ms] [LOG] [Weapon] applyToMesh: recoilAngle=0.1 swayX=0 swayY=0 time=14.935199999999263 baseRot={x:undefined,y:undefined,z:undefined} type=object @ http://localhost:3001/items/Weapon.js:220
[   30930ms] [LOG] [Player] viewWeapon pos=0.25,-0.34,-0.80 rot=NaN,NaN,NaN visible=true fpArmsPos=0.00,0.00,0.00 @ http://localhost:3001/entities/Player.js:742
[   30930ms] [LOG] [Weapon] applyToMesh: recoilAngle=0.1 swayX=0 swayY=0 time=14.943699999999263 baseRot={x:undefined,y:undefined,z:undefined} type=object @ http://localhost:3001/items/Weapon.js:220
[   30930ms] [LOG] [Player] after applyToMesh: rot=NaN,NaN,NaN baseRot=undef @ http://localhost:3001/entities/Player.js:781
[   30939ms] [LOG] [Player] viewWeapon pos=0.25,-0.34,-0.80 rot=NaN,NaN,NaN visible=true fpArmsPos=0.00,0.00,0.00 @ http://localhost:3001/entities/Player.js:742
[   30940ms] [LOG] [Weapon] applyToMesh: recoilAngle=0.1 swayX=0 swayY=0 time=14.953299999999821 baseRot={x:undefined,y:undefined,z:undefined} type=object @ http://localhost:3001/items/Weapon.js:220
[   30947ms] [LOG] [Player] viewWeapon pos=0.25,-0.34,-0.80 rot=NaN,NaN,NaN visible=true fpArmsPos=0.00,0.00,0.00 @ http://localhost:3001/entities/Player.js:742
[   30947ms] [LOG] [Weapon] applyToMesh: recoilAngle=0.1 swayX=0 swayY=0 time=14.960899999999448 baseRot={x:undefined,y:undefined,z:undefined} type=object @ http://localhost:3001/items/Weapon.js:220
[   30947ms] [LOG] [Player] after applyToMesh: rot=NaN,NaN,NaN baseRot=undef @ http://localhost:3001/entities/Player.js:781
[   30955ms] [LOG] [Player] viewWeapon pos=0.25,-0.34,-0.80 rot=NaN,NaN,NaN visible=true fpArmsPos=0.00,0.00,0.00 @ http://localhost:3001/entities/Player.js:742
[   30956ms] [LOG] [Weapon] applyToMesh: recoilAngle=0.1 swayX=0 swayY=0 time=14.969299999999821 baseRot={x:undefined,y:undefined,z:undefined} type=object @ http://localhost:3001/items/Weapon.js:220
[   30963ms] [LOG] [Player] viewWeapon pos=0.25,-0.34,-0.80 rot=NaN,NaN,NaN visible=true fpArmsPos=0.00,0.00,0.00 @ http://localhost:3001/entities/Player.js:742
[   30964ms] [LOG] [Weapon] applyToMesh: recoilAngle=0.1 swayX=0 swayY=0 time=14.977199999999263 baseRot={x:undefined,y:undefined,z:undefined} type=object @ http://localhost:3001/items/Weapon.js:220
[   30971ms] [LOG] [Player] viewWeapon pos=0.25,-0.34,-0.80 rot=NaN,NaN,NaN visible=true fpArmsPos=0.00,0.00,0.00 @ http://localhost:3001/entities/Player.js:742
[   30972ms] [LOG] [Weapon] applyToMesh: recoilAngle=0.1 swayX=0 swayY=0 time=14.984699999999263 baseRot={x:undefined,y:undefined,z:undefined} type=object @ http://localhost:3001/items/Weapon.js:220
[   30982ms] [LOG] [Player] viewWeapon pos=0.25,-0.34,-0.80 rot=NaN,NaN,NaN visible=true fpArmsPos=0.00,0.00,0.00 @ http://localhost:3001/entities/Player.js:742
[   30982ms] [LOG] [Weapon] applyToMesh: recoilAngle=0.1 swayX=0 swayY=0 time=14.996099999999636 baseRot={x:undefined,y:undefined,z:undefined} type=object @ http://localhost:3001/items/Weapon.js:220
[   30992ms] [LOG] [Player] viewWeapon pos=0.25,-0.34,-0.80 rot=NaN,NaN,NaN visible=true fpArmsPos=0.00,0.00,0.00 @ http://localhost:3001/entities/Player.js:742
[   30992ms] [LOG] [Weapon] applyToMesh: recoilAngle=0.1 swayX=0 swayY=0 time=15.005699999999264 baseRot={x:undefined,y:undefined,z:undefined} type=object @ http://localhost:3001/items/Weapon.js:220
[   31001ms] [LOG] [Player] viewWeapon pos=0.25,-0.34,-0.80 rot=NaN,NaN,NaN visible=true fpArmsPos=0.00,0.00,0.00 @ http://localhost:3001/entities/Player.js:742
[   31001ms] [LOG] [Weapon] applyToMesh: recoilAngle=0.1 swayX=0 swayY=0 time=15.014599999999636 baseRot={x:undefined,y:undefined,z:undefined} type=object @ http://localhost:3001/items/Weapon.js:220
[   31009ms] [LOG] [Player] viewWeapon pos=0.25,-0.34,-0.80 rot=NaN,NaN,NaN visible=true fpArmsPos=0.00,0.00,0.00 @ http://localhost:3001/entities/Player.js:742
[   31009ms] [LOG] [Weapon] applyToMesh: recoilAngle=0.1 swayX=0 swayY=0 time=15.022299999999822 baseRot={x:undefined,y:undefined,z:undefined} type=object @ http://localhost:3001/items/Weapon.js:220
[   31016ms] [LOG] [Player] viewWeapon pos=0.25,-0.34,-0.80 rot=NaN,NaN,NaN visible=true fpArmsPos=0.00,0.00,0.00 @ http://localhost:3001/entities/Player.js:742
[   31017ms] [LOG] [Weapon] applyToMesh: recoilAngle=0.1 swayX=0 swayY=0 time=15.03039999999945 baseRot={x:undefined,y:undefined,z:undefined} type=object @ http://localhost:3001/items/Weapon.js:220
[   31025ms] [LOG] [Player] viewWeapon pos=0.25,-0.34,-0.80 rot=NaN,NaN,NaN visible=true fpArmsPos=0.00,0.00,0.00 @ http://localhost:3001/entities/Player.js:742
[   31025ms] [LOG] [Weapon] applyToMesh: recoilAngle=0.1 swayX=0 swayY=0 time=15.03889999999945 baseRot={x:undefined,y:undefined,z:undefined} type=object @ http://localhost:3001/items/Weapon.js:220
[   31033ms] [LOG] [Player] viewWeapon pos=0.25,-0.34,-0.80 rot=NaN,NaN,NaN visible=true fpArmsPos=0.00,0.00,0.00 @ http://localhost:3001/entities/Player.js:742
[   31033ms] [LOG] [Weapon] applyToMesh: recoilAngle=0.1 swayX=0 swayY=0 time=15.046599999999636 baseRot={x:undefined,y:undefined,z:undefined} type=object @ http://localhost:3001/items/Weapon.js:220
[   31043ms] [LOG] [Player] viewWeapon pos=0.25,-0.34,-0.80 rot=NaN,NaN,NaN visible=true fpArmsPos=0.00,0.00,0.00 @ http://localhost:3001/entities/Player.js:742
[   31043ms] [LOG] [Weapon] applyToMesh: recoilAngle=0.1 swayX=0 swayY=0 time=15.056799999999821 baseRot={x:undefined,y:undefined,z:undefined} type=object @ http://localhost:3001/items/Weapon.js:220
[   31051ms] [LOG] [Player] viewWeapon pos=0.25,-0.34,-0.80 rot=NaN,NaN,NaN visible=true fpArmsPos=0.00,0.00,0.00 @ http://localhost:3001/entities/Player.js:742
[   31051ms] [LOG] [Weapon] applyToMesh: recoilAngle=0.1 swayX=0 swayY=0 time=15.065299999999821 baseRot={x:undefined,y:undefined,z:undefined} type=object @ http://localhost:3001/items/Weapon.js:220
[   31059ms] [LOG] [Player] viewWeapon pos=0.25,-0.34,-0.80 rot=NaN,NaN,NaN visible=true fpArmsPos=0.00,0.00,0.00 @ http://localhost:3001/entities/Player.js:742
[   31060ms] [LOG] [Weapon] applyToMesh: recoilAngle=0.1 swayX=0 swayY=0 time=15.07329999999982 baseRot={x:undefined,y:undefined,z:undefined} type=object @ http://localhost:3001/items/Weapon.js:220
[   31067ms] [LOG] [Player] viewWeapon pos=0.25,-0.34,-0.80 rot=NaN,NaN,NaN visible=true fpArmsPos=0.00,0.00,0.00 @ http://localhost:3001/entities/Player.js:742
[   31067ms] [LOG] [Weapon] applyToMesh: recoilAngle=0.1 swayX=0 swayY=0 time=15.081199999999262 baseRot={x:undefined,y:undefined,z:undefined} type=object @ http://localhost:3001/items/Weapon.js:220
[   31076ms] [LOG] [Player] viewWeapon pos=0.25,-0.34,-0.80 rot=NaN,NaN,NaN visible=true fpArmsPos=0.00,0.00,0.00 @ http://localhost:3001/entities/Player.js:742
[   31076ms] [LOG] [Weapon] applyToMesh: recoilAngle=0.1 swayX=0 swayY=0 time=15.08929999999982 baseRot={x:undefined,y:undefined,z:undefined} type=object @ http://localhost:3001/items/Weapon.js:220
[   31084ms] [LOG] [Player] viewWeapon pos=0.25,-0.34,-0.80 rot=NaN,NaN,NaN visible=true fpArmsPos=0.00,0.00,0.00 @ http://localhost:3001/entities/Player.js:742
[   31084ms] [LOG] [Weapon] applyToMesh: recoilAngle=0.1 swayX=0 swayY=0 time=15.09769999999926 baseRot={x:undefined,y:undefined,z:undefined} type=object @ http://localhost:3001/items/Weapon.js:220
[   31093ms] [LOG] [Player] viewWeapon pos=0.25,-0.34,-0.80 rot=NaN,NaN,NaN visible=true fpArmsPos=0.00,0.00,0.00 @ http://localhost:3001/entities/Player.js:742
[   31093ms] [LOG] [Weapon] applyToMesh: recoilAngle=0.1 swayX=0 swayY=0 time=15.106699999999261 baseRot={x:undefined,y:undefined,z:undefined} type=object @ http://localhost:3001/items/Weapon.js:220
[   31101ms] [LOG] [Player] viewWeapon pos=0.25,-0.34,-0.80 rot=NaN,NaN,NaN visible=true fpArmsPos=0.00,0.00,0.00 @ http://localhost:3001/entities/Player.js:742
[   31101ms] [LOG] [Weapon] applyToMesh: recoilAngle=0.1 swayX=0 swayY=0 time=15.11469999999926 baseRot={x:undefined,y:undefined,z:undefined} type=object @ http://localhost:3001/items/Weapon.js:220
[   31108ms] [LOG] [Player] viewWeapon pos=0.25,-0.34,-0.80 rot=NaN,NaN,NaN visible=true fpArmsPos=0.00,0.00,0.00 @ http://localhost:3001/entities/Player.js:742
[   31108ms] [LOG] [Weapon] applyToMesh: recoilAngle=0.1 swayX=0 swayY=0 time=15.12219999999926 baseRot={x:undefined,y:undefined,z:undefined} type=object @ http://localhost:3001/items/Weapon.js:220
[   31116ms] [LOG] [Player] viewWeapon pos=0.25,-0.34,-0.80 rot=NaN,NaN,NaN visible=true fpArmsPos=0.00,0.00,0.00 @ http://localhost:3001/entities/Player.js:742
[   31117ms] [LOG] [Weapon] applyToMesh: recoilAngle=0.1 swayX=0 swayY=0 time=15.130000000000006 baseRot={x:undefined,y:undefined,z:undefined} type=object @ http://localhost:3001/items/Weapon.js:220
[   31133ms] [LOG] [Player] viewWeapon pos=0.25,-0.34,-0.80 rot=NaN,NaN,NaN visible=true fpArmsPos=0.00,0.00,0.00 @ http://localhost:3001/entities/Player.js:742
[   31134ms] [LOG] [Weapon] applyToMesh: recoilAngle=0.1 swayX=0 swayY=0 time=15.14669999999926 baseRot={x:undefined,y:undefined,z:undefined} type=object @ http://localhost:3001/items/Weapon.js:220
[   31154ms] [LOG] [Player] viewWeapon pos=0.25,-0.34,-0.80 rot=NaN,NaN,NaN visible=true fpArmsPos=0.00,0.00,0.00 @ http://localhost:3001/entities/Player.js:742
[   31155ms] [LOG] [Weapon] applyToMesh: recoilAngle=0.1 swayX=0 swayY=0 time=15.167899999999447 baseRot={x:undefined,y:undefined,z:undefined} type=object @ http://localhost:3001/items/Weapon.js:220
[   31170ms] [LOG] [Player] viewWeapon pos=0.25,-0.34,-0.80 rot=NaN,NaN,NaN visible=true fpArmsPos=0.00,0.00,0.00 @ http://localhost:3001/entities/Player.js:742
[   31170ms] [LOG] [Weapon] applyToMesh: recoilAngle=0.1 swayX=0 swayY=0 time=15.183399999999446 baseRot={x:undefined,y:undefined,z:undefined} type=object @ http://localhost:3001/items/Weapon.js:220
[   31170ms] [LOG] [Player] after applyToMesh: rot=NaN,NaN,NaN baseRot=undef @ http://localhost:3001/entities/Player.js:781
[   31188ms] [LOG] [Player] viewWeapon pos=0.25,-0.34,-0.80 rot=NaN,NaN,NaN visible=true fpArmsPos=0.00,0.00,0.00 @ http://localhost:3001/entities/Player.js:742
[   31188ms] [LOG] [Weapon] applyToMesh: recoilAngle=0.1 swayX=0 swayY=0 time=15.20069999999926 baseRot={x:undefined,y:undefined,z:undefined} type=object @ http://localhost:3001/items/Weapon.js:220
[   31206ms] [LOG] [Player] viewWeapon pos=0.25,-0.34,-0.80 rot=NaN,NaN,NaN visible=true fpArmsPos=0.00,0.00,0.00 @ http://localhost:3001/entities/Player.js:742
[   31206ms] [LOG] [Weapon] applyToMesh: recoilAngle=0.1 swayX=0 swayY=0 time=15.21969999999926 baseRot={x:undefined,y:undefined,z:undefined} type=object @ http://localhost:3001/items/Weapon.js:220
[   31221ms] [LOG] [Player] viewWeapon pos=0.25,-0.34,-0.80 rot=NaN,NaN,NaN visible=true fpArmsPos=0.00,0.00,0.00 @ http://localhost:3001/entities/Player.js:742
[   31221ms] [LOG] [Weapon] applyToMesh: recoilAngle=0.1 swayX=0 swayY=0 time=15.234599999999633 baseRot={x:undefined,y:undefined,z:undefined} type=object @ http://localhost:3001/items/Weapon.js:220
[   31232ms] [LOG] [Player] viewWeapon pos=0.25,-0.34,-0.80 rot=NaN,NaN,NaN visible=true fpArmsPos=0.00,0.00,0.00 @ http://localhost:3001/entities/Player.js:742
[   31232ms] [LOG] [Weapon] applyToMesh: recoilAngle=0.1 swayX=0 swayY=0 time=15.245899999999446 baseRot={x:undefined,y:undefined,z:undefined} type=object @ http://localhost:3001/items/Weapon.js:220
[   31244ms] [LOG] [Player] viewWeapon pos=0.25,-0.34,-0.80 rot=NaN,NaN,NaN visible=true fpArmsPos=0.00,0.00,0.00 @ http://localhost:3001/entities/Player.js:742
[   31245ms] [LOG] [Weapon] applyToMesh: recoilAngle=0.1 swayX=0 swayY=0 time=15.258399999999446 baseRot={x:undefined,y:undefined,z:undefined} type=object @ http://localhost:3001/items/Weapon.js:220
[   31245ms] [LOG] [Player] after applyToMesh: rot=NaN,NaN,NaN baseRot=undef @ http://localhost:3001/entities/Player.js:781
[   31254ms] [LOG] [Player] viewWeapon pos=0.25,-0.34,-0.80 rot=NaN,NaN,NaN visible=true fpArmsPos=0.00,0.00,0.00 @ http://localhost:3001/entities/Player.js:742
[   31254ms] [LOG] [Weapon] applyToMesh: recoilAngle=0.1 swayX=0 swayY=0 time=15.267699999999259 baseRot={x:undefined,y:undefined,z:undefined} type=object @ http://localhost:3001/items/Weapon.js:220
[   31254ms] [LOG] [Player] after applyToMesh: rot=NaN,NaN,NaN baseRot=undef @ http://localhost:3001/entities/Player.js:781
[   31264ms] [LOG] [Player] viewWeapon pos=0.25,-0.34,-0.80 rot=NaN,NaN,NaN visible=true fpArmsPos=0.00,0.00,0.00 @ http://localhost:3001/entities/Player.js:742
[   31264ms] [LOG] [Weapon] applyToMesh: recoilAngle=0.1 swayX=0 swayY=0 time=15.278000000000004 baseRot={x:undefined,y:undefined,z:undefined} type=object @ http://localhost:3001/items/Weapon.js:220
[   31272ms] [LOG] [Player] viewWeapon pos=0.25,-0.34,-0.80 rot=NaN,NaN,NaN visible=true fpArmsPos=0.00,0.00,0.00 @ http://localhost:3001/entities/Player.js:742
[   31272ms] [LOG] [Weapon] applyToMesh: recoilAngle=0.1 swayX=0 swayY=0 time=15.286099999999632 baseRot={x:undefined,y:undefined,z:undefined} type=object @ http://localhost:3001/items/Weapon.js:220
[   31281ms] [LOG] [Player] viewWeapon pos=0.25,-0.34,-0.80 rot=NaN,NaN,NaN visible=true fpArmsPos=0.00,0.00,0.00 @ http://localhost:3001/entities/Player.js:742
[   31281ms] [LOG] [Weapon] applyToMesh: recoilAngle=0.1 swayX=0 swayY=0 time=15.295000000000003 baseRot={x:undefined,y:undefined,z:undefined} type=object @ http://localhost:3001/items/Weapon.js:220
[   31291ms] [LOG] [Player] viewWeapon pos=0.25,-0.34,-0.80 rot=NaN,NaN,NaN visible=true fpArmsPos=0.00,0.00,0.00 @ http://localhost:3001/entities/Player.js:742
[   31291ms] [LOG] [Weapon] applyToMesh: recoilAngle=0.1 swayX=0 swayY=0 time=15.304299999999817 baseRot={x:undefined,y:undefined,z:undefined} type=object @ http://localhost:3001/items/Weapon.js:220
[   31301ms] [LOG] [Player] viewWeapon pos=0.25,-0.34,-0.80 rot=NaN,NaN,NaN visible=true fpArmsPos=0.00,0.00,0.00 @ http://localhost:3001/entities/Player.js:742
[   31301ms] [LOG] [Weapon] applyToMesh: recoilAngle=0.1 swayX=0 swayY=0 time=15.315199999999258 baseRot={x:undefined,y:undefined,z:undefined} type=object @ http://localhost:3001/items/Weapon.js:220
[   31314ms] [LOG] [Player] viewWeapon pos=0.25,-0.34,-0.80 rot=NaN,NaN,NaN visible=true fpArmsPos=0.00,0.00,0.00 @ http://localhost:3001/entities/Player.js:742
[   31314ms] [LOG] [Weapon] applyToMesh: recoilAngle=0.1 swayX=0 swayY=0 time=15.327199999999259 baseRot={x:undefined,y:undefined,z:undefined} type=object @ http://localhost:3001/items/Weapon.js:220
[   31323ms] [LOG] [Player] viewWeapon pos=0.25,-0.34,-0.80 rot=NaN,NaN,NaN visible=true fpArmsPos=0.00,0.00,0.00 @ http://localhost:3001/entities/Player.js:742
[   31323ms] [LOG] [Weapon] applyToMesh: recoilAngle=0.1 swayX=0 swayY=0 time=15.336899999999446 baseRot={x:undefined,y:undefined,z:undefined} type=object @ http://localhost:3001/items/Weapon.js:220
[   31331ms] [LOG] [Player] viewWeapon pos=0.25,-0.34,-0.80 rot=NaN,NaN,NaN visible=true fpArmsPos=0.00,0.00,0.00 @ http://localhost:3001/entities/Player.js:742
[   31331ms] [LOG] [Weapon] applyToMesh: recoilAngle=0.1 swayX=0 swayY=0 time=15.344799999999818 baseRot={x:undefined,y:undefined,z:undefined} type=object @ http://localhost:3001/items/Weapon.js:220
[   31341ms] [LOG] [Player] viewWeapon pos=0.25,-0.34,-0.80 rot=NaN,NaN,NaN visible=true fpArmsPos=0.00,0.00,0.00 @ http://localhost:3001/entities/Player.js:742
[   31341ms] [LOG] [Weapon] applyToMesh: recoilAngle=0.1 swayX=0 swayY=0 time=15.354599999999632 baseRot={x:undefined,y:undefined,z:undefined} type=object @ http://localhost:3001/items/Weapon.js:220
[   31349ms] [LOG] [Player] viewWeapon pos=0.25,-0.34,-0.80 rot=NaN,NaN,NaN visible=true fpArmsPos=0.00,0.00,0.00 @ http://localhost:3001/entities/Player.js:742
[   31349ms] [LOG] [Weapon] applyToMesh: recoilAngle=0.1 swayX=0 swayY=0 time=15.36269999999926 baseRot={x:undefined,y:undefined,z:undefined} type=object @ http://localhost:3001/items/Weapon.js:220
[   31357ms] [LOG] [Player] viewWeapon pos=0.25,-0.34,-0.80 rot=NaN,NaN,NaN visible=true fpArmsPos=0.00,0.00,0.00 @ http://localhost:3001/entities/Player.js:742
[   31358ms] [LOG] [Weapon] applyToMesh: recoilAngle=0.1 swayX=0 swayY=0 time=15.37119999999926 baseRot={x:undefined,y:undefined,z:undefined} type=object @ http://localhost:3001/items/Weapon.js:220
[   31368ms] [LOG] [Player] viewWeapon pos=0.25,-0.34,-0.80 rot=NaN,NaN,NaN visible=true fpArmsPos=0.00,0.00,0.00 @ http://localhost:3001/entities/Player.js:742
[   31369ms] [LOG] [Weapon] applyToMesh: recoilAngle=0.1 swayX=0 swayY=0 time=15.382099999999632 baseRot={x:undefined,y:undefined,z:undefined} type=object @ http://localhost:3001/items/Weapon.js:220
[   31378ms] [LOG] [Player] viewWeapon pos=0.25,-0.34,-0.80 rot=NaN,NaN,NaN visible=true fpArmsPos=0.00,0.00,0.00 @ http://localhost:3001/entities/Player.js:742
[   31379ms] [LOG] [Weapon] applyToMesh: recoilAngle=0.1 swayX=0 swayY=0 time=15.392000000000005 baseRot={x:undefined,y:undefined,z:undefined} type=object @ http://localhost:3001/items/Weapon.js:220
[   31390ms] [LOG] [Player] viewWeapon pos=0.25,-0.34,-0.80 rot=NaN,NaN,NaN visible=true fpArmsPos=0.00,0.00,0.00 @ http://localhost:3001/entities/Player.js:742
[   31390ms] [LOG] [Weapon] applyToMesh: recoilAngle=0.1 swayX=0 swayY=0 time=15.403599999999633 baseRot={x:undefined,y:undefined,z:undefined} type=object @ http://localhost:3001/items/Weapon.js:220
[   31399ms] [LOG] [Player] viewWeapon pos=0.25,-0.34,-0.80 rot=NaN,NaN,NaN visible=true fpArmsPos=0.00,0.00,0.00 @ http://localhost:3001/entities/Player.js:742
[   31400ms] [LOG] [Weapon] applyToMesh: recoilAngle=0.1 swayX=0 swayY=0 time=15.413500000000006 baseRot={x:undefined,y:undefined,z:undefined} type=object @ http://localhost:3001/items/Weapon.js:220
[   31410ms] [LOG] [Player] viewWeapon pos=0.25,-0.34,-0.80 rot=NaN,NaN,NaN visible=true fpArmsPos=0.00,0.00,0.00 @ http://localhost:3001/entities/Player.js:742
[   31410ms] [LOG] [Weapon] applyToMesh: recoilAngle=0.1 swayX=0 swayY=0 time=15.42329999999982 baseRot={x:undefined,y:undefined,z:undefined} type=object @ http://localhost:3001/items/Weapon.js:220
[   31418ms] [LOG] [Player] viewWeapon pos=0.25,-0.34,-0.80 rot=NaN,NaN,NaN visible=true fpArmsPos=0.00,0.00,0.00 @ http://localhost:3001/entities/Player.js:742
[   31418ms] [LOG] [Weapon] applyToMesh: recoilAngle=0.1 swayX=0 swayY=0 time=15.431399999999448 baseRot={x:undefined,y:undefined,z:undefined} type=object @ http://localhost:3001/items/Weapon.js:220
[   31425ms] [LOG] [Player] viewWeapon pos=0.25,-0.34,-0.80 rot=NaN,NaN,NaN visible=true fpArmsPos=0.00,0.00,0.00 @ http://localhost:3001/entities/Player.js:742
[   31425ms] [LOG] [Weapon] applyToMesh: recoilAngle=0.1 swayX=0 swayY=0 time=15.439099999999634 baseRot={x:undefined,y:undefined,z:undefined} type=object @ http://localhost:3001/items/Weapon.js:220
[   31434ms] [LOG] [Player] viewWeapon pos=0.25,-0.34,-0.80 rot=NaN,NaN,NaN visible=true fpArmsPos=0.00,0.00,0.00 @ http://localhost:3001/entities/Player.js:742
[   31434ms] [LOG] [Weapon] applyToMesh: recoilAngle=0.1 swayX=0 swayY=0 time=15.448099999999634 baseRot={x:undefined,y:undefined,z:undefined} type=object @ http://localhost:3001/items/Weapon.js:220
[   31442ms] [LOG] [Player] viewWeapon pos=0.25,-0.34,-0.80 rot=NaN,NaN,NaN visible=true fpArmsPos=0.00,0.00,0.00 @ http://localhost:3001/entities/Player.js:742
[   31442ms] [LOG] [Weapon] applyToMesh: recoilAngle=0.1 swayX=0 swayY=0 time=15.455899999999447 baseRot={x:undefined,y:undefined,z:undefined} type=object @ http://localhost:3001/items/Weapon.js:220
[   31450ms] [LOG] [Player] viewWeapon pos=0.25,-0.34,-0.80 rot=NaN,NaN,NaN visible=true fpArmsPos=0.00,0.00,0.00 @ http://localhost:3001/entities/Player.js:742
[   31450ms] [LOG] [Weapon] applyToMesh: recoilAngle=0.1 swayX=0 swayY=0 time=15.463599999999634 baseRot={x:undefined,y:undefined,z:undefined} type=object @ http://localhost:3001/items/Weapon.js:220
[   31460ms] [LOG] [Player] viewWeapon pos=0.25,-0.34,-0.80 rot=NaN,NaN,NaN visible=true fpArmsPos=0.00,0.00,0.00 @ http://localhost:3001/entities/Player.js:742
[   31460ms] [LOG] [Weapon] applyToMesh: recoilAngle=0.1 swayX=0 swayY=0 time=15.473500000000007 baseRot={x:undefined,y:undefined,z:undefined} type=object @ http://localhost:3001/items/Weapon.js:220
[   31469ms] [LOG] [Player] viewWeapon pos=0.25,-0.34,-0.80 rot=NaN,NaN,NaN visible=true fpArmsPos=0.00,0.00,0.00 @ http://localhost:3001/entities/Player.js:742
[   31469ms] [LOG] [Weapon] applyToMesh: recoilAngle=0.1 swayX=0 swayY=0 time=15.482899999999448 baseRot={x:undefined,y:undefined,z:undefined} type=object @ http://localhost:3001/items/Weapon.js:220
[   31477ms] [LOG] [Player] viewWeapon pos=0.25,-0.34,-0.80 rot=NaN,NaN,NaN visible=true fpArmsPos=0.00,0.00,0.00 @ http://localhost:3001/entities/Player.js:742
[   31477ms] [LOG] [Weapon] applyToMesh: recoilAngle=0.1 swayX=0 swayY=0 time=15.490699999999261 baseRot={x:undefined,y:undefined,z:undefined} type=object @ http://localhost:3001/items/Weapon.js:220
[   31488ms] [LOG] [Player] viewWeapon pos=0.25,-0.34,-0.80 rot=NaN,NaN,NaN visible=true fpArmsPos=0.00,0.00,0.00 @ http://localhost:3001/entities/Player.js:742
[   31488ms] [LOG] [Weapon] applyToMesh: recoilAngle=0.1 swayX=0 swayY=0 time=15.50179999999982 baseRot={x:undefined,y:undefined,z:undefined} type=object @ http://localhost:3001/items/Weapon.js:220
[   31498ms] [LOG] [Player] viewWeapon pos=0.25,-0.34,-0.80 rot=NaN,NaN,NaN visible=true fpArmsPos=0.00,0.00,0.00 @ http://localhost:3001/entities/Player.js:742
[   31498ms] [LOG] [Weapon] applyToMesh: recoilAngle=0.1 swayX=0 swayY=0 time=15.51129999999982 baseRot={x:undefined,y:undefined,z:undefined} type=object @ http://localhost:3001/items/Weapon.js:220
[   31505ms] [LOG] [Player] viewWeapon pos=0.25,-0.34,-0.80 rot=NaN,NaN,NaN visible=true fpArmsPos=0.00,0.00,0.00 @ http://localhost:3001/entities/Player.js:742
[   31505ms] [LOG] [Weapon] applyToMesh: recoilAngle=0.1 swayX=0 swayY=0 time=15.519000000000005 baseRot={x:undefined,y:undefined,z:undefined} type=object @ http://localhost:3001/items/Weapon.js:220
[   31513ms] [LOG] [Player] viewWeapon pos=0.25,-0.34,-0.80 rot=NaN,NaN,NaN visible=true fpArmsPos=0.00,0.00,0.00 @ http://localhost:3001/entities/Player.js:742
[   31514ms] [LOG] [Weapon] applyToMesh: recoilAngle=0.1 swayX=0 swayY=0 time=15.52719999999926 baseRot={x:undefined,y:undefined,z:undefined} type=object @ http://localhost:3001/items/Weapon.js:220
[   31514ms] [LOG] [Player] after applyToMesh: rot=NaN,NaN,NaN baseRot=undef @ http://localhost:3001/entities/Player.js:781
[   31521ms] [LOG] [Player] viewWeapon pos=0.25,-0.34,-0.80 rot=NaN,NaN,NaN visible=true fpArmsPos=0.00,0.00,0.00 @ http://localhost:3001/entities/Player.js:742
[   31521ms] [LOG] [Weapon] applyToMesh: recoilAngle=0.1 swayX=0 swayY=0 time=15.535000000000005 baseRot={x:undefined,y:undefined,z:undefined} type=object @ http://localhost:3001/items/Weapon.js:220
[   31529ms] [LOG] [Player] viewWeapon pos=0.25,-0.34,-0.80 rot=NaN,NaN,NaN visible=true fpArmsPos=0.00,0.00,0.00 @ http://localhost:3001/entities/Player.js:742
[   31529ms] [LOG] [Weapon] applyToMesh: recoilAngle=0.1 swayX=0 swayY=0 time=15.543000000000005 baseRot={x:undefined,y:undefined,z:undefined} type=object @ http://localhost:3001/items/Weapon.js:220
[   31540ms] [LOG] [Player] viewWeapon pos=0.25,-0.34,-0.80 rot=NaN,NaN,NaN visible=true fpArmsPos=0.00,0.00,0.00 @ http://localhost:3001/entities/Player.js:742
[   31540ms] [LOG] [Weapon] applyToMesh: recoilAngle=0.1 swayX=0 swayY=0 time=15.553299999999819 baseRot={x:undefined,y:undefined,z:undefined} type=object @ http://localhost:3001/items/Weapon.js:220
[   31548ms] [LOG] [Player] viewWeapon pos=0.25,-0.34,-0.80 rot=NaN,NaN,NaN visible=true fpArmsPos=0.00,0.00,0.00 @ http://localhost:3001/entities/Player.js:742
[   31548ms] [LOG] [Weapon] applyToMesh: recoilAngle=0.1 swayX=0 swayY=0 time=15.561399999999447 baseRot={x:undefined,y:undefined,z:undefined} type=object @ http://localhost:3001/items/Weapon.js:220
[   31548ms] [LOG] [Player] after applyToMesh: rot=NaN,NaN,NaN baseRot=undef @ http://localhost:3001/entities/Player.js:781
[   31556ms] [LOG] [Player] viewWeapon pos=0.25,-0.34,-0.80 rot=NaN,NaN,NaN visible=true fpArmsPos=0.00,0.00,0.00 @ http://localhost:3001/entities/Player.js:742
[   31556ms] [LOG] [Weapon] applyToMesh: recoilAngle=0.1 swayX=0 swayY=0 time=15.56969999999926 baseRot={x:undefined,y:undefined,z:undefined} type=object @ http://localhost:3001/items/Weapon.js:220
[   31564ms] [LOG] [Player] viewWeapon pos=0.25,-0.34,-0.80 rot=NaN,NaN,NaN visible=true fpArmsPos=0.00,0.00,0.00 @ http://localhost:3001/entities/Player.js:742
[   31564ms] [LOG] [Weapon] applyToMesh: recoilAngle=0.1 swayX=0 swayY=0 time=15.577899999999447 baseRot={x:undefined,y:undefined,z:undefined} type=object @ http://localhost:3001/items/Weapon.js:220
[   31571ms] [LOG] [Player] viewWeapon pos=0.25,-0.34,-0.80 rot=NaN,NaN,NaN visible=true fpArmsPos=0.00,0.00,0.00 @ http://localhost:3001/entities/Player.js:742
[   31572ms] [LOG] [Weapon] applyToMesh: recoilAngle=0.1 swayX=0 swayY=0 time=15.585399999999447 baseRot={x:undefined,y:undefined,z:undefined} type=object @ http://localhost:3001/items/Weapon.js:220
[   31579ms] [LOG] [Player] viewWeapon pos=0.25,-0.34,-0.80 rot=NaN,NaN,NaN visible=true fpArmsPos=0.00,0.00,0.00 @ http://localhost:3001/entities/Player.js:742
[   31579ms] [LOG] [Weapon] applyToMesh: recoilAngle=0.1 swayX=0 swayY=0 time=15.59279999999982 baseRot={x:undefined,y:undefined,z:undefined} type=object @ http://localhost:3001/items/Weapon.js:220
[   31588ms] [LOG] [Player] viewWeapon pos=0.25,-0.34,-0.80 rot=NaN,NaN,NaN visible=true fpArmsPos=0.00,0.00,0.00 @ http://localhost:3001/entities/Player.js:742
[   31588ms] [LOG] [Weapon] applyToMesh: recoilAngle=0.1 swayX=0 swayY=0 time=15.60169999999926 baseRot={x:undefined,y:undefined,z:undefined} type=object @ http://localhost:3001/items/Weapon.js:220
[   31596ms] [LOG] [Player] viewWeapon pos=0.25,-0.34,-0.80 rot=NaN,NaN,NaN visible=true fpArmsPos=0.00,0.00,0.00 @ http://localhost:3001/entities/Player.js:742
[   31596ms] [LOG] [Weapon] applyToMesh: recoilAngle=0.1 swayX=0 swayY=0 time=15.609599999999633 baseRot={x:undefined,y:undefined,z:undefined} type=object @ http://localhost:3001/items/Weapon.js:220
[   31604ms] [LOG] [Player] viewWeapon pos=0.25,-0.34,-0.80 rot=NaN,NaN,NaN visible=true fpArmsPos=0.00,0.00,0.00 @ http://localhost:3001/entities/Player.js:742
[   31604ms] [LOG] [Weapon] applyToMesh: recoilAngle=0.1 swayX=0 swayY=0 time=15.61719999999926 baseRot={x:undefined,y:undefined,z:undefined} type=object @ http://localhost:3001/items/Weapon.js:220
[   31612ms] [LOG] [Player] viewWeapon pos=0.25,-0.34,-0.80 rot=NaN,NaN,NaN visible=true fpArmsPos=0.00,0.00,0.00 @ http://localhost:3001/entities/Player.js:742
[   31612ms] [LOG] [Weapon] applyToMesh: recoilAngle=0.1 swayX=0 swayY=0 time=15.62619999999926 baseRot={x:undefined,y:undefined,z:undefined} type=object @ http://localhost:3001/items/Weapon.js:220
[   31620ms] [LOG] [Player] viewWeapon pos=0.25,-0.34,-0.80 rot=NaN,NaN,NaN visible=true fpArmsPos=0.00,0.00,0.00 @ http://localhost:3001/entities/Player.js:742
[   31620ms] [LOG] [Weapon] applyToMesh: recoilAngle=0.1 swayX=0 swayY=0 time=15.63379999999982 baseRot={x:undefined,y:undefined,z:undefined} type=object @ http://localhost:3001/items/Weapon.js:220
[   31629ms] [LOG] [Player] viewWeapon pos=0.25,-0.34,-0.80 rot=NaN,NaN,NaN visible=true fpArmsPos=0.00,0.00,0.00 @ http://localhost:3001/entities/Player.js:742
[   31629ms] [LOG] [Weapon] applyToMesh: recoilAngle=0.1 swayX=0 swayY=0 time=15.642599999999634 baseRot={x:undefined,y:undefined,z:undefined} type=object @ http://localhost:3001/items/Weapon.js:220
[   31629ms] [LOG] [Player] after applyToMesh: rot=NaN,NaN,NaN baseRot=undef @ http://localhost:3001/entities/Player.js:781
[   31638ms] [LOG] [Player] viewWeapon pos=0.25,-0.34,-0.80 rot=NaN,NaN,NaN visible=true fpArmsPos=0.00,0.00,0.00 @ http://localhost:3001/entities/Player.js:742
[   31638ms] [LOG] [Weapon] applyToMesh: recoilAngle=0.1 swayX=0 swayY=0 time=15.652000000000006 baseRot={x:undefined,y:undefined,z:undefined} type=object @ http://localhost:3001/items/Weapon.js:220
[   31647ms] [LOG] [Player] viewWeapon pos=0.25,-0.34,-0.80 rot=NaN,NaN,NaN visible=true fpArmsPos=0.00,0.00,0.00 @ http://localhost:3001/entities/Player.js:742
[   31647ms] [LOG] [Weapon] applyToMesh: recoilAngle=0.1 swayX=0 swayY=0 time=15.661099999999633 baseRot={x:undefined,y:undefined,z:undefined} type=object @ http://localhost:3001/items/Weapon.js:220
[   31728ms] [LOG] [Player] viewWeapon pos=0.25,-0.34,-0.80 rot=NaN,NaN,NaN visible=true fpArmsPos=0.00,0.00,0.00 @ http://localhost:3001/entities/Player.js:742
[   31728ms] [LOG] [Weapon] applyToMesh: recoilAngle=0.1 swayX=0 swayY=0 time=15.711099999999634 baseRot={x:undefined,y:undefined,z:undefined} type=object @ http://localhost:3001/items/Weapon.js:220
[   31739ms] [LOG] [Player] viewWeapon pos=0.25,-0.34,-0.80 rot=NaN,NaN,NaN visible=true fpArmsPos=0.00,0.00,0.00 @ http://localhost:3001/entities/Player.js:742
[   31739ms] [LOG] [Weapon] applyToMesh: recoilAngle=0.1 swayX=0 swayY=0 time=15.722599999999634 baseRot={x:undefined,y:undefined,z:undefined} type=object @ http://localhost:3001/items/Weapon.js:220
[   31739ms] [LOG] [Player] after applyToMesh: rot=NaN,NaN,NaN baseRot=undef @ http://localhost:3001/entities/Player.js:781
[   31750ms] [LOG] [Player] viewWeapon pos=0.25,-0.34,-0.80 rot=NaN,NaN,NaN visible=true fpArmsPos=0.00,0.00,0.00 @ http://localhost:3001/entities/Player.js:742
[   31750ms] [LOG] [Weapon] applyToMesh: recoilAngle=0.1 swayX=0 swayY=0 time=15.733200000000192 baseRot={x:undefined,y:undefined,z:undefined} type=object @ http://localhost:3001/items/Weapon.js:220
[   31781ms] [LOG] [Player] viewWeapon pos=0.25,-0.34,-0.80 rot=NaN,NaN,NaN visible=true fpArmsPos=0.00,0.00,0.00 @ http://localhost:3001/entities/Player.js:742
[   31781ms] [LOG] [Weapon] applyToMesh: recoilAngle=0.1 swayX=0 swayY=0 time=15.764500000000005 baseRot={x:undefined,y:undefined,z:undefined} type=object @ http://localhost:3001/items/Weapon.js:220
[   31795ms] [LOG] [Player] viewWeapon pos=0.25,-0.34,-0.80 rot=NaN,NaN,NaN visible=true fpArmsPos=0.00,0.00,0.00 @ http://localhost:3001/entities/Player.js:742
[   31795ms] [LOG] [Weapon] applyToMesh: recoilAngle=0.1 swayX=0 swayY=0 time=15.778900000000379 baseRot={x:undefined,y:undefined,z:undefined} type=object @ http://localhost:3001/items/Weapon.js:220
[   31795ms] [LOG] [Player] after applyToMesh: rot=NaN,NaN,NaN baseRot=undef @ http://localhost:3001/entities/Player.js:781
[   31806ms] [LOG] [Player] viewWeapon pos=0.25,-0.34,-0.80 rot=NaN,NaN,NaN visible=true fpArmsPos=0.00,0.00,0.00 @ http://localhost:3001/entities/Player.js:742
[   31807ms] [LOG] [Weapon] applyToMesh: recoilAngle=0.1 swayX=0 swayY=0 time=15.790099999999633 baseRot={x:undefined,y:undefined,z:undefined} type=object @ http://localhost:3001/items/Weapon.js:220
[   31820ms] [LOG] [Player] viewWeapon pos=0.25,-0.34,-0.80 rot=NaN,NaN,NaN visible=true fpArmsPos=0.00,0.00,0.00 @ http://localhost:3001/entities/Player.js:742
[   31820ms] [LOG] [Weapon] applyToMesh: recoilAngle=0.1 swayX=0 swayY=0 time=15.804000000000006 baseRot={x:undefined,y:undefined,z:undefined} type=object @ http://localhost:3001/items/Weapon.js:220
[   31832ms] [LOG] [Player] viewWeapon pos=0.25,-0.34,-0.80 rot=NaN,NaN,NaN visible=true fpArmsPos=0.00,0.00,0.00 @ http://localhost:3001/entities/Player.js:742
[   31832ms] [LOG] [Weapon] applyToMesh: recoilAngle=0.1 swayX=0 swayY=0 time=15.815599999999634 baseRot={x:undefined,y:undefined,z:undefined} type=object @ http://localhost:3001/items/Weapon.js:220
[   31847ms] [LOG] [Player] viewWeapon pos=0.25,-0.34,-0.80 rot=NaN,NaN,NaN visible=true fpArmsPos=0.00,0.00,0.00 @ http://localhost:3001/entities/Player.js:742
[   31848ms] [LOG] [Weapon] applyToMesh: recoilAngle=0.1 swayX=0 swayY=0 time=15.831000000000007 baseRot={x:undefined,y:undefined,z:undefined} type=object @ http://localhost:3001/items/Weapon.js:220
[   31864ms] [LOG] [Player] viewWeapon pos=0.25,-0.34,-0.80 rot=NaN,NaN,NaN visible=true fpArmsPos=0.00,0.00,0.00 @ http://localhost:3001/entities/Player.js:742
[   31864ms] [LOG] [Weapon] applyToMesh: recoilAngle=0.1 swayX=0 swayY=0 time=15.847700000000193 baseRot={x:undefined,y:undefined,z:undefined} type=object @ http://localhost:3001/items/Weapon.js:220
[   31875ms] [LOG] [Player] viewWeapon pos=0.25,-0.34,-0.80 rot=NaN,NaN,NaN visible=true fpArmsPos=0.00,0.00,0.00 @ http://localhost:3001/entities/Player.js:742
[   31876ms] [LOG] [Weapon] applyToMesh: recoilAngle=0.1 swayX=0 swayY=0 time=15.859000000000007 baseRot={x:undefined,y:undefined,z:undefined} type=object @ http://localhost:3001/items/Weapon.js:220
[   31886ms] [LOG] [Player] viewWeapon pos=0.25,-0.34,-0.80 rot=NaN,NaN,NaN visible=true fpArmsPos=0.00,0.00,0.00 @ http://localhost:3001/entities/Player.js:742
[   31886ms] [LOG] [Weapon] applyToMesh: recoilAngle=0.1 swayX=0 swayY=0 time=15.869500000000007 baseRot={x:undefined,y:undefined,z:undefined} type=object @ http://localhost:3001/items/Weapon.js:220
[   31900ms] [LOG] [Player] viewWeapon pos=0.25,-0.34,-0.80 rot=NaN,NaN,NaN visible=true fpArmsPos=0.00,0.00,0.00 @ http://localhost:3001/entities/Player.js:742
[   31900ms] [LOG] [Weapon] applyToMesh: recoilAngle=0.1 swayX=0 swayY=0 time=15.883500000000007 baseRot={x:undefined,y:undefined,z:undefined} type=object @ http://localhost:3001/items/Weapon.js:220
[   31910ms] [LOG] [Player] viewWeapon pos=0.25,-0.34,-0.80 rot=NaN,NaN,NaN visible=true fpArmsPos=0.00,0.00,0.00 @ http://localhost:3001/entities/Player.js:742
[   31910ms] [LOG] [Weapon] applyToMesh: recoilAngle=0.1 swayX=0 swayY=0 time=15.893500000000007 baseRot={x:undefined,y:undefined,z:undefined} type=object @ http://localhost:3001/items/Weapon.js:220
[   31919ms] [LOG] [Player] viewWeapon pos=0.25,-0.34,-0.80 rot=NaN,NaN,NaN visible=true fpArmsPos=0.00,0.00,0.00 @ http://localhost:3001/entities/Player.js:742
[   31920ms] [LOG] [Weapon] applyToMesh: recoilAngle=0.1 swayX=0 swayY=0 time=15.903200000000194 baseRot={x:undefined,y:undefined,z:undefined} type=object @ http://localhost:3001/items/Weapon.js:220
[   31929ms] [LOG] [Player] viewWeapon pos=0.25,-0.34,-0.80 rot=NaN,NaN,NaN visible=true fpArmsPos=0.00,0.00,0.00 @ http://localhost:3001/entities/Player.js:742
[   31929ms] [LOG] [Weapon] applyToMesh: recoilAngle=0.1 swayX=0 swayY=0 time=15.912099999999635 baseRot={x:undefined,y:undefined,z:undefined} type=object @ http://localhost:3001/items/Weapon.js:220
[   31940ms] [LOG] [Player] viewWeapon pos=0.25,-0.34,-0.80 rot=NaN,NaN,NaN visible=true fpArmsPos=0.00,0.00,0.00 @ http://localhost:3001/entities/Player.js:742
[   31940ms] [LOG] [Weapon] applyToMesh: recoilAngle=0.1 swayX=0 swayY=0 time=15.923700000000194 baseRot={x:undefined,y:undefined,z:undefined} type=object @ http://localhost:3001/items/Weapon.js:220
[   31951ms] [LOG] [Player] viewWeapon pos=0.25,-0.34,-0.80 rot=NaN,NaN,NaN visible=true fpArmsPos=0.00,0.00,0.00 @ http://localhost:3001/entities/Player.js:742
[   31951ms] [LOG] [Weapon] applyToMesh: recoilAngle=0.1 swayX=0 swayY=0 time=15.93490000000038 baseRot={x:undefined,y:undefined,z:undefined} type=object @ http://localhost:3001/items/Weapon.js:220
[   31962ms] [LOG] [Player] viewWeapon pos=0.25,-0.34,-0.80 rot=NaN,NaN,NaN visible=true fpArmsPos=0.00,0.00,0.00 @ http://localhost:3001/entities/Player.js:742
[   31962ms] [LOG] [Weapon] applyToMesh: recoilAngle=0.1 swayX=0 swayY=0 time=15.945400000000381 baseRot={x:undefined,y:undefined,z:undefined} type=object @ http://localhost:3001/items/Weapon.js:220
[   31972ms] [LOG] [Player] viewWeapon pos=0.25,-0.34,-0.80 rot=NaN,NaN,NaN visible=true fpArmsPos=0.00,0.00,0.00 @ http://localhost:3001/entities/Player.js:742
[   31972ms] [LOG] [Weapon] applyToMesh: recoilAngle=0.1 swayX=0 swayY=0 time=15.955099999999636 baseRot={x:undefined,y:undefined,z:undefined} type=object @ http://localhost:3001/items/Weapon.js:220
[   31981ms] [LOG] [Player] viewWeapon pos=0.25,-0.34,-0.80 rot=NaN,NaN,NaN visible=true fpArmsPos=0.00,0.00,0.00 @ http://localhost:3001/entities/Player.js:742
[   31981ms] [LOG] [Weapon] applyToMesh: recoilAngle=0.1 swayX=0 swayY=0 time=15.964700000000194 baseRot={x:undefined,y:undefined,z:undefined} type=object @ http://localhost:3001/items/Weapon.js:220
[   31990ms] [LOG] [Player] viewWeapon pos=0.25,-0.34,-0.80 rot=NaN,NaN,NaN visible=true fpArmsPos=0.00,0.00,0.00 @ http://localhost:3001/entities/Player.js:742
[   31990ms] [LOG] [Weapon] applyToMesh: recoilAngle=0.1 swayX=0 swayY=0 time=15.973299999999822 baseRot={x:undefined,y:undefined,z:undefined} type=object @ http://localhost:3001/items/Weapon.js:220
[   31990ms] [LOG] [Player] after applyToMesh: rot=NaN,NaN,NaN baseRot=undef @ http://localhost:3001/entities/Player.js:781
[   32001ms] [LOG] [Player] viewWeapon pos=0.25,-0.34,-0.80 rot=NaN,NaN,NaN visible=true fpArmsPos=0.00,0.00,0.00 @ http://localhost:3001/entities/Player.js:742
[   32001ms] [LOG] [Weapon] applyToMesh: recoilAngle=0.1 swayX=0 swayY=0 time=15.984400000000381 baseRot={x:undefined,y:undefined,z:undefined} type=object @ http://localhost:3001/items/Weapon.js:220
[   32011ms] [LOG] [Player] viewWeapon pos=0.25,-0.34,-0.80 rot=NaN,NaN,NaN visible=true fpArmsPos=0.00,0.00,0.00 @ http://localhost:3001/entities/Player.js:742
[   32012ms] [LOG] [Weapon] applyToMesh: recoilAngle=0.1 swayX=0 swayY=0 time=15.994799999999822 baseRot={x:undefined,y:undefined,z:undefined} type=object @ http://localhost:3001/items/Weapon.js:220
[   32012ms] [LOG] [Player] after applyToMesh: rot=NaN,NaN,NaN baseRot=undef @ http://localhost:3001/entities/Player.js:781
[   32023ms] [LOG] [Player] viewWeapon pos=0.25,-0.34,-0.80 rot=NaN,NaN,NaN visible=true fpArmsPos=0.00,0.00,0.00 @ http://localhost:3001/entities/Player.js:742
[   32023ms] [LOG] [Weapon] applyToMesh: recoilAngle=0.1 swayX=0 swayY=0 time=16.00640000000038 baseRot={x:undefined,y:undefined,z:undefined} type=object @ http://localhost:3001/items/Weapon.js:220
[   32033ms] [LOG] [Player] viewWeapon pos=0.25,-0.34,-0.80 rot=NaN,NaN,NaN visible=true fpArmsPos=0.00,0.00,0.00 @ http://localhost:3001/entities/Player.js:742
[   32034ms] [LOG] [Weapon] applyToMesh: recoilAngle=0.1 swayX=0 swayY=0 time=16.017099999999633 baseRot={x:undefined,y:undefined,z:undefined} type=object @ http://localhost:3001/items/Weapon.js:220
[   32045ms] [LOG] [Player] viewWeapon pos=0.25,-0.34,-0.80 rot=NaN,NaN,NaN visible=true fpArmsPos=0.00,0.00,0.00 @ http://localhost:3001/entities/Player.js:742
[   32045ms] [LOG] [Weapon] applyToMesh: recoilAngle=0.1 swayX=0 swayY=0 time=16.028400000000378 baseRot={x:undefined,y:undefined,z:undefined} type=object @ http://localhost:3001/items/Weapon.js:220
[   32055ms] [LOG] [Player] viewWeapon pos=0.25,-0.34,-0.80 rot=NaN,NaN,NaN visible=true fpArmsPos=0.00,0.00,0.00 @ http://localhost:3001/entities/Player.js:742
[   32055ms] [LOG] [Weapon] applyToMesh: recoilAngle=0.1 swayX=0 swayY=0 time=16.037900000000377 baseRot={x:undefined,y:undefined,z:undefined} type=object @ http://localhost:3001/items/Weapon.js:220
[   32064ms] [LOG] [Player] viewWeapon pos=0.25,-0.34,-0.80 rot=NaN,NaN,NaN visible=true fpArmsPos=0.00,0.00,0.00 @ http://localhost:3001/entities/Player.js:742
[   32065ms] [LOG] [Weapon] applyToMesh: recoilAngle=0.1 swayX=0 swayY=0 time=16.04820000000019 baseRot={x:undefined,y:undefined,z:undefined} type=object @ http://localhost:3001/items/Weapon.js:220
[   32074ms] [LOG] [Player] viewWeapon pos=0.25,-0.34,-0.80 rot=NaN,NaN,NaN visible=true fpArmsPos=0.00,0.00,0.00 @ http://localhost:3001/entities/Player.js:742
[   32075ms] [LOG] [Weapon] applyToMesh: recoilAngle=0.1 swayX=0 swayY=0 time=16.058000000000003 baseRot={x:undefined,y:undefined,z:undefined} type=object @ http://localhost:3001/items/Weapon.js:220
[   32083ms] [LOG] [Player] viewWeapon pos=0.25,-0.34,-0.80 rot=NaN,NaN,NaN visible=true fpArmsPos=0.00,0.00,0.00 @ http://localhost:3001/entities/Player.js:742
[   32083ms] [LOG] [Weapon] applyToMesh: recoilAngle=0.1 swayX=0 swayY=0 time=16.06659999999963 baseRot={x:undefined,y:undefined,z:undefined} type=object @ http://localhost:3001/items/Weapon.js:220
[   32094ms] [LOG] [Player] viewWeapon pos=0.25,-0.34,-0.80 rot=NaN,NaN,NaN visible=true fpArmsPos=0.00,0.00,0.00 @ http://localhost:3001/entities/Player.js:742
[   32094ms] [LOG] [Weapon] applyToMesh: recoilAngle=0.1 swayX=0 swayY=0 time=16.07759999999963 baseRot={x:undefined,y:undefined,z:undefined} type=object @ http://localhost:3001/items/Weapon.js:220
[   32104ms] [LOG] [Player] viewWeapon pos=0.25,-0.34,-0.80 rot=NaN,NaN,NaN visible=true fpArmsPos=0.00,0.00,0.00 @ http://localhost:3001/entities/Player.js:742
[   32104ms] [LOG] [Weapon] applyToMesh: recoilAngle=0.1 swayX=0 swayY=0 time=16.08770000000019 baseRot={x:undefined,y:undefined,z:undefined} type=object @ http://localhost:3001/items/Weapon.js:220
[   32114ms] [LOG] [Player] viewWeapon pos=0.25,-0.34,-0.80 rot=NaN,NaN,NaN visible=true fpArmsPos=0.00,0.00,0.00 @ http://localhost:3001/entities/Player.js:742
[   32115ms] [LOG] [Weapon] applyToMesh: recoilAngle=0.1 swayX=0 swayY=0 time=16.098000000000003 baseRot={x:undefined,y:undefined,z:undefined} type=object @ http://localhost:3001/items/Weapon.js:220
[   32126ms] [LOG] [Player] viewWeapon pos=0.25,-0.34,-0.80 rot=NaN,NaN,NaN visible=true fpArmsPos=0.00,0.00,0.00 @ http://localhost:3001/entities/Player.js:742
[   32126ms] [LOG] [Weapon] applyToMesh: recoilAngle=0.1 swayX=0 swayY=0 time=16.109400000000374 baseRot={x:undefined,y:undefined,z:undefined} type=object @ http://localhost:3001/items/Weapon.js:220
[   32135ms] [LOG] [Player] viewWeapon pos=0.25,-0.34,-0.80 rot=NaN,NaN,NaN visible=true fpArmsPos=0.00,0.00,0.00 @ http://localhost:3001/entities/Player.js:742
[   32135ms] [LOG] [Weapon] applyToMesh: recoilAngle=0.1 swayX=0 swayY=0 time=16.118900000000373 baseRot={x:undefined,y:undefined,z:undefined} type=object @ http://localhost:3001/items/Weapon.js:220
[   32143ms] [LOG] [Player] viewWeapon pos=0.25,-0.34,-0.80 rot=NaN,NaN,NaN visible=true fpArmsPos=0.00,0.00,0.00 @ http://localhost:3001/entities/Player.js:742
[   32143ms] [LOG] [Weapon] applyToMesh: recoilAngle=0.1 swayX=0 swayY=0 time=16.126799999999815 baseRot={x:undefined,y:undefined,z:undefined} type=object @ http://localhost:3001/items/Weapon.js:220
[   32153ms] [LOG] [Player] viewWeapon pos=0.25,-0.34,-0.80 rot=NaN,NaN,NaN visible=true fpArmsPos=0.00,0.00,0.00 @ http://localhost:3001/entities/Player.js:742
[   32153ms] [LOG] [Weapon] applyToMesh: recoilAngle=0.1 swayX=0 swayY=0 time=16.136200000000187 baseRot={x:undefined,y:undefined,z:undefined} type=object @ http://localhost:3001/items/Weapon.js:220
[   32162ms] [LOG] [Player] viewWeapon pos=0.25,-0.34,-0.80 rot=NaN,NaN,NaN visible=true fpArmsPos=0.00,0.00,0.00 @ http://localhost:3001/entities/Player.js:742
[   32162ms] [LOG] [Weapon] applyToMesh: recoilAngle=0.1 swayX=0 swayY=0 time=16.145500000000002 baseRot={x:undefined,y:undefined,z:undefined} type=object @ http://localhost:3001/items/Weapon.js:220
[   32171ms] [LOG] [Player] viewWeapon pos=0.25,-0.34,-0.80 rot=NaN,NaN,NaN visible=true fpArmsPos=0.00,0.00,0.00 @ http://localhost:3001/entities/Player.js:742
[   32172ms] [LOG] [Weapon] applyToMesh: recoilAngle=0.1 swayX=0 swayY=0 time=16.155099999999628 baseRot={x:undefined,y:undefined,z:undefined} type=object @ http://localhost:3001/items/Weapon.js:220
[   32182ms] [LOG] [Player] viewWeapon pos=0.25,-0.34,-0.80 rot=NaN,NaN,NaN visible=true fpArmsPos=0.00,0.00,0.00 @ http://localhost:3001/entities/Player.js:742
[   32183ms] [LOG] [Weapon] applyToMesh: recoilAngle=0.1 swayX=0 swayY=0 time=16.166299999999815 baseRot={x:undefined,y:undefined,z:undefined} type=object @ http://localhost:3001/items/Weapon.js:220
[   32194ms] [LOG] [Player] viewWeapon pos=0.25,-0.34,-0.80 rot=NaN,NaN,NaN visible=true fpArmsPos=0.00,0.00,0.00 @ http://localhost:3001/entities/Player.js:742
[   32194ms] [LOG] [Weapon] applyToMesh: recoilAngle=0.1 swayX=0 swayY=0 time=16.177500000000002 baseRot={x:undefined,y:undefined,z:undefined} type=object @ http://localhost:3001/items/Weapon.js:220
[   32204ms] [LOG] [Player] viewWeapon pos=0.25,-0.34,-0.80 rot=NaN,NaN,NaN visible=true fpArmsPos=0.00,0.00,0.00 @ http://localhost:3001/entities/Player.js:742
[   32204ms] [LOG] [Weapon] applyToMesh: recoilAngle=0.1 swayX=0 swayY=0 time=16.18809999999963 baseRot={x:undefined,y:undefined,z:undefined} type=object @ http://localhost:3001/items/Weapon.js:220
[   32216ms] [LOG] [Player] viewWeapon pos=0.25,-0.34,-0.80 rot=NaN,NaN,NaN visible=true fpArmsPos=0.00,0.00,0.00 @ http://localhost:3001/entities/Player.js:742
[   32216ms] [LOG] [Weapon] applyToMesh: recoilAngle=0.1 swayX=0 swayY=0 time=16.199799999999815 baseRot={x:undefined,y:undefined,z:undefined} type=object @ http://localhost:3001/items/Weapon.js:220
[   32227ms] [LOG] [Player] viewWeapon pos=0.25,-0.34,-0.80 rot=NaN,NaN,NaN visible=true fpArmsPos=0.00,0.00,0.00 @ http://localhost:3001/entities/Player.js:742
[   32227ms] [LOG] [Weapon] applyToMesh: recoilAngle=0.1 swayX=0 swayY=0 time=16.210799999999814 baseRot={x:undefined,y:undefined,z:undefined} type=object @ http://localhost:3001/items/Weapon.js:220
[   32238ms] [LOG] [Player] viewWeapon pos=0.25,-0.34,-0.80 rot=NaN,NaN,NaN visible=true fpArmsPos=0.00,0.00,0.00 @ http://localhost:3001/entities/Player.js:742
[   32239ms] [LOG] [Weapon] applyToMesh: recoilAngle=0.1 swayX=0 swayY=0 time=16.221900000000375 baseRot={x:undefined,y:undefined,z:undefined} type=object @ http://localhost:3001/items/Weapon.js:220
[   32239ms] [LOG] [Player] after applyToMesh: rot=NaN,NaN,NaN baseRot=undef @ http://localhost:3001/entities/Player.js:781
[   32252ms] [LOG] [Player] viewWeapon pos=0.25,-0.34,-0.80 rot=NaN,NaN,NaN visible=true fpArmsPos=0.00,0.00,0.00 @ http://localhost:3001/entities/Player.js:742
[   32252ms] [LOG] [Weapon] applyToMesh: recoilAngle=0.1 swayX=0 swayY=0 time=16.235299999999818 baseRot={x:undefined,y:undefined,z:undefined} type=object @ http://localhost:3001/items/Weapon.js:220
[   32263ms] [LOG] [Player] viewWeapon pos=0.25,-0.34,-0.80 rot=NaN,NaN,NaN visible=true fpArmsPos=0.00,0.00,0.00 @ http://localhost:3001/entities/Player.js:742
[   32263ms] [LOG] [Weapon] applyToMesh: recoilAngle=0.1 swayX=0 swayY=0 time=16.24620000000019 baseRot={x:undefined,y:undefined,z:undefined} type=object @ http://localhost:3001/items/Weapon.js:220
[   32263ms] [LOG] [Player] after applyToMesh: rot=NaN,NaN,NaN baseRot=undef @ http://localhost:3001/entities/Player.js:781
[   32275ms] [LOG] [Player] viewWeapon pos=0.25,-0.34,-0.80 rot=NaN,NaN,NaN visible=true fpArmsPos=0.00,0.00,0.00 @ http://localhost:3001/entities/Player.js:742
[   32275ms] [LOG] [Weapon] applyToMesh: recoilAngle=0.1 swayX=0 swayY=0 time=16.258299999999817 baseRot={x:undefined,y:undefined,z:undefined} type=object @ http://localhost:3001/items/Weapon.js:220
[   32283ms] [LOG] [Player] viewWeapon pos=0.25,-0.34,-0.80 rot=NaN,NaN,NaN visible=true fpArmsPos=0.00,0.00,0.00 @ http://localhost:3001/entities/Player.js:742
[   32283ms] [LOG] [Weapon] applyToMesh: recoilAngle=0.1 swayX=0 swayY=0 time=16.266500000000004 baseRot={x:undefined,y:undefined,z:undefined} type=object @ http://localhost:3001/items/Weapon.js:220
[   32292ms] [LOG] [Player] viewWeapon pos=0.25,-0.34,-0.80 rot=NaN,NaN,NaN visible=true fpArmsPos=0.00,0.00,0.00 @ http://localhost:3001/entities/Player.js:742
[   32292ms] [LOG] [Weapon] applyToMesh: recoilAngle=0.1 swayX=0 swayY=0 time=16.275099999999632 baseRot={x:undefined,y:undefined,z:undefined} type=object @ http://localhost:3001/items/Weapon.js:220
[   32301ms] [LOG] [Player] viewWeapon pos=0.25,-0.34,-0.80 rot=NaN,NaN,NaN visible=true fpArmsPos=0.00,0.00,0.00 @ http://localhost:3001/entities/Player.js:742
[   32301ms] [LOG] [Weapon] applyToMesh: recoilAngle=0.1 swayX=0 swayY=0 time=16.28459999999963 baseRot={x:undefined,y:undefined,z:undefined} type=object @ http://localhost:3001/items/Weapon.js:220
[   32313ms] [LOG] [Player] viewWeapon pos=0.25,-0.34,-0.80 rot=NaN,NaN,NaN visible=true fpArmsPos=0.00,0.00,0.00 @ http://localhost:3001/entities/Player.js:742
[   32313ms] [LOG] [Weapon] applyToMesh: recoilAngle=0.1 swayX=0 swayY=0 time=16.296799999999816 baseRot={x:undefined,y:undefined,z:undefined} type=object @ http://localhost:3001/items/Weapon.js:220
[   32313ms] [LOG] [Player] after applyToMesh: rot=NaN,NaN,NaN baseRot=undef @ http://localhost:3001/entities/Player.js:781
[   32322ms] [LOG] [Player] viewWeapon pos=0.25,-0.34,-0.80 rot=NaN,NaN,NaN visible=true fpArmsPos=0.00,0.00,0.00 @ http://localhost:3001/entities/Player.js:742
[   32323ms] [LOG] [Weapon] applyToMesh: recoilAngle=0.1 swayX=0 swayY=0 time=16.30609999999963 baseRot={x:undefined,y:undefined,z:undefined} type=object @ http://localhost:3001/items/Weapon.js:220
[   32332ms] [LOG] [Player] viewWeapon pos=0.25,-0.34,-0.80 rot=NaN,NaN,NaN visible=true fpArmsPos=0.00,0.00,0.00 @ http://localhost:3001/entities/Player.js:742
[   32332ms] [LOG] [Weapon] applyToMesh: recoilAngle=0.1 swayX=0 swayY=0 time=16.31520000000019 baseRot={x:undefined,y:undefined,z:undefined} type=object @ http://localhost:3001/items/Weapon.js:220
[   32343ms] [LOG] [Player] viewWeapon pos=0.25,-0.34,-0.80 rot=NaN,NaN,NaN visible=true fpArmsPos=0.00,0.00,0.00 @ http://localhost:3001/entities/Player.js:742
[   32344ms] [LOG] [Weapon] applyToMesh: recoilAngle=0.1 swayX=0 swayY=0 time=16.327 baseRot={x:undefined,y:undefined,z:undefined} type=object @ http://localhost:3001/items/Weapon.js:220
[   32352ms] [LOG] [Player] viewWeapon pos=0.25,-0.34,-0.80 rot=NaN,NaN,NaN visible=true fpArmsPos=0.00,0.00,0.00 @ http://localhost:3001/entities/Player.js:742
[   32353ms] [LOG] [Weapon] applyToMesh: recoilAngle=0.1 swayX=0 swayY=0 time=16.336000000000002 baseRot={x:undefined,y:undefined,z:undefined} type=object @ http://localhost:3001/items/Weapon.js:220
[   32364ms] [LOG] [Player] viewWeapon pos=0.25,-0.34,-0.80 rot=NaN,NaN,NaN visible=true fpArmsPos=0.00,0.00,0.00 @ http://localhost:3001/entities/Player.js:742
[   32364ms] [LOG] [Weapon] applyToMesh: recoilAngle=0.1 swayX=0 swayY=0 time=16.34759999999963 baseRot={x:undefined,y:undefined,z:undefined} type=object @ http://localhost:3001/items/Weapon.js:220
[   32374ms] [LOG] [Player] viewWeapon pos=0.25,-0.34,-0.80 rot=NaN,NaN,NaN visible=true fpArmsPos=0.00,0.00,0.00 @ http://localhost:3001/entities/Player.js:742
[   32374ms] [LOG] [Weapon] applyToMesh: recoilAngle=0.1 swayX=0 swayY=0 time=16.357799999999816 baseRot={x:undefined,y:undefined,z:undefined} type=object @ http://localhost:3001/items/Weapon.js:220
[   32383ms] [LOG] [Player] viewWeapon pos=0.25,-0.34,-0.80 rot=NaN,NaN,NaN visible=true fpArmsPos=0.00,0.00,0.00 @ http://localhost:3001/entities/Player.js:742
[   32383ms] [LOG] [Weapon] applyToMesh: recoilAngle=0.1 swayX=0 swayY=0 time=16.366400000000375 baseRot={x:undefined,y:undefined,z:undefined} type=object @ http://localhost:3001/items/Weapon.js:220
[   32390ms] [LOG] [Player] viewWeapon pos=0.25,-0.34,-0.80 rot=NaN,NaN,NaN visible=true fpArmsPos=0.00,0.00,0.00 @ http://localhost:3001/entities/Player.js:742
[   32390ms] [LOG] [Weapon] applyToMesh: recoilAngle=0.1 swayX=0 swayY=0 time=16.374000000000002 baseRot={x:undefined,y:undefined,z:undefined} type=object @ http://localhost:3001/items/Weapon.js:220
[   32399ms] [LOG] [Player] viewWeapon pos=0.25,-0.34,-0.80 rot=NaN,NaN,NaN visible=true fpArmsPos=0.00,0.00,0.00 @ http://localhost:3001/entities/Player.js:742
[   32399ms] [LOG] [Weapon] applyToMesh: recoilAngle=0.1 swayX=0 swayY=0 time=16.382099999999628 baseRot={x:undefined,y:undefined,z:undefined} type=object @ http://localhost:3001/items/Weapon.js:220
[   32411ms] [LOG] [Player] viewWeapon pos=0.25,-0.34,-0.80 rot=NaN,NaN,NaN visible=true fpArmsPos=0.00,0.00,0.00 @ http://localhost:3001/entities/Player.js:742
[   32411ms] [LOG] [Weapon] applyToMesh: recoilAngle=0.1 swayX=0 swayY=0 time=16.394900000000373 baseRot={x:undefined,y:undefined,z:undefined} type=object @ http://localhost:3001/items/Weapon.js:220
[   32419ms] [LOG] [Player] viewWeapon pos=0.25,-0.34,-0.80 rot=NaN,NaN,NaN visible=true fpArmsPos=0.00,0.00,0.00 @ http://localhost:3001/entities/Player.js:742
[   32420ms] [LOG] [Weapon] applyToMesh: recoilAngle=0.1 swayX=0 swayY=0 time=16.40309999999963 baseRot={x:undefined,y:undefined,z:undefined} type=object @ http://localhost:3001/items/Weapon.js:220
[   32429ms] [LOG] [Player] viewWeapon pos=0.25,-0.34,-0.80 rot=NaN,NaN,NaN visible=true fpArmsPos=0.00,0.00,0.00 @ http://localhost:3001/entities/Player.js:742
[   32430ms] [LOG] [Weapon] applyToMesh: recoilAngle=0.1 swayX=0 swayY=0 time=16.413 baseRot={x:undefined,y:undefined,z:undefined} type=object @ http://localhost:3001/items/Weapon.js:220
[   32437ms] [LOG] [Player] viewWeapon pos=0.25,-0.34,-0.80 rot=NaN,NaN,NaN visible=true fpArmsPos=0.00,0.00,0.00 @ http://localhost:3001/entities/Player.js:742
[   32438ms] [LOG] [Weapon] applyToMesh: recoilAngle=0.1 swayX=0 swayY=0 time=16.421099999999626 baseRot={x:undefined,y:undefined,z:undefined} type=object @ http://localhost:3001/items/Weapon.js:220
[   32448ms] [LOG] [Player] viewWeapon pos=0.25,-0.34,-0.80 rot=NaN,NaN,NaN visible=true fpArmsPos=0.00,0.00,0.00 @ http://localhost:3001/entities/Player.js:742
[   32448ms] [LOG] [Weapon] applyToMesh: recoilAngle=0.1 swayX=0 swayY=0 time=16.43179999999981 baseRot={x:undefined,y:undefined,z:undefined} type=object @ http://localhost:3001/items/Weapon.js:220
[   32458ms] [LOG] [Player] viewWeapon pos=0.25,-0.34,-0.80 rot=NaN,NaN,NaN visible=true fpArmsPos=0.00,0.00,0.00 @ http://localhost:3001/entities/Player.js:742
[   32459ms] [LOG] [Weapon] applyToMesh: recoilAngle=0.1 swayX=0 swayY=0 time=16.442099999999623 baseRot={x:undefined,y:undefined,z:undefined} type=object @ http://localhost:3001/items/Weapon.js:220
[   32467ms] [LOG] [Player] viewWeapon pos=0.25,-0.34,-0.80 rot=NaN,NaN,NaN visible=true fpArmsPos=0.00,0.00,0.00 @ http://localhost:3001/entities/Player.js:742
[   32467ms] [LOG] [Weapon] applyToMesh: recoilAngle=0.1 swayX=0 swayY=0 time=16.45029999999981 baseRot={x:undefined,y:undefined,z:undefined} type=object @ http://localhost:3001/items/Weapon.js:220
[   32476ms] [LOG] [Player] viewWeapon pos=0.25,-0.34,-0.80 rot=NaN,NaN,NaN visible=true fpArmsPos=0.00,0.00,0.00 @ http://localhost:3001/entities/Player.js:742
[   32476ms] [LOG] [Weapon] applyToMesh: recoilAngle=0.1 swayX=0 swayY=0 time=16.45990000000037 baseRot={x:undefined,y:undefined,z:undefined} type=object @ http://localhost:3001/items/Weapon.js:220
[   32484ms] [LOG] [Player] viewWeapon pos=0.25,-0.34,-0.80 rot=NaN,NaN,NaN visible=true fpArmsPos=0.00,0.00,0.00 @ http://localhost:3001/entities/Player.js:742
[   32484ms] [LOG] [Weapon] applyToMesh: recoilAngle=0.1 swayX=0 swayY=0 time=16.467700000000185 baseRot={x:undefined,y:undefined,z:undefined} type=object @ http://localhost:3001/items/Weapon.js:220
[   32493ms] [LOG] [Player] viewWeapon pos=0.25,-0.34,-0.80 rot=NaN,NaN,NaN visible=true fpArmsPos=0.00,0.00,0.00 @ http://localhost:3001/entities/Player.js:742
[   32493ms] [LOG] [Weapon] applyToMesh: recoilAngle=0.1 swayX=0 swayY=0 time=16.476700000000186 baseRot={x:undefined,y:undefined,z:undefined} type=object @ http://localhost:3001/items/Weapon.js:220
[   32503ms] [LOG] [Player] viewWeapon pos=0.25,-0.34,-0.80 rot=NaN,NaN,NaN visible=true fpArmsPos=0.00,0.00,0.00 @ http://localhost:3001/entities/Player.js:742
[   32503ms] [LOG] [Weapon] applyToMesh: recoilAngle=0.1 swayX=0 swayY=0 time=16.48690000000037 baseRot={x:undefined,y:undefined,z:undefined} type=object @ http://localhost:3001/items/Weapon.js:220
[   32512ms] [LOG] [Player] viewWeapon pos=0.25,-0.34,-0.80 rot=NaN,NaN,NaN visible=true fpArmsPos=0.00,0.00,0.00 @ http://localhost:3001/entities/Player.js:742
[   32512ms] [LOG] [Weapon] applyToMesh: recoilAngle=0.1 swayX=0 swayY=0 time=16.495799999999814 baseRot={x:undefined,y:undefined,z:undefined} type=object @ http://localhost:3001/items/Weapon.js:220
[   32519ms] [LOG] [Player] viewWeapon pos=0.25,-0.34,-0.80 rot=NaN,NaN,NaN visible=true fpArmsPos=0.00,0.00,0.00 @ http://localhost:3001/entities/Player.js:742
[   32520ms] [LOG] [Weapon] applyToMesh: recoilAngle=0.1 swayX=0 swayY=0 time=16.503 baseRot={x:undefined,y:undefined,z:undefined} type=object @ http://localhost:3001/items/Weapon.js:220
[   32530ms] [LOG] [Player] viewWeapon pos=0.25,-0.34,-0.80 rot=NaN,NaN,NaN visible=true fpArmsPos=0.00,0.00,0.00 @ http://localhost:3001/entities/Player.js:742
[   32530ms] [LOG] [Weapon] applyToMesh: recoilAngle=0.1 swayX=0 swayY=0 time=16.513599999999627 baseRot={x:undefined,y:undefined,z:undefined} type=object @ http://localhost:3001/items/Weapon.js:220
[   32539ms] [LOG] [Player] viewWeapon pos=0.25,-0.34,-0.80 rot=NaN,NaN,NaN visible=true fpArmsPos=0.00,0.00,0.00 @ http://localhost:3001/entities/Player.js:742
[   32539ms] [LOG] [Weapon] applyToMesh: recoilAngle=0.1 swayX=0 swayY=0 time=16.522599999999628 baseRot={x:undefined,y:undefined,z:undefined} type=object @ http://localhost:3001/items/Weapon.js:220
[   32546ms] [LOG] [Player] viewWeapon pos=0.25,-0.34,-0.80 rot=NaN,NaN,NaN visible=true fpArmsPos=0.00,0.00,0.00 @ http://localhost:3001/entities/Player.js:742
[   32546ms] [LOG] [Weapon] applyToMesh: recoilAngle=0.1 swayX=0 swayY=0 time=16.529799999999813 baseRot={x:undefined,y:undefined,z:undefined} type=object @ http://localhost:3001/items/Weapon.js:220
[   32546ms] [LOG] [Player] after applyToMesh: rot=NaN,NaN,NaN baseRot=undef @ http://localhost:3001/entities/Player.js:781
[   32554ms] [LOG] [Player] viewWeapon pos=0.25,-0.34,-0.80 rot=NaN,NaN,NaN visible=true fpArmsPos=0.00,0.00,0.00 @ http://localhost:3001/entities/Player.js:742
[   32554ms] [LOG] [Weapon] applyToMesh: recoilAngle=0.1 swayX=0 swayY=0 time=16.537900000000374 baseRot={x:undefined,y:undefined,z:undefined} type=object @ http://localhost:3001/items/Weapon.js:220
[   32566ms] [LOG] [Player] viewWeapon pos=0.25,-0.34,-0.80 rot=NaN,NaN,NaN visible=true fpArmsPos=0.00,0.00,0.00 @ http://localhost:3001/entities/Player.js:742
[   32566ms] [LOG] [Weapon] applyToMesh: recoilAngle=0.1 swayX=0 swayY=0 time=16.549400000000375 baseRot={x:undefined,y:undefined,z:undefined} type=object @ http://localhost:3001/items/Weapon.js:220
[   32574ms] [LOG] [Player] viewWeapon pos=0.25,-0.34,-0.80 rot=NaN,NaN,NaN visible=true fpArmsPos=0.00,0.00,0.00 @ http://localhost:3001/entities/Player.js:742
[   32574ms] [LOG] [Weapon] applyToMesh: recoilAngle=0.1 swayX=0 swayY=0 time=16.557400000000374 baseRot={x:undefined,y:undefined,z:undefined} type=object @ http://localhost:3001/items/Weapon.js:220
[   32581ms] [LOG] [Player] viewWeapon pos=0.25,-0.34,-0.80 rot=NaN,NaN,NaN visible=true fpArmsPos=0.00,0.00,0.00 @ http://localhost:3001/entities/Player.js:742
[   32582ms] [LOG] [Weapon] applyToMesh: recoilAngle=0.1 swayX=0 swayY=0 time=16.565299999999816 baseRot={x:undefined,y:undefined,z:undefined} type=object @ http://localhost:3001/items/Weapon.js:220
[   32589ms] [LOG] [Player] viewWeapon pos=0.25,-0.34,-0.80 rot=NaN,NaN,NaN visible=true fpArmsPos=0.00,0.00,0.00 @ http://localhost:3001/entities/Player.js:742
[   32589ms] [LOG] [Weapon] applyToMesh: recoilAngle=0.1 swayX=0 swayY=0 time=16.57259999999963 baseRot={x:undefined,y:undefined,z:undefined} type=object @ http://localhost:3001/items/Weapon.js:220
[   32597ms] [LOG] [Player] viewWeapon pos=0.25,-0.34,-0.80 rot=NaN,NaN,NaN visible=true fpArmsPos=0.00,0.00,0.00 @ http://localhost:3001/entities/Player.js:742
[   32597ms] [LOG] [Weapon] applyToMesh: recoilAngle=0.1 swayX=0 swayY=0 time=16.58070000000019 baseRot={x:undefined,y:undefined,z:undefined} type=object @ http://localhost:3001/items/Weapon.js:220
[   32605ms] [LOG] [Player] viewWeapon pos=0.25,-0.34,-0.80 rot=NaN,NaN,NaN visible=true fpArmsPos=0.00,0.00,0.00 @ http://localhost:3001/entities/Player.js:742
[   32606ms] [LOG] [Weapon] applyToMesh: recoilAngle=0.1 swayX=0 swayY=0 time=16.589299999999817 baseRot={x:undefined,y:undefined,z:undefined} type=object @ http://localhost:3001/items/Weapon.js:220
[   32616ms] [LOG] [Player] viewWeapon pos=0.25,-0.34,-0.80 rot=NaN,NaN,NaN visible=true fpArmsPos=0.00,0.00,0.00 @ http://localhost:3001/entities/Player.js:742
[   32616ms] [LOG] [Weapon] applyToMesh: recoilAngle=0.1 swayX=0 swayY=0 time=16.599500000000003 baseRot={x:undefined,y:undefined,z:undefined} type=object @ http://localhost:3001/items/Weapon.js:220
[   32624ms] [LOG] [Player] viewWeapon pos=0.25,-0.34,-0.80 rot=NaN,NaN,NaN visible=true fpArmsPos=0.00,0.00,0.00 @ http://localhost:3001/entities/Player.js:742
[   32624ms] [LOG] [Weapon] applyToMesh: recoilAngle=0.1 swayX=0 swayY=0 time=16.6075 baseRot={x:undefined,y:undefined,z:undefined} type=object @ http://localhost:3001/items/Weapon.js:220
[   32634ms] [LOG] [Player] viewWeapon pos=0.25,-0.34,-0.80 rot=NaN,NaN,NaN visible=true fpArmsPos=0.00,0.00,0.00 @ http://localhost:3001/entities/Player.js:742
[   32634ms] [LOG] [Weapon] applyToMesh: recoilAngle=0.1 swayX=0 swayY=0 time=16.617400000000373 baseRot={x:undefined,y:undefined,z:undefined} type=object @ http://localhost:3001/items/Weapon.js:220
[   32644ms] [LOG] [Player] viewWeapon pos=0.25,-0.34,-0.80 rot=NaN,NaN,NaN visible=true fpArmsPos=0.00,0.00,0.00 @ http://localhost:3001/entities/Player.js:742
[   32644ms] [LOG] [Weapon] applyToMesh: recoilAngle=0.1 swayX=0 swayY=0 time=16.62709999999963 baseRot={x:undefined,y:undefined,z:undefined} type=object @ http://localhost:3001/items/Weapon.js:220
[   32654ms] [LOG] [Player] viewWeapon pos=0.25,-0.34,-0.80 rot=NaN,NaN,NaN visible=true fpArmsPos=0.00,0.00,0.00 @ http://localhost:3001/entities/Player.js:742
[   32654ms] [LOG] [Weapon] applyToMesh: recoilAngle=0.1 swayX=0 swayY=0 time=16.637900000000375 baseRot={x:undefined,y:undefined,z:undefined} type=object @ http://localhost:3001/items/Weapon.js:220
[   32654ms] [LOG] [CameraController] playerPos=46.00,4.04,0.00 targetY=4.19 camPos=46.00,4.19,0.00 @ http://localhost:3001/core/CameraController.js:240
[   32654ms] [LOG] [Cam] pitch=-14.3° yaw=0.0° @ http://localhost:3001/core/CameraController.js:252
[   32666ms] [LOG] [Player] viewWeapon pos=0.25,-0.34,-0.80 rot=NaN,NaN,NaN visible=true fpArmsPos=0.00,0.00,0.00 @ http://localhost:3001/entities/Player.js:742
[   32666ms] [LOG] [Weapon] applyToMesh: recoilAngle=0.1 swayX=0 swayY=0 time=16.64909999999963 baseRot={x:undefined,y:undefined,z:undefined} type=object @ http://localhost:3001/items/Weapon.js:220
[   32676ms] [LOG] [Player] viewWeapon pos=0.25,-0.34,-0.80 rot=NaN,NaN,NaN visible=true fpArmsPos=0.00,0.00,0.00 @ http://localhost:3001/entities/Player.js:742
[   32676ms] [LOG] [Weapon] applyToMesh: recoilAngle=0.1 swayX=0 swayY=0 time=16.65970000000019 baseRot={x:undefined,y:undefined,z:undefined} type=object @ http://localhost:3001/items/Weapon.js:220
[   32686ms] [LOG] [Player] viewWeapon pos=0.25,-0.34,-0.80 rot=NaN,NaN,NaN visible=true fpArmsPos=0.00,0.00,0.00 @ http://localhost:3001/entities/Player.js:742
[   32687ms] [LOG] [Weapon] applyToMesh: recoilAngle=0.1 swayX=0 swayY=0 time=16.67 baseRot={x:undefined,y:undefined,z:undefined} type=object @ http://localhost:3001/items/Weapon.js:220
[   32697ms] [LOG] [Player] viewWeapon pos=0.25,-0.34,-0.80 rot=NaN,NaN,NaN visible=true fpArmsPos=0.00,0.00,0.00 @ http://localhost:3001/entities/Player.js:742
[   32697ms] [LOG] [Weapon] applyToMesh: recoilAngle=0.1 swayX=0 swayY=0 time=16.681 baseRot={x:undefined,y:undefined,z:undefined} type=object @ http://localhost:3001/items/Weapon.js:220
[   32707ms] [LOG] [Player] viewWeapon pos=0.25,-0.34,-0.80 rot=NaN,NaN,NaN visible=true fpArmsPos=0.00,0.00,0.00 @ http://localhost:3001/entities/Player.js:742
[   32707ms] [LOG] [Weapon] applyToMesh: recoilAngle=0.1 swayX=0 swayY=0 time=16.690599999999627 baseRot={x:undefined,y:undefined,z:undefined} type=object @ http://localhost:3001/items/Weapon.js:220
[   32719ms] [LOG] [Player] viewWeapon pos=0.25,-0.34,-0.80 rot=NaN,NaN,NaN visible=true fpArmsPos=0.00,0.00,0.00 @ http://localhost:3001/entities/Player.js:742
[   32720ms] [LOG] [Weapon] applyToMesh: recoilAngle=0.1 swayX=0 swayY=0 time=16.703200000000187 baseRot={x:undefined,y:undefined,z:undefined} type=object @ http://localhost:3001/items/Weapon.js:220
[   32729ms] [LOG] [Player] viewWeapon pos=0.25,-0.34,-0.80 rot=NaN,NaN,NaN visible=true fpArmsPos=0.00,0.00,0.00 @ http://localhost:3001/entities/Player.js:742
[   32729ms] [LOG] [Weapon] applyToMesh: recoilAngle=0.1 swayX=0 swayY=0 time=16.712799999999813 baseRot={x:undefined,y:undefined,z:undefined} type=object @ http://localhost:3001/items/Weapon.js:220
[   32739ms] [LOG] [Player] viewWeapon pos=0.25,-0.34,-0.80 rot=NaN,NaN,NaN visible=true fpArmsPos=0.00,0.00,0.00 @ http://localhost:3001/entities/Player.js:742
[   32739ms] [LOG] [Weapon] applyToMesh: recoilAngle=0.1 swayX=0 swayY=0 time=16.723 baseRot={x:undefined,y:undefined,z:undefined} type=object @ http://localhost:3001/items/Weapon.js:220
[   32751ms] [LOG] [Player] viewWeapon pos=0.25,-0.34,-0.80 rot=NaN,NaN,NaN visible=true fpArmsPos=0.00,0.00,0.00 @ http://localhost:3001/entities/Player.js:742
[   32751ms] [LOG] [Weapon] applyToMesh: recoilAngle=0.1 swayX=0 swayY=0 time=16.734599999999627 baseRot={x:undefined,y:undefined,z:undefined} type=object @ http://localhost:3001/items/Weapon.js:220
[   32761ms] [LOG] [Player] viewWeapon pos=0.25,-0.34,-0.80 rot=NaN,NaN,NaN visible=true fpArmsPos=0.00,0.00,0.00 @ http://localhost:3001/entities/Player.js:742
[   32762ms] [LOG] [Weapon] applyToMesh: recoilAngle=0.1 swayX=0 swayY=0 time=16.74459999999963 baseRot={x:undefined,y:undefined,z:undefined} type=object @ http://localhost:3001/items/Weapon.js:220
[   32777ms] [LOG] [Player] viewWeapon pos=0.25,-0.34,-0.80 rot=NaN,NaN,NaN visible=true fpArmsPos=0.00,0.00,0.00 @ http://localhost:3001/entities/Player.js:742
[   32777ms] [LOG] [Weapon] applyToMesh: recoilAngle=0.1 swayX=0 swayY=0 time=16.76009999999963 baseRot={x:undefined,y:undefined,z:undefined} type=object @ http://localhost:3001/items/Weapon.js:220
[   32789ms] [LOG] [Player] viewWeapon pos=0.25,-0.34,-0.80 rot=NaN,NaN,NaN visible=true fpArmsPos=0.00,0.00,0.00 @ http://localhost:3001/entities/Player.js:742
[   32790ms] [LOG] [Weapon] applyToMesh: recoilAngle=0.1 swayX=0 swayY=0 time=16.77309999999963 baseRot={x:undefined,y:undefined,z:undefined} type=object @ http://localhost:3001/items/Weapon.js:220
[   32790ms] [LOG] [Player] after applyToMesh: rot=NaN,NaN,NaN baseRot=undef @ http://localhost:3001/entities/Player.js:781
[   32800ms] [LOG] [Player] viewWeapon pos=0.25,-0.34,-0.80 rot=NaN,NaN,NaN visible=true fpArmsPos=0.00,0.00,0.00 @ http://localhost:3001/entities/Player.js:742
[   32800ms] [LOG] [Weapon] applyToMesh: recoilAngle=0.1 swayX=0 swayY=0 time=16.783700000000188 baseRot={x:undefined,y:undefined,z:undefined} type=object @ http://localhost:3001/items/Weapon.js:220
[   32811ms] [LOG] [Player] viewWeapon pos=0.25,-0.34,-0.80 rot=NaN,NaN,NaN visible=true fpArmsPos=0.00,0.00,0.00 @ http://localhost:3001/entities/Player.js:742
[   32812ms] [LOG] [Weapon] applyToMesh: recoilAngle=0.1 swayX=0 swayY=0 time=16.794799999999814 baseRot={x:undefined,y:undefined,z:undefined} type=object @ http://localhost:3001/items/Weapon.js:220
[   32825ms] [LOG] [Player] viewWeapon pos=0.25,-0.34,-0.80 rot=NaN,NaN,NaN visible=true fpArmsPos=0.00,0.00,0.00 @ http://localhost:3001/entities/Player.js:742
[   32825ms] [LOG] [Weapon] applyToMesh: recoilAngle=0.1 swayX=0 swayY=0 time=16.807900000000373 baseRot={x:undefined,y:undefined,z:undefined} type=object @ http://localhost:3001/items/Weapon.js:220
[   32825ms] [LOG] [Player] after applyToMesh: rot=NaN,NaN,NaN baseRot=undef @ http://localhost:3001/entities/Player.js:781
[   32836ms] [LOG] [Player] viewWeapon pos=0.25,-0.34,-0.80 rot=NaN,NaN,NaN visible=true fpArmsPos=0.00,0.00,0.00 @ http://localhost:3001/entities/Player.js:742
[   32837ms] [LOG] [Weapon] applyToMesh: recoilAngle=0.1 swayX=0 swayY=0 time=16.820099999999627 baseRot={x:undefined,y:undefined,z:undefined} type=object @ http://localhost:3001/items/Weapon.js:220
[   32848ms] [LOG] [Player] viewWeapon pos=0.25,-0.34,-0.80 rot=NaN,NaN,NaN visible=true fpArmsPos=0.00,0.00,0.00 @ http://localhost:3001/entities/Player.js:742
[   32848ms] [LOG] [Weapon] applyToMesh: recoilAngle=0.1 swayX=0 swayY=0 time=16.83159999999963 baseRot={x:undefined,y:undefined,z:undefined} type=object @ http://localhost:3001/items/Weapon.js:220
[   32859ms] [LOG] [Player] viewWeapon pos=0.25,-0.34,-0.80 rot=NaN,NaN,NaN visible=true fpArmsPos=0.00,0.00,0.00 @ http://localhost:3001/entities/Player.js:742
[   32860ms] [LOG] [Weapon] applyToMesh: recoilAngle=0.1 swayX=0 swayY=0 time=16.842900000000373 baseRot={x:undefined,y:undefined,z:undefined} type=object @ http://localhost:3001/items/Weapon.js:220
[   32871ms] [LOG] [Player] viewWeapon pos=0.25,-0.34,-0.80 rot=NaN,NaN,NaN visible=true fpArmsPos=0.00,0.00,0.00 @ http://localhost:3001/entities/Player.js:742
[   32871ms] [LOG] [Weapon] applyToMesh: recoilAngle=0.1 swayX=0 swayY=0 time=16.855099999999627 baseRot={x:undefined,y:undefined,z:undefined} type=object @ http://localhost:3001/items/Weapon.js:220
[   32882ms] [LOG] [Player] viewWeapon pos=0.25,-0.34,-0.80 rot=NaN,NaN,NaN visible=true fpArmsPos=0.00,0.00,0.00 @ http://localhost:3001/entities/Player.js:742
[   32882ms] [LOG] [Weapon] applyToMesh: recoilAngle=0.1 swayX=0 swayY=0 time=16.865599999999628 baseRot={x:undefined,y:undefined,z:undefined} type=object @ http://localhost:3001/items/Weapon.js:220
[   32892ms] [LOG] [Player] viewWeapon pos=0.25,-0.34,-0.80 rot=NaN,NaN,NaN visible=true fpArmsPos=0.00,0.00,0.00 @ http://localhost:3001/entities/Player.js:742
[   32892ms] [LOG] [Weapon] applyToMesh: recoilAngle=0.1 swayX=0 swayY=0 time=16.8755 baseRot={x:undefined,y:undefined,z:undefined} type=object @ http://localhost:3001/items/Weapon.js:220
[   32903ms] [LOG] [Player] viewWeapon pos=0.25,-0.34,-0.80 rot=NaN,NaN,NaN visible=true fpArmsPos=0.00,0.00,0.00 @ http://localhost:3001/entities/Player.js:742
[   32903ms] [LOG] [Weapon] applyToMesh: recoilAngle=0.1 swayX=0 swayY=0 time=16.886599999999625 baseRot={x:undefined,y:undefined,z:undefined} type=object @ http://localhost:3001/items/Weapon.js:220
[   32915ms] [LOG] [Player] viewWeapon pos=0.25,-0.34,-0.80 rot=NaN,NaN,NaN visible=true fpArmsPos=0.00,0.00,0.00 @ http://localhost:3001/entities/Player.js:742
[   32915ms] [LOG] [Weapon] applyToMesh: recoilAngle=0.1 swayX=0 swayY=0 time=16.898599999999625 baseRot={x:undefined,y:undefined,z:undefined} type=object @ http://localhost:3001/items/Weapon.js:220
[   32930ms] [LOG] [Player] viewWeapon pos=0.25,-0.34,-0.80 rot=NaN,NaN,NaN visible=true fpArmsPos=0.00,0.00,0.00 @ http://localhost:3001/entities/Player.js:742
[   32930ms] [LOG] [Weapon] applyToMesh: recoilAngle=0.1 swayX=0 swayY=0 time=16.912700000000186 baseRot={x:undefined,y:undefined,z:undefined} type=object @ http://localhost:3001/items/Weapon.js:220
[   32944ms] [LOG] [Player] viewWeapon pos=0.25,-0.34,-0.80 rot=NaN,NaN,NaN visible=true fpArmsPos=0.00,0.00,0.00 @ http://localhost:3001/entities/Player.js:742
[   32945ms] [LOG] [Weapon] applyToMesh: recoilAngle=0.1 swayX=0 swayY=0 time=16.926700000000185 baseRot={x:undefined,y:undefined,z:undefined} type=object @ http://localhost:3001/items/Weapon.js:220
[   32957ms] [LOG] [Player] viewWeapon pos=0.25,-0.33,-0.80 rot=NaN,NaN,NaN visible=true fpArmsPos=0.00,0.00,0.00 @ http://localhost:3001/entities/Player.js:742
[   32957ms] [LOG] [Weapon] applyToMesh: recoilAngle=0.1 swayX=0 swayY=0 time=16.939999999999998 baseRot={x:undefined,y:undefined,z:undefined} type=object @ http://localhost:3001/items/Weapon.js:220
[   32967ms] [LOG] [Player] viewWeapon pos=0.25,-0.33,-0.80 rot=NaN,NaN,NaN visible=true fpArmsPos=0.00,0.00,0.00 @ http://localhost:3001/entities/Player.js:742
[   32967ms] [LOG] [Weapon] applyToMesh: recoilAngle=0.1 swayX=0 swayY=0 time=16.950599999999625 baseRot={x:undefined,y:undefined,z:undefined} type=object @ http://localhost:3001/items/Weapon.js:220
[   32979ms] [LOG] [Player] viewWeapon pos=0.25,-0.33,-0.80 rot=NaN,NaN,NaN visible=true fpArmsPos=0.00,0.00,0.00 @ http://localhost:3001/entities/Player.js:742
[   32980ms] [LOG] [Weapon] applyToMesh: recoilAngle=0.1 swayX=0 swayY=0 time=16.962999999999997 baseRot={x:undefined,y:undefined,z:undefined} type=object @ http://localhost:3001/items/Weapon.js:220
[   32980ms] [LOG] [Player] anim: recoilAngle=0.1 swayX=0 swayY=0 time=16.962999999999997 @ http://localhost:3001/entities/Player.js:780
[   32990ms] [LOG] [Player] viewWeapon pos=0.25,-0.33,-0.80 rot=NaN,NaN,NaN visible=true fpArmsPos=0.00,0.00,0.00 @ http://localhost:3001/entities/Player.js:742
[   32990ms] [LOG] [Weapon] applyToMesh: recoilAngle=0.1 swayX=0 swayY=0 time=16.973599999999625 baseRot={x:undefined,y:undefined,z:undefined} type=object @ http://localhost:3001/items/Weapon.js:220
[   33001ms] [LOG] [Player] viewWeapon pos=0.25,-0.33,-0.80 rot=NaN,NaN,NaN visible=true fpArmsPos=0.00,0.00,0.00 @ http://localhost:3001/entities/Player.js:742
[   33001ms] [LOG] [Weapon] applyToMesh: recoilAngle=0.1 swayX=0 swayY=0 time=16.984599999999624 baseRot={x:undefined,y:undefined,z:undefined} type=object @ http://localhost:3001/items/Weapon.js:220
[   33012ms] [LOG] [Player] viewWeapon pos=0.25,-0.33,-0.80 rot=NaN,NaN,NaN visible=true fpArmsPos=0.00,0.00,0.00 @ http://localhost:3001/entities/Player.js:742
[   33013ms] [LOG] [Weapon] applyToMesh: recoilAngle=0.1 swayX=0 swayY=0 time=16.996099999999625 baseRot={x:undefined,y:undefined,z:undefined} type=object @ http://localhost:3001/items/Weapon.js:220
[   33026ms] [LOG] [Player] viewWeapon pos=0.25,-0.33,-0.80 rot=NaN,NaN,NaN visible=true fpArmsPos=0.00,0.00,0.00 @ http://localhost:3001/entities/Player.js:742
[   33026ms] [LOG] [Weapon] applyToMesh: recoilAngle=0.1 swayX=0 swayY=0 time=17.009599999999626 baseRot={x:undefined,y:undefined,z:undefined} type=object @ http://localhost:3001/items/Weapon.js:220
[   33037ms] [LOG] [Player] viewWeapon pos=0.25,-0.33,-0.80 rot=NaN,NaN,NaN visible=true fpArmsPos=0.00,0.00,0.00 @ http://localhost:3001/entities/Player.js:742
[   33037ms] [LOG] [Weapon] applyToMesh: recoilAngle=0.1 swayX=0 swayY=0 time=17.020700000000186 baseRot={x:undefined,y:undefined,z:undefined} type=object @ http://localhost:3001/items/Weapon.js:220
[   33048ms] [LOG] [Player] viewWeapon pos=0.25,-0.33,-0.80 rot=NaN,NaN,NaN visible=true fpArmsPos=0.00,0.00,0.00 @ http://localhost:3001/entities/Player.js:742
[   33048ms] [LOG] [Weapon] applyToMesh: recoilAngle=0.1 swayX=0 swayY=0 time=17.031599999999628 baseRot={x:undefined,y:undefined,z:undefined} type=object @ http://localhost:3001/items/Weapon.js:220
[   33059ms] [LOG] [Player] viewWeapon pos=0.25,-0.33,-0.80 rot=NaN,NaN,NaN visible=true fpArmsPos=0.00,0.00,0.00 @ http://localhost:3001/entities/Player.js:742
[   33059ms] [LOG] [Weapon] applyToMesh: recoilAngle=0.1 swayX=0 swayY=0 time=17.043 baseRot={x:undefined,y:undefined,z:undefined} type=object @ http://localhost:3001/items/Weapon.js:220
[   33073ms] [LOG] [Player] viewWeapon pos=0.25,-0.33,-0.80 rot=NaN,NaN,NaN visible=true fpArmsPos=0.00,0.00,0.00 @ http://localhost:3001/entities/Player.js:742
[   33074ms] [LOG] [Weapon] applyToMesh: recoilAngle=0.1 swayX=0 swayY=0 time=17.057099999999625 baseRot={x:undefined,y:undefined,z:undefined} type=object @ http://localhost:3001/items/Weapon.js:220
[   33085ms] [LOG] [Player] viewWeapon pos=0.25,-0.33,-0.80 rot=NaN,NaN,NaN visible=true fpArmsPos=0.00,0.00,0.00 @ http://localhost:3001/entities/Player.js:742
[   33085ms] [LOG] [Weapon] applyToMesh: recoilAngle=0.1 swayX=0 swayY=0 time=17.06840000000037 baseRot={x:undefined,y:undefined,z:undefined} type=object @ http://localhost:3001/items/Weapon.js:220
[   33095ms] [LOG] [Player] viewWeapon pos=0.25,-0.33,-0.80 rot=NaN,NaN,NaN visible=true fpArmsPos=0.00,0.00,0.00 @ http://localhost:3001/entities/Player.js:742
[   33095ms] [LOG] [Weapon] applyToMesh: recoilAngle=0.1 swayX=0 swayY=0 time=17.078599999999625 baseRot={x:undefined,y:undefined,z:undefined} type=object @ http://localhost:3001/items/Weapon.js:220
[   33105ms] [LOG] [Player] viewWeapon pos=0.25,-0.33,-0.80 rot=NaN,NaN,NaN visible=true fpArmsPos=0.00,0.00,0.00 @ http://localhost:3001/entities/Player.js:742
[   33105ms] [LOG] [Weapon] applyToMesh: recoilAngle=0.1 swayX=0 swayY=0 time=17.08890000000037 baseRot={x:undefined,y:undefined,z:undefined} type=object @ http://localhost:3001/items/Weapon.js:220
[   33119ms] [LOG] [Player] viewWeapon pos=0.25,-0.33,-0.80 rot=NaN,NaN,NaN visible=true fpArmsPos=0.00,0.00,0.00 @ http://localhost:3001/entities/Player.js:742
[   33119ms] [LOG] [Weapon] applyToMesh: recoilAngle=0.1 swayX=0 swayY=0 time=17.10240000000037 baseRot={x:undefined,y:undefined,z:undefined} type=object @ http://localhost:3001/items/Weapon.js:220
[   33132ms] [LOG] [Player] viewWeapon pos=0.25,-0.33,-0.80 rot=NaN,NaN,NaN visible=true fpArmsPos=0.00,0.00,0.00 @ http://localhost:3001/entities/Player.js:742
[   33133ms] [LOG] [Weapon] applyToMesh: recoilAngle=0.1 swayX=0 swayY=0 time=17.11590000000037 baseRot={x:undefined,y:undefined,z:undefined} type=object @ http://localhost:3001/items/Weapon.js:220
[   33143ms] [LOG] [Player] viewWeapon pos=0.25,-0.33,-0.80 rot=NaN,NaN,NaN visible=true fpArmsPos=0.00,0.00,0.00 @ http://localhost:3001/entities/Player.js:742
[   33143ms] [LOG] [Weapon] applyToMesh: recoilAngle=0.1 swayX=0 swayY=0 time=17.12679999999981 baseRot={x:undefined,y:undefined,z:undefined} type=object @ http://localhost:3001/items/Weapon.js:220
[   33153ms] [LOG] [Player] viewWeapon pos=0.25,-0.33,-0.80 rot=NaN,NaN,NaN visible=true fpArmsPos=0.00,0.00,0.00 @ http://localhost:3001/entities/Player.js:742
[   33153ms] [LOG] [Weapon] applyToMesh: recoilAngle=0.1 swayX=0 swayY=0 time=17.13629999999981 baseRot={x:undefined,y:undefined,z:undefined} type=object @ http://localhost:3001/items/Weapon.js:220
[   33164ms] [LOG] [Player] viewWeapon pos=0.25,-0.33,-0.80 rot=NaN,NaN,NaN visible=true fpArmsPos=0.00,0.00,0.00 @ http://localhost:3001/entities/Player.js:742
[   33164ms] [LOG] [Weapon] applyToMesh: recoilAngle=0.1 swayX=0 swayY=0 time=17.147200000000183 baseRot={x:undefined,y:undefined,z:undefined} type=object @ http://localhost:3001/items/Weapon.js:220
[   33174ms] [LOG] [Player] viewWeapon pos=0.25,-0.33,-0.80 rot=NaN,NaN,NaN visible=true fpArmsPos=0.00,0.00,0.00 @ http://localhost:3001/entities/Player.js:742
[   33174ms] [LOG] [Weapon] applyToMesh: recoilAngle=0.1 swayX=0 swayY=0 time=17.157499999999995 baseRot={x:undefined,y:undefined,z:undefined} type=object @ http://localhost:3001/items/Weapon.js:220
[   33183ms] [LOG] [Player] viewWeapon pos=0.25,-0.33,-0.80 rot=NaN,NaN,NaN visible=true fpArmsPos=0.00,0.00,0.00 @ http://localhost:3001/entities/Player.js:742
[   33183ms] [LOG] [Weapon] applyToMesh: recoilAngle=0.1 swayX=0 swayY=0 time=17.166900000000368 baseRot={x:undefined,y:undefined,z:undefined} type=object @ http://localhost:3001/items/Weapon.js:220
[   33195ms] [LOG] [Player] viewWeapon pos=0.25,-0.33,-0.80 rot=NaN,NaN,NaN visible=true fpArmsPos=0.00,0.00,0.00 @ http://localhost:3001/entities/Player.js:742
[   33195ms] [LOG] [Weapon] applyToMesh: recoilAngle=0.1 swayX=0 swayY=0 time=17.17829999999981 baseRot={x:undefined,y:undefined,z:undefined} type=object @ http://localhost:3001/items/Weapon.js:220
[   33204ms] [LOG] [Player] viewWeapon pos=0.25,-0.33,-0.80 rot=NaN,NaN,NaN visible=true fpArmsPos=0.00,0.00,0.00 @ http://localhost:3001/entities/Player.js:742
[   33204ms] [LOG] [Weapon] applyToMesh: recoilAngle=0.1 swayX=0 swayY=0 time=17.18820000000018 baseRot={x:undefined,y:undefined,z:undefined} type=object @ http://localhost:3001/items/Weapon.js:220
[   33217ms] [LOG] [Player] viewWeapon pos=0.25,-0.33,-0.80 rot=NaN,NaN,NaN visible=true fpArmsPos=0.00,0.00,0.00 @ http://localhost:3001/entities/Player.js:742
[   33218ms] [LOG] [Weapon] applyToMesh: recoilAngle=0.1 swayX=0 swayY=0 time=17.201299999999808 baseRot={x:undefined,y:undefined,z:undefined} type=object @ http://localhost:3001/items/Weapon.js:220
[   33227ms] [LOG] [Player] viewWeapon pos=0.25,-0.33,-0.80 rot=NaN,NaN,NaN visible=true fpArmsPos=0.00,0.00,0.00 @ http://localhost:3001/entities/Player.js:742
[   33227ms] [LOG] [Weapon] applyToMesh: recoilAngle=0.1 swayX=0 swayY=0 time=17.210499999999993 baseRot={x:undefined,y:undefined,z:undefined} type=object @ http://localhost:3001/items/Weapon.js:220
[   33238ms] [LOG] [Player] viewWeapon pos=0.25,-0.33,-0.80 rot=NaN,NaN,NaN visible=true fpArmsPos=0.00,0.00,0.00 @ http://localhost:3001/entities/Player.js:742
[   33239ms] [LOG] [Weapon] applyToMesh: recoilAngle=0.1 swayX=0 swayY=0 time=17.221900000000364 baseRot={x:undefined,y:undefined,z:undefined} type=object @ http://localhost:3001/items/Weapon.js:220
[   33251ms] [LOG] [Player] viewWeapon pos=0.25,-0.33,-0.80 rot=NaN,NaN,NaN visible=true fpArmsPos=0.00,0.00,0.00 @ http://localhost:3001/entities/Player.js:742
[   33252ms] [LOG] [Weapon] applyToMesh: recoilAngle=0.1 swayX=0 swayY=0 time=17.23509999999962 baseRot={x:undefined,y:undefined,z:undefined} type=object @ http://localhost:3001/items/Weapon.js:220
[   33263ms] [LOG] [Player] viewWeapon pos=0.25,-0.33,-0.80 rot=NaN,NaN,NaN visible=true fpArmsPos=0.00,0.00,0.00 @ http://localhost:3001/entities/Player.js:742
[   33263ms] [LOG] [Weapon] applyToMesh: recoilAngle=0.1 swayX=0 swayY=0 time=17.24649999999999 baseRot={x:undefined,y:undefined,z:undefined} type=object @ http://localhost:3001/items/Weapon.js:220
[   33274ms] [LOG] [Player] viewWeapon pos=0.25,-0.33,-0.80 rot=NaN,NaN,NaN visible=true fpArmsPos=0.00,0.00,0.00 @ http://localhost:3001/entities/Player.js:742
[   33275ms] [LOG] [Weapon] applyToMesh: recoilAngle=0.1 swayX=0 swayY=0 time=17.257999999999992 baseRot={x:undefined,y:undefined,z:undefined} type=object @ http://localhost:3001/items/Weapon.js:220
[   33283ms] [LOG] [Player] viewWeapon pos=0.25,-0.33,-0.80 rot=NaN,NaN,NaN visible=true fpArmsPos=0.00,0.00,0.00 @ http://localhost:3001/entities/Player.js:742
[   33283ms] [LOG] [Weapon] applyToMesh: recoilAngle=0.1 swayX=0 swayY=0 time=17.26659999999962 baseRot={x:undefined,y:undefined,z:undefined} type=object @ http://localhost:3001/items/Weapon.js:220
[   33292ms] [LOG] [Player] viewWeapon pos=0.25,-0.33,-0.80 rot=NaN,NaN,NaN visible=true fpArmsPos=0.00,0.00,0.00 @ http://localhost:3001/entities/Player.js:742
[   33292ms] [LOG] [Weapon] applyToMesh: recoilAngle=0.1 swayX=0 swayY=0 time=17.275499999999994 baseRot={x:undefined,y:undefined,z:undefined} type=object @ http://localhost:3001/items/Weapon.js:220
[   33301ms] [LOG] [Player] viewWeapon pos=0.25,-0.33,-0.80 rot=NaN,NaN,NaN visible=true fpArmsPos=0.00,0.00,0.00 @ http://localhost:3001/entities/Player.js:742
[   33302ms] [LOG] [Weapon] applyToMesh: recoilAngle=0.1 swayX=0 swayY=0 time=17.28509999999962 baseRot={x:undefined,y:undefined,z:undefined} type=object @ http://localhost:3001/items/Weapon.js:220
[   33313ms] [LOG] [Player] viewWeapon pos=0.25,-0.33,-0.80 rot=NaN,NaN,NaN visible=true fpArmsPos=0.00,0.00,0.00 @ http://localhost:3001/entities/Player.js:742
[   33314ms] [LOG] [Weapon] applyToMesh: recoilAngle=0.1 swayX=0 swayY=0 time=17.29709999999962 baseRot={x:undefined,y:undefined,z:undefined} type=object @ http://localhost:3001/items/Weapon.js:220
[   33322ms] [LOG] [Player] viewWeapon pos=0.25,-0.33,-0.80 rot=NaN,NaN,NaN visible=true fpArmsPos=0.00,0.00,0.00 @ http://localhost:3001/entities/Player.js:742
[   33322ms] [LOG] [Weapon] applyToMesh: recoilAngle=0.1 swayX=0 swayY=0 time=17.305400000000365 baseRot={x:undefined,y:undefined,z:undefined} type=object @ http://localhost:3001/items/Weapon.js:220
[   33332ms] [LOG] [Player] viewWeapon pos=0.25,-0.33,-0.80 rot=NaN,NaN,NaN visible=true fpArmsPos=0.00,0.00,0.00 @ http://localhost:3001/entities/Player.js:742
[   33332ms] [LOG] [Weapon] applyToMesh: recoilAngle=0.1 swayX=0 swayY=0 time=17.31499999999999 baseRot={x:undefined,y:undefined,z:undefined} type=object @ http://localhost:3001/items/Weapon.js:220
[   33343ms] [LOG] [Player] viewWeapon pos=0.25,-0.33,-0.80 rot=NaN,NaN,NaN visible=true fpArmsPos=0.00,0.00,0.00 @ http://localhost:3001/entities/Player.js:742
[   33343ms] [LOG] [Weapon] applyToMesh: recoilAngle=0.1 swayX=0 swayY=0 time=17.326499999999992 baseRot={x:undefined,y:undefined,z:undefined} type=object @ http://localhost:3001/items/Weapon.js:220
[   33352ms] [LOG] [Player] viewWeapon pos=0.25,-0.33,-0.80 rot=NaN,NaN,NaN visible=true fpArmsPos=0.00,0.00,0.00 @ http://localhost:3001/entities/Player.js:742
[   33353ms] [LOG] [Weapon] applyToMesh: recoilAngle=0.1 swayX=0 swayY=0 time=17.33599999999999 baseRot={x:undefined,y:undefined,z:undefined} type=object @ http://localhost:3001/items/Weapon.js:220
[   33364ms] [LOG] [Player] viewWeapon pos=0.25,-0.33,-0.80 rot=NaN,NaN,NaN visible=true fpArmsPos=0.00,0.00,0.00 @ http://localhost:3001/entities/Player.js:742
[   33364ms] [LOG] [Weapon] applyToMesh: recoilAngle=0.1 swayX=0 swayY=0 time=17.347400000000363 baseRot={x:undefined,y:undefined,z:undefined} type=object @ http://localhost:3001/items/Weapon.js:220
[   33373ms] [LOG] [Player] viewWeapon pos=0.25,-0.33,-0.80 rot=NaN,NaN,NaN visible=true fpArmsPos=0.00,0.00,0.00 @ http://localhost:3001/entities/Player.js:742
[   33373ms] [LOG] [Weapon] applyToMesh: recoilAngle=0.1 swayX=0 swayY=0 time=17.356799999999804 baseRot={x:undefined,y:undefined,z:undefined} type=object @ http://localhost:3001/items/Weapon.js:220
[   33385ms] [LOG] [Player] viewWeapon pos=0.25,-0.33,-0.80 rot=NaN,NaN,NaN visible=true fpArmsPos=0.00,0.00,0.00 @ http://localhost:3001/entities/Player.js:742
[   33385ms] [LOG] [Weapon] applyToMesh: recoilAngle=0.1 swayX=0 swayY=0 time=17.368599999999617 baseRot={x:undefined,y:undefined,z:undefined} type=object @ http://localhost:3001/items/Weapon.js:220
[   33396ms] [LOG] [Player] viewWeapon pos=0.25,-0.33,-0.80 rot=NaN,NaN,NaN visible=true fpArmsPos=0.00,0.00,0.00 @ http://localhost:3001/entities/Player.js:742
[   33396ms] [LOG] [Weapon] applyToMesh: recoilAngle=0.1 swayX=0 swayY=0 time=17.379799999999804 baseRot={x:undefined,y:undefined,z:undefined} type=object @ http://localhost:3001/items/Weapon.js:220
[   33405ms] [LOG] [Player] viewWeapon pos=0.25,-0.33,-0.80 rot=NaN,NaN,NaN visible=true fpArmsPos=0.00,0.00,0.00 @ http://localhost:3001/entities/Player.js:742
[   33405ms] [LOG] [Weapon] applyToMesh: recoilAngle=0.1 swayX=0 swayY=0 time=17.388700000000178 baseRot={x:undefined,y:undefined,z:undefined} type=object @ http://localhost:3001/items/Weapon.js:220
[   33416ms] [LOG] [Player] viewWeapon pos=0.25,-0.33,-0.80 rot=NaN,NaN,NaN visible=true fpArmsPos=0.00,0.00,0.00 @ http://localhost:3001/entities/Player.js:742
[   33417ms] [LOG] [Weapon] applyToMesh: recoilAngle=0.1 swayX=0 swayY=0 time=17.399900000000365 baseRot={x:undefined,y:undefined,z:undefined} type=object @ http://localhost:3001/items/Weapon.js:220
[   33427ms] [LOG] [Player] viewWeapon pos=0.25,-0.33,-0.80 rot=NaN,NaN,NaN visible=true fpArmsPos=0.00,0.00,0.00 @ http://localhost:3001/entities/Player.js:742
[   33427ms] [LOG] [Weapon] applyToMesh: recoilAngle=0.1 swayX=0 swayY=0 time=17.410499999999992 baseRot={x:undefined,y:undefined,z:undefined} type=object @ http://localhost:3001/items/Weapon.js:220
[   33436ms] [LOG] [Player] viewWeapon pos=0.25,-0.33,-0.80 rot=NaN,NaN,NaN visible=true fpArmsPos=0.00,0.00,0.00 @ http://localhost:3001/entities/Player.js:742
[   33436ms] [LOG] [Weapon] applyToMesh: recoilAngle=0.1 swayX=0 swayY=0 time=17.419499999999992 baseRot={x:undefined,y:undefined,z:undefined} type=object @ http://localhost:3001/items/Weapon.js:220
[   33447ms] [LOG] [Player] viewWeapon pos=0.25,-0.33,-0.80 rot=NaN,NaN,NaN visible=true fpArmsPos=0.00,0.00,0.00 @ http://localhost:3001/entities/Player.js:742
[   33447ms] [LOG] [Weapon] applyToMesh: recoilAngle=0.1 swayX=0 swayY=0 time=17.43070000000018 baseRot={x:undefined,y:undefined,z:undefined} type=object @ http://localhost:3001/items/Weapon.js:220
[   33457ms] [LOG] [Player] viewWeapon pos=0.25,-0.33,-0.80 rot=NaN,NaN,NaN visible=true fpArmsPos=0.00,0.00,0.00 @ http://localhost:3001/entities/Player.js:742
[   33457ms] [LOG] [Weapon] applyToMesh: recoilAngle=0.1 swayX=0 swayY=0 time=17.44059999999962 baseRot={x:undefined,y:undefined,z:undefined} type=object @ http://localhost:3001/items/Weapon.js:220
[   33470ms] [LOG] [Player] viewWeapon pos=0.25,-0.33,-0.80 rot=NaN,NaN,NaN visible=true fpArmsPos=0.00,0.00,0.00 @ http://localhost:3001/entities/Player.js:742
[   33470ms] [LOG] [Weapon] applyToMesh: recoilAngle=0.1 swayX=0 swayY=0 time=17.45359999999962 baseRot={x:undefined,y:undefined,z:undefined} type=object @ http://localhost:3001/items/Weapon.js:220
[   33480ms] [LOG] [Player] viewWeapon pos=0.25,-0.33,-0.80 rot=NaN,NaN,NaN visible=true fpArmsPos=0.00,0.00,0.00 @ http://localhost:3001/entities/Player.js:742
[   33480ms] [LOG] [Weapon] applyToMesh: recoilAngle=0.1 swayX=0 swayY=0 time=17.46370000000018 baseRot={x:undefined,y:undefined,z:undefined} type=object @ http://localhost:3001/items/Weapon.js:220
[   33491ms] [LOG] [Player] viewWeapon pos=0.25,-0.33,-0.80 rot=NaN,NaN,NaN visible=true fpArmsPos=0.00,0.00,0.00 @ http://localhost:3001/entities/Player.js:742
[   33491ms] [LOG] [Weapon] applyToMesh: recoilAngle=0.1 swayX=0 swayY=0 time=17.474299999999808 baseRot={x:undefined,y:undefined,z:undefined} type=object @ http://localhost:3001/items/Weapon.js:220
[   33501ms] [LOG] [Player] viewWeapon pos=0.25,-0.33,-0.80 rot=NaN,NaN,NaN visible=true fpArmsPos=0.00,0.00,0.00 @ http://localhost:3001/entities/Player.js:742
[   33501ms] [LOG] [Weapon] applyToMesh: recoilAngle=0.1 swayX=0 swayY=0 time=17.48470000000018 baseRot={x:undefined,y:undefined,z:undefined} type=object @ http://localhost:3001/items/Weapon.js:220
[   33511ms] [LOG] [Player] viewWeapon pos=0.25,-0.33,-0.80 rot=NaN,NaN,NaN visible=true fpArmsPos=0.00,0.00,0.00 @ http://localhost:3001/entities/Player.js:742
[   33511ms] [LOG] [Weapon] applyToMesh: recoilAngle=0.1 swayX=0 swayY=0 time=17.49420000000018 baseRot={x:undefined,y:undefined,z:undefined} type=object @ http://localhost:3001/items/Weapon.js:220
[   33524ms] [LOG] [Player] viewWeapon pos=0.25,-0.33,-0.80 rot=NaN,NaN,NaN visible=true fpArmsPos=0.00,0.00,0.00 @ http://localhost:3001/entities/Player.js:742
[   33524ms] [LOG] [Weapon] applyToMesh: recoilAngle=0.1 swayX=0 swayY=0 time=17.507499999999993 baseRot={x:undefined,y:undefined,z:undefined} type=object @ http://localhost:3001/items/Weapon.js:220
[   33536ms] [LOG] [Player] viewWeapon pos=0.25,-0.33,-0.80 rot=NaN,NaN,NaN visible=true fpArmsPos=0.00,0.00,0.00 @ http://localhost:3001/entities/Player.js:742
[   33536ms] [LOG] [Weapon] applyToMesh: recoilAngle=0.1 swayX=0 swayY=0 time=17.51959999999962 baseRot={x:undefined,y:undefined,z:undefined} type=object @ http://localhost:3001/items/Weapon.js:220
[   33547ms] [LOG] [Player] viewWeapon pos=0.25,-0.33,-0.80 rot=NaN,NaN,NaN visible=true fpArmsPos=0.00,0.00,0.00 @ http://localhost:3001/entities/Player.js:742
[   33547ms] [LOG] [Weapon] applyToMesh: recoilAngle=0.1 swayX=0 swayY=0 time=17.530900000000365 baseRot={x:undefined,y:undefined,z:undefined} type=object @ http://localhost:3001/items/Weapon.js:220
[   33558ms] [LOG] [Player] viewWeapon pos=0.25,-0.33,-0.80 rot=NaN,NaN,NaN visible=true fpArmsPos=0.00,0.00,0.00 @ http://localhost:3001/entities/Player.js:742
[   33559ms] [LOG] [Weapon] applyToMesh: recoilAngle=0.1 swayX=0 swayY=0 time=17.541900000000364 baseRot={x:undefined,y:undefined,z:undefined} type=object @ http://localhost:3001/items/Weapon.js:220
[   33568ms] [LOG] [Player] viewWeapon pos=0.25,-0.33,-0.80 rot=NaN,NaN,NaN visible=true fpArmsPos=0.00,0.00,0.00 @ http://localhost:3001/entities/Player.js:742
[   33568ms] [LOG] [Weapon] applyToMesh: recoilAngle=0.1 swayX=0 swayY=0 time=17.551700000000178 baseRot={x:undefined,y:undefined,z:undefined} type=object @ http://localhost:3001/items/Weapon.js:220
[   33568ms] [LOG] [Player] anim: recoilAngle=0.1 swayX=0 swayY=0 time=17.551700000000178 @ http://localhost:3001/entities/Player.js:780
[   33577ms] [LOG] [Player] viewWeapon pos=0.25,-0.33,-0.80 rot=NaN,NaN,NaN visible=true fpArmsPos=0.00,0.00,0.00 @ http://localhost:3001/entities/Player.js:742
[   33577ms] [LOG] [Weapon] applyToMesh: recoilAngle=0.1 swayX=0 swayY=0 time=17.56049999999999 baseRot={x:undefined,y:undefined,z:undefined} type=object @ http://localhost:3001/items/Weapon.js:220
[   33585ms] [LOG] [Player] viewWeapon pos=0.25,-0.33,-0.80 rot=NaN,NaN,NaN visible=true fpArmsPos=0.00,0.00,0.00 @ http://localhost:3001/entities/Player.js:742
[   33585ms] [LOG] [Weapon] applyToMesh: recoilAngle=0.1 swayX=0 swayY=0 time=17.56849999999999 baseRot={x:undefined,y:undefined,z:undefined} type=object @ http://localhost:3001/items/Weapon.js:220
[   33594ms] [LOG] [Player] viewWeapon pos=0.25,-0.33,-0.80 rot=NaN,NaN,NaN visible=true fpArmsPos=0.00,0.00,0.00 @ http://localhost:3001/entities/Player.js:742
[   33594ms] [LOG] [Weapon] applyToMesh: recoilAngle=0.1 swayX=0 swayY=0 time=17.577599999999617 baseRot={x:undefined,y:undefined,z:undefined} type=object @ http://localhost:3001/items/Weapon.js:220
[   33605ms] [LOG] [Player] viewWeapon pos=0.25,-0.33,-0.80 rot=NaN,NaN,NaN visible=true fpArmsPos=0.00,0.00,0.00 @ http://localhost:3001/entities/Player.js:742
[   33605ms] [LOG] [Weapon] applyToMesh: recoilAngle=0.1 swayX=0 swayY=0 time=17.588799999999804 baseRot={x:undefined,y:undefined,z:undefined} type=object @ http://localhost:3001/items/Weapon.js:220
[   33618ms] [LOG] [Player] viewWeapon pos=0.25,-0.33,-0.80 rot=NaN,NaN,NaN visible=true fpArmsPos=0.00,0.00,0.00 @ http://localhost:3001/entities/Player.js:742
[   33618ms] [LOG] [Weapon] applyToMesh: recoilAngle=0.1 swayX=0 swayY=0 time=17.601299999999803 baseRot={x:undefined,y:undefined,z:undefined} type=object @ http://localhost:3001/items/Weapon.js:220
[   33627ms] [LOG] [Player] viewWeapon pos=0.25,-0.33,-0.80 rot=NaN,NaN,NaN visible=true fpArmsPos=0.00,0.00,0.00 @ http://localhost:3001/entities/Player.js:742
[   33627ms] [LOG] [Weapon] applyToMesh: recoilAngle=0.1 swayX=0 swayY=0 time=17.611200000000174 baseRot={x:undefined,y:undefined,z:undefined} type=object @ http://localhost:3001/items/Weapon.js:220
[   33628ms] [LOG] [Player] after applyToMesh: rot=NaN,NaN,NaN baseRot=undef @ http://localhost:3001/entities/Player.js:781
[   33636ms] [LOG] [Player] viewWeapon pos=0.25,-0.33,-0.80 rot=NaN,NaN,NaN visible=true fpArmsPos=0.00,0.00,0.00 @ http://localhost:3001/entities/Player.js:742
[   33636ms] [LOG] [Weapon] applyToMesh: recoilAngle=0.1 swayX=0 swayY=0 time=17.619499999999988 baseRot={x:undefined,y:undefined,z:undefined} type=object @ http://localhost:3001/items/Weapon.js:220
[   33645ms] [LOG] [Player] viewWeapon pos=0.25,-0.33,-0.80 rot=NaN,NaN,NaN visible=true fpArmsPos=0.00,0.00,0.00 @ http://localhost:3001/entities/Player.js:742
[   33645ms] [LOG] [Weapon] applyToMesh: recoilAngle=0.1 swayX=0 swayY=0 time=17.628099999999616 baseRot={x:undefined,y:undefined,z:undefined} type=object @ http://localhost:3001/items/Weapon.js:220
[   33653ms] [LOG] [Player] viewWeapon pos=0.25,-0.33,-0.80 rot=NaN,NaN,NaN visible=true fpArmsPos=0.00,0.00,0.00 @ http://localhost:3001/entities/Player.js:742
[   33653ms] [LOG] [Weapon] applyToMesh: recoilAngle=0.1 swayX=0 swayY=0 time=17.63640000000036 baseRot={x:undefined,y:undefined,z:undefined} type=object @ http://localhost:3001/items/Weapon.js:220
[   33663ms] [LOG] [Player] viewWeapon pos=0.25,-0.33,-0.80 rot=NaN,NaN,NaN visible=true fpArmsPos=0.00,0.00,0.00 @ http://localhost:3001/entities/Player.js:742
[   33663ms] [LOG] [Weapon] applyToMesh: recoilAngle=0.1 swayX=0 swayY=0 time=17.6462999999998 baseRot={x:undefined,y:undefined,z:undefined} type=object @ http://localhost:3001/items/Weapon.js:220
[   33670ms] [LOG] [Player] viewWeapon pos=0.25,-0.33,-0.80 rot=NaN,NaN,NaN visible=true fpArmsPos=0.00,0.00,0.00 @ http://localhost:3001/entities/Player.js:742
[   33670ms] [LOG] [Weapon] applyToMesh: recoilAngle=0.1 swayX=0 swayY=0 time=17.6542999999998 baseRot={x:undefined,y:undefined,z:undefined} type=object @ http://localhost:3001/items/Weapon.js:220
[   33678ms] [LOG] [Player] viewWeapon pos=0.25,-0.33,-0.80 rot=NaN,NaN,NaN visible=true fpArmsPos=0.00,0.00,0.00 @ http://localhost:3001/entities/Player.js:742
[   33678ms] [LOG] [Weapon] applyToMesh: recoilAngle=0.1 swayX=0 swayY=0 time=17.66140000000036 baseRot={x:undefined,y:undefined,z:undefined} type=object @ http://localhost:3001/items/Weapon.js:220
[   33685ms] [LOG] [Player] viewWeapon pos=0.25,-0.33,-0.80 rot=NaN,NaN,NaN visible=true fpArmsPos=0.00,0.00,0.00 @ http://localhost:3001/entities/Player.js:742
[   33685ms] [LOG] [Weapon] applyToMesh: recoilAngle=0.1 swayX=0 swayY=0 time=17.668799999999802 baseRot={x:undefined,y:undefined,z:undefined} type=object @ http://localhost:3001/items/Weapon.js:220
[   33694ms] [LOG] [Player] viewWeapon pos=0.25,-0.33,-0.80 rot=NaN,NaN,NaN visible=true fpArmsPos=0.00,0.00,0.00 @ http://localhost:3001/entities/Player.js:742
[   33694ms] [LOG] [Weapon] applyToMesh: recoilAngle=0.1 swayX=0 swayY=0 time=17.677200000000173 baseRot={x:undefined,y:undefined,z:undefined} type=object @ http://localhost:3001/items/Weapon.js:220
[   33703ms] [LOG] [Player] viewWeapon pos=0.25,-0.33,-0.80 rot=NaN,NaN,NaN visible=true fpArmsPos=0.00,0.00,0.00 @ http://localhost:3001/entities/Player.js:742
[   33703ms] [LOG] [Weapon] applyToMesh: recoilAngle=0.1 swayX=0 swayY=0 time=17.6862999999998 baseRot={x:undefined,y:undefined,z:undefined} type=object @ http://localhost:3001/items/Weapon.js:220
[   33712ms] [LOG] [Player] viewWeapon pos=0.25,-0.33,-0.80 rot=NaN,NaN,NaN visible=true fpArmsPos=0.00,0.00,0.00 @ http://localhost:3001/entities/Player.js:742
[   33712ms] [LOG] [Weapon] applyToMesh: recoilAngle=0.1 swayX=0 swayY=0 time=17.695599999999615 baseRot={x:undefined,y:undefined,z:undefined} type=object @ http://localhost:3001/items/Weapon.js:220
[   33721ms] [LOG] [Player] viewWeapon pos=0.25,-0.33,-0.80 rot=NaN,NaN,NaN visible=true fpArmsPos=0.00,0.00,0.00 @ http://localhost:3001/entities/Player.js:742
[   33721ms] [LOG] [Weapon] applyToMesh: recoilAngle=0.1 swayX=0 swayY=0 time=17.7042999999998 baseRot={x:undefined,y:undefined,z:undefined} type=object @ http://localhost:3001/items/Weapon.js:220
[   33730ms] [LOG] [Player] viewWeapon pos=0.25,-0.33,-0.80 rot=NaN,NaN,NaN visible=true fpArmsPos=0.00,0.00,0.00 @ http://localhost:3001/entities/Player.js:742
[   33730ms] [LOG] [Weapon] applyToMesh: recoilAngle=0.1 swayX=0 swayY=0 time=17.71390000000036 baseRot={x:undefined,y:undefined,z:undefined} type=object @ http://localhost:3001/items/Weapon.js:220
[   33738ms] [LOG] [Player] viewWeapon pos=0.25,-0.33,-0.80 rot=NaN,NaN,NaN visible=true fpArmsPos=0.00,0.00,0.00 @ http://localhost:3001/entities/Player.js:742
[   33738ms] [LOG] [Weapon] applyToMesh: recoilAngle=0.1 swayX=0 swayY=0 time=17.721599999999615 baseRot={x:undefined,y:undefined,z:undefined} type=object @ http://localhost:3001/items/Weapon.js:220
[   33745ms] [LOG] [Player] viewWeapon pos=0.25,-0.33,-0.80 rot=NaN,NaN,NaN visible=true fpArmsPos=0.00,0.00,0.00 @ http://localhost:3001/entities/Player.js:742
[   33746ms] [LOG] [Weapon] applyToMesh: recoilAngle=0.1 swayX=0 swayY=0 time=17.7292999999998 baseRot={x:undefined,y:undefined,z:undefined} type=object @ http://localhost:3001/items/Weapon.js:220
[   33754ms] [LOG] [Player] viewWeapon pos=0.25,-0.33,-0.80 rot=NaN,NaN,NaN visible=true fpArmsPos=0.00,0.00,0.00 @ http://localhost:3001/entities/Player.js:742
[   33754ms] [LOG] [Weapon] applyToMesh: recoilAngle=0.1 swayX=0 swayY=0 time=17.738200000000173 baseRot={x:undefined,y:undefined,z:undefined} type=object @ http://localhost:3001/items/Weapon.js:220
[   33765ms] [LOG] [Player] viewWeapon pos=0.25,-0.33,-0.80 rot=NaN,NaN,NaN visible=true fpArmsPos=0.00,0.00,0.00 @ http://localhost:3001/entities/Player.js:742
[   33765ms] [LOG] [Weapon] applyToMesh: recoilAngle=0.1 swayX=0 swayY=0 time=17.7482999999998 baseRot={x:undefined,y:undefined,z:undefined} type=object @ http://localhost:3001/items/Weapon.js:220
[   33773ms] [LOG] [Player] viewWeapon pos=0.25,-0.33,-0.80 rot=NaN,NaN,NaN visible=true fpArmsPos=0.00,0.00,0.00 @ http://localhost:3001/entities/Player.js:742
[   33773ms] [LOG] [Weapon] applyToMesh: recoilAngle=0.1 swayX=0 swayY=0 time=17.757099999999614 baseRot={x:undefined,y:undefined,z:undefined} type=object @ http://localhost:3001/items/Weapon.js:220
[   33782ms] [LOG] [Player] viewWeapon pos=0.25,-0.33,-0.80 rot=NaN,NaN,NaN visible=true fpArmsPos=0.00,0.00,0.00 @ http://localhost:3001/entities/Player.js:742
[   33783ms] [LOG] [Weapon] applyToMesh: recoilAngle=0.1 swayX=0 swayY=0 time=17.766099999999614 baseRot={x:undefined,y:undefined,z:undefined} type=object @ http://localhost:3001/items/Weapon.js:220
[   33794ms] [LOG] [Player] viewWeapon pos=0.25,-0.33,-0.80 rot=NaN,NaN,NaN visible=true fpArmsPos=0.00,0.00,0.00 @ http://localhost:3001/entities/Player.js:742
[   33794ms] [LOG] [Weapon] applyToMesh: recoilAngle=0.1 swayX=0 swayY=0 time=17.778099999999615 baseRot={x:undefined,y:undefined,z:undefined} type=object @ http://localhost:3001/items/Weapon.js:220
[   33807ms] [LOG] [Player] viewWeapon pos=0.25,-0.33,-0.80 rot=NaN,NaN,NaN visible=true fpArmsPos=0.00,0.00,0.00 @ http://localhost:3001/entities/Player.js:742
[   33808ms] [LOG] [Weapon] applyToMesh: recoilAngle=0.1 swayX=0 swayY=0 time=17.790999999999986 baseRot={x:undefined,y:undefined,z:undefined} type=object @ http://localhost:3001/items/Weapon.js:220
[   33827ms] [LOG] [Player] viewWeapon pos=0.25,-0.33,-0.80 rot=NaN,NaN,NaN visible=true fpArmsPos=0.00,0.00,0.00 @ http://localhost:3001/entities/Player.js:742
[   33827ms] [LOG] [Weapon] applyToMesh: recoilAngle=0.1 swayX=0 swayY=0 time=17.81070000000017 baseRot={x:undefined,y:undefined,z:undefined} type=object @ http://localhost:3001/items/Weapon.js:220
[   33841ms] [LOG] [Player] viewWeapon pos=0.25,-0.33,-0.80 rot=NaN,NaN,NaN visible=true fpArmsPos=0.00,0.00,0.00 @ http://localhost:3001/entities/Player.js:742
[   33841ms] [LOG] [Weapon] applyToMesh: recoilAngle=0.1 swayX=0 swayY=0 time=17.82420000000017 baseRot={x:undefined,y:undefined,z:undefined} type=object @ http://localhost:3001/items/Weapon.js:220
[   33853ms] [LOG] [Player] viewWeapon pos=0.25,-0.33,-0.80 rot=NaN,NaN,NaN visible=true fpArmsPos=0.00,0.00,0.00 @ http://localhost:3001/entities/Player.js:742
[   33853ms] [LOG] [Weapon] applyToMesh: recoilAngle=0.1 swayX=0 swayY=0 time=17.836099999999615 baseRot={x:undefined,y:undefined,z:undefined} type=object @ http://localhost:3001/items/Weapon.js:220
[   33865ms] [LOG] [Player] viewWeapon pos=0.25,-0.33,-0.80 rot=NaN,NaN,NaN visible=true fpArmsPos=0.00,0.00,0.00 @ http://localhost:3001/entities/Player.js:742
[   33865ms] [LOG] [Weapon] applyToMesh: recoilAngle=0.1 swayX=0 swayY=0 time=17.848999999999986 baseRot={x:undefined,y:undefined,z:undefined} type=object @ http://localhost:3001/items/Weapon.js:220
[   33878ms] [LOG] [Player] viewWeapon pos=0.25,-0.33,-0.80 rot=NaN,NaN,NaN visible=true fpArmsPos=0.00,0.00,0.00 @ http://localhost:3001/entities/Player.js:742
[   33878ms] [LOG] [Weapon] applyToMesh: recoilAngle=0.1 swayX=0 swayY=0 time=17.861499999999985 baseRot={x:undefined,y:undefined,z:undefined} type=object @ http://localhost:3001/items/Weapon.js:220
[   33886ms] [LOG] [Player] viewWeapon pos=0.25,-0.33,-0.80 rot=NaN,NaN,NaN visible=true fpArmsPos=0.00,0.00,0.00 @ http://localhost:3001/entities/Player.js:742
[   33886ms] [LOG] [Weapon] applyToMesh: recoilAngle=0.1 swayX=0 swayY=0 time=17.869700000000172 baseRot={x:undefined,y:undefined,z:undefined} type=object @ http://localhost:3001/items/Weapon.js:220
[   33895ms] [LOG] [Player] viewWeapon pos=0.25,-0.33,-0.80 rot=NaN,NaN,NaN visible=true fpArmsPos=0.00,0.00,0.00 @ http://localhost:3001/entities/Player.js:742
[   33895ms] [LOG] [Weapon] applyToMesh: recoilAngle=0.1 swayX=0 swayY=0 time=17.878099999999613 baseRot={x:undefined,y:undefined,z:undefined} type=object @ http://localhost:3001/items/Weapon.js:220
[   33903ms] [LOG] [Player] viewWeapon pos=0.25,-0.33,-0.80 rot=NaN,NaN,NaN visible=true fpArmsPos=0.00,0.00,0.00 @ http://localhost:3001/entities/Player.js:742
[   33903ms] [LOG] [Weapon] applyToMesh: recoilAngle=0.1 swayX=0 swayY=0 time=17.886999999999986 baseRot={x:undefined,y:undefined,z:undefined} type=object @ http://localhost:3001/items/Weapon.js:220
[   33914ms] [LOG] [Player] viewWeapon pos=0.25,-0.33,-0.80 rot=NaN,NaN,NaN visible=true fpArmsPos=0.00,0.00,0.00 @ http://localhost:3001/entities/Player.js:742
[   33914ms] [LOG] [Weapon] applyToMesh: recoilAngle=0.1 swayX=0 swayY=0 time=17.897499999999987 baseRot={x:undefined,y:undefined,z:undefined} type=object @ http://localhost:3001/items/Weapon.js:220
[   33924ms] [LOG] [Player] viewWeapon pos=0.25,-0.33,-0.80 rot=NaN,NaN,NaN visible=true fpArmsPos=0.00,0.00,0.00 @ http://localhost:3001/entities/Player.js:742
[   33924ms] [LOG] [Weapon] applyToMesh: recoilAngle=0.1 swayX=0 swayY=0 time=17.907999999999987 baseRot={x:undefined,y:undefined,z:undefined} type=object @ http://localhost:3001/items/Weapon.js:220
[   33933ms] [LOG] [Player] viewWeapon pos=0.25,-0.33,-0.80 rot=NaN,NaN,NaN visible=true fpArmsPos=0.00,0.00,0.00 @ http://localhost:3001/entities/Player.js:742
[   33933ms] [LOG] [Weapon] applyToMesh: recoilAngle=0.1 swayX=0 swayY=0 time=17.91649999999999 baseRot={x:undefined,y:undefined,z:undefined} type=object @ http://localhost:3001/items/Weapon.js:220
[   33942ms] [LOG] [Player] viewWeapon pos=0.25,-0.33,-0.80 rot=NaN,NaN,NaN visible=true fpArmsPos=0.00,0.00,0.00 @ http://localhost:3001/entities/Player.js:742
[   33942ms] [LOG] [Weapon] applyToMesh: recoilAngle=0.1 swayX=0 swayY=0 time=17.92549999999999 baseRot={x:undefined,y:undefined,z:undefined} type=object @ http://localhost:3001/items/Weapon.js:220
[   33950ms] [LOG] [Player] viewWeapon pos=0.25,-0.33,-0.80 rot=NaN,NaN,NaN visible=true fpArmsPos=0.00,0.00,0.00 @ http://localhost:3001/entities/Player.js:742
[   33950ms] [LOG] [Weapon] applyToMesh: recoilAngle=0.1 swayX=0 swayY=0 time=17.933499999999988 baseRot={x:undefined,y:undefined,z:undefined} type=object @ http://localhost:3001/items/Weapon.js:220
[   33960ms] [LOG] [Player] viewWeapon pos=0.25,-0.33,-0.80 rot=NaN,NaN,NaN visible=true fpArmsPos=0.00,0.00,0.00 @ http://localhost:3001/entities/Player.js:742
[   33960ms] [LOG] [Weapon] applyToMesh: recoilAngle=0.1 swayX=0 swayY=0 time=17.943700000000174 baseRot={x:undefined,y:undefined,z:undefined} type=object @ http://localhost:3001/items/Weapon.js:220
[   33969ms] [LOG] [Player] viewWeapon pos=0.25,-0.33,-0.80 rot=NaN,NaN,NaN visible=true fpArmsPos=0.00,0.00,0.00 @ http://localhost:3001/entities/Player.js:742
[   33969ms] [LOG] [Weapon] applyToMesh: recoilAngle=0.1 swayX=0 swayY=0 time=17.952099999999614 baseRot={x:undefined,y:undefined,z:undefined} type=object @ http://localhost:3001/items/Weapon.js:220
[   33978ms] [LOG] [Player] viewWeapon pos=0.25,-0.33,-0.80 rot=NaN,NaN,NaN visible=true fpArmsPos=0.00,0.00,0.00 @ http://localhost:3001/entities/Player.js:742
[   33978ms] [LOG] [Weapon] applyToMesh: recoilAngle=0.1 swayX=0 swayY=0 time=17.961700000000175 baseRot={x:undefined,y:undefined,z:undefined} type=object @ http://localhost:3001/items/Weapon.js:220
[   33990ms] [LOG] [Player] viewWeapon pos=0.25,-0.33,-0.80 rot=NaN,NaN,NaN visible=true fpArmsPos=0.00,0.00,0.00 @ http://localhost:3001/entities/Player.js:742
[   33990ms] [LOG] [Weapon] applyToMesh: recoilAngle=0.1 swayX=0 swayY=0 time=17.97340000000036 baseRot={x:undefined,y:undefined,z:undefined} type=object @ http://localhost:3001/items/Weapon.js:220
[   34001ms] [LOG] [Player] viewWeapon pos=0.25,-0.33,-0.80 rot=NaN,NaN,NaN visible=true fpArmsPos=0.00,0.00,0.00 @ http://localhost:3001/entities/Player.js:742
[   34001ms] [LOG] [Weapon] applyToMesh: recoilAngle=0.1 swayX=0 swayY=0 time=17.984900000000362 baseRot={x:undefined,y:undefined,z:undefined} type=object @ http://localhost:3001/items/Weapon.js:220
[   34013ms] [LOG] [Player] viewWeapon pos=0.25,-0.33,-0.80 rot=NaN,NaN,NaN visible=true fpArmsPos=0.00,0.00,0.00 @ http://localhost:3001/entities/Player.js:742
[   34013ms] [LOG] [Weapon] applyToMesh: recoilAngle=0.1 swayX=0 swayY=0 time=17.996200000000176 baseRot={x:undefined,y:undefined,z:undefined} type=object @ http://localhost:3001/items/Weapon.js:220
[   34025ms] [LOG] [Player] viewWeapon pos=0.25,-0.33,-0.80 rot=NaN,NaN,NaN visible=true fpArmsPos=0.00,0.00,0.00 @ http://localhost:3001/entities/Player.js:742
[   34025ms] [LOG] [Weapon] applyToMesh: recoilAngle=0.1 swayX=0 swayY=0 time=18.008299999999803 baseRot={x:undefined,y:undefined,z:undefined} type=object @ http://localhost:3001/items/Weapon.js:220
[   34034ms] [LOG] [Player] viewWeapon pos=0.25,-0.33,-0.80 rot=NaN,NaN,NaN visible=true fpArmsPos=0.00,0.00,0.00 @ http://localhost:3001/entities/Player.js:742
[   34035ms] [LOG] [Weapon] applyToMesh: recoilAngle=0.1 swayX=0 swayY=0 time=18.01799999999999 baseRot={x:undefined,y:undefined,z:undefined} type=object @ http://localhost:3001/items/Weapon.js:220
[   34043ms] [LOG] [Player] viewWeapon pos=0.25,-0.33,-0.80 rot=NaN,NaN,NaN visible=true fpArmsPos=0.00,0.00,0.00 @ http://localhost:3001/entities/Player.js:742
[   34044ms] [LOG] [Weapon] applyToMesh: recoilAngle=0.1 swayX=0 swayY=0 time=18.027200000000175 baseRot={x:undefined,y:undefined,z:undefined} type=object @ http://localhost:3001/items/Weapon.js:220
[   34053ms] [LOG] [Player] viewWeapon pos=0.25,-0.33,-0.80 rot=NaN,NaN,NaN visible=true fpArmsPos=0.00,0.00,0.00 @ http://localhost:3001/entities/Player.js:742
[   34053ms] [LOG] [Weapon] applyToMesh: recoilAngle=0.1 swayX=0 swayY=0 time=18.036599999999616 baseRot={x:undefined,y:undefined,z:undefined} type=object @ http://localhost:3001/items/Weapon.js:220
[   34065ms] [LOG] [Player] viewWeapon pos=0.25,-0.33,-0.80 rot=NaN,NaN,NaN visible=true fpArmsPos=0.00,0.00,0.00 @ http://localhost:3001/entities/Player.js:742
[   34065ms] [LOG] [Weapon] applyToMesh: recoilAngle=0.1 swayX=0 swayY=0 time=18.04849999999999 baseRot={x:undefined,y:undefined,z:undefined} type=object @ http://localhost:3001/items/Weapon.js:220
[   34073ms] [LOG] [Player] viewWeapon pos=0.25,-0.33,-0.80 rot=NaN,NaN,NaN visible=true fpArmsPos=0.00,0.00,0.00 @ http://localhost:3001/entities/Player.js:742
[   34073ms] [LOG] [Weapon] applyToMesh: recoilAngle=0.1 swayX=0 swayY=0 time=18.05709999999962 baseRot={x:undefined,y:undefined,z:undefined} type=object @ http://localhost:3001/items/Weapon.js:220
[   34082ms] [LOG] [Player] viewWeapon pos=0.25,-0.33,-0.80 rot=NaN,NaN,NaN visible=true fpArmsPos=0.00,0.00,0.00 @ http://localhost:3001/entities/Player.js:742
[   34082ms] [LOG] [Weapon] applyToMesh: recoilAngle=0.1 swayX=0 swayY=0 time=18.065700000000177 baseRot={x:undefined,y:undefined,z:undefined} type=object @ http://localhost:3001/items/Weapon.js:220
[   34094ms] [LOG] [Player] viewWeapon pos=0.25,-0.33,-0.80 rot=NaN,NaN,NaN visible=true fpArmsPos=0.00,0.00,0.00 @ http://localhost:3001/entities/Player.js:742
[   34094ms] [LOG] [Weapon] applyToMesh: recoilAngle=0.1 swayX=0 swayY=0 time=18.07749999999999 baseRot={x:undefined,y:undefined,z:undefined} type=object @ http://localhost:3001/items/Weapon.js:220
[   34104ms] [LOG] [Player] viewWeapon pos=0.25,-0.33,-0.80 rot=NaN,NaN,NaN visible=true fpArmsPos=0.00,0.00,0.00 @ http://localhost:3001/entities/Player.js:742
[   34105ms] [LOG] [Weapon] applyToMesh: recoilAngle=0.1 swayX=0 swayY=0 time=18.088200000000175 baseRot={x:undefined,y:undefined,z:undefined} type=object @ http://localhost:3001/items/Weapon.js:220
[   34114ms] [LOG] [Player] viewWeapon pos=0.25,-0.33,-0.80 rot=NaN,NaN,NaN visible=true fpArmsPos=0.00,0.00,0.00 @ http://localhost:3001/entities/Player.js:742
[   34114ms] [LOG] [Weapon] applyToMesh: recoilAngle=0.1 swayX=0 swayY=0 time=18.0977999999998 baseRot={x:undefined,y:undefined,z:undefined} type=object @ http://localhost:3001/items/Weapon.js:220
[   34125ms] [LOG] [Player] viewWeapon pos=0.25,-0.33,-0.80 rot=NaN,NaN,NaN visible=true fpArmsPos=0.00,0.00,0.00 @ http://localhost:3001/entities/Player.js:742
[   34125ms] [LOG] [Weapon] applyToMesh: recoilAngle=0.1 swayX=0 swayY=0 time=18.108200000000174 baseRot={x:undefined,y:undefined,z:undefined} type=object @ http://localhost:3001/items/Weapon.js:220
[   34125ms] [LOG] [Player] after applyToMesh: rot=NaN,NaN,NaN baseRot=undef @ http://localhost:3001/entities/Player.js:781
[   34134ms] [LOG] [Player] viewWeapon pos=0.25,-0.33,-0.80 rot=NaN,NaN,NaN visible=true fpArmsPos=0.00,0.00,0.00 @ http://localhost:3001/entities/Player.js:742
[   34134ms] [LOG] [Weapon] applyToMesh: recoilAngle=0.1 swayX=0 swayY=0 time=18.117999999999988 baseRot={x:undefined,y:undefined,z:undefined} type=object @ http://localhost:3001/items/Weapon.js:220
[   34143ms] [LOG] [Player] viewWeapon pos=0.25,-0.33,-0.80 rot=NaN,NaN,NaN visible=true fpArmsPos=0.00,0.00,0.00 @ http://localhost:3001/entities/Player.js:742
[   34143ms] [LOG] [Weapon] applyToMesh: recoilAngle=0.1 swayX=0 swayY=0 time=18.1267999999998 baseRot={x:undefined,y:undefined,z:undefined} type=object @ http://localhost:3001/items/Weapon.js:220
[   34152ms] [LOG] [Player] viewWeapon pos=0.25,-0.33,-0.80 rot=NaN,NaN,NaN visible=true fpArmsPos=0.00,0.00,0.00 @ http://localhost:3001/entities/Player.js:742
[   34152ms] [LOG] [Weapon] applyToMesh: recoilAngle=0.1 swayX=0 swayY=0 time=18.13590000000036 baseRot={x:undefined,y:undefined,z:undefined} type=object @ http://localhost:3001/items/Weapon.js:220
[   34163ms] [LOG] [Player] viewWeapon pos=0.25,-0.33,-0.80 rot=NaN,NaN,NaN visible=true fpArmsPos=0.00,0.00,0.00 @ http://localhost:3001/entities/Player.js:742
[   34164ms] [LOG] [Weapon] applyToMesh: recoilAngle=0.1 swayX=0 swayY=0 time=18.146700000000173 baseRot={x:undefined,y:undefined,z:undefined} type=object @ http://localhost:3001/items/Weapon.js:220
[   34175ms] [LOG] [Player] viewWeapon pos=0.25,-0.33,-0.80 rot=NaN,NaN,NaN visible=true fpArmsPos=0.00,0.00,0.00 @ http://localhost:3001/entities/Player.js:742
[   34175ms] [LOG] [Weapon] applyToMesh: recoilAngle=0.1 swayX=0 swayY=0 time=18.1582999999998 baseRot={x:undefined,y:undefined,z:undefined} type=object @ http://localhost:3001/items/Weapon.js:220
[   34184ms] [LOG] [Player] viewWeapon pos=0.25,-0.33,-0.80 rot=NaN,NaN,NaN visible=true fpArmsPos=0.00,0.00,0.00 @ http://localhost:3001/entities/Player.js:742
[   34184ms] [LOG] [Weapon] applyToMesh: recoilAngle=0.1 swayX=0 swayY=0 time=18.167499999999986 baseRot={x:undefined,y:undefined,z:undefined} type=object @ http://localhost:3001/items/Weapon.js:220
[   34194ms] [LOG] [Player] viewWeapon pos=0.25,-0.33,-0.80 rot=NaN,NaN,NaN visible=true fpArmsPos=0.00,0.00,0.00 @ http://localhost:3001/entities/Player.js:742
[   34194ms] [LOG] [Weapon] applyToMesh: recoilAngle=0.1 swayX=0 swayY=0 time=18.1777999999998 baseRot={x:undefined,y:undefined,z:undefined} type=object @ http://localhost:3001/items/Weapon.js:220
[   34203ms] [LOG] [Player] viewWeapon pos=0.25,-0.33,-0.80 rot=NaN,NaN,NaN visible=true fpArmsPos=0.00,0.00,0.00 @ http://localhost:3001/entities/Player.js:742
[   34203ms] [LOG] [Weapon] applyToMesh: recoilAngle=0.1 swayX=0 swayY=0 time=18.186999999999983 baseRot={x:undefined,y:undefined,z:undefined} type=object @ http://localhost:3001/items/Weapon.js:220
[   34214ms] [LOG] [Player] viewWeapon pos=0.25,-0.33,-0.80 rot=NaN,NaN,NaN visible=true fpArmsPos=0.00,0.00,0.00 @ http://localhost:3001/entities/Player.js:742
[   34214ms] [LOG] [Weapon] applyToMesh: recoilAngle=0.1 swayX=0 swayY=0 time=18.19759999999961 baseRot={x:undefined,y:undefined,z:undefined} type=object @ http://localhost:3001/items/Weapon.js:220
[   34224ms] [LOG] [Player] viewWeapon pos=0.25,-0.33,-0.80 rot=NaN,NaN,NaN visible=true fpArmsPos=0.00,0.00,0.00 @ http://localhost:3001/entities/Player.js:742
[   34224ms] [LOG] [Weapon] applyToMesh: recoilAngle=0.1 swayX=0 swayY=0 time=18.207900000000354 baseRot={x:undefined,y:undefined,z:undefined} type=object @ http://localhost:3001/items/Weapon.js:220
[   34224ms] [LOG] [Player] after applyToMesh: rot=NaN,NaN,NaN baseRot=undef @ http://localhost:3001/entities/Player.js:781
[   34233ms] [LOG] [Player] viewWeapon pos=0.25,-0.33,-0.80 rot=NaN,NaN,NaN visible=true fpArmsPos=0.00,0.00,0.00 @ http://localhost:3001/entities/Player.js:742
[   34233ms] [LOG] [Weapon] applyToMesh: recoilAngle=0.1 swayX=0 swayY=0 time=18.216499999999982 baseRot={x:undefined,y:undefined,z:undefined} type=object @ http://localhost:3001/items/Weapon.js:220
[   34243ms] [LOG] [Player] viewWeapon pos=0.25,-0.33,-0.80 rot=NaN,NaN,NaN visible=true fpArmsPos=0.00,0.00,0.00 @ http://localhost:3001/entities/Player.js:742
[   34243ms] [LOG] [Weapon] applyToMesh: recoilAngle=0.1 swayX=0 swayY=0 time=18.226400000000353 baseRot={x:undefined,y:undefined,z:undefined} type=object @ http://localhost:3001/items/Weapon.js:220
[   34251ms] [LOG] [Player] viewWeapon pos=0.25,-0.33,-0.80 rot=NaN,NaN,NaN visible=true fpArmsPos=0.00,0.00,0.00 @ http://localhost:3001/entities/Player.js:742
[   34252ms] [LOG] [Weapon] applyToMesh: recoilAngle=0.1 swayX=0 swayY=0 time=18.235200000000166 baseRot={x:undefined,y:undefined,z:undefined} type=object @ http://localhost:3001/items/Weapon.js:220
[   34261ms] [LOG] [Player] viewWeapon pos=0.25,-0.33,-0.80 rot=NaN,NaN,NaN visible=true fpArmsPos=0.00,0.00,0.00 @ http://localhost:3001/entities/Player.js:742
[   34261ms] [LOG] [Weapon] applyToMesh: recoilAngle=0.1 swayX=0 swayY=0 time=18.244900000000353 baseRot={x:undefined,y:undefined,z:undefined} type=object @ http://localhost:3001/items/Weapon.js:220
[   34269ms] [LOG] [Player] viewWeapon pos=0.25,-0.33,-0.80 rot=NaN,NaN,NaN visible=true fpArmsPos=0.00,0.00,0.00 @ http://localhost:3001/entities/Player.js:742
[   34270ms] [LOG] [Weapon] applyToMesh: recoilAngle=0.1 swayX=0 swayY=0 time=18.25309999999961 baseRot={x:undefined,y:undefined,z:undefined} type=object @ http://localhost:3001/items/Weapon.js:220
[   34270ms] [LOG] [Player] after applyToMesh: rot=NaN,NaN,NaN baseRot=undef @ http://localhost:3001/entities/Player.js:781
[   34279ms] [LOG] [Player] viewWeapon pos=0.25,-0.33,-0.80 rot=NaN,NaN,NaN visible=true fpArmsPos=0.00,0.00,0.00 @ http://localhost:3001/entities/Player.js:742
[   34279ms] [LOG] [Weapon] applyToMesh: recoilAngle=0.1 swayX=0 swayY=0 time=18.26249999999998 baseRot={x:undefined,y:undefined,z:undefined} type=object @ http://localhost:3001/items/Weapon.js:220
[   34288ms] [LOG] [Player] viewWeapon pos=0.25,-0.33,-0.80 rot=NaN,NaN,NaN visible=true fpArmsPos=0.00,0.00,0.00 @ http://localhost:3001/entities/Player.js:742
[   34288ms] [LOG] [Weapon] applyToMesh: recoilAngle=0.1 swayX=0 swayY=0 time=18.27109999999961 baseRot={x:undefined,y:undefined,z:undefined} type=object @ http://localhost:3001/items/Weapon.js:220
[   34298ms] [LOG] [Player] viewWeapon pos=0.25,-0.33,-0.80 rot=NaN,NaN,NaN visible=true fpArmsPos=0.00,0.00,0.00 @ http://localhost:3001/entities/Player.js:742
[   34298ms] [LOG] [Weapon] applyToMesh: recoilAngle=0.1 swayX=0 swayY=0 time=18.281700000000168 baseRot={x:undefined,y:undefined,z:undefined} type=object @ http://localhost:3001/items/Weapon.js:220
[   34310ms] [LOG] [Player] viewWeapon pos=0.25,-0.33,-0.80 rot=NaN,NaN,NaN visible=true fpArmsPos=0.00,0.00,0.00 @ http://localhost:3001/entities/Player.js:742
[   34310ms] [LOG] [Weapon] applyToMesh: recoilAngle=0.1 swayX=0 swayY=0 time=18.29320000000017 baseRot={x:undefined,y:undefined,z:undefined} type=object @ http://localhost:3001/items/Weapon.js:220
[   34321ms] [LOG] [Player] viewWeapon pos=0.25,-0.33,-0.80 rot=NaN,NaN,NaN visible=true fpArmsPos=0.00,0.00,0.00 @ http://localhost:3001/entities/Player.js:742
[   34321ms] [LOG] [Weapon] applyToMesh: recoilAngle=0.1 swayX=0 swayY=0 time=18.304299999999795 baseRot={x:undefined,y:undefined,z:undefined} type=object @ http://localhost:3001/items/Weapon.js:220
[   34329ms] [LOG] [Player] viewWeapon pos=0.25,-0.33,-0.80 rot=NaN,NaN,NaN visible=true fpArmsPos=0.00,0.00,0.00 @ http://localhost:3001/entities/Player.js:742
[   34329ms] [LOG] [Weapon] applyToMesh: recoilAngle=0.1 swayX=0 swayY=0 time=18.312700000000167 baseRot={x:undefined,y:undefined,z:undefined} type=object @ http://localhost:3001/items/Weapon.js:220
[   34338ms] [LOG] [Player] viewWeapon pos=0.25,-0.33,-0.80 rot=NaN,NaN,NaN visible=true fpArmsPos=0.00,0.00,0.00 @ http://localhost:3001/entities/Player.js:742
[   34338ms] [LOG] [Weapon] applyToMesh: recoilAngle=0.1 swayX=0 swayY=0 time=18.32159999999961 baseRot={x:undefined,y:undefined,z:undefined} type=object @ http://localhost:3001/items/Weapon.js:220
[   34347ms] [LOG] [Player] viewWeapon pos=0.25,-0.33,-0.80 rot=NaN,NaN,NaN visible=true fpArmsPos=0.00,0.00,0.00 @ http://localhost:3001/entities/Player.js:742
[   34347ms] [LOG] [Weapon] applyToMesh: recoilAngle=0.1 swayX=0 swayY=0 time=18.330799999999794 baseRot={x:undefined,y:undefined,z:undefined} type=object @ http://localhost:3001/items/Weapon.js:220
[   34359ms] [LOG] [Player] viewWeapon pos=0.25,-0.33,-0.80 rot=NaN,NaN,NaN visible=true fpArmsPos=0.00,0.00,0.00 @ http://localhost:3001/entities/Player.js:742
[   34359ms] [LOG] [Weapon] applyToMesh: recoilAngle=0.1 swayX=0 swayY=0 time=18.342599999999607 baseRot={x:undefined,y:undefined,z:undefined} type=object @ http://localhost:3001/items/Weapon.js:220
[   34368ms] [LOG] [Player] viewWeapon pos=0.25,-0.33,-0.80 rot=NaN,NaN,NaN visible=true fpArmsPos=0.00,0.00,0.00 @ http://localhost:3001/entities/Player.js:742
[   34368ms] [LOG] [Weapon] applyToMesh: recoilAngle=0.1 swayX=0 swayY=0 time=18.351599999999607 baseRot={x:undefined,y:undefined,z:undefined} type=object @ http://localhost:3001/items/Weapon.js:220
[   34368ms] [LOG] [Player] after applyToMesh: rot=NaN,NaN,NaN baseRot=undef @ http://localhost:3001/entities/Player.js:781
[   34378ms] [LOG] [Player] viewWeapon pos=0.25,-0.33,-0.80 rot=NaN,NaN,NaN visible=true fpArmsPos=0.00,0.00,0.00 @ http://localhost:3001/entities/Player.js:742
[   34378ms] [LOG] [Weapon] applyToMesh: recoilAngle=0.1 swayX=0 swayY=0 time=18.361700000000166 baseRot={x:undefined,y:undefined,z:undefined} type=object @ http://localhost:3001/items/Weapon.js:220
[   34389ms] [LOG] [Player] viewWeapon pos=0.25,-0.33,-0.80 rot=NaN,NaN,NaN visible=true fpArmsPos=0.00,0.00,0.00 @ http://localhost:3001/entities/Player.js:742
[   34390ms] [LOG] [Weapon] applyToMesh: recoilAngle=0.1 swayX=0 swayY=0 time=18.37299999999998 baseRot={x:undefined,y:undefined,z:undefined} type=object @ http://localhost:3001/items/Weapon.js:220
[   34401ms] [LOG] [Player] viewWeapon pos=0.25,-0.33,-0.80 rot=NaN,NaN,NaN visible=true fpArmsPos=0.00,0.00,0.00 @ http://localhost:3001/entities/Player.js:742
[   34401ms] [LOG] [Weapon] applyToMesh: recoilAngle=0.1 swayX=0 swayY=0 time=18.384599999999608 baseRot={x:undefined,y:undefined,z:undefined} type=object @ http://localhost:3001/items/Weapon.js:220
[   34413ms] [LOG] [Player] viewWeapon pos=0.25,-0.33,-0.80 rot=NaN,NaN,NaN visible=true fpArmsPos=0.00,0.00,0.00 @ http://localhost:3001/entities/Player.js:742
[   34414ms] [LOG] [Weapon] applyToMesh: recoilAngle=0.1 swayX=0 swayY=0 time=18.39699999999998 baseRot={x:undefined,y:undefined,z:undefined} type=object @ http://localhost:3001/items/Weapon.js:220
[   34424ms] [LOG] [Player] viewWeapon pos=0.25,-0.33,-0.80 rot=NaN,NaN,NaN visible=true fpArmsPos=0.00,0.00,0.00 @ http://localhost:3001/entities/Player.js:742
[   34424ms] [LOG] [Weapon] applyToMesh: recoilAngle=0.1 swayX=0 swayY=0 time=18.40749999999998 baseRot={x:undefined,y:undefined,z:undefined} type=object @ http://localhost:3001/items/Weapon.js:220
[   34435ms] [LOG] [Player] viewWeapon pos=0.25,-0.33,-0.80 rot=NaN,NaN,NaN visible=true fpArmsPos=0.00,0.00,0.00 @ http://localhost:3001/entities/Player.js:742
[   34435ms] [LOG] [Weapon] applyToMesh: recoilAngle=0.1 swayX=0 swayY=0 time=18.41809999999961 baseRot={x:undefined,y:undefined,z:undefined} type=object @ http://localhost:3001/items/Weapon.js:220
[   34446ms] [LOG] [Player] viewWeapon pos=0.25,-0.33,-0.80 rot=NaN,NaN,NaN visible=true fpArmsPos=0.00,0.00,0.00 @ http://localhost:3001/entities/Player.js:742
[   34446ms] [LOG] [Weapon] applyToMesh: recoilAngle=0.1 swayX=0 swayY=0 time=18.429400000000353 baseRot={x:undefined,y:undefined,z:undefined} type=object @ http://localhost:3001/items/Weapon.js:220
[   34456ms] [LOG] [Player] viewWeapon pos=0.25,-0.34,-0.80 rot=NaN,NaN,NaN visible=true fpArmsPos=0.00,0.00,0.00 @ http://localhost:3001/entities/Player.js:742
[   34456ms] [LOG] [Weapon] applyToMesh: recoilAngle=0.1 swayX=0 swayY=0 time=18.439400000000354 baseRot={x:undefined,y:undefined,z:undefined} type=object @ http://localhost:3001/items/Weapon.js:220
[   34467ms] [LOG] [Player] viewWeapon pos=0.25,-0.34,-0.80 rot=NaN,NaN,NaN visible=true fpArmsPos=0.00,0.00,0.00 @ http://localhost:3001/entities/Player.js:742
[   34467ms] [LOG] [Weapon] applyToMesh: recoilAngle=0.1 swayX=0 swayY=0 time=18.45109999999961 baseRot={x:undefined,y:undefined,z:undefined} type=object @ http://localhost:3001/items/Weapon.js:220
[   34478ms] [LOG] [Player] viewWeapon pos=0.25,-0.34,-0.80 rot=NaN,NaN,NaN visible=true fpArmsPos=0.00,0.00,0.00 @ http://localhost:3001/entities/Player.js:742
[   34478ms] [LOG] [Weapon] applyToMesh: recoilAngle=0.1 swayX=0 swayY=0 time=18.461299999999795 baseRot={x:undefined,y:undefined,z:undefined} type=object @ http://localhost:3001/items/Weapon.js:220
[   34489ms] [LOG] [Player] viewWeapon pos=0.25,-0.34,-0.80 rot=NaN,NaN,NaN visible=true fpArmsPos=0.00,0.00,0.00 @ http://localhost:3001/entities/Player.js:742
[   34489ms] [LOG] [Weapon] applyToMesh: recoilAngle=0.1 swayX=0 swayY=0 time=18.472499999999982 baseRot={x:undefined,y:undefined,z:undefined} type=object @ http://localhost:3001/items/Weapon.js:220
[   34500ms] [LOG] [Player] viewWeapon pos=0.25,-0.34,-0.80 rot=NaN,NaN,NaN visible=true fpArmsPos=0.00,0.00,0.00 @ http://localhost:3001/entities/Player.js:742
[   34501ms] [LOG] [Weapon] applyToMesh: recoilAngle=0.1 swayX=0 swayY=0 time=18.48409999999961 baseRot={x:undefined,y:undefined,z:undefined} type=object @ http://localhost:3001/items/Weapon.js:220
[   34512ms] [LOG] [Player] viewWeapon pos=0.25,-0.34,-0.80 rot=NaN,NaN,NaN visible=true fpArmsPos=0.00,0.00,0.00 @ http://localhost:3001/entities/Player.js:742
[   34512ms] [LOG] [Weapon] applyToMesh: recoilAngle=0.1 swayX=0 swayY=0 time=18.495400000000355 baseRot={x:undefined,y:undefined,z:undefined} type=object @ http://localhost:3001/items/Weapon.js:220
[   34524ms] [LOG] [Player] viewWeapon pos=0.25,-0.34,-0.80 rot=NaN,NaN,NaN visible=true fpArmsPos=0.00,0.00,0.00 @ http://localhost:3001/entities/Player.js:742
[   34524ms] [LOG] [Weapon] applyToMesh: recoilAngle=0.1 swayX=0 swayY=0 time=18.507400000000356 baseRot={x:undefined,y:undefined,z:undefined} type=object @ http://localhost:3001/items/Weapon.js:220
[   34535ms] [LOG] [Player] viewWeapon pos=0.25,-0.34,-0.80 rot=NaN,NaN,NaN visible=true fpArmsPos=0.00,0.00,0.00 @ http://localhost:3001/entities/Player.js:742
[   34535ms] [LOG] [Weapon] applyToMesh: recoilAngle=0.1 swayX=0 swayY=0 time=18.51870000000017 baseRot={x:undefined,y:undefined,z:undefined} type=object @ http://localhost:3001/items/Weapon.js:220
[   34545ms] [LOG] [Player] viewWeapon pos=0.25,-0.34,-0.80 rot=NaN,NaN,NaN visible=true fpArmsPos=0.00,0.00,0.00 @ http://localhost:3001/entities/Player.js:742
[   34545ms] [LOG] [Weapon] applyToMesh: recoilAngle=0.1 swayX=0 swayY=0 time=18.52859999999961 baseRot={x:undefined,y:undefined,z:undefined} type=object @ http://localhost:3001/items/Weapon.js:220
[   34555ms] [LOG] [Player] viewWeapon pos=0.25,-0.34,-0.80 rot=NaN,NaN,NaN visible=true fpArmsPos=0.00,0.00,0.00 @ http://localhost:3001/entities/Player.js:742
[   34555ms] [LOG] [Weapon] applyToMesh: recoilAngle=0.1 swayX=0 swayY=0 time=18.538799999999796 baseRot={x:undefined,y:undefined,z:undefined} type=object @ http://localhost:3001/items/Weapon.js:220
[   34567ms] [LOG] [Player] viewWeapon pos=0.25,-0.34,-0.80 rot=NaN,NaN,NaN visible=true fpArmsPos=0.00,0.00,0.00 @ http://localhost:3001/entities/Player.js:742
[   34567ms] [LOG] [Weapon] applyToMesh: recoilAngle=0.1 swayX=0 swayY=0 time=18.550799999999796 baseRot={x:undefined,y:undefined,z:undefined} type=object @ http://localhost:3001/items/Weapon.js:220
[   34580ms] [LOG] [Player] viewWeapon pos=0.25,-0.34,-0.80 rot=NaN,NaN,NaN visible=true fpArmsPos=0.00,0.00,0.00 @ http://localhost:3001/entities/Player.js:742
[   34580ms] [LOG] [Weapon] applyToMesh: recoilAngle=0.1 swayX=0 swayY=0 time=18.563400000000357 baseRot={x:undefined,y:undefined,z:undefined} type=object @ http://localhost:3001/items/Weapon.js:220
[   34591ms] [LOG] [Player] viewWeapon pos=0.25,-0.34,-0.80 rot=NaN,NaN,NaN visible=true fpArmsPos=0.00,0.00,0.00 @ http://localhost:3001/entities/Player.js:742
[   34591ms] [LOG] [Weapon] applyToMesh: recoilAngle=0.1 swayX=0 swayY=0 time=18.57490000000036 baseRot={x:undefined,y:undefined,z:undefined} type=object @ http://localhost:3001/items/Weapon.js:220
[   34603ms] [LOG] [Player] viewWeapon pos=0.25,-0.34,-0.80 rot=NaN,NaN,NaN visible=true fpArmsPos=0.00,0.00,0.00 @ http://localhost:3001/entities/Player.js:742
[   34603ms] [LOG] [Weapon] applyToMesh: recoilAngle=0.1 swayX=0 swayY=0 time=18.586499999999987 baseRot={x:undefined,y:undefined,z:undefined} type=object @ http://localhost:3001/items/Weapon.js:220
[   34619ms] [LOG] [Player] viewWeapon pos=0.25,-0.34,-0.80 rot=NaN,NaN,NaN visible=true fpArmsPos=0.00,0.00,0.00 @ http://localhost:3001/entities/Player.js:742
[   34619ms] [LOG] [Weapon] applyToMesh: recoilAngle=0.1 swayX=0 swayY=0 time=18.602200000000174 baseRot={x:undefined,y:undefined,z:undefined} type=object @ http://localhost:3001/items/Weapon.js:220
[   34632ms] [LOG] [Player] viewWeapon pos=0.25,-0.34,-0.80 rot=NaN,NaN,NaN visible=true fpArmsPos=0.00,0.00,0.00 @ http://localhost:3001/entities/Player.js:742
[   34633ms] [LOG] [Weapon] applyToMesh: recoilAngle=0.1 swayX=0 swayY=0 time=18.61599999999999 baseRot={x:undefined,y:undefined,z:undefined} type=object @ http://localhost:3001/items/Weapon.js:220
[   34644ms] [LOG] [Player] viewWeapon pos=0.25,-0.34,-0.80 rot=NaN,NaN,NaN visible=true fpArmsPos=0.00,0.00,0.00 @ http://localhost:3001/entities/Player.js:742
[   34644ms] [LOG] [Weapon] applyToMesh: recoilAngle=0.1 swayX=0 swayY=0 time=18.627299999999803 baseRot={x:undefined,y:undefined,z:undefined} type=object @ http://localhost:3001/items/Weapon.js:220
[   34659ms] [LOG] [Player] viewWeapon pos=0.25,-0.34,-0.80 rot=NaN,NaN,NaN visible=true fpArmsPos=0.00,0.00,0.00 @ http://localhost:3001/entities/Player.js:742
[   34659ms] [LOG] [Weapon] applyToMesh: recoilAngle=0.1 swayX=0 swayY=0 time=18.642499999999988 baseRot={x:undefined,y:undefined,z:undefined} type=object @ http://localhost:3001/items/Weapon.js:220
[   34677ms] [LOG] [Player] viewWeapon pos=0.25,-0.34,-0.80 rot=NaN,NaN,NaN visible=true fpArmsPos=0.00,0.00,0.00 @ http://localhost:3001/entities/Player.js:742
[   34678ms] [LOG] [Weapon] applyToMesh: recoilAngle=0.1 swayX=0 swayY=0 time=18.660799999999803 baseRot={x:undefined,y:undefined,z:undefined} type=object @ http://localhost:3001/items/Weapon.js:220
[   34695ms] [LOG] [Player] viewWeapon pos=0.25,-0.34,-0.80 rot=NaN,NaN,NaN visible=true fpArmsPos=0.00,0.00,0.00 @ http://localhost:3001/entities/Player.js:742
[   34696ms] [LOG] [Weapon] applyToMesh: recoilAngle=0.1 swayX=0 swayY=0 time=18.678400000000362 baseRot={x:undefined,y:undefined,z:undefined} type=object @ http://localhost:3001/items/Weapon.js:220
[   34706ms] [LOG] [Player] viewWeapon pos=0.25,-0.34,-0.80 rot=NaN,NaN,NaN visible=true fpArmsPos=0.00,0.00,0.00 @ http://localhost:3001/entities/Player.js:742
[   34706ms] [LOG] [Weapon] applyToMesh: recoilAngle=0.1 swayX=0 swayY=0 time=18.689799999999803 baseRot={x:undefined,y:undefined,z:undefined} type=object @ http://localhost:3001/items/Weapon.js:220
[   34720ms] [LOG] [Player] viewWeapon pos=0.25,-0.34,-0.80 rot=NaN,NaN,NaN visible=true fpArmsPos=0.00,0.00,0.00 @ http://localhost:3001/entities/Player.js:742
[   34720ms] [LOG] [Weapon] applyToMesh: recoilAngle=0.1 swayX=0 swayY=0 time=18.703200000000177 baseRot={x:undefined,y:undefined,z:undefined} type=object @ http://localhost:3001/items/Weapon.js:220
[   34733ms] [LOG] [Player] viewWeapon pos=0.25,-0.34,-0.80 rot=NaN,NaN,NaN visible=true fpArmsPos=0.00,0.00,0.00 @ http://localhost:3001/entities/Player.js:742
[   34733ms] [LOG] [Weapon] applyToMesh: recoilAngle=0.1 swayX=0 swayY=0 time=18.716400000000363 baseRot={x:undefined,y:undefined,z:undefined} type=object @ http://localhost:3001/items/Weapon.js:220
[   34747ms] [LOG] [Player] viewWeapon pos=0.25,-0.34,-0.80 rot=NaN,NaN,NaN visible=true fpArmsPos=0.00,0.00,0.00 @ http://localhost:3001/entities/Player.js:742
[   34748ms] [LOG] [Weapon] applyToMesh: recoilAngle=0.1 swayX=0 swayY=0 time=18.73099999999999 baseRot={x:undefined,y:undefined,z:undefined} type=object @ http://localhost:3001/items/Weapon.js:220
[   34760ms] [LOG] [Player] viewWeapon pos=0.25,-0.34,-0.80 rot=NaN,NaN,NaN visible=true fpArmsPos=0.00,0.00,0.00 @ http://localhost:3001/entities/Player.js:742
[   34760ms] [LOG] [Weapon] applyToMesh: recoilAngle=0.1 swayX=0 swayY=0 time=18.743599999999617 baseRot={x:undefined,y:undefined,z:undefined} type=object @ http://localhost:3001/items/Weapon.js:220
[   34772ms] [LOG] [Player] viewWeapon pos=0.25,-0.34,-0.80 rot=NaN,NaN,NaN visible=true fpArmsPos=0.00,0.00,0.00 @ http://localhost:3001/entities/Player.js:742
[   34773ms] [LOG] [Weapon] applyToMesh: recoilAngle=0.1 swayX=0 swayY=0 time=18.75599999999999 baseRot={x:undefined,y:undefined,z:undefined} type=object @ http://localhost:3001/items/Weapon.js:220
[   34786ms] [LOG] [Player] viewWeapon pos=0.25,-0.34,-0.80 rot=NaN,NaN,NaN visible=true fpArmsPos=0.00,0.00,0.00 @ http://localhost:3001/entities/Player.js:742
[   34786ms] [LOG] [Weapon] applyToMesh: recoilAngle=0.1 swayX=0 swayY=0 time=18.768799999999803 baseRot={x:undefined,y:undefined,z:undefined} type=object @ http://localhost:3001/items/Weapon.js:220
[   34799ms] [LOG] [Player] viewWeapon pos=0.25,-0.34,-0.80 rot=NaN,NaN,NaN visible=true fpArmsPos=0.00,0.00,0.00 @ http://localhost:3001/entities/Player.js:742
[   34800ms] [LOG] [Weapon] applyToMesh: recoilAngle=0.1 swayX=0 swayY=0 time=18.782900000000364 baseRot={x:undefined,y:undefined,z:undefined} type=object @ http://localhost:3001/items/Weapon.js:220
[   34810ms] [LOG] [Player] viewWeapon pos=0.25,-0.34,-0.80 rot=NaN,NaN,NaN visible=true fpArmsPos=0.00,0.00,0.00 @ http://localhost:3001/entities/Player.js:742
[   34810ms] [LOG] [Weapon] applyToMesh: recoilAngle=0.1 swayX=0 swayY=0 time=18.793799999999806 baseRot={x:undefined,y:undefined,z:undefined} type=object @ http://localhost:3001/items/Weapon.js:220
[   34820ms] [LOG] [Player] viewWeapon pos=0.25,-0.34,-0.80 rot=NaN,NaN,NaN visible=true fpArmsPos=0.00,0.00,0.00 @ http://localhost:3001/entities/Player.js:742
[   34820ms] [LOG] [Weapon] applyToMesh: recoilAngle=0.1 swayX=0 swayY=0 time=18.80309999999962 baseRot={x:undefined,y:undefined,z:undefined} type=object @ http://localhost:3001/items/Weapon.js:220
[   34830ms] [LOG] [Player] viewWeapon pos=0.25,-0.34,-0.80 rot=NaN,NaN,NaN visible=true fpArmsPos=0.00,0.00,0.00 @ http://localhost:3001/entities/Player.js:742
[   34830ms] [LOG] [Weapon] applyToMesh: recoilAngle=0.1 swayX=0 swayY=0 time=18.813299999999806 baseRot={x:undefined,y:undefined,z:undefined} type=object @ http://localhost:3001/items/Weapon.js:220
[   34840ms] [LOG] [Player] viewWeapon pos=0.25,-0.34,-0.80 rot=NaN,NaN,NaN visible=true fpArmsPos=0.00,0.00,0.00 @ http://localhost:3001/entities/Player.js:742
[   34840ms] [LOG] [Weapon] applyToMesh: recoilAngle=0.1 swayX=0 swayY=0 time=18.823799999999807 baseRot={x:undefined,y:undefined,z:undefined} type=object @ http://localhost:3001/items/Weapon.js:220
[   34852ms] [LOG] [Player] viewWeapon pos=0.25,-0.34,-0.80 rot=NaN,NaN,NaN visible=true fpArmsPos=0.00,0.00,0.00 @ http://localhost:3001/entities/Player.js:742
[   34852ms] [LOG] [Weapon] applyToMesh: recoilAngle=0.1 swayX=0 swayY=0 time=18.83529999999981 baseRot={x:undefined,y:undefined,z:undefined} type=object @ http://localhost:3001/items/Weapon.js:220
[   34852ms] [LOG] [Player] after applyToMesh: rot=NaN,NaN,NaN baseRot=undef @ http://localhost:3001/entities/Player.js:781
[   34862ms] [LOG] [Player] viewWeapon pos=0.25,-0.34,-0.80 rot=NaN,NaN,NaN visible=true fpArmsPos=0.00,0.00,0.00 @ http://localhost:3001/entities/Player.js:742
[   34863ms] [LOG] [Weapon] applyToMesh: recoilAngle=0.1 swayX=0 swayY=0 time=18.846099999999623 baseRot={x:undefined,y:undefined,z:undefined} type=object @ http://localhost:3001/items/Weapon.js:220
[   34872ms] [LOG] [Player] viewWeapon pos=0.25,-0.34,-0.80 rot=NaN,NaN,NaN visible=true fpArmsPos=0.00,0.00,0.00 @ http://localhost:3001/entities/Player.js:742
[   34872ms] [LOG] [Weapon] applyToMesh: recoilAngle=0.1 swayX=0 swayY=0 time=18.85520000000018 baseRot={x:undefined,y:undefined,z:undefined} type=object @ http://localhost:3001/items/Weapon.js:220
[   34884ms] [LOG] [Player] viewWeapon pos=0.25,-0.34,-0.80 rot=NaN,NaN,NaN visible=true fpArmsPos=0.00,0.00,0.00 @ http://localhost:3001/entities/Player.js:742
[   34884ms] [LOG] [Weapon] applyToMesh: recoilAngle=0.1 swayX=0 swayY=0 time=18.867799999999807 baseRot={x:undefined,y:undefined,z:undefined} type=object @ http://localhost:3001/items/Weapon.js:220
[   34894ms] [LOG] [Player] viewWeapon pos=0.25,-0.34,-0.80 rot=NaN,NaN,NaN visible=true fpArmsPos=0.00,0.00,0.00 @ http://localhost:3001/entities/Player.js:742
[   34894ms] [LOG] [Weapon] applyToMesh: recoilAngle=0.1 swayX=0 swayY=0 time=18.877400000000367 baseRot={x:undefined,y:undefined,z:undefined} type=object @ http://localhost:3001/items/Weapon.js:220
[   34904ms] [LOG] [Player] viewWeapon pos=0.25,-0.34,-0.80 rot=NaN,NaN,NaN visible=true fpArmsPos=0.00,0.00,0.00 @ http://localhost:3001/entities/Player.js:742
[   34905ms] [LOG] [Weapon] applyToMesh: recoilAngle=0.1 swayX=0 swayY=0 time=18.88809999999962 baseRot={x:undefined,y:undefined,z:undefined} type=object @ http://localhost:3001/items/Weapon.js:220
[   34915ms] [LOG] [Player] viewWeapon pos=0.25,-0.34,-0.80 rot=NaN,NaN,NaN visible=true fpArmsPos=0.00,0.00,0.00 @ http://localhost:3001/entities/Player.js:742
[   34915ms] [LOG] [Weapon] applyToMesh: recoilAngle=0.1 swayX=0 swayY=0 time=18.89859999999962 baseRot={x:undefined,y:undefined,z:undefined} type=object @ http://localhost:3001/items/Weapon.js:220
[   34926ms] [LOG] [Player] viewWeapon pos=0.25,-0.34,-0.80 rot=NaN,NaN,NaN visible=true fpArmsPos=0.00,0.00,0.00 @ http://localhost:3001/entities/Player.js:742
[   34926ms] [LOG] [Weapon] applyToMesh: recoilAngle=0.1 swayX=0 swayY=0 time=18.90920000000018 baseRot={x:undefined,y:undefined,z:undefined} type=object @ http://localhost:3001/items/Weapon.js:220
[   34934ms] [LOG] [Player] viewWeapon pos=0.25,-0.34,-0.80 rot=NaN,NaN,NaN visible=true fpArmsPos=0.00,0.00,0.00 @ http://localhost:3001/entities/Player.js:742
[   34935ms] [LOG] [Weapon] applyToMesh: recoilAngle=0.1 swayX=0 swayY=0 time=18.917799999999808 baseRot={x:undefined,y:undefined,z:undefined} type=object @ http://localhost:3001/items/Weapon.js:220
[   34945ms] [LOG] [Player] viewWeapon pos=0.25,-0.34,-0.80 rot=NaN,NaN,NaN visible=true fpArmsPos=0.00,0.00,0.00 @ http://localhost:3001/entities/Player.js:742
[   34946ms] [LOG] [Weapon] applyToMesh: recoilAngle=0.1 swayX=0 swayY=0 time=18.92920000000018 baseRot={x:undefined,y:undefined,z:undefined} type=object @ http://localhost:3001/items/Weapon.js:220
[   34958ms] [LOG] [Player] viewWeapon pos=0.25,-0.34,-0.80 rot=NaN,NaN,NaN visible=true fpArmsPos=0.00,0.00,0.00 @ http://localhost:3001/entities/Player.js:742
[   34958ms] [LOG] [Weapon] applyToMesh: recoilAngle=0.1 swayX=0 swayY=0 time=18.941299999999806 baseRot={x:undefined,y:undefined,z:undefined} type=object @ http://localhost:3001/items/Weapon.js:220
[   34969ms] [LOG] [Player] viewWeapon pos=0.25,-0.34,-0.80 rot=NaN,NaN,NaN visible=true fpArmsPos=0.00,0.00,0.00 @ http://localhost:3001/entities/Player.js:742
[   34969ms] [LOG] [Weapon] applyToMesh: recoilAngle=0.1 swayX=0 swayY=0 time=18.95259999999962 baseRot={x:undefined,y:undefined,z:undefined} type=object @ http://localhost:3001/items/Weapon.js:220
[   34980ms] [LOG] [Player] viewWeapon pos=0.25,-0.34,-0.80 rot=NaN,NaN,NaN visible=true fpArmsPos=0.00,0.00,0.00 @ http://localhost:3001/entities/Player.js:742
[   34980ms] [LOG] [Weapon] applyToMesh: recoilAngle=0.1 swayX=0 swayY=0 time=18.96370000000018 baseRot={x:undefined,y:undefined,z:undefined} type=object @ http://localhost:3001/items/Weapon.js:220
[   34989ms] [LOG] [Player] viewWeapon pos=0.25,-0.34,-0.80 rot=NaN,NaN,NaN visible=true fpArmsPos=0.00,0.00,0.00 @ http://localhost:3001/entities/Player.js:742
[   34990ms] [LOG] [Weapon] applyToMesh: recoilAngle=0.1 swayX=0 swayY=0 time=18.973099999999622 baseRot={x:undefined,y:undefined,z:undefined} type=object @ http://localhost:3001/items/Weapon.js:220
[   35000ms] [LOG] [Player] viewWeapon pos=0.25,-0.34,-0.80 rot=NaN,NaN,NaN visible=true fpArmsPos=0.00,0.00,0.00 @ http://localhost:3001/entities/Player.js:742
[   35001ms] [LOG] [Weapon] applyToMesh: recoilAngle=0.1 swayX=0 swayY=0 time=18.983999999999995 baseRot={x:undefined,y:undefined,z:undefined} type=object @ http://localhost:3001/items/Weapon.js:220
[   35011ms] [LOG] [Player] viewWeapon pos=0.25,-0.34,-0.80 rot=NaN,NaN,NaN visible=true fpArmsPos=0.00,0.00,0.00 @ http://localhost:3001/entities/Player.js:742
[   35011ms] [LOG] [Weapon] applyToMesh: recoilAngle=0.1 swayX=0 swayY=0 time=18.994599999999622 baseRot={x:undefined,y:undefined,z:undefined} type=object @ http://localhost:3001/items/Weapon.js:220
[   35022ms] [LOG] [Player] viewWeapon pos=0.25,-0.34,-0.80 rot=NaN,NaN,NaN visible=true fpArmsPos=0.00,0.00,0.00 @ http://localhost:3001/entities/Player.js:742
[   35022ms] [LOG] [Weapon] applyToMesh: recoilAngle=0.1 swayX=0 swayY=0 time=19.005499999999994 baseRot={x:undefined,y:undefined,z:undefined} type=object @ http://localhost:3001/items/Weapon.js:220
[   35032ms] [LOG] [Player] viewWeapon pos=0.25,-0.34,-0.80 rot=NaN,NaN,NaN visible=true fpArmsPos=0.00,0.00,0.00 @ http://localhost:3001/entities/Player.js:742
[   35032ms] [LOG] [Weapon] applyToMesh: recoilAngle=0.1 swayX=0 swayY=0 time=19.01520000000018 baseRot={x:undefined,y:undefined,z:undefined} type=object @ http://localhost:3001/items/Weapon.js:220
[   35041ms] [LOG] [Player] viewWeapon pos=0.25,-0.34,-0.80 rot=NaN,NaN,NaN visible=true fpArmsPos=0.00,0.00,0.00 @ http://localhost:3001/entities/Player.js:742
[   35042ms] [LOG] [Weapon] applyToMesh: recoilAngle=0.1 swayX=0 swayY=0 time=19.024999999999995 baseRot={x:undefined,y:undefined,z:undefined} type=object @ http://localhost:3001/items/Weapon.js:220
[   35051ms] [LOG] [Player] viewWeapon pos=0.25,-0.34,-0.80 rot=NaN,NaN,NaN visible=true fpArmsPos=0.00,0.00,0.00 @ http://localhost:3001/entities/Player.js:742
[   35052ms] [LOG] [Weapon] applyToMesh: recoilAngle=0.1 swayX=0 swayY=0 time=19.034999999999997 baseRot={x:undefined,y:undefined,z:undefined} type=object @ http://localhost:3001/items/Weapon.js:220
[   35068ms] [LOG] [Player] viewWeapon pos=0.25,-0.34,-0.80 rot=NaN,NaN,NaN visible=true fpArmsPos=0.00,0.00,0.00 @ http://localhost:3001/entities/Player.js:742
[   35068ms] [LOG] [Weapon] applyToMesh: recoilAngle=0.1 swayX=0 swayY=0 time=19.05129999999981 baseRot={x:undefined,y:undefined,z:undefined} type=object @ http://localhost:3001/items/Weapon.js:220
[   35081ms] [LOG] [Player] viewWeapon pos=0.25,-0.34,-0.80 rot=NaN,NaN,NaN visible=true fpArmsPos=0.00,0.00,0.00 @ http://localhost:3001/entities/Player.js:742
[   35081ms] [LOG] [Weapon] applyToMesh: recoilAngle=0.1 swayX=0 swayY=0 time=19.06440000000037 baseRot={x:undefined,y:undefined,z:undefined} type=object @ http://localhost:3001/items/Weapon.js:220
[   35098ms] [LOG] [Player] viewWeapon pos=0.25,-0.34,-0.80 rot=NaN,NaN,NaN visible=true fpArmsPos=0.00,0.00,0.00 @ http://localhost:3001/entities/Player.js:742
[   35098ms] [LOG] [Weapon] applyToMesh: recoilAngle=0.1 swayX=0 swayY=0 time=19.08179999999981 baseRot={x:undefined,y:undefined,z:undefined} type=object @ http://localhost:3001/items/Weapon.js:220
[   35114ms] [LOG] [Player] viewWeapon pos=0.25,-0.34,-0.80 rot=NaN,NaN,NaN visible=true fpArmsPos=0.00,0.00,0.00 @ http://localhost:3001/entities/Player.js:742
[   35114ms] [LOG] [Weapon] applyToMesh: recoilAngle=0.1 swayX=0 swayY=0 time=19.097200000000182 baseRot={x:undefined,y:undefined,z:undefined} type=object @ http://localhost:3001/items/Weapon.js:220
[   35126ms] [LOG] [Player] viewWeapon pos=0.25,-0.34,-0.80 rot=NaN,NaN,NaN visible=true fpArmsPos=0.00,0.00,0.00 @ http://localhost:3001/entities/Player.js:742
[   35127ms] [LOG] [Weapon] applyToMesh: recoilAngle=0.1 swayX=0 swayY=0 time=19.109999999999996 baseRot={x:undefined,y:undefined,z:undefined} type=object @ http://localhost:3001/items/Weapon.js:220
[   35144ms] [LOG] [Player] viewWeapon pos=0.25,-0.34,-0.80 rot=NaN,NaN,NaN visible=true fpArmsPos=0.00,0.00,0.00 @ http://localhost:3001/entities/Player.js:742
[   35144ms] [LOG] [Weapon] applyToMesh: recoilAngle=0.1 swayX=0 swayY=0 time=19.127499999999994 baseRot={x:undefined,y:undefined,z:undefined} type=object @ http://localhost:3001/items/Weapon.js:220
[   35155ms] [LOG] [Player] viewWeapon pos=0.25,-0.34,-0.80 rot=NaN,NaN,NaN visible=true fpArmsPos=0.00,0.00,0.00 @ http://localhost:3001/entities/Player.js:742
[   35155ms] [LOG] [Weapon] applyToMesh: recoilAngle=0.1 swayX=0 swayY=0 time=19.138499999999993 baseRot={x:undefined,y:undefined,z:undefined} type=object @ http://localhost:3001/items/Weapon.js:220
[   35165ms] [LOG] [Player] viewWeapon pos=0.25,-0.34,-0.80 rot=NaN,NaN,NaN visible=true fpArmsPos=0.00,0.00,0.00 @ http://localhost:3001/entities/Player.js:742
[   35166ms] [LOG] [Weapon] applyToMesh: recoilAngle=0.1 swayX=0 swayY=0 time=19.148999999999994 baseRot={x:undefined,y:undefined,z:undefined} type=object @ http://localhost:3001/items/Weapon.js:220
[   35177ms] [LOG] [Player] viewWeapon pos=0.25,-0.34,-0.80 rot=NaN,NaN,NaN visible=true fpArmsPos=0.00,0.00,0.00 @ http://localhost:3001/entities/Player.js:742
[   35177ms] [LOG] [Weapon] applyToMesh: recoilAngle=0.1 swayX=0 swayY=0 time=19.160999999999994 baseRot={x:undefined,y:undefined,z:undefined} type=object @ http://localhost:3001/items/Weapon.js:220
[   35187ms] [LOG] [Player] viewWeapon pos=0.25,-0.34,-0.80 rot=NaN,NaN,NaN visible=true fpArmsPos=0.00,0.00,0.00 @ http://localhost:3001/entities/Player.js:742
[   35187ms] [LOG] [Weapon] applyToMesh: recoilAngle=0.1 swayX=0 swayY=0 time=19.170799999999808 baseRot={x:undefined,y:undefined,z:undefined} type=object @ http://localhost:3001/items/Weapon.js:220
[   35197ms] [LOG] [Player] viewWeapon pos=0.25,-0.34,-0.80 rot=NaN,NaN,NaN visible=true fpArmsPos=0.00,0.00,0.00 @ http://localhost:3001/entities/Player.js:742
[   35197ms] [LOG] [Weapon] applyToMesh: recoilAngle=0.1 swayX=0 swayY=0 time=19.18079999999981 baseRot={x:undefined,y:undefined,z:undefined} type=object @ http://localhost:3001/items/Weapon.js:220
[   35209ms] [LOG] [Player] viewWeapon pos=0.25,-0.34,-0.80 rot=NaN,NaN,NaN visible=true fpArmsPos=0.00,0.00,0.00 @ http://localhost:3001/entities/Player.js:742
[   35209ms] [LOG] [Weapon] applyToMesh: recoilAngle=0.1 swayX=0 swayY=0 time=19.192599999999622 baseRot={x:undefined,y:undefined,z:undefined} type=object @ http://localhost:3001/items/Weapon.js:220
[   35219ms] [LOG] [Player] viewWeapon pos=0.25,-0.34,-0.80 rot=NaN,NaN,NaN visible=true fpArmsPos=0.00,0.00,0.00 @ http://localhost:3001/entities/Player.js:742
[   35219ms] [LOG] [Weapon] applyToMesh: recoilAngle=0.1 swayX=0 swayY=0 time=19.202799999999808 baseRot={x:undefined,y:undefined,z:undefined} type=object @ http://localhost:3001/items/Weapon.js:220
[   35227ms] [LOG] [Player] viewWeapon pos=0.25,-0.34,-0.80 rot=NaN,NaN,NaN visible=true fpArmsPos=0.00,0.00,0.00 @ http://localhost:3001/entities/Player.js:742
[   35227ms] [LOG] [Weapon] applyToMesh: recoilAngle=0.1 swayX=0 swayY=0 time=19.210799999999807 baseRot={x:undefined,y:undefined,z:undefined} type=object @ http://localhost:3001/items/Weapon.js:220
[   35237ms] [LOG] [Player] viewWeapon pos=0.25,-0.34,-0.80 rot=NaN,NaN,NaN visible=true fpArmsPos=0.00,0.00,0.00 @ http://localhost:3001/entities/Player.js:742
[   35237ms] [LOG] [Weapon] applyToMesh: recoilAngle=0.1 swayX=0 swayY=0 time=19.22020000000018 baseRot={x:undefined,y:undefined,z:undefined} type=object @ http://localhost:3001/items/Weapon.js:220
[   35246ms] [LOG] [Player] viewWeapon pos=0.25,-0.34,-0.80 rot=NaN,NaN,NaN visible=true fpArmsPos=0.00,0.00,0.00 @ http://localhost:3001/entities/Player.js:742
[   35246ms] [LOG] [Weapon] applyToMesh: recoilAngle=0.1 swayX=0 swayY=0 time=19.229499999999994 baseRot={x:undefined,y:undefined,z:undefined} type=object @ http://localhost:3001/items/Weapon.js:220
[   35256ms] [LOG] [Player] viewWeapon pos=0.25,-0.34,-0.80 rot=NaN,NaN,NaN visible=true fpArmsPos=0.00,0.00,0.00 @ http://localhost:3001/entities/Player.js:742
[   35256ms] [LOG] [Weapon] applyToMesh: recoilAngle=0.1 swayX=0 swayY=0 time=19.239299999999808 baseRot={x:undefined,y:undefined,z:undefined} type=object @ http://localhost:3001/items/Weapon.js:220
[   35266ms] [LOG] [Player] viewWeapon pos=0.25,-0.34,-0.80 rot=NaN,NaN,NaN visible=true fpArmsPos=0.00,0.00,0.00 @ http://localhost:3001/entities/Player.js:742
[   35266ms] [LOG] [Weapon] applyToMesh: recoilAngle=0.1 swayX=0 swayY=0 time=19.249099999999622 baseRot={x:undefined,y:undefined,z:undefined} type=object @ http://localhost:3001/items/Weapon.js:220
[   35266ms] [LOG] [Player] after applyToMesh: rot=NaN,NaN,NaN baseRot=undef @ http://localhost:3001/entities/Player.js:781
[   35277ms] [LOG] [Player] viewWeapon pos=0.25,-0.34,-0.80 rot=NaN,NaN,NaN visible=true fpArmsPos=0.00,0.00,0.00 @ http://localhost:3001/entities/Player.js:742
[   35278ms] [LOG] [Weapon] applyToMesh: recoilAngle=0.1 swayX=0 swayY=0 time=19.26070000000018 baseRot={x:undefined,y:undefined,z:undefined} type=object @ http://localhost:3001/items/Weapon.js:220
[   35289ms] [LOG] [Player] viewWeapon pos=0.25,-0.34,-0.80 rot=NaN,NaN,NaN visible=true fpArmsPos=0.00,0.00,0.00 @ http://localhost:3001/entities/Player.js:742
[   35289ms] [LOG] [Weapon] applyToMesh: recoilAngle=0.1 swayX=0 swayY=0 time=19.272599999999624 baseRot={x:undefined,y:undefined,z:undefined} type=object @ http://localhost:3001/items/Weapon.js:220
[   35299ms] [LOG] [Player] viewWeapon pos=0.25,-0.34,-0.80 rot=NaN,NaN,NaN visible=true fpArmsPos=0.00,0.00,0.00 @ http://localhost:3001/entities/Player.js:742
[   35299ms] [LOG] [Weapon] applyToMesh: recoilAngle=0.1 swayX=0 swayY=0 time=19.28229999999981 baseRot={x:undefined,y:undefined,z:undefined} type=object @ http://localhost:3001/items/Weapon.js:220
[   35309ms] [LOG] [Player] viewWeapon pos=0.25,-0.34,-0.80 rot=NaN,NaN,NaN visible=true fpArmsPos=0.00,0.00,0.00 @ http://localhost:3001/entities/Player.js:742
[   35309ms] [LOG] [Weapon] applyToMesh: recoilAngle=0.1 swayX=0 swayY=0 time=19.292700000000185 baseRot={x:undefined,y:undefined,z:undefined} type=object @ http://localhost:3001/items/Weapon.js:220
[   35317ms] [LOG] [Player] viewWeapon pos=0.25,-0.34,-0.80 rot=NaN,NaN,NaN visible=true fpArmsPos=0.00,0.00,0.00 @ http://localhost:3001/entities/Player.js:742
[   35317ms] [LOG] [Weapon] applyToMesh: recoilAngle=0.1 swayX=0 swayY=0 time=19.30090000000037 baseRot={x:undefined,y:undefined,z:undefined} type=object @ http://localhost:3001/items/Weapon.js:220
[   35328ms] [LOG] [Player] viewWeapon pos=0.25,-0.34,-0.80 rot=NaN,NaN,NaN visible=true fpArmsPos=0.00,0.00,0.00 @ http://localhost:3001/entities/Player.js:742
[   35328ms] [LOG] [Weapon] applyToMesh: recoilAngle=0.1 swayX=0 swayY=0 time=19.311799999999813 baseRot={x:undefined,y:undefined,z:undefined} type=object @ http://localhost:3001/items/Weapon.js:220
[   35336ms] [LOG] [Player] viewWeapon pos=0.25,-0.34,-0.80 rot=NaN,NaN,NaN visible=true fpArmsPos=0.00,0.00,0.00 @ http://localhost:3001/entities/Player.js:742
[   35336ms] [LOG] [Weapon] applyToMesh: recoilAngle=0.1 swayX=0 swayY=0 time=19.319499999999998 baseRot={x:undefined,y:undefined,z:undefined} type=object @ http://localhost:3001/items/Weapon.js:220
[   35344ms] [LOG] [Player] viewWeapon pos=0.25,-0.34,-0.80 rot=NaN,NaN,NaN visible=true fpArmsPos=0.00,0.00,0.00 @ http://localhost:3001/entities/Player.js:742
[   35344ms] [LOG] [Weapon] applyToMesh: recoilAngle=0.1 swayX=0 swayY=0 time=19.328099999999626 baseRot={x:undefined,y:undefined,z:undefined} type=object @ http://localhost:3001/items/Weapon.js:220
[   35353ms] [LOG] [Player] viewWeapon pos=0.25,-0.34,-0.80 rot=NaN,NaN,NaN visible=true fpArmsPos=0.00,0.00,0.00 @ http://localhost:3001/entities/Player.js:742
[   35353ms] [LOG] [Weapon] applyToMesh: recoilAngle=0.1 swayX=0 swayY=0 time=19.336799999999812 baseRot={x:undefined,y:undefined,z:undefined} type=object @ http://localhost:3001/items/Weapon.js:220
[   35362ms] [LOG] [Player] viewWeapon pos=0.25,-0.34,-0.80 rot=NaN,NaN,NaN visible=true fpArmsPos=0.00,0.00,0.00 @ http://localhost:3001/entities/Player.js:742
[   35362ms] [LOG] [Weapon] applyToMesh: recoilAngle=0.1 swayX=0 swayY=0 time=19.34590000000037 baseRot={x:undefined,y:undefined,z:undefined} type=object @ http://localhost:3001/items/Weapon.js:220
[   35371ms] [LOG] [Player] viewWeapon pos=0.25,-0.34,-0.80 rot=NaN,NaN,NaN visible=true fpArmsPos=0.00,0.00,0.00 @ http://localhost:3001/entities/Player.js:742
[   35371ms] [LOG] [Weapon] applyToMesh: recoilAngle=0.1 swayX=0 swayY=0 time=19.35490000000037 baseRot={x:undefined,y:undefined,z:undefined} type=object @ http://localhost:3001/items/Weapon.js:220
[   35380ms] [LOG] [Player] viewWeapon pos=0.25,-0.34,-0.80 rot=NaN,NaN,NaN visible=true fpArmsPos=0.00,0.00,0.00 @ http://localhost:3001/entities/Player.js:742
[   35380ms] [LOG] [Weapon] applyToMesh: recoilAngle=0.1 swayX=0 swayY=0 time=19.36340000000037 baseRot={x:undefined,y:undefined,z:undefined} type=object @ http://localhost:3001/items/Weapon.js:220
[   35389ms] [LOG] [Player] viewWeapon pos=0.25,-0.34,-0.80 rot=NaN,NaN,NaN visible=true fpArmsPos=0.00,0.00,0.00 @ http://localhost:3001/entities/Player.js:742
[   35389ms] [LOG] [Weapon] applyToMesh: recoilAngle=0.1 swayX=0 swayY=0 time=19.372 baseRot={x:undefined,y:undefined,z:undefined} type=object @ http://localhost:3001/items/Weapon.js:220
[   35397ms] [LOG] [Player] viewWeapon pos=0.25,-0.34,-0.80 rot=NaN,NaN,NaN visible=true fpArmsPos=0.00,0.00,0.00 @ http://localhost:3001/entities/Player.js:742
[   35397ms] [LOG] [Weapon] applyToMesh: recoilAngle=0.1 swayX=0 swayY=0 time=19.380700000000186 baseRot={x:undefined,y:undefined,z:undefined} type=object @ http://localhost:3001/items/Weapon.js:220
[   35406ms] [LOG] [Player] viewWeapon pos=0.25,-0.34,-0.80 rot=NaN,NaN,NaN visible=true fpArmsPos=0.00,0.00,0.00 @ http://localhost:3001/entities/Player.js:742
[   35406ms] [LOG] [Weapon] applyToMesh: recoilAngle=0.1 swayX=0 swayY=0 time=19.389700000000186 baseRot={x:undefined,y:undefined,z:undefined} type=object @ http://localhost:3001/items/Weapon.js:220
[   35414ms] [LOG] [Player] viewWeapon pos=0.25,-0.34,-0.80 rot=NaN,NaN,NaN visible=true fpArmsPos=0.00,0.00,0.00 @ http://localhost:3001/entities/Player.js:742
[   35414ms] [LOG] [Weapon] applyToMesh: recoilAngle=0.1 swayX=0 swayY=0 time=19.397700000000185 baseRot={x:undefined,y:undefined,z:undefined} type=object @ http://localhost:3001/items/Weapon.js:220
[   35422ms] [LOG] [Player] viewWeapon pos=0.25,-0.34,-0.80 rot=NaN,NaN,NaN visible=true fpArmsPos=0.00,0.00,0.00 @ http://localhost:3001/entities/Player.js:742
[   35422ms] [LOG] [Weapon] applyToMesh: recoilAngle=0.1 swayX=0 swayY=0 time=19.406099999999626 baseRot={x:undefined,y:undefined,z:undefined} type=object @ http://localhost:3001/items/Weapon.js:220
[   35430ms] [LOG] [Player] viewWeapon pos=0.25,-0.34,-0.80 rot=NaN,NaN,NaN visible=true fpArmsPos=0.00,0.00,0.00 @ http://localhost:3001/entities/Player.js:742
[   35430ms] [LOG] [Weapon] applyToMesh: recoilAngle=0.1 swayX=0 swayY=0 time=19.41379999999981 baseRot={x:undefined,y:undefined,z:undefined} type=object @ http://localhost:3001/items/Weapon.js:220
[   35439ms] [LOG] [Player] viewWeapon pos=0.25,-0.34,-0.80 rot=NaN,NaN,NaN visible=true fpArmsPos=0.00,0.00,0.00 @ http://localhost:3001/entities/Player.js:742
[   35439ms] [LOG] [Weapon] applyToMesh: recoilAngle=0.1 swayX=0 swayY=0 time=19.422700000000184 baseRot={x:undefined,y:undefined,z:undefined} type=object @ http://localhost:3001/items/Weapon.js:220
[   35448ms] [LOG] [Player] viewWeapon pos=0.25,-0.34,-0.80 rot=NaN,NaN,NaN visible=true fpArmsPos=0.00,0.00,0.00 @ http://localhost:3001/entities/Player.js:742
[   35448ms] [LOG] [Weapon] applyToMesh: recoilAngle=0.1 swayX=0 swayY=0 time=19.43190000000037 baseRot={x:undefined,y:undefined,z:undefined} type=object @ http://localhost:3001/items/Weapon.js:220
[   35459ms] [LOG] [Player] viewWeapon pos=0.25,-0.34,-0.80 rot=NaN,NaN,NaN visible=true fpArmsPos=0.00,0.00,0.00 @ http://localhost:3001/entities/Player.js:742
[   35459ms] [LOG] [Weapon] applyToMesh: recoilAngle=0.1 swayX=0 swayY=0 time=19.44220000000018 baseRot={x:undefined,y:undefined,z:undefined} type=object @ http://localhost:3001/items/Weapon.js:220
[   35459ms] [LOG] [Player] anim: recoilAngle=0.1 swayX=0 swayY=0 time=19.44220000000018 @ http://localhost:3001/entities/Player.js:780
[   35466ms] [LOG] [Player] viewWeapon pos=0.25,-0.34,-0.80 rot=NaN,NaN,NaN visible=true fpArmsPos=0.00,0.00,0.00 @ http://localhost:3001/entities/Player.js:742
[   35467ms] [LOG] [Weapon] applyToMesh: recoilAngle=0.1 swayX=0 swayY=0 time=19.450299999999807 baseRot={x:undefined,y:undefined,z:undefined} type=object @ http://localhost:3001/items/Weapon.js:220
[   35475ms] [LOG] [Player] viewWeapon pos=0.25,-0.34,-0.80 rot=NaN,NaN,NaN visible=true fpArmsPos=0.00,0.00,0.00 @ http://localhost:3001/entities/Player.js:742
[   35475ms] [LOG] [Weapon] applyToMesh: recoilAngle=0.1 swayX=0 swayY=0 time=19.458299999999806 baseRot={x:undefined,y:undefined,z:undefined} type=object @ http://localhost:3001/items/Weapon.js:220
[   35486ms] [LOG] [Player] viewWeapon pos=0.25,-0.34,-0.80 rot=NaN,NaN,NaN visible=true fpArmsPos=0.00,0.00,0.00 @ http://localhost:3001/entities/Player.js:742
[   35486ms] [LOG] [Weapon] applyToMesh: recoilAngle=0.1 swayX=0 swayY=0 time=19.469400000000366 baseRot={x:undefined,y:undefined,z:undefined} type=object @ http://localhost:3001/items/Weapon.js:220
[   35494ms] [LOG] [Player] viewWeapon pos=0.25,-0.34,-0.80 rot=NaN,NaN,NaN visible=true fpArmsPos=0.00,0.00,0.00 @ http://localhost:3001/entities/Player.js:742
[   35494ms] [LOG] [Weapon] applyToMesh: recoilAngle=0.1 swayX=0 swayY=0 time=19.47809999999962 baseRot={x:undefined,y:undefined,z:undefined} type=object @ http://localhost:3001/items/Weapon.js:220
[   35503ms] [LOG] [Player] viewWeapon pos=0.25,-0.34,-0.80 rot=NaN,NaN,NaN visible=true fpArmsPos=0.00,0.00,0.00 @ http://localhost:3001/entities/Player.js:742
[   35503ms] [LOG] [Weapon] applyToMesh: recoilAngle=0.1 swayX=0 swayY=0 time=19.486799999999807 baseRot={x:undefined,y:undefined,z:undefined} type=object @ http://localhost:3001/items/Weapon.js:220
[   35513ms] [LOG] [Player] viewWeapon pos=0.25,-0.34,-0.80 rot=NaN,NaN,NaN visible=true fpArmsPos=0.00,0.00,0.00 @ http://localhost:3001/entities/Player.js:742
[   35513ms] [LOG] [Weapon] applyToMesh: recoilAngle=0.1 swayX=0 swayY=0 time=19.49620000000018 baseRot={x:undefined,y:undefined,z:undefined} type=object @ http://localhost:3001/items/Weapon.js:220
[   35523ms] [LOG] [Player] viewWeapon pos=0.25,-0.34,-0.80 rot=NaN,NaN,NaN visible=true fpArmsPos=0.00,0.00,0.00 @ http://localhost:3001/entities/Player.js:742
[   35523ms] [LOG] [Weapon] applyToMesh: recoilAngle=0.1 swayX=0 swayY=0 time=19.50670000000018 baseRot={x:undefined,y:undefined,z:undefined} type=object @ http://localhost:3001/items/Weapon.js:220
[   35531ms] [LOG] [Player] viewWeapon pos=0.25,-0.34,-0.80 rot=NaN,NaN,NaN visible=true fpArmsPos=0.00,0.00,0.00 @ http://localhost:3001/entities/Player.js:742
[   35531ms] [LOG] [Weapon] applyToMesh: recoilAngle=0.1 swayX=0 swayY=0 time=19.51509999999962 baseRot={x:undefined,y:undefined,z:undefined} type=object @ http://localhost:3001/items/Weapon.js:220
[   35542ms] [LOG] [Player] viewWeapon pos=0.25,-0.34,-0.80 rot=NaN,NaN,NaN visible=true fpArmsPos=0.00,0.00,0.00 @ http://localhost:3001/entities/Player.js:742
[   35542ms] [LOG] [Weapon] applyToMesh: recoilAngle=0.1 swayX=0 swayY=0 time=19.524900000000365 baseRot={x:undefined,y:undefined,z:undefined} type=object @ http://localhost:3001/items/Weapon.js:220
[   35551ms] [LOG] [Player] viewWeapon pos=0.25,-0.34,-0.80 rot=NaN,NaN,NaN visible=true fpArmsPos=0.00,0.00,0.00 @ http://localhost:3001/entities/Player.js:742
[   35551ms] [LOG] [Weapon] applyToMesh: recoilAngle=0.1 swayX=0 swayY=0 time=19.53459999999962 baseRot={x:undefined,y:undefined,z:undefined} type=object @ http://localhost:3001/items/Weapon.js:220
[   35551ms] [LOG] [Player] after applyToMesh: rot=NaN,NaN,NaN baseRot=undef @ http://localhost:3001/entities/Player.js:781
[   35559ms] [LOG] [Player] viewWeapon pos=0.25,-0.34,-0.80 rot=NaN,NaN,NaN visible=true fpArmsPos=0.00,0.00,0.00 @ http://localhost:3001/entities/Player.js:742
[   35559ms] [LOG] [Weapon] applyToMesh: recoilAngle=0.1 swayX=0 swayY=0 time=19.542299999999805 baseRot={x:undefined,y:undefined,z:undefined} type=object @ http://localhost:3001/items/Weapon.js:220
[   35566ms] [LOG] [Player] viewWeapon pos=0.25,-0.34,-0.80 rot=NaN,NaN,NaN visible=true fpArmsPos=0.00,0.00,0.00 @ http://localhost:3001/entities/Player.js:742
[   35566ms] [LOG] [Weapon] applyToMesh: recoilAngle=0.1 swayX=0 swayY=0 time=19.54949999999999 baseRot={x:undefined,y:undefined,z:undefined} type=object @ http://localhost:3001/items/Weapon.js:220
[   35575ms] [LOG] [Player] viewWeapon pos=0.25,-0.34,-0.80 rot=NaN,NaN,NaN visible=true fpArmsPos=0.00,0.00,0.00 @ http://localhost:3001/entities/Player.js:742
[   35575ms] [LOG] [Weapon] applyToMesh: recoilAngle=0.1 swayX=0 swayY=0 time=19.558400000000365 baseRot={x:undefined,y:undefined,z:undefined} type=object @ http://localhost:3001/items/Weapon.js:220
[   35582ms] [LOG] [Player] viewWeapon pos=0.25,-0.34,-0.80 rot=NaN,NaN,NaN visible=true fpArmsPos=0.00,0.00,0.00 @ http://localhost:3001/entities/Player.js:742
[   35583ms] [LOG] [Weapon] applyToMesh: recoilAngle=0.1 swayX=0 swayY=0 time=19.565999999999992 baseRot={x:undefined,y:undefined,z:undefined} type=object @ http://localhost:3001/items/Weapon.js:220
[   35590ms] [LOG] [Player] viewWeapon pos=0.25,-0.34,-0.80 rot=NaN,NaN,NaN visible=true fpArmsPos=0.00,0.00,0.00 @ http://localhost:3001/entities/Player.js:742
[   35590ms] [LOG] [Weapon] applyToMesh: recoilAngle=0.1 swayX=0 swayY=0 time=19.57359999999962 baseRot={x:undefined,y:undefined,z:undefined} type=object @ http://localhost:3001/items/Weapon.js:220
[   35600ms] [LOG] [Player] viewWeapon pos=0.25,-0.34,-0.80 rot=NaN,NaN,NaN visible=true fpArmsPos=0.00,0.00,0.00 @ http://localhost:3001/entities/Player.js:742
[   35600ms] [LOG] [Weapon] applyToMesh: recoilAngle=0.1 swayX=0 swayY=0 time=19.583700000000178 baseRot={x:undefined,y:undefined,z:undefined} type=object @ http://localhost:3001/items/Weapon.js:220
[   35608ms] [LOG] [Player] viewWeapon pos=0.25,-0.34,-0.80 rot=NaN,NaN,NaN visible=true fpArmsPos=0.00,0.00,0.00 @ http://localhost:3001/entities/Player.js:742
[   35608ms] [LOG] [Weapon] applyToMesh: recoilAngle=0.1 swayX=0 swayY=0 time=19.59159999999962 baseRot={x:undefined,y:undefined,z:undefined} type=object @ http://localhost:3001/items/Weapon.js:220
[   35615ms] [LOG] [Player] viewWeapon pos=0.25,-0.34,-0.80 rot=NaN,NaN,NaN visible=true fpArmsPos=0.00,0.00,0.00 @ http://localhost:3001/entities/Player.js:742
[   35615ms] [LOG] [Weapon] applyToMesh: recoilAngle=0.1 swayX=0 swayY=0 time=19.59909999999962 baseRot={x:undefined,y:undefined,z:undefined} type=object @ http://localhost:3001/items/Weapon.js:220
[   35624ms] [LOG] [Player] viewWeapon pos=0.25,-0.34,-0.80 rot=NaN,NaN,NaN visible=true fpArmsPos=0.00,0.00,0.00 @ http://localhost:3001/entities/Player.js:742
[   35624ms] [LOG] [Weapon] applyToMesh: recoilAngle=0.1 swayX=0 swayY=0 time=19.60749999999999 baseRot={x:undefined,y:undefined,z:undefined} type=object @ http://localhost:3001/items/Weapon.js:220
[   35632ms] [LOG] [Player] viewWeapon pos=0.25,-0.34,-0.80 rot=NaN,NaN,NaN visible=true fpArmsPos=0.00,0.00,0.00 @ http://localhost:3001/entities/Player.js:742
[   35632ms] [LOG] [Weapon] applyToMesh: recoilAngle=0.1 swayX=0 swayY=0 time=19.615400000000363 baseRot={x:undefined,y:undefined,z:undefined} type=object @ http://localhost:3001/items/Weapon.js:220
[   35642ms] [LOG] [Player] viewWeapon pos=0.25,-0.34,-0.80 rot=NaN,NaN,NaN visible=true fpArmsPos=0.00,0.00,0.00 @ http://localhost:3001/entities/Player.js:742
[   35642ms] [LOG] [Weapon] applyToMesh: recoilAngle=0.1 swayX=0 swayY=0 time=19.62559999999962 baseRot={x:undefined,y:undefined,z:undefined} type=object @ http://localhost:3001/items/Weapon.js:220
[   35653ms] [LOG] [Player] viewWeapon pos=0.25,-0.34,-0.80 rot=NaN,NaN,NaN visible=true fpArmsPos=0.00,0.00,0.00 @ http://localhost:3001/entities/Player.js:742
[   35653ms] [LOG] [Weapon] applyToMesh: recoilAngle=0.1 swayX=0 swayY=0 time=19.63670000000018 baseRot={x:undefined,y:undefined,z:undefined} type=object @ http://localhost:3001/items/Weapon.js:220
[   35661ms] [LOG] [Player] viewWeapon pos=0.25,-0.34,-0.80 rot=NaN,NaN,NaN visible=true fpArmsPos=0.00,0.00,0.00 @ http://localhost:3001/entities/Player.js:742
[   35662ms] [LOG] [Weapon] applyToMesh: recoilAngle=0.1 swayX=0 swayY=0 time=19.64509999999962 baseRot={x:undefined,y:undefined,z:undefined} type=object @ http://localhost:3001/items/Weapon.js:220
[   35670ms] [LOG] [Player] viewWeapon pos=0.25,-0.34,-0.80 rot=NaN,NaN,NaN visible=true fpArmsPos=0.00,0.00,0.00 @ http://localhost:3001/entities/Player.js:742
[   35671ms] [LOG] [Weapon] applyToMesh: recoilAngle=0.1 swayX=0 swayY=0 time=19.654299999999804 baseRot={x:undefined,y:undefined,z:undefined} type=object @ http://localhost:3001/items/Weapon.js:220
[   35678ms] [LOG] [Player] viewWeapon pos=0.25,-0.34,-0.80 rot=NaN,NaN,NaN visible=true fpArmsPos=0.00,0.00,0.00 @ http://localhost:3001/entities/Player.js:742
[   35678ms] [LOG] [Weapon] applyToMesh: recoilAngle=0.1 swayX=0 swayY=0 time=19.661700000000177 baseRot={x:undefined,y:undefined,z:undefined} type=object @ http://localhost:3001/items/Weapon.js:220
[   35686ms] [LOG] [Player] viewWeapon pos=0.25,-0.34,-0.80 rot=NaN,NaN,NaN visible=true fpArmsPos=0.00,0.00,0.00 @ http://localhost:3001/entities/Player.js:742
[   35686ms] [LOG] [Weapon] applyToMesh: recoilAngle=0.1 swayX=0 swayY=0 time=19.66959999999962 baseRot={x:undefined,y:undefined,z:undefined} type=object @ http://localhost:3001/items/Weapon.js:220
[   35696ms] [LOG] [Player] viewWeapon pos=0.25,-0.34,-0.80 rot=NaN,NaN,NaN visible=true fpArmsPos=0.00,0.00,0.00 @ http://localhost:3001/entities/Player.js:742
[   35696ms] [LOG] [Weapon] applyToMesh: recoilAngle=0.1 swayX=0 swayY=0 time=19.67949999999999 baseRot={x:undefined,y:undefined,z:undefined} type=object @ http://localhost:3001/items/Weapon.js:220
[   35705ms] [LOG] [Player] viewWeapon pos=0.25,-0.34,-0.80 rot=NaN,NaN,NaN visible=true fpArmsPos=0.00,0.00,0.00 @ http://localhost:3001/entities/Player.js:742
[   35705ms] [LOG] [Weapon] applyToMesh: recoilAngle=0.1 swayX=0 swayY=0 time=19.688400000000364 baseRot={x:undefined,y:undefined,z:undefined} type=object @ http://localhost:3001/items/Weapon.js:220
[   35712ms] [LOG] [Player] viewWeapon pos=0.25,-0.34,-0.80 rot=NaN,NaN,NaN visible=true fpArmsPos=0.00,0.00,0.00 @ http://localhost:3001/entities/Player.js:742
[   35712ms] [LOG] [Weapon] applyToMesh: recoilAngle=0.1 swayX=0 swayY=0 time=19.695700000000176 baseRot={x:undefined,y:undefined,z:undefined} type=object @ http://localhost:3001/items/Weapon.js:220
[   35723ms] [LOG] [Player] viewWeapon pos=0.25,-0.34,-0.80 rot=NaN,NaN,NaN visible=true fpArmsPos=0.00,0.00,0.00 @ http://localhost:3001/entities/Player.js:742
[   35723ms] [LOG] [Weapon] applyToMesh: recoilAngle=0.1 swayX=0 swayY=0 time=19.706900000000363 baseRot={x:undefined,y:undefined,z:undefined} type=object @ http://localhost:3001/items/Weapon.js:220
[   35743ms] [LOG] [Player] viewWeapon pos=0.25,-0.34,-0.80 rot=NaN,NaN,NaN visible=true fpArmsPos=0.00,0.00,0.00 @ http://localhost:3001/entities/Player.js:742
[   35743ms] [LOG] [Weapon] applyToMesh: recoilAngle=0.1 swayX=0 swayY=0 time=19.724799999999803 baseRot={x:undefined,y:undefined,z:undefined} type=object @ http://localhost:3001/items/Weapon.js:220
[   35761ms] [LOG] [Player] viewWeapon pos=0.25,-0.34,-0.80 rot=NaN,NaN,NaN visible=true fpArmsPos=0.00,0.00,0.00 @ http://localhost:3001/entities/Player.js:742
[   35761ms] [LOG] [Weapon] applyToMesh: recoilAngle=0.1 swayX=0 swayY=0 time=19.74349999999999 baseRot={x:undefined,y:undefined,z:undefined} type=object @ http://localhost:3001/items/Weapon.js:220
[   35761ms] [LOG] [Player] after applyToMesh: rot=NaN,NaN,NaN baseRot=undef @ http://localhost:3001/entities/Player.js:781
[   35775ms] [LOG] [Player] viewWeapon pos=0.25,-0.34,-0.80 rot=NaN,NaN,NaN visible=true fpArmsPos=0.00,0.00,0.00 @ http://localhost:3001/entities/Player.js:742
[   35776ms] [LOG] [Weapon] applyToMesh: recoilAngle=0.1 swayX=0 swayY=0 time=19.759200000000178 baseRot={x:undefined,y:undefined,z:undefined} type=object @ http://localhost:3001/items/Weapon.js:220
[   35791ms] [LOG] [Player] viewWeapon pos=0.25,-0.34,-0.80 rot=NaN,NaN,NaN visible=true fpArmsPos=0.00,0.00,0.00 @ http://localhost:3001/entities/Player.js:742
[   35791ms] [LOG] [Weapon] applyToMesh: recoilAngle=0.1 swayX=0 swayY=0 time=19.774799999999804 baseRot={x:undefined,y:undefined,z:undefined} type=object @ http://localhost:3001/items/Weapon.js:220
[   35801ms] [LOG] [Player] viewWeapon pos=0.25,-0.34,-0.80 rot=NaN,NaN,NaN visible=true fpArmsPos=0.00,0.00,0.00 @ http://localhost:3001/entities/Player.js:742
[   35801ms] [LOG] [Weapon] applyToMesh: recoilAngle=0.1 swayX=0 swayY=0 time=19.784700000000175 baseRot={x:undefined,y:undefined,z:undefined} type=object @ http://localhost:3001/items/Weapon.js:220
[   35801ms] [LOG] [Player] anim: recoilAngle=0.1 swayX=0 swayY=0 time=19.784700000000175 @ http://localhost:3001/entities/Player.js:780
[   35809ms] [LOG] [Player] viewWeapon pos=0.25,-0.34,-0.80 rot=NaN,NaN,NaN visible=true fpArmsPos=0.00,0.00,0.00 @ http://localhost:3001/entities/Player.js:742
[   35809ms] [LOG] [Weapon] applyToMesh: recoilAngle=0.1 swayX=0 swayY=0 time=19.792299999999802 baseRot={x:undefined,y:undefined,z:undefined} type=object @ http://localhost:3001/items/Weapon.js:220
[   35817ms] [LOG] [Player] viewWeapon pos=0.25,-0.34,-0.80 rot=NaN,NaN,NaN visible=true fpArmsPos=0.00,0.00,0.00 @ http://localhost:3001/entities/Player.js:742
[   35817ms] [LOG] [Weapon] applyToMesh: recoilAngle=0.1 swayX=0 swayY=0 time=19.80049999999999 baseRot={x:undefined,y:undefined,z:undefined} type=object @ http://localhost:3001/items/Weapon.js:220
[   35825ms] [LOG] [Player] viewWeapon pos=0.25,-0.34,-0.80 rot=NaN,NaN,NaN visible=true fpArmsPos=0.00,0.00,0.00 @ http://localhost:3001/entities/Player.js:742
[   35825ms] [LOG] [Weapon] applyToMesh: recoilAngle=0.1 swayX=0 swayY=0 time=19.808700000000176 baseRot={x:undefined,y:undefined,z:undefined} type=object @ http://localhost:3001/items/Weapon.js:220
[   35834ms] [LOG] [Player] viewWeapon pos=0.25,-0.34,-0.80 rot=NaN,NaN,NaN visible=true fpArmsPos=0.00,0.00,0.00 @ http://localhost:3001/entities/Player.js:742
[   35834ms] [LOG] [Weapon] applyToMesh: recoilAngle=0.1 swayX=0 swayY=0 time=19.818099999999617 baseRot={x:undefined,y:undefined,z:undefined} type=object @ http://localhost:3001/items/Weapon.js:220
[   35834ms] [LOG] [CameraController] playerPos=46.00,4.04,0.00 targetY=4.19 camPos=46.00,4.19,0.00 @ http://localhost:3001/core/CameraController.js:240
[   35843ms] [LOG] [Player] viewWeapon pos=0.25,-0.34,-0.80 rot=NaN,NaN,NaN visible=true fpArmsPos=0.00,0.00,0.00 @ http://localhost:3001/entities/Player.js:742
[   35843ms] [LOG] [Weapon] applyToMesh: recoilAngle=0.1 swayX=0 swayY=0 time=19.82699999999999 baseRot={x:undefined,y:undefined,z:undefined} type=object @ http://localhost:3001/items/Weapon.js:220
[   35843ms] [LOG] [Player] after applyToMesh: rot=NaN,NaN,NaN baseRot=undef @ http://localhost:3001/entities/Player.js:781
[   35852ms] [LOG] [Player] viewWeapon pos=0.25,-0.34,-0.80 rot=NaN,NaN,NaN visible=true fpArmsPos=0.00,0.00,0.00 @ http://localhost:3001/entities/Player.js:742
[   35852ms] [LOG] [Weapon] applyToMesh: recoilAngle=0.1 swayX=0 swayY=0 time=19.835799999999804 baseRot={x:undefined,y:undefined,z:undefined} type=object @ http://localhost:3001/items/Weapon.js:220
[   35860ms] [LOG] [Player] viewWeapon pos=0.25,-0.34,-0.80 rot=NaN,NaN,NaN visible=true fpArmsPos=0.00,0.00,0.00 @ http://localhost:3001/entities/Player.js:742
[   35860ms] [LOG] [Weapon] applyToMesh: recoilAngle=0.1 swayX=0 swayY=0 time=19.843799999999803 baseRot={x:undefined,y:undefined,z:undefined} type=object @ http://localhost:3001/items/Weapon.js:220
[   35868ms] [LOG] [Player] viewWeapon pos=0.25,-0.34,-0.80 rot=NaN,NaN,NaN visible=true fpArmsPos=0.00,0.00,0.00 @ http://localhost:3001/entities/Player.js:742
[   35868ms] [LOG] [Weapon] applyToMesh: recoilAngle=0.1 swayX=0 swayY=0 time=19.851200000000176 baseRot={x:undefined,y:undefined,z:undefined} type=object @ http://localhost:3001/items/Weapon.js:220
[   35877ms] [LOG] [Player] viewWeapon pos=0.25,-0.34,-0.80 rot=NaN,NaN,NaN visible=true fpArmsPos=0.00,0.00,0.00 @ http://localhost:3001/entities/Player.js:742
[   35877ms] [LOG] [Weapon] applyToMesh: recoilAngle=0.1 swayX=0 swayY=0 time=19.86040000000036 baseRot={x:undefined,y:undefined,z:undefined} type=object @ http://localhost:3001/items/Weapon.js:220
[   35885ms] [LOG] [Player] viewWeapon pos=0.25,-0.34,-0.80 rot=NaN,NaN,NaN visible=true fpArmsPos=0.00,0.00,0.00 @ http://localhost:3001/entities/Player.js:742
[   35885ms] [LOG] [Weapon] applyToMesh: recoilAngle=0.1 swayX=0 swayY=0 time=19.8687999999998 baseRot={x:undefined,y:undefined,z:undefined} type=object @ http://localhost:3001/items/Weapon.js:220
[   35893ms] [LOG] [Player] viewWeapon pos=0.25,-0.34,-0.80 rot=NaN,NaN,NaN visible=true fpArmsPos=0.00,0.00,0.00 @ http://localhost:3001/entities/Player.js:742
[   35893ms] [LOG] [Weapon] applyToMesh: recoilAngle=0.1 swayX=0 swayY=0 time=19.876599999999616 baseRot={x:undefined,y:undefined,z:undefined} type=object @ http://localhost:3001/items/Weapon.js:220
[   35902ms] [LOG] [Player] viewWeapon pos=0.25,-0.34,-0.80 rot=NaN,NaN,NaN visible=true fpArmsPos=0.00,0.00,0.00 @ http://localhost:3001/entities/Player.js:742
[   35902ms] [LOG] [Weapon] applyToMesh: recoilAngle=0.1 swayX=0 swayY=0 time=19.885200000000175 baseRot={x:undefined,y:undefined,z:undefined} type=object @ http://localhost:3001/items/Weapon.js:220
[   35903ms] [LOG] [Player] after applyToMesh: rot=NaN,NaN,NaN baseRot=undef @ http://localhost:3001/entities/Player.js:781
[   35912ms] [LOG] [Player] viewWeapon pos=0.25,-0.34,-0.80 rot=NaN,NaN,NaN visible=true fpArmsPos=0.00,0.00,0.00 @ http://localhost:3001/entities/Player.js:742
[   35912ms] [LOG] [Weapon] applyToMesh: recoilAngle=0.1 swayX=0 swayY=0 time=19.896099999999617 baseRot={x:undefined,y:undefined,z:undefined} type=object @ http://localhost:3001/items/Weapon.js:220
[   35920ms] [LOG] [Player] viewWeapon pos=0.25,-0.34,-0.80 rot=NaN,NaN,NaN visible=true fpArmsPos=0.00,0.00,0.00 @ http://localhost:3001/entities/Player.js:742
[   35920ms] [LOG] [Weapon] applyToMesh: recoilAngle=0.1 swayX=0 swayY=0 time=19.903599999999617 baseRot={x:undefined,y:undefined,z:undefined} type=object @ http://localhost:3001/items/Weapon.js:220
[   35929ms] [LOG] [Player] viewWeapon pos=0.25,-0.34,-0.80 rot=NaN,NaN,NaN visible=true fpArmsPos=0.00,0.00,0.00 @ http://localhost:3001/entities/Player.js:742
[   35929ms] [LOG] [Weapon] applyToMesh: recoilAngle=0.1 swayX=0 swayY=0 time=19.91190000000036 baseRot={x:undefined,y:undefined,z:undefined} type=object @ http://localhost:3001/items/Weapon.js:220
[   35936ms] [LOG] [Player] viewWeapon pos=0.25,-0.34,-0.80 rot=NaN,NaN,NaN visible=true fpArmsPos=0.00,0.00,0.00 @ http://localhost:3001/entities/Player.js:742
[   35936ms] [LOG] [Weapon] applyToMesh: recoilAngle=0.1 swayX=0 swayY=0 time=19.919999999999987 baseRot={x:undefined,y:undefined,z:undefined} type=object @ http://localhost:3001/items/Weapon.js:220
[   35946ms] [LOG] [Player] viewWeapon pos=0.25,-0.34,-0.80 rot=NaN,NaN,NaN visible=true fpArmsPos=0.00,0.00,0.00 @ http://localhost:3001/entities/Player.js:742
[   35946ms] [LOG] [Weapon] applyToMesh: recoilAngle=0.1 swayX=0 swayY=0 time=19.92999999999999 baseRot={x:undefined,y:undefined,z:undefined} type=object @ http://localhost:3001/items/Weapon.js:220
[   35956ms] [LOG] [Player] viewWeapon pos=0.25,-0.34,-0.80 rot=NaN,NaN,NaN visible=true fpArmsPos=0.00,0.00,0.00 @ http://localhost:3001/entities/Player.js:742
[   35956ms] [LOG] [Weapon] applyToMesh: recoilAngle=0.1 swayX=0 swayY=0 time=19.939200000000174 baseRot={x:undefined,y:undefined,z:undefined} type=object @ http://localhost:3001/items/Weapon.js:220
[   35963ms] [LOG] [Player] viewWeapon pos=0.25,-0.34,-0.80 rot=NaN,NaN,NaN visible=true fpArmsPos=0.00,0.00,0.00 @ http://localhost:3001/entities/Player.js:742
[   35963ms] [LOG] [Weapon] applyToMesh: recoilAngle=0.1 swayX=0 swayY=0 time=19.94690000000036 baseRot={x:undefined,y:undefined,z:undefined} type=object @ http://localhost:3001/items/Weapon.js:220
[   35972ms] [LOG] [Player] viewWeapon pos=0.25,-0.34,-0.80 rot=NaN,NaN,NaN visible=true fpArmsPos=0.00,0.00,0.00 @ http://localhost:3001/entities/Player.js:742
[   35972ms] [LOG] [Weapon] applyToMesh: recoilAngle=0.1 swayX=0 swayY=0 time=19.95540000000036 baseRot={x:undefined,y:undefined,z:undefined} type=object @ http://localhost:3001/items/Weapon.js:220
[   35979ms] [LOG] [Player] viewWeapon pos=0.25,-0.34,-0.80 rot=NaN,NaN,NaN visible=true fpArmsPos=0.00,0.00,0.00 @ http://localhost:3001/entities/Player.js:742
[   35979ms] [LOG] [Weapon] applyToMesh: recoilAngle=0.1 swayX=0 swayY=0 time=19.962599999999615 baseRot={x:undefined,y:undefined,z:undefined} type=object @ http://localhost:3001/items/Weapon.js:220
[   35988ms] [LOG] [Player] viewWeapon pos=0.25,-0.34,-0.80 rot=NaN,NaN,NaN visible=true fpArmsPos=0.00,0.00,0.00 @ http://localhost:3001/entities/Player.js:742
[   35988ms] [LOG] [Weapon] applyToMesh: recoilAngle=0.1 swayX=0 swayY=0 time=19.971200000000174 baseRot={x:undefined,y:undefined,z:undefined} type=object @ http://localhost:3001/items/Weapon.js:220
[   35997ms] [LOG] [Player] viewWeapon pos=0.25,-0.34,-0.80 rot=NaN,NaN,NaN visible=true fpArmsPos=0.00,0.00,0.00 @ http://localhost:3001/entities/Player.js:742
[   35997ms] [LOG] [Weapon] applyToMesh: recoilAngle=0.1 swayX=0 swayY=0 time=19.98040000000036 baseRot={x:undefined,y:undefined,z:undefined} type=object @ http://localhost:3001/items/Weapon.js:220
[   36011ms] [LOG] [Player] viewWeapon pos=0.25,-0.34,-0.80 rot=NaN,NaN,NaN visible=true fpArmsPos=0.00,0.00,0.00 @ http://localhost:3001/entities/Player.js:742
[   36011ms] [LOG] [Weapon] applyToMesh: recoilAngle=0.1 swayX=0 swayY=0 time=19.994700000000172 baseRot={x:undefined,y:undefined,z:undefined} type=object @ http://localhost:3001/items/Weapon.js:220
[   36011ms] [LOG] [Player] after applyToMesh: rot=NaN,NaN,NaN baseRot=undef @ http://localhost:3001/entities/Player.js:781
[   36020ms] [LOG] [Player] viewWeapon pos=0.25,-0.34,-0.80 rot=NaN,NaN,NaN visible=true fpArmsPos=0.00,0.00,0.00 @ http://localhost:3001/entities/Player.js:742
[   36021ms] [LOG] [Weapon] applyToMesh: recoilAngle=0.1 swayX=0 swayY=0 time=20.004099999999614 baseRot={x:undefined,y:undefined,z:undefined} type=object @ http://localhost:3001/items/Weapon.js:220
[   36031ms] [LOG] [Player] viewWeapon pos=0.25,-0.34,-0.80 rot=NaN,NaN,NaN visible=true fpArmsPos=0.00,0.00,0.00 @ http://localhost:3001/entities/Player.js:742
[   36031ms] [LOG] [Weapon] applyToMesh: recoilAngle=0.1 swayX=0 swayY=0 time=20.014200000000173 baseRot={x:undefined,y:undefined,z:undefined} type=object @ http://localhost:3001/items/Weapon.js:220
[   36040ms] [LOG] [Player] viewWeapon pos=0.25,-0.34,-0.80 rot=NaN,NaN,NaN visible=true fpArmsPos=0.00,0.00,0.00 @ http://localhost:3001/entities/Player.js:742
[   36040ms] [LOG] [Weapon] applyToMesh: recoilAngle=0.1 swayX=0 swayY=0 time=20.023700000000172 baseRot={x:undefined,y:undefined,z:undefined} type=object @ http://localhost:3001/items/Weapon.js:220
[   36048ms] [LOG] [Player] viewWeapon pos=0.25,-0.34,-0.80 rot=NaN,NaN,NaN visible=true fpArmsPos=0.00,0.00,0.00 @ http://localhost:3001/entities/Player.js:742
[   36048ms] [LOG] [Weapon] applyToMesh: recoilAngle=0.1 swayX=0 swayY=0 time=20.03190000000036 baseRot={x:undefined,y:undefined,z:undefined} type=object @ http://localhost:3001/items/Weapon.js:220
[   36060ms] [LOG] [Player] viewWeapon pos=0.25,-0.34,-0.80 rot=NaN,NaN,NaN visible=true fpArmsPos=0.00,0.00,0.00 @ http://localhost:3001/entities/Player.js:742
[   36060ms] [LOG] [Weapon] applyToMesh: recoilAngle=0.1 swayX=0 swayY=0 time=20.0432999999998 baseRot={x:undefined,y:undefined,z:undefined} type=object @ http://localhost:3001/items/Weapon.js:220
[   36071ms] [LOG] [Player] viewWeapon pos=0.25,-0.34,-0.80 rot=NaN,NaN,NaN visible=true fpArmsPos=0.00,0.00,0.00 @ http://localhost:3001/entities/Player.js:742
[   36071ms] [LOG] [Weapon] applyToMesh: recoilAngle=0.1 swayX=0 swayY=0 time=20.0547999999998 baseRot={x:undefined,y:undefined,z:undefined} type=object @ http://localhost:3001/items/Weapon.js:220
[   36080ms] [LOG] [Player] viewWeapon pos=0.25,-0.34,-0.80 rot=NaN,NaN,NaN visible=true fpArmsPos=0.00,0.00,0.00 @ http://localhost:3001/entities/Player.js:742
[   36081ms] [LOG] [Weapon] applyToMesh: recoilAngle=0.1 swayX=0 swayY=0 time=20.06390000000036 baseRot={x:undefined,y:undefined,z:undefined} type=object @ http://localhost:3001/items/Weapon.js:220
[   36091ms] [LOG] [Player] viewWeapon pos=0.25,-0.34,-0.80 rot=NaN,NaN,NaN visible=true fpArmsPos=0.00,0.00,0.00 @ http://localhost:3001/entities/Player.js:742
[   36092ms] [LOG] [Weapon] applyToMesh: recoilAngle=0.1 swayX=0 swayY=0 time=20.075099999999615 baseRot={x:undefined,y:undefined,z:undefined} type=object @ http://localhost:3001/items/Weapon.js:220
[   36102ms] [LOG] [Player] viewWeapon pos=0.25,-0.34,-0.80 rot=NaN,NaN,NaN visible=true fpArmsPos=0.00,0.00,0.00 @ http://localhost:3001/entities/Player.js:742
[   36102ms] [LOG] [Weapon] applyToMesh: recoilAngle=0.1 swayX=0 swayY=0 time=20.08540000000036 baseRot={x:undefined,y:undefined,z:undefined} type=object @ http://localhost:3001/items/Weapon.js:220
[   36112ms] [LOG] [Player] viewWeapon pos=0.25,-0.34,-0.80 rot=NaN,NaN,NaN visible=true fpArmsPos=0.00,0.00,0.00 @ http://localhost:3001/entities/Player.js:742
[   36113ms] [LOG] [Weapon] applyToMesh: recoilAngle=0.1 swayX=0 swayY=0 time=20.0962999999998 baseRot={x:undefined,y:undefined,z:undefined} type=object @ http://localhost:3001/items/Weapon.js:220
[   36120ms] [LOG] [Player] viewWeapon pos=0.25,-0.34,-0.80 rot=NaN,NaN,NaN visible=true fpArmsPos=0.00,0.00,0.00 @ http://localhost:3001/entities/Player.js:742
[   36120ms] [LOG] [Weapon] applyToMesh: recoilAngle=0.1 swayX=0 swayY=0 time=20.104099999999615 baseRot={x:undefined,y:undefined,z:undefined} type=object @ http://localhost:3001/items/Weapon.js:220
[   36129ms] [LOG] [Player] viewWeapon pos=0.25,-0.34,-0.80 rot=NaN,NaN,NaN visible=true fpArmsPos=0.00,0.00,0.00 @ http://localhost:3001/entities/Player.js:742
[   36129ms] [LOG] [Weapon] applyToMesh: recoilAngle=0.1 swayX=0 swayY=0 time=20.112200000000175 baseRot={x:undefined,y:undefined,z:undefined} type=object @ http://localhost:3001/items/Weapon.js:220
[   36137ms] [LOG] [Player] viewWeapon pos=0.25,-0.34,-0.80 rot=NaN,NaN,NaN visible=true fpArmsPos=0.00,0.00,0.00 @ http://localhost:3001/entities/Player.js:742
[   36137ms] [LOG] [Weapon] applyToMesh: recoilAngle=0.1 swayX=0 swayY=0 time=20.120799999999804 baseRot={x:undefined,y:undefined,z:undefined} type=object @ http://localhost:3001/items/Weapon.js:220
[   36148ms] [LOG] [Player] viewWeapon pos=0.25,-0.34,-0.80 rot=NaN,NaN,NaN visible=true fpArmsPos=0.00,0.00,0.00 @ http://localhost:3001/entities/Player.js:742
[   36148ms] [LOG] [Weapon] applyToMesh: recoilAngle=0.1 swayX=0 swayY=0 time=20.13159999999962 baseRot={x:undefined,y:undefined,z:undefined} type=object @ http://localhost:3001/items/Weapon.js:220
[   36158ms] [LOG] [Player] viewWeapon pos=0.25,-0.34,-0.80 rot=NaN,NaN,NaN visible=true fpArmsPos=0.00,0.00,0.00 @ http://localhost:3001/entities/Player.js:742
[   36158ms] [LOG] [Weapon] applyToMesh: recoilAngle=0.1 swayX=0 swayY=0 time=20.141299999999806 baseRot={x:undefined,y:undefined,z:undefined} type=object @ http://localhost:3001/items/Weapon.js:220
[   36166ms] [LOG] [Player] viewWeapon pos=0.25,-0.34,-0.80 rot=NaN,NaN,NaN visible=true fpArmsPos=0.00,0.00,0.00 @ http://localhost:3001/entities/Player.js:742
[   36166ms] [LOG] [Weapon] applyToMesh: recoilAngle=0.1 swayX=0 swayY=0 time=20.149200000000178 baseRot={x:undefined,y:undefined,z:undefined} type=object @ http://localhost:3001/items/Weapon.js:220
[   36175ms] [LOG] [Player] viewWeapon pos=0.25,-0.34,-0.80 rot=NaN,NaN,NaN visible=true fpArmsPos=0.00,0.00,0.00 @ http://localhost:3001/entities/Player.js:742
[   36175ms] [LOG] [Weapon] applyToMesh: recoilAngle=0.1 swayX=0 swayY=0 time=20.158499999999993 baseRot={x:undefined,y:undefined,z:undefined} type=object @ http://localhost:3001/items/Weapon.js:220
[   36183ms] [LOG] [Player] viewWeapon pos=0.25,-0.34,-0.80 rot=NaN,NaN,NaN visible=true fpArmsPos=0.00,0.00,0.00 @ http://localhost:3001/entities/Player.js:742
[   36184ms] [LOG] [Weapon] applyToMesh: recoilAngle=0.1 swayX=0 swayY=0 time=20.166999999999994 baseRot={x:undefined,y:undefined,z:undefined} type=object @ http://localhost:3001/items/Weapon.js:220
[   36191ms] [LOG] [Player] viewWeapon pos=0.25,-0.34,-0.80 rot=NaN,NaN,NaN visible=true fpArmsPos=0.00,0.00,0.00 @ http://localhost:3001/entities/Player.js:742
[   36191ms] [LOG] [Weapon] applyToMesh: recoilAngle=0.1 swayX=0 swayY=0 time=20.17479999999981 baseRot={x:undefined,y:undefined,z:undefined} type=object @ http://localhost:3001/items/Weapon.js:220
[   36199ms] [LOG] [Player] viewWeapon pos=0.25,-0.34,-0.80 rot=NaN,NaN,NaN visible=true fpArmsPos=0.00,0.00,0.00 @ http://localhost:3001/entities/Player.js:742
[   36199ms] [LOG] [Weapon] applyToMesh: recoilAngle=0.1 swayX=0 swayY=0 time=20.182999999999996 baseRot={x:undefined,y:undefined,z:undefined} type=object @ http://localhost:3001/items/Weapon.js:220
[   36209ms] [LOG] [Player] viewWeapon pos=0.25,-0.34,-0.80 rot=NaN,NaN,NaN visible=true fpArmsPos=0.00,0.00,0.00 @ http://localhost:3001/entities/Player.js:742
[   36209ms] [LOG] [Weapon] applyToMesh: recoilAngle=0.1 swayX=0 swayY=0 time=20.192700000000183 baseRot={x:undefined,y:undefined,z:undefined} type=object @ http://localhost:3001/items/Weapon.js:220
[   36218ms] [LOG] [Player] viewWeapon pos=0.25,-0.34,-0.80 rot=NaN,NaN,NaN visible=true fpArmsPos=0.00,0.00,0.00 @ http://localhost:3001/entities/Player.js:742
[   36218ms] [LOG] [Weapon] applyToMesh: recoilAngle=0.1 swayX=0 swayY=0 time=20.20140000000037 baseRot={x:undefined,y:undefined,z:undefined} type=object @ http://localhost:3001/items/Weapon.js:220
[   36225ms] [LOG] [Player] viewWeapon pos=0.25,-0.34,-0.80 rot=NaN,NaN,NaN visible=true fpArmsPos=0.00,0.00,0.00 @ http://localhost:3001/entities/Player.js:742
[   36225ms] [LOG] [Weapon] applyToMesh: recoilAngle=0.1 swayX=0 swayY=0 time=20.209099999999623 baseRot={x:undefined,y:undefined,z:undefined} type=object @ http://localhost:3001/items/Weapon.js:220
[   36225ms] [LOG] [Player] after applyToMesh: rot=NaN,NaN,NaN baseRot=undef @ http://localhost:3001/entities/Player.js:781
[   36235ms] [LOG] [Player] viewWeapon pos=0.25,-0.34,-0.80 rot=NaN,NaN,NaN visible=true fpArmsPos=0.00,0.00,0.00 @ http://localhost:3001/entities/Player.js:742
[   36235ms] [LOG] [Weapon] applyToMesh: recoilAngle=0.1 swayX=0 swayY=0 time=20.218700000000183 baseRot={x:undefined,y:undefined,z:undefined} type=object @ http://localhost:3001/items/Weapon.js:220
[   36243ms] [LOG] [Player] viewWeapon pos=0.25,-0.34,-0.80 rot=NaN,NaN,NaN visible=true fpArmsPos=0.00,0.00,0.00 @ http://localhost:3001/entities/Player.js:742
[   36243ms] [LOG] [Weapon] applyToMesh: recoilAngle=0.1 swayX=0 swayY=0 time=20.22629999999981 baseRot={x:undefined,y:undefined,z:undefined} type=object @ http://localhost:3001/items/Weapon.js:220
[   36250ms] [LOG] [Player] viewWeapon pos=0.25,-0.34,-0.80 rot=NaN,NaN,NaN visible=true fpArmsPos=0.00,0.00,0.00 @ http://localhost:3001/entities/Player.js:742
[   36250ms] [LOG] [Weapon] applyToMesh: recoilAngle=0.1 swayX=0 swayY=0 time=20.23340000000037 baseRot={x:undefined,y:undefined,z:undefined} type=object @ http://localhost:3001/items/Weapon.js:220
[   36260ms] [LOG] [Player] viewWeapon pos=0.25,-0.34,-0.80 rot=NaN,NaN,NaN visible=true fpArmsPos=0.00,0.00,0.00 @ http://localhost:3001/entities/Player.js:742
[   36260ms] [LOG] [Weapon] applyToMesh: recoilAngle=0.1 swayX=0 swayY=0 time=20.24370000000018 baseRot={x:undefined,y:undefined,z:undefined} type=object @ http://localhost:3001/items/Weapon.js:220
[   36271ms] [LOG] [Player] viewWeapon pos=0.25,-0.34,-0.80 rot=NaN,NaN,NaN visible=true fpArmsPos=0.00,0.00,0.00 @ http://localhost:3001/entities/Player.js:742
[   36271ms] [LOG] [Weapon] applyToMesh: recoilAngle=0.1 swayX=0 swayY=0 time=20.25429999999981 baseRot={x:undefined,y:undefined,z:undefined} type=object @ http://localhost:3001/items/Weapon.js:220
[   36278ms] [LOG] [Player] viewWeapon pos=0.25,-0.34,-0.80 rot=NaN,NaN,NaN visible=true fpArmsPos=0.00,0.00,0.00 @ http://localhost:3001/entities/Player.js:742
[   36279ms] [LOG] [Weapon] applyToMesh: recoilAngle=0.1 swayX=0 swayY=0 time=20.262299999999808 baseRot={x:undefined,y:undefined,z:undefined} type=object @ http://localhost:3001/items/Weapon.js:220
[   36286ms] [LOG] [Player] viewWeapon pos=0.25,-0.34,-0.80 rot=NaN,NaN,NaN visible=true fpArmsPos=0.00,0.00,0.00 @ http://localhost:3001/entities/Player.js:742
[   36287ms] [LOG] [Weapon] applyToMesh: recoilAngle=0.1 swayX=0 swayY=0 time=20.270099999999623 baseRot={x:undefined,y:undefined,z:undefined} type=object @ http://localhost:3001/items/Weapon.js:220
[   36294ms] [LOG] [Player] viewWeapon pos=0.25,-0.34,-0.80 rot=NaN,NaN,NaN visible=true fpArmsPos=0.00,0.00,0.00 @ http://localhost:3001/entities/Player.js:742
[   36295ms] [LOG] [Weapon] applyToMesh: recoilAngle=0.1 swayX=0 swayY=0 time=20.27829999999981 baseRot={x:undefined,y:undefined,z:undefined} type=object @ http://localhost:3001/items/Weapon.js:220
[   36295ms] [LOG] [Player] after applyToMesh: rot=NaN,NaN,NaN baseRot=undef @ http://localhost:3001/entities/Player.js:781
[   36304ms] [LOG] [Player] viewWeapon pos=0.25,-0.34,-0.80 rot=NaN,NaN,NaN visible=true fpArmsPos=0.00,0.00,0.00 @ http://localhost:3001/entities/Player.js:742
[   36304ms] [LOG] [Weapon] applyToMesh: recoilAngle=0.1 swayX=0 swayY=0 time=20.287599999999625 baseRot={x:undefined,y:undefined,z:undefined} type=object @ http://localhost:3001/items/Weapon.js:220
[   36315ms] [LOG] [Player] viewWeapon pos=0.25,-0.34,-0.80 rot=NaN,NaN,NaN visible=true fpArmsPos=0.00,0.00,0.00 @ http://localhost:3001/entities/Player.js:742
[   36315ms] [LOG] [Weapon] applyToMesh: recoilAngle=0.1 swayX=0 swayY=0 time=20.29840000000037 baseRot={x:undefined,y:undefined,z:undefined} type=object @ http://localhost:3001/items/Weapon.js:220
[   36326ms] [LOG] [Player] viewWeapon pos=0.25,-0.34,-0.80 rot=NaN,NaN,NaN visible=true fpArmsPos=0.00,0.00,0.00 @ http://localhost:3001/entities/Player.js:742
[   36326ms] [LOG] [Weapon] applyToMesh: recoilAngle=0.1 swayX=0 swayY=0 time=20.309099999999624 baseRot={x:undefined,y:undefined,z:undefined} type=object @ http://localhost:3001/items/Weapon.js:220
[   36335ms] [LOG] [Player] viewWeapon pos=0.25,-0.34,-0.80 rot=NaN,NaN,NaN visible=true fpArmsPos=0.00,0.00,0.00 @ http://localhost:3001/entities/Player.js:742
[   36335ms] [LOG] [Weapon] applyToMesh: recoilAngle=0.1 swayX=0 swayY=0 time=20.318700000000185 baseRot={x:undefined,y:undefined,z:undefined} type=object @ http://localhost:3001/items/Weapon.js:220
[   36344ms] [LOG] [Player] viewWeapon pos=0.25,-0.34,-0.80 rot=NaN,NaN,NaN visible=true fpArmsPos=0.00,0.00,0.00 @ http://localhost:3001/entities/Player.js:742
[   36344ms] [LOG] [Weapon] applyToMesh: recoilAngle=0.1 swayX=0 swayY=0 time=20.327200000000186 baseRot={x:undefined,y:undefined,z:undefined} type=object @ http://localhost:3001/items/Weapon.js:220
[   36354ms] [LOG] [Player] viewWeapon pos=0.25,-0.34,-0.80 rot=NaN,NaN,NaN visible=true fpArmsPos=0.00,0.00,0.00 @ http://localhost:3001/entities/Player.js:742
[   36355ms] [LOG] [Weapon] applyToMesh: recoilAngle=0.1 swayX=0 swayY=0 time=20.33790000000037 baseRot={x:undefined,y:undefined,z:undefined} type=object @ http://localhost:3001/items/Weapon.js:220
[   36367ms] [LOG] [Player] viewWeapon pos=0.25,-0.34,-0.80 rot=NaN,NaN,NaN visible=true fpArmsPos=0.00,0.00,0.00 @ http://localhost:3001/entities/Player.js:742
[   36367ms] [LOG] [Weapon] applyToMesh: recoilAngle=0.1 swayX=0 swayY=0 time=20.350299999999812 baseRot={x:undefined,y:undefined,z:undefined} type=object @ http://localhost:3001/items/Weapon.js:220
[   36377ms] [LOG] [Player] viewWeapon pos=0.25,-0.34,-0.80 rot=NaN,NaN,NaN visible=true fpArmsPos=0.00,0.00,0.00 @ http://localhost:3001/entities/Player.js:742
[   36377ms] [LOG] [Weapon] applyToMesh: recoilAngle=0.1 swayX=0 swayY=0 time=20.360799999999813 baseRot={x:undefined,y:undefined,z:undefined} type=object @ http://localhost:3001/items/Weapon.js:220
[   36389ms] [LOG] [Player] viewWeapon pos=0.25,-0.34,-0.80 rot=NaN,NaN,NaN visible=true fpArmsPos=0.00,0.00,0.00 @ http://localhost:3001/entities/Player.js:742
[   36389ms] [LOG] [Weapon] applyToMesh: recoilAngle=0.1 swayX=0 swayY=0 time=20.372299999999814 baseRot={x:undefined,y:undefined,z:undefined} type=object @ http://localhost:3001/items/Weapon.js:220
[   36400ms] [LOG] [Player] viewWeapon pos=0.25,-0.34,-0.80 rot=NaN,NaN,NaN visible=true fpArmsPos=0.00,0.00,0.00 @ http://localhost:3001/entities/Player.js:742
[   36400ms] [LOG] [Weapon] applyToMesh: recoilAngle=0.1 swayX=0 swayY=0 time=20.383299999999814 baseRot={x:undefined,y:undefined,z:undefined} type=object @ http://localhost:3001/items/Weapon.js:220
[   36413ms] [LOG] [Player] viewWeapon pos=0.25,-0.34,-0.80 rot=NaN,NaN,NaN visible=true fpArmsPos=0.00,0.00,0.00 @ http://localhost:3001/entities/Player.js:742
[   36414ms] [LOG] [Weapon] applyToMesh: recoilAngle=0.1 swayX=0 swayY=0 time=20.397200000000186 baseRot={x:undefined,y:undefined,z:undefined} type=object @ http://localhost:3001/items/Weapon.js:220
[   36426ms] [LOG] [Player] viewWeapon pos=0.25,-0.34,-0.80 rot=NaN,NaN,NaN visible=true fpArmsPos=0.00,0.00,0.00 @ http://localhost:3001/entities/Player.js:742
[   36426ms] [LOG] [Weapon] applyToMesh: recoilAngle=0.1 swayX=0 swayY=0 time=20.4095 baseRot={x:undefined,y:undefined,z:undefined} type=object @ http://localhost:3001/items/Weapon.js:220
[   36437ms] [LOG] [Player] viewWeapon pos=0.25,-0.34,-0.80 rot=NaN,NaN,NaN visible=true fpArmsPos=0.00,0.00,0.00 @ http://localhost:3001/entities/Player.js:742
[   36437ms] [LOG] [Weapon] applyToMesh: recoilAngle=0.1 swayX=0 swayY=0 time=20.420400000000374 baseRot={x:undefined,y:undefined,z:undefined} type=object @ http://localhost:3001/items/Weapon.js:220
[   36449ms] [LOG] [Player] viewWeapon pos=0.25,-0.34,-0.80 rot=NaN,NaN,NaN visible=true fpArmsPos=0.00,0.00,0.00 @ http://localhost:3001/entities/Player.js:742
[   36449ms] [LOG] [Weapon] applyToMesh: recoilAngle=0.1 swayX=0 swayY=0 time=20.432200000000186 baseRot={x:undefined,y:undefined,z:undefined} type=object @ http://localhost:3001/items/Weapon.js:220
[   36463ms] [LOG] [Player] viewWeapon pos=0.25,-0.34,-0.80 rot=NaN,NaN,NaN visible=true fpArmsPos=0.00,0.00,0.00 @ http://localhost:3001/entities/Player.js:742
[   36463ms] [LOG] [Weapon] applyToMesh: recoilAngle=0.1 swayX=0 swayY=0 time=20.446599999999627 baseRot={x:undefined,y:undefined,z:undefined} type=object @ http://localhost:3001/items/Weapon.js:220
[   36472ms] [LOG] [Player] viewWeapon pos=0.25,-0.34,-0.80 rot=NaN,NaN,NaN visible=true fpArmsPos=0.00,0.00,0.00 @ http://localhost:3001/entities/Player.js:742
[   36472ms] [LOG] [Weapon] applyToMesh: recoilAngle=0.1 swayX=0 swayY=0 time=20.455900000000373 baseRot={x:undefined,y:undefined,z:undefined} type=object @ http://localhost:3001/items/Weapon.js:220
[   36481ms] [LOG] [Player] viewWeapon pos=0.25,-0.34,-0.80 rot=NaN,NaN,NaN visible=true fpArmsPos=0.00,0.00,0.00 @ http://localhost:3001/entities/Player.js:742
[   36481ms] [LOG] [Weapon] applyToMesh: recoilAngle=0.1 swayX=0 swayY=0 time=20.464700000000185 baseRot={x:undefined,y:undefined,z:undefined} type=object @ http://localhost:3001/items/Weapon.js:220
[   36491ms] [LOG] [Player] viewWeapon pos=0.25,-0.34,-0.80 rot=NaN,NaN,NaN visible=true fpArmsPos=0.00,0.00,0.00 @ http://localhost:3001/entities/Player.js:742
[   36491ms] [LOG] [Weapon] applyToMesh: recoilAngle=0.1 swayX=0 swayY=0 time=20.474999999999998 baseRot={x:undefined,y:undefined,z:undefined} type=object @ http://localhost:3001/items/Weapon.js:220
[   36502ms] [LOG] [Player] viewWeapon pos=0.25,-0.34,-0.80 rot=NaN,NaN,NaN visible=true fpArmsPos=0.00,0.00,0.00 @ http://localhost:3001/entities/Player.js:742
[   36502ms] [LOG] [Weapon] applyToMesh: recoilAngle=0.1 swayX=0 swayY=0 time=20.48529999999981 baseRot={x:undefined,y:undefined,z:undefined} type=object @ http://localhost:3001/items/Weapon.js:220
[   36513ms] [LOG] [Player] viewWeapon pos=0.25,-0.34,-0.80 rot=NaN,NaN,NaN visible=true fpArmsPos=0.00,0.00,0.00 @ http://localhost:3001/entities/Player.js:742
[   36514ms] [LOG] [Weapon] applyToMesh: recoilAngle=0.1 swayX=0 swayY=0 time=20.496999999999996 baseRot={x:undefined,y:undefined,z:undefined} type=object @ http://localhost:3001/items/Weapon.js:220
[   36523ms] [LOG] [Player] viewWeapon pos=0.25,-0.34,-0.80 rot=NaN,NaN,NaN visible=true fpArmsPos=0.00,0.00,0.00 @ http://localhost:3001/entities/Player.js:742
[   36523ms] [LOG] [Weapon] applyToMesh: recoilAngle=0.1 swayX=0 swayY=0 time=20.50629999999981 baseRot={x:undefined,y:undefined,z:undefined} type=object @ http://localhost:3001/items/Weapon.js:220
[   36532ms] [LOG] [Player] viewWeapon pos=0.25,-0.34,-0.80 rot=NaN,NaN,NaN visible=true fpArmsPos=0.00,0.00,0.00 @ http://localhost:3001/entities/Player.js:742
[   36532ms] [LOG] [Weapon] applyToMesh: recoilAngle=0.1 swayX=0 swayY=0 time=20.515599999999626 baseRot={x:undefined,y:undefined,z:undefined} type=object @ http://localhost:3001/items/Weapon.js:220
[   36542ms] [LOG] [Player] viewWeapon pos=0.25,-0.34,-0.80 rot=NaN,NaN,NaN visible=true fpArmsPos=0.00,0.00,0.00 @ http://localhost:3001/entities/Player.js:742
[   36542ms] [LOG] [Weapon] applyToMesh: recoilAngle=0.1 swayX=0 swayY=0 time=20.525499999999997 baseRot={x:undefined,y:undefined,z:undefined} type=object @ http://localhost:3001/items/Weapon.js:220
[   36554ms] [LOG] [Player] viewWeapon pos=0.25,-0.34,-0.80 rot=NaN,NaN,NaN visible=true fpArmsPos=0.00,0.00,0.00 @ http://localhost:3001/entities/Player.js:742
[   36554ms] [LOG] [Weapon] applyToMesh: recoilAngle=0.1 swayX=0 swayY=0 time=20.53729999999981 baseRot={x:undefined,y:undefined,z:undefined} type=object @ http://localhost:3001/items/Weapon.js:220
[   36568ms] [LOG] [Player] viewWeapon pos=0.25,-0.34,-0.80 rot=NaN,NaN,NaN visible=true fpArmsPos=0.00,0.00,0.00 @ http://localhost:3001/entities/Player.js:742
[   36569ms] [LOG] [Weapon] applyToMesh: recoilAngle=0.1 swayX=0 swayY=0 time=20.55140000000037 baseRot={x:undefined,y:undefined,z:undefined} type=object @ http://localhost:3001/items/Weapon.js:220
[   36578ms] [LOG] [Player] viewWeapon pos=0.25,-0.34,-0.80 rot=NaN,NaN,NaN visible=true fpArmsPos=0.00,0.00,0.00 @ http://localhost:3001/entities/Player.js:742
[   36578ms] [LOG] [Weapon] applyToMesh: recoilAngle=0.1 swayX=0 swayY=0 time=20.561400000000372 baseRot={x:undefined,y:undefined,z:undefined} type=object @ http://localhost:3001/items/Weapon.js:220
[   36588ms] [LOG] [Player] viewWeapon pos=0.25,-0.34,-0.80 rot=NaN,NaN,NaN visible=true fpArmsPos=0.00,0.00,0.00 @ http://localhost:3001/entities/Player.js:742
[   36588ms] [LOG] [Weapon] applyToMesh: recoilAngle=0.1 swayX=0 swayY=0 time=20.571599999999627 baseRot={x:undefined,y:undefined,z:undefined} type=object @ http://localhost:3001/items/Weapon.js:220
[   36600ms] [LOG] [Player] viewWeapon pos=0.25,-0.34,-0.80 rot=NaN,NaN,NaN visible=true fpArmsPos=0.00,0.00,0.00 @ http://localhost:3001/entities/Player.js:742
[   36601ms] [LOG] [Weapon] applyToMesh: recoilAngle=0.1 swayX=0 swayY=0 time=20.584099999999626 baseRot={x:undefined,y:undefined,z:undefined} type=object @ http://localhost:3001/items/Weapon.js:220
[   36601ms] [LOG] [Player] after applyToMesh: rot=NaN,NaN,NaN baseRot=undef @ http://localhost:3001/entities/Player.js:781
[   36614ms] [LOG] [Player] viewWeapon pos=0.25,-0.34,-0.80 rot=NaN,NaN,NaN visible=true fpArmsPos=0.00,0.00,0.00 @ http://localhost:3001/entities/Player.js:742
[   36614ms] [LOG] [Weapon] applyToMesh: recoilAngle=0.1 swayX=0 swayY=0 time=20.59779999999981 baseRot={x:undefined,y:undefined,z:undefined} type=object @ http://localhost:3001/items/Weapon.js:220
[   36623ms] [LOG] [Player] viewWeapon pos=0.25,-0.34,-0.80 rot=NaN,NaN,NaN visible=true fpArmsPos=0.00,0.00,0.00 @ http://localhost:3001/entities/Player.js:742
[   36623ms] [LOG] [Weapon] applyToMesh: recoilAngle=0.1 swayX=0 swayY=0 time=20.606299999999813 baseRot={x:undefined,y:undefined,z:undefined} type=object @ http://localhost:3001/items/Weapon.js:220
[   36632ms] [LOG] [Player] viewWeapon pos=0.25,-0.34,-0.80 rot=NaN,NaN,NaN visible=true fpArmsPos=0.00,0.00,0.00 @ http://localhost:3001/entities/Player.js:742
[   36632ms] [LOG] [Weapon] applyToMesh: recoilAngle=0.1 swayX=0 swayY=0 time=20.615700000000185 baseRot={x:undefined,y:undefined,z:undefined} type=object @ http://localhost:3001/items/Weapon.js:220
[   36643ms] [LOG] [Player] viewWeapon pos=0.25,-0.34,-0.80 rot=NaN,NaN,NaN visible=true fpArmsPos=0.00,0.00,0.00 @ http://localhost:3001/entities/Player.js:742
[   36643ms] [LOG] [Weapon] applyToMesh: recoilAngle=0.1 swayX=0 swayY=0 time=20.6265 baseRot={x:undefined,y:undefined,z:undefined} type=object @ http://localhost:3001/items/Weapon.js:220
[   36654ms] [LOG] [Player] viewWeapon pos=0.25,-0.34,-0.80 rot=NaN,NaN,NaN visible=true fpArmsPos=0.00,0.00,0.00 @ http://localhost:3001/entities/Player.js:742
[   36654ms] [LOG] [Weapon] applyToMesh: recoilAngle=0.1 swayX=0 swayY=0 time=20.637599999999626 baseRot={x:undefined,y:undefined,z:undefined} type=object @ http://localhost:3001/items/Weapon.js:220
[   36683ms] [LOG] [Player] viewWeapon pos=0.25,-0.34,-0.80 rot=NaN,NaN,NaN visible=true fpArmsPos=0.00,0.00,0.00 @ http://localhost:3001/entities/Player.js:742
[   36683ms] [LOG] [Weapon] applyToMesh: recoilAngle=0.1 swayX=0 swayY=0 time=20.666599999999626 baseRot={x:undefined,y:undefined,z:undefined} type=object @ http://localhost:3001/items/Weapon.js:220
[   36696ms] [LOG] [Player] viewWeapon pos=0.25,-0.34,-0.80 rot=NaN,NaN,NaN visible=true fpArmsPos=0.00,0.00,0.00 @ http://localhost:3001/entities/Player.js:742
[   36696ms] [LOG] [Weapon] applyToMesh: recoilAngle=0.1 swayX=0 swayY=0 time=20.67990000000037 baseRot={x:undefined,y:undefined,z:undefined} type=object @ http://localhost:3001/items/Weapon.js:220
[   36704ms] [LOG] [Player] viewWeapon pos=0.25,-0.34,-0.80 rot=NaN,NaN,NaN visible=true fpArmsPos=0.00,0.00,0.00 @ http://localhost:3001/entities/Player.js:742
[   36704ms] [LOG] [Weapon] applyToMesh: recoilAngle=0.1 swayX=0 swayY=0 time=20.68779999999981 baseRot={x:undefined,y:undefined,z:undefined} type=object @ http://localhost:3001/items/Weapon.js:220
[   36714ms] [LOG] [Player] viewWeapon pos=0.25,-0.34,-0.80 rot=NaN,NaN,NaN visible=true fpArmsPos=0.00,0.00,0.00 @ http://localhost:3001/entities/Player.js:742
[   36714ms] [LOG] [Weapon] applyToMesh: recoilAngle=0.1 swayX=0 swayY=0 time=20.697599999999625 baseRot={x:undefined,y:undefined,z:undefined} type=object @ http://localhost:3001/items/Weapon.js:220
[   36725ms] [LOG] [Player] viewWeapon pos=0.25,-0.34,-0.80 rot=NaN,NaN,NaN visible=true fpArmsPos=0.00,0.00,0.00 @ http://localhost:3001/entities/Player.js:742
[   36725ms] [LOG] [Weapon] applyToMesh: recoilAngle=0.1 swayX=0 swayY=0 time=20.708799999999812 baseRot={x:undefined,y:undefined,z:undefined} type=object @ http://localhost:3001/items/Weapon.js:220
[   36734ms] [LOG] [Player] viewWeapon pos=0.25,-0.34,-0.80 rot=NaN,NaN,NaN visible=true fpArmsPos=0.00,0.00,0.00 @ http://localhost:3001/entities/Player.js:742
[   36734ms] [LOG] [Weapon] applyToMesh: recoilAngle=0.1 swayX=0 swayY=0 time=20.717599999999624 baseRot={x:undefined,y:undefined,z:undefined} type=object @ http://localhost:3001/items/Weapon.js:220
[   36743ms] [LOG] [Player] viewWeapon pos=0.25,-0.34,-0.80 rot=NaN,NaN,NaN visible=true fpArmsPos=0.00,0.00,0.00 @ http://localhost:3001/entities/Player.js:742
[   36743ms] [LOG] [Weapon] applyToMesh: recoilAngle=0.1 swayX=0 swayY=0 time=20.726200000000183 baseRot={x:undefined,y:undefined,z:undefined} type=object @ http://localhost:3001/items/Weapon.js:220
[   36751ms] [LOG] [Player] viewWeapon pos=0.25,-0.34,-0.80 rot=NaN,NaN,NaN visible=true fpArmsPos=0.00,0.00,0.00 @ http://localhost:3001/entities/Player.js:742
[   36751ms] [LOG] [Weapon] applyToMesh: recoilAngle=0.1 swayX=0 swayY=0 time=20.73479999999981 baseRot={x:undefined,y:undefined,z:undefined} type=object @ http://localhost:3001/items/Weapon.js:220
[   36759ms] [LOG] [Player] viewWeapon pos=0.25,-0.34,-0.80 rot=NaN,NaN,NaN visible=true fpArmsPos=0.00,0.00,0.00 @ http://localhost:3001/entities/Player.js:742
[   36759ms] [LOG] [Weapon] applyToMesh: recoilAngle=0.1 swayX=0 swayY=0 time=20.743099999999625 baseRot={x:undefined,y:undefined,z:undefined} type=object @ http://localhost:3001/items/Weapon.js:220
[   36766ms] [LOG] [Player] viewWeapon pos=0.25,-0.34,-0.80 rot=NaN,NaN,NaN visible=true fpArmsPos=0.00,0.00,0.00 @ http://localhost:3001/entities/Player.js:742
[   36767ms] [LOG] [Weapon] applyToMesh: recoilAngle=0.1 swayX=0 swayY=0 time=20.75029999999981 baseRot={x:undefined,y:undefined,z:undefined} type=object @ http://localhost:3001/items/Weapon.js:220
[   36775ms] [LOG] [Player] viewWeapon pos=0.25,-0.34,-0.80 rot=NaN,NaN,NaN visible=true fpArmsPos=0.00,0.00,0.00 @ http://localhost:3001/entities/Player.js:742
[   36775ms] [LOG] [Weapon] applyToMesh: recoilAngle=0.1 swayX=0 swayY=0 time=20.758999999999997 baseRot={x:undefined,y:undefined,z:undefined} type=object @ http://localhost:3001/items/Weapon.js:220
[   36784ms] [LOG] [Player] viewWeapon pos=0.25,-0.34,-0.80 rot=NaN,NaN,NaN visible=true fpArmsPos=0.00,0.00,0.00 @ http://localhost:3001/entities/Player.js:742
[   36784ms] [LOG] [Weapon] applyToMesh: recoilAngle=0.1 swayX=0 swayY=0 time=20.767200000000184 baseRot={x:undefined,y:undefined,z:undefined} type=object @ http://localhost:3001/items/Weapon.js:220
[   36791ms] [LOG] [Player] viewWeapon pos=0.25,-0.34,-0.80 rot=NaN,NaN,NaN visible=true fpArmsPos=0.00,0.00,0.00 @ http://localhost:3001/entities/Player.js:742
[   36792ms] [LOG] [Weapon] applyToMesh: recoilAngle=0.1 swayX=0 swayY=0 time=20.775099999999625 baseRot={x:undefined,y:undefined,z:undefined} type=object @ http://localhost:3001/items/Weapon.js:220
[   36799ms] [LOG] [Player] viewWeapon pos=0.25,-0.34,-0.80 rot=NaN,NaN,NaN visible=true fpArmsPos=0.00,0.00,0.00 @ http://localhost:3001/entities/Player.js:742
[   36799ms] [LOG] [Weapon] applyToMesh: recoilAngle=0.1 swayX=0 swayY=0 time=20.78290000000037 baseRot={x:undefined,y:undefined,z:undefined} type=object @ http://localhost:3001/items/Weapon.js:220
[   36811ms] [LOG] [Player] viewWeapon pos=0.25,-0.34,-0.80 rot=NaN,NaN,NaN visible=true fpArmsPos=0.00,0.00,0.00 @ http://localhost:3001/entities/Player.js:742
[   36811ms] [LOG] [Weapon] applyToMesh: recoilAngle=0.1 swayX=0 swayY=0 time=20.794599999999626 baseRot={x:undefined,y:undefined,z:undefined} type=object @ http://localhost:3001/items/Weapon.js:220
[   36819ms] [LOG] [Player] viewWeapon pos=0.25,-0.34,-0.80 rot=NaN,NaN,NaN visible=true fpArmsPos=0.00,0.00,0.00 @ http://localhost:3001/entities/Player.js:742
[   36819ms] [LOG] [Weapon] applyToMesh: recoilAngle=0.1 swayX=0 swayY=0 time=20.80240000000037 baseRot={x:undefined,y:undefined,z:undefined} type=object @ http://localhost:3001/items/Weapon.js:220
[   36819ms] [LOG] [Player] after applyToMesh: rot=NaN,NaN,NaN baseRot=undef @ http://localhost:3001/entities/Player.js:781
[   36828ms] [LOG] [Player] viewWeapon pos=0.25,-0.34,-0.80 rot=NaN,NaN,NaN visible=true fpArmsPos=0.00,0.00,0.00 @ http://localhost:3001/entities/Player.js:742
[   36828ms] [LOG] [Weapon] applyToMesh: recoilAngle=0.1 swayX=0 swayY=0 time=20.811799999999813 baseRot={x:undefined,y:undefined,z:undefined} type=object @ http://localhost:3001/items/Weapon.js:220
[   36837ms] [LOG] [Player] viewWeapon pos=0.25,-0.34,-0.80 rot=NaN,NaN,NaN visible=true fpArmsPos=0.00,0.00,0.00 @ http://localhost:3001/entities/Player.js:742
[   36837ms] [LOG] [Weapon] applyToMesh: recoilAngle=0.1 swayX=0 swayY=0 time=20.8205 baseRot={x:undefined,y:undefined,z:undefined} type=object @ http://localhost:3001/items/Weapon.js:220
[   36844ms] [LOG] [Player] viewWeapon pos=0.25,-0.34,-0.80 rot=NaN,NaN,NaN visible=true fpArmsPos=0.00,0.00,0.00 @ http://localhost:3001/entities/Player.js:742
[   36844ms] [LOG] [Weapon] applyToMesh: recoilAngle=0.1 swayX=0 swayY=0 time=20.82779999999981 baseRot={x:undefined,y:undefined,z:undefined} type=object @ http://localhost:3001/items/Weapon.js:220
[   36853ms] [LOG] [Player] viewWeapon pos=0.25,-0.34,-0.80 rot=NaN,NaN,NaN visible=true fpArmsPos=0.00,0.00,0.00 @ http://localhost:3001/entities/Player.js:742
[   36853ms] [LOG] [Weapon] applyToMesh: recoilAngle=0.1 swayX=0 swayY=0 time=20.836299999999813 baseRot={x:undefined,y:undefined,z:undefined} type=object @ http://localhost:3001/items/Weapon.js:220
[   36863ms] [LOG] [Player] viewWeapon pos=0.25,-0.34,-0.80 rot=NaN,NaN,NaN visible=true fpArmsPos=0.00,0.00,0.00 @ http://localhost:3001/entities/Player.js:742
[   36863ms] [LOG] [Weapon] applyToMesh: recoilAngle=0.1 swayX=0 swayY=0 time=20.847200000000186 baseRot={x:undefined,y:undefined,z:undefined} type=object @ http://localhost:3001/items/Weapon.js:220
[   36864ms] [LOG] [Player] after applyToMesh: rot=NaN,NaN,NaN baseRot=undef @ http://localhost:3001/entities/Player.js:781
[   36872ms] [LOG] [Player] viewWeapon pos=0.25,-0.34,-0.80 rot=NaN,NaN,NaN visible=true fpArmsPos=0.00,0.00,0.00 @ http://localhost:3001/entities/Player.js:742
[   36872ms] [LOG] [Weapon] applyToMesh: recoilAngle=0.1 swayX=0 swayY=0 time=20.855799999999814 baseRot={x:undefined,y:undefined,z:undefined} type=object @ http://localhost:3001/items/Weapon.js:220
[   36880ms] [LOG] [Player] viewWeapon pos=0.25,-0.34,-0.80 rot=NaN,NaN,NaN visible=true fpArmsPos=0.00,0.00,0.00 @ http://localhost:3001/entities/Player.js:742
[   36880ms] [LOG] [Weapon] applyToMesh: recoilAngle=0.1 swayX=0 swayY=0 time=20.86359999999963 baseRot={x:undefined,y:undefined,z:undefined} type=object @ http://localhost:3001/items/Weapon.js:220
[   36887ms] [LOG] [Player] viewWeapon pos=0.25,-0.34,-0.80 rot=NaN,NaN,NaN visible=true fpArmsPos=0.00,0.00,0.00 @ http://localhost:3001/entities/Player.js:742
[   36887ms] [LOG] [Weapon] applyToMesh: recoilAngle=0.1 swayX=0 swayY=0 time=20.870400000000373 baseRot={x:undefined,y:undefined,z:undefined} type=object @ http://localhost:3001/items/Weapon.js:220
[   36894ms] [LOG] [Player] viewWeapon pos=0.25,-0.34,-0.80 rot=NaN,NaN,NaN visible=true fpArmsPos=0.00,0.00,0.00 @ http://localhost:3001/entities/Player.js:742
[   36894ms] [LOG] [Weapon] applyToMesh: recoilAngle=0.1 swayX=0 swayY=0 time=20.8775 baseRot={x:undefined,y:undefined,z:undefined} type=object @ http://localhost:3001/items/Weapon.js:220
[   36901ms] [LOG] [Player] viewWeapon pos=0.25,-0.34,-0.80 rot=NaN,NaN,NaN visible=true fpArmsPos=0.00,0.00,0.00 @ http://localhost:3001/entities/Player.js:742
[   36901ms] [LOG] [Weapon] applyToMesh: recoilAngle=0.1 swayX=0 swayY=0 time=20.884500000000003 baseRot={x:undefined,y:undefined,z:undefined} type=object @ http://localhost:3001/items/Weapon.js:220
[   36909ms] [LOG] [Player] viewWeapon pos=0.25,-0.34,-0.80 rot=NaN,NaN,NaN visible=true fpArmsPos=0.00,0.00,0.00 @ http://localhost:3001/entities/Player.js:742
[   36909ms] [LOG] [Weapon] applyToMesh: recoilAngle=0.1 swayX=0 swayY=0 time=20.892900000000374 baseRot={x:undefined,y:undefined,z:undefined} type=object @ http://localhost:3001/items/Weapon.js:220
[   36918ms] [LOG] [Player] viewWeapon pos=0.25,-0.34,-0.80 rot=NaN,NaN,NaN visible=true fpArmsPos=0.00,0.00,0.00 @ http://localhost:3001/entities/Player.js:742
[   36918ms] [LOG] [Weapon] applyToMesh: recoilAngle=0.1 swayX=0 swayY=0 time=20.901900000000374 baseRot={x:undefined,y:undefined,z:undefined} type=object @ http://localhost:3001/items/Weapon.js:220
[   36926ms] [LOG] [Player] viewWeapon pos=0.25,-0.35,-0.80 rot=NaN,NaN,NaN visible=true fpArmsPos=0.00,0.00,0.00 @ http://localhost:3001/entities/Player.js:742
[   36926ms] [LOG] [Weapon] applyToMesh: recoilAngle=0.1 swayX=0 swayY=0 time=20.909599999999628 baseRot={x:undefined,y:undefined,z:undefined} type=object @ http://localhost:3001/items/Weapon.js:220
[   36934ms] [LOG] [Player] viewWeapon pos=0.25,-0.35,-0.80 rot=NaN,NaN,NaN visible=true fpArmsPos=0.00,0.00,0.00 @ http://localhost:3001/entities/Player.js:742
[   36934ms] [LOG] [Weapon] applyToMesh: recoilAngle=0.1 swayX=0 swayY=0 time=20.91770000000019 baseRot={x:undefined,y:undefined,z:undefined} type=object @ http://localhost:3001/items/Weapon.js:220
[   36942ms] [LOG] [Player] viewWeapon pos=0.25,-0.35,-0.80 rot=NaN,NaN,NaN visible=true fpArmsPos=0.00,0.00,0.00 @ http://localhost:3001/entities/Player.js:742
[   36942ms] [LOG] [Weapon] applyToMesh: recoilAngle=0.1 swayX=0 swayY=0 time=20.92559999999963 baseRot={x:undefined,y:undefined,z:undefined} type=object @ http://localhost:3001/items/Weapon.js:220
[   36952ms] [LOG] [Player] viewWeapon pos=0.25,-0.35,-0.80 rot=NaN,NaN,NaN visible=true fpArmsPos=0.00,0.00,0.00 @ http://localhost:3001/entities/Player.js:742
[   36952ms] [LOG] [Weapon] applyToMesh: recoilAngle=0.1 swayX=0 swayY=0 time=20.93570000000019 baseRot={x:undefined,y:undefined,z:undefined} type=object @ http://localhost:3001/items/Weapon.js:220
[   36961ms] [LOG] [Player] viewWeapon pos=0.25,-0.35,-0.80 rot=NaN,NaN,NaN visible=true fpArmsPos=0.00,0.00,0.00 @ http://localhost:3001/entities/Player.js:742
[   36961ms] [LOG] [Weapon] applyToMesh: recoilAngle=0.1 swayX=0 swayY=0 time=20.944400000000375 baseRot={x:undefined,y:undefined,z:undefined} type=object @ http://localhost:3001/items/Weapon.js:220
[   36969ms] [LOG] [Player] viewWeapon pos=0.25,-0.35,-0.80 rot=NaN,NaN,NaN visible=true fpArmsPos=0.00,0.00,0.00 @ http://localhost:3001/entities/Player.js:742
[   36969ms] [LOG] [Weapon] applyToMesh: recoilAngle=0.1 swayX=0 swayY=0 time=20.95309999999963 baseRot={x:undefined,y:undefined,z:undefined} type=object @ http://localhost:3001/items/Weapon.js:220
[   36976ms] [LOG] [Player] viewWeapon pos=0.25,-0.35,-0.80 rot=NaN,NaN,NaN visible=true fpArmsPos=0.00,0.00,0.00 @ http://localhost:3001/entities/Player.js:742
[   36976ms] [LOG] [Weapon] applyToMesh: recoilAngle=0.1 swayX=0 swayY=0 time=20.959900000000374 baseRot={x:undefined,y:undefined,z:undefined} type=object @ http://localhost:3001/items/Weapon.js:220
[   36983ms] [LOG] [Player] viewWeapon pos=0.25,-0.35,-0.80 rot=NaN,NaN,NaN visible=true fpArmsPos=0.00,0.00,0.00 @ http://localhost:3001/entities/Player.js:742
[   36984ms] [LOG] [Weapon] applyToMesh: recoilAngle=0.1 swayX=0 swayY=0 time=20.967299999999817 baseRot={x:undefined,y:undefined,z:undefined} type=object @ http://localhost:3001/items/Weapon.js:220
[   36993ms] [LOG] [Player] viewWeapon pos=0.25,-0.35,-0.80 rot=NaN,NaN,NaN visible=true fpArmsPos=0.00,0.00,0.00 @ http://localhost:3001/entities/Player.js:742
[   36993ms] [LOG] [Weapon] applyToMesh: recoilAngle=0.1 swayX=0 swayY=0 time=20.9765 baseRot={x:undefined,y:undefined,z:undefined} type=object @ http://localhost:3001/items/Weapon.js:220
[   37000ms] [LOG] [Player] viewWeapon pos=0.25,-0.35,-0.80 rot=NaN,NaN,NaN visible=true fpArmsPos=0.00,0.00,0.00 @ http://localhost:3001/entities/Player.js:742
[   37000ms] [LOG] [Weapon] applyToMesh: recoilAngle=0.1 swayX=0 swayY=0 time=20.984 baseRot={x:undefined,y:undefined,z:undefined} type=object @ http://localhost:3001/items/Weapon.js:220
[   37008ms] [LOG] [Player] viewWeapon pos=0.25,-0.35,-0.80 rot=NaN,NaN,NaN visible=true fpArmsPos=0.00,0.00,0.00 @ http://localhost:3001/entities/Player.js:742
[   37009ms] [LOG] [Weapon] applyToMesh: recoilAngle=0.1 swayX=0 swayY=0 time=20.992099999999628 baseRot={x:undefined,y:undefined,z:undefined} type=object @ http://localhost:3001/items/Weapon.js:220
[   37016ms] [LOG] [Player] viewWeapon pos=0.25,-0.35,-0.80 rot=NaN,NaN,NaN visible=true fpArmsPos=0.00,0.00,0.00 @ http://localhost:3001/entities/Player.js:742
[   37016ms] [LOG] [Weapon] applyToMesh: recoilAngle=0.1 swayX=0 swayY=0 time=21 baseRot={x:undefined,y:undefined,z:undefined} type=object @ http://localhost:3001/items/Weapon.js:220
[   37026ms] [LOG] [Player] viewWeapon pos=0.25,-0.35,-0.80 rot=NaN,NaN,NaN visible=true fpArmsPos=0.00,0.00,0.00 @ http://localhost:3001/entities/Player.js:742
[   37026ms] [LOG] [Weapon] applyToMesh: recoilAngle=0.1 swayX=0 swayY=0 time=21.009200000000185 baseRot={x:undefined,y:undefined,z:undefined} type=object @ http://localhost:3001/items/Weapon.js:220
[   37036ms] [LOG] [Player] viewWeapon pos=0.25,-0.35,-0.80 rot=NaN,NaN,NaN visible=true fpArmsPos=0.00,0.00,0.00 @ http://localhost:3001/entities/Player.js:742
[   37036ms] [LOG] [Weapon] applyToMesh: recoilAngle=0.1 swayX=0 swayY=0 time=21.02 baseRot={x:undefined,y:undefined,z:undefined} type=object @ http://localhost:3001/items/Weapon.js:220
[   37043ms] [LOG] [Player] viewWeapon pos=0.25,-0.35,-0.80 rot=NaN,NaN,NaN visible=true fpArmsPos=0.00,0.00,0.00 @ http://localhost:3001/entities/Player.js:742
[   37043ms] [LOG] [Weapon] applyToMesh: recoilAngle=0.1 swayX=0 swayY=0 time=21.027099999999628 baseRot={x:undefined,y:undefined,z:undefined} type=object @ http://localhost:3001/items/Weapon.js:220
[   37051ms] [LOG] [Player] viewWeapon pos=0.25,-0.35,-0.80 rot=NaN,NaN,NaN visible=true fpArmsPos=0.00,0.00,0.00 @ http://localhost:3001/entities/Player.js:742
[   37051ms] [LOG] [Weapon] applyToMesh: recoilAngle=0.1 swayX=0 swayY=0 time=21.034599999999628 baseRot={x:undefined,y:undefined,z:undefined} type=object @ http://localhost:3001/items/Weapon.js:220
[   37059ms] [LOG] [Player] viewWeapon pos=0.25,-0.35,-0.80 rot=NaN,NaN,NaN visible=true fpArmsPos=0.00,0.00,0.00 @ http://localhost:3001/entities/Player.js:742
[   37059ms] [LOG] [Weapon] applyToMesh: recoilAngle=0.1 swayX=0 swayY=0 time=21.043200000000187 baseRot={x:undefined,y:undefined,z:undefined} type=object @ http://localhost:3001/items/Weapon.js:220
[   37066ms] [LOG] [Player] viewWeapon pos=0.25,-0.35,-0.80 rot=NaN,NaN,NaN visible=true fpArmsPos=0.00,0.00,0.00 @ http://localhost:3001/entities/Player.js:742
[   37066ms] [LOG] [Weapon] applyToMesh: recoilAngle=0.1 swayX=0 swayY=0 time=21.049799999999813 baseRot={x:undefined,y:undefined,z:undefined} type=object @ http://localhost:3001/items/Weapon.js:220
[   37076ms] [LOG] [Player] viewWeapon pos=0.25,-0.35,-0.80 rot=NaN,NaN,NaN visible=true fpArmsPos=0.00,0.00,0.00 @ http://localhost:3001/entities/Player.js:742
[   37076ms] [LOG] [Weapon] applyToMesh: recoilAngle=0.1 swayX=0 swayY=0 time=21.059299999999812 baseRot={x:undefined,y:undefined,z:undefined} type=object @ http://localhost:3001/items/Weapon.js:220
[   37083ms] [LOG] [Player] viewWeapon pos=0.25,-0.35,-0.80 rot=NaN,NaN,NaN visible=true fpArmsPos=0.00,0.00,0.00 @ http://localhost:3001/entities/Player.js:742
[   37083ms] [LOG] [Weapon] applyToMesh: recoilAngle=0.1 swayX=0 swayY=0 time=21.066599999999625 baseRot={x:undefined,y:undefined,z:undefined} type=object @ http://localhost:3001/items/Weapon.js:220
[   37083ms] [LOG] [Player] after applyToMesh: rot=NaN,NaN,NaN baseRot=undef @ http://localhost:3001/entities/Player.js:781
[   37092ms] [LOG] [Player] viewWeapon pos=0.25,-0.35,-0.80 rot=NaN,NaN,NaN visible=true fpArmsPos=0.00,0.00,0.00 @ http://localhost:3001/entities/Player.js:742
[   37092ms] [LOG] [Weapon] applyToMesh: recoilAngle=0.1 swayX=0 swayY=0 time=21.07590000000037 baseRot={x:undefined,y:undefined,z:undefined} type=object @ http://localhost:3001/items/Weapon.js:220
[   37101ms] [LOG] [Player] viewWeapon pos=0.25,-0.35,-0.80 rot=NaN,NaN,NaN visible=true fpArmsPos=0.00,0.00,0.00 @ http://localhost:3001/entities/Player.js:742
[   37101ms] [LOG] [Weapon] applyToMesh: recoilAngle=0.1 swayX=0 swayY=0 time=21.084599999999625 baseRot={x:undefined,y:undefined,z:undefined} type=object @ http://localhost:3001/items/Weapon.js:220
[   37109ms] [LOG] [Player] viewWeapon pos=0.25,-0.35,-0.80 rot=NaN,NaN,NaN visible=true fpArmsPos=0.00,0.00,0.00 @ http://localhost:3001/entities/Player.js:742
[   37109ms] [LOG] [Weapon] applyToMesh: recoilAngle=0.1 swayX=0 swayY=0 time=21.092700000000185 baseRot={x:undefined,y:undefined,z:undefined} type=object @ http://localhost:3001/items/Weapon.js:220
[   37117ms] [LOG] [Player] viewWeapon pos=0.25,-0.35,-0.80 rot=NaN,NaN,NaN visible=true fpArmsPos=0.00,0.00,0.00 @ http://localhost:3001/entities/Player.js:742
[   37117ms] [LOG] [Weapon] applyToMesh: recoilAngle=0.1 swayX=0 swayY=0 time=21.100200000000186 baseRot={x:undefined,y:undefined,z:undefined} type=object @ http://localhost:3001/items/Weapon.js:220
[   37124ms] [LOG] [Player] viewWeapon pos=0.25,-0.35,-0.80 rot=NaN,NaN,NaN visible=true fpArmsPos=0.00,0.00,0.00 @ http://localhost:3001/entities/Player.js:742
[   37124ms] [LOG] [Weapon] applyToMesh: recoilAngle=0.1 swayX=0 swayY=0 time=21.10759999999963 baseRot={x:undefined,y:undefined,z:undefined} type=object @ http://localhost:3001/items/Weapon.js:220
[   37132ms] [LOG] [Player] viewWeapon pos=0.25,-0.35,-0.80 rot=NaN,NaN,NaN visible=true fpArmsPos=0.00,0.00,0.00 @ http://localhost:3001/entities/Player.js:742
[   37132ms] [LOG] [Weapon] applyToMesh: recoilAngle=0.1 swayX=0 swayY=0 time=21.115799999999815 baseRot={x:undefined,y:undefined,z:undefined} type=object @ http://localhost:3001/items/Weapon.js:220
[   37139ms] [LOG] [Player] viewWeapon pos=0.25,-0.35,-0.80 rot=NaN,NaN,NaN visible=true fpArmsPos=0.00,0.00,0.00 @ http://localhost:3001/entities/Player.js:742
[   37139ms] [LOG] [Weapon] applyToMesh: recoilAngle=0.1 swayX=0 swayY=0 time=21.122700000000187 baseRot={x:undefined,y:undefined,z:undefined} type=object @ http://localhost:3001/items/Weapon.js:220
[   37149ms] [LOG] [Player] viewWeapon pos=0.25,-0.35,-0.80 rot=NaN,NaN,NaN visible=true fpArmsPos=0.00,0.00,0.00 @ http://localhost:3001/entities/Player.js:742
[   37149ms] [LOG] [Weapon] applyToMesh: recoilAngle=0.1 swayX=0 swayY=0 time=21.132299999999812 baseRot={x:undefined,y:undefined,z:undefined} type=object @ http://localhost:3001/items/Weapon.js:220
[   37160ms] [LOG] [Player] viewWeapon pos=0.25,-0.35,-0.80 rot=NaN,NaN,NaN visible=true fpArmsPos=0.00,0.00,0.00 @ http://localhost:3001/entities/Player.js:742
[   37160ms] [LOG] [Weapon] applyToMesh: recoilAngle=0.1 swayX=0 swayY=0 time=21.143799999999814 baseRot={x:undefined,y:undefined,z:undefined} type=object @ http://localhost:3001/items/Weapon.js:220
[   37168ms] [LOG] [Player] viewWeapon pos=0.25,-0.35,-0.80 rot=NaN,NaN,NaN visible=true fpArmsPos=0.00,0.00,0.00 @ http://localhost:3001/entities/Player.js:742
[   37168ms] [LOG] [Weapon] applyToMesh: recoilAngle=0.1 swayX=0 swayY=0 time=21.15159999999963 baseRot={x:undefined,y:undefined,z:undefined} type=object @ http://localhost:3001/items/Weapon.js:220
[   37176ms] [LOG] [Player] viewWeapon pos=0.25,-0.35,-0.80 rot=NaN,NaN,NaN visible=true fpArmsPos=0.00,0.00,0.00 @ http://localhost:3001/entities/Player.js:742
[   37176ms] [LOG] [Weapon] applyToMesh: recoilAngle=0.1 swayX=0 swayY=0 time=21.1595 baseRot={x:undefined,y:undefined,z:undefined} type=object @ http://localhost:3001/items/Weapon.js:220
[   37183ms] [LOG] [Player] viewWeapon pos=0.25,-0.35,-0.80 rot=NaN,NaN,NaN visible=true fpArmsPos=0.00,0.00,0.00 @ http://localhost:3001/entities/Player.js:742
[   37183ms] [LOG] [Weapon] applyToMesh: recoilAngle=0.1 swayX=0 swayY=0 time=21.166700000000187 baseRot={x:undefined,y:undefined,z:undefined} type=object @ http://localhost:3001/items/Weapon.js:220
[   37191ms] [LOG] [Player] viewWeapon pos=0.25,-0.35,-0.80 rot=NaN,NaN,NaN visible=true fpArmsPos=0.00,0.00,0.00 @ http://localhost:3001/entities/Player.js:742
[   37192ms] [LOG] [Weapon] applyToMesh: recoilAngle=0.1 swayX=0 swayY=0 time=21.175099999999627 baseRot={x:undefined,y:undefined,z:undefined} type=object @ http://localhost:3001/items/Weapon.js:220
[   37200ms] [LOG] [Player] viewWeapon pos=0.25,-0.35,-0.80 rot=NaN,NaN,NaN visible=true fpArmsPos=0.00,0.00,0.00 @ http://localhost:3001/entities/Player.js:742
[   37201ms] [LOG] [Weapon] applyToMesh: recoilAngle=0.1 swayX=0 swayY=0 time=21.184200000000185 baseRot={x:undefined,y:undefined,z:undefined} type=object @ http://localhost:3001/items/Weapon.js:220
[   37210ms] [LOG] [Player] viewWeapon pos=0.25,-0.35,-0.80 rot=NaN,NaN,NaN visible=true fpArmsPos=0.00,0.00,0.00 @ http://localhost:3001/entities/Player.js:742
[   37210ms] [LOG] [Weapon] applyToMesh: recoilAngle=0.1 swayX=0 swayY=0 time=21.193200000000186 baseRot={x:undefined,y:undefined,z:undefined} type=object @ http://localhost:3001/items/Weapon.js:220
[   37217ms] [LOG] [Player] viewWeapon pos=0.25,-0.35,-0.80 rot=NaN,NaN,NaN visible=true fpArmsPos=0.00,0.00,0.00 @ http://localhost:3001/entities/Player.js:742
[   37217ms] [LOG] [Weapon] applyToMesh: recoilAngle=0.1 swayX=0 swayY=0 time=21.200200000000187 baseRot={x:undefined,y:undefined,z:undefined} type=object @ http://localhost:3001/items/Weapon.js:220
[   37225ms] [LOG] [Player] viewWeapon pos=0.25,-0.35,-0.80 rot=NaN,NaN,NaN visible=true fpArmsPos=0.00,0.00,0.00 @ http://localhost:3001/entities/Player.js:742
[   37225ms] [LOG] [Weapon] applyToMesh: recoilAngle=0.1 swayX=0 swayY=0 time=21.2085 baseRot={x:undefined,y:undefined,z:undefined} type=object @ http://localhost:3001/items/Weapon.js:220
[   37235ms] [LOG] [Player] viewWeapon pos=0.25,-0.35,-0.80 rot=NaN,NaN,NaN visible=true fpArmsPos=0.00,0.00,0.00 @ http://localhost:3001/entities/Player.js:742
[   37236ms] [LOG] [Weapon] applyToMesh: recoilAngle=0.1 swayX=0 swayY=0 time=21.218900000000374 baseRot={x:undefined,y:undefined,z:undefined} type=object @ http://localhost:3001/items/Weapon.js:220
[   37246ms] [LOG] [Player] viewWeapon pos=0.25,-0.35,-0.80 rot=NaN,NaN,NaN visible=true fpArmsPos=0.00,0.00,0.00 @ http://localhost:3001/entities/Player.js:742
[   37247ms] [LOG] [Weapon] applyToMesh: recoilAngle=0.1 swayX=0 swayY=0 time=21.229799999999816 baseRot={x:undefined,y:undefined,z:undefined} type=object @ http://localhost:3001/items/Weapon.js:220
[   37260ms] [LOG] [Player] viewWeapon pos=0.25,-0.35,-0.80 rot=NaN,NaN,NaN visible=true fpArmsPos=0.00,0.00,0.00 @ http://localhost:3001/entities/Player.js:742
[   37260ms] [LOG] [Weapon] applyToMesh: recoilAngle=0.1 swayX=0 swayY=0 time=21.243400000000374 baseRot={x:undefined,y:undefined,z:undefined} type=object @ http://localhost:3001/items/Weapon.js:220
[   37271ms] [LOG] [Player] viewWeapon pos=0.25,-0.35,-0.80 rot=NaN,NaN,NaN visible=true fpArmsPos=0.00,0.00,0.00 @ http://localhost:3001/entities/Player.js:742
[   37272ms] [LOG] [Weapon] applyToMesh: recoilAngle=0.1 swayX=0 swayY=0 time=21.254900000000376 baseRot={x:undefined,y:undefined,z:undefined} type=object @ http://localhost:3001/items/Weapon.js:220
[   37283ms] [LOG] [Player] viewWeapon pos=0.25,-0.35,-0.80 rot=NaN,NaN,NaN visible=true fpArmsPos=0.00,0.00,0.00 @ http://localhost:3001/entities/Player.js:742
[   37283ms] [LOG] [Weapon] applyToMesh: recoilAngle=0.1 swayX=0 swayY=0 time=21.26659999999963 baseRot={x:undefined,y:undefined,z:undefined} type=object @ http://localhost:3001/items/Weapon.js:220
[   37292ms] [LOG] [Player] viewWeapon pos=0.25,-0.35,-0.80 rot=NaN,NaN,NaN visible=true fpArmsPos=0.00,0.00,0.00 @ http://localhost:3001/entities/Player.js:742
[   37292ms] [LOG] [Weapon] applyToMesh: recoilAngle=0.1 swayX=0 swayY=0 time=21.27559999999963 baseRot={x:undefined,y:undefined,z:undefined} type=object @ http://localhost:3001/items/Weapon.js:220
[   37304ms] [LOG] [Player] viewWeapon pos=0.25,-0.35,-0.80 rot=NaN,NaN,NaN visible=true fpArmsPos=0.00,0.00,0.00 @ http://localhost:3001/entities/Player.js:742
[   37304ms] [LOG] [Weapon] applyToMesh: recoilAngle=0.1 swayX=0 swayY=0 time=21.28759999999963 baseRot={x:undefined,y:undefined,z:undefined} type=object @ http://localhost:3001/items/Weapon.js:220
[   37313ms] [LOG] [Player] viewWeapon pos=0.25,-0.35,-0.80 rot=NaN,NaN,NaN visible=true fpArmsPos=0.00,0.00,0.00 @ http://localhost:3001/entities/Player.js:742
[   37313ms] [LOG] [Weapon] applyToMesh: recoilAngle=0.1 swayX=0 swayY=0 time=21.29670000000019 baseRot={x:undefined,y:undefined,z:undefined} type=object @ http://localhost:3001/items/Weapon.js:220
[   37321ms] [LOG] [Player] viewWeapon pos=0.25,-0.35,-0.80 rot=NaN,NaN,NaN visible=true fpArmsPos=0.00,0.00,0.00 @ http://localhost:3001/entities/Player.js:742
[   37321ms] [LOG] [Weapon] applyToMesh: recoilAngle=0.1 swayX=0 swayY=0 time=21.30459999999963 baseRot={x:undefined,y:undefined,z:undefined} type=object @ http://localhost:3001/items/Weapon.js:220
[   37329ms] [LOG] [Player] viewWeapon pos=0.25,-0.35,-0.80 rot=NaN,NaN,NaN visible=true fpArmsPos=0.00,0.00,0.00 @ http://localhost:3001/entities/Player.js:742
[   37329ms] [LOG] [Weapon] applyToMesh: recoilAngle=0.1 swayX=0 swayY=0 time=21.31270000000019 baseRot={x:undefined,y:undefined,z:undefined} type=object @ http://localhost:3001/items/Weapon.js:220
[   37336ms] [LOG] [Player] viewWeapon pos=0.25,-0.35,-0.80 rot=NaN,NaN,NaN visible=true fpArmsPos=0.00,0.00,0.00 @ http://localhost:3001/entities/Player.js:742
[   37336ms] [LOG] [Weapon] applyToMesh: recoilAngle=0.1 swayX=0 swayY=0 time=21.319700000000193 baseRot={x:undefined,y:undefined,z:undefined} type=object @ http://localhost:3001/items/Weapon.js:220
[   37346ms] [LOG] [Player] viewWeapon pos=0.25,-0.35,-0.80 rot=NaN,NaN,NaN visible=true fpArmsPos=0.00,0.00,0.00 @ http://localhost:3001/entities/Player.js:742
[   37347ms] [LOG] [Weapon] applyToMesh: recoilAngle=0.1 swayX=0 swayY=0 time=21.330000000000005 baseRot={x:undefined,y:undefined,z:undefined} type=object @ http://localhost:3001/items/Weapon.js:220
[   37357ms] [LOG] [Player] viewWeapon pos=0.25,-0.35,-0.80 rot=NaN,NaN,NaN visible=true fpArmsPos=0.00,0.00,0.00 @ http://localhost:3001/entities/Player.js:742
[   37358ms] [LOG] [Weapon] applyToMesh: recoilAngle=0.1 swayX=0 swayY=0 time=21.341200000000192 baseRot={x:undefined,y:undefined,z:undefined} type=object @ http://localhost:3001/items/Weapon.js:220
[   37365ms] [LOG] [Player] viewWeapon pos=0.25,-0.35,-0.80 rot=NaN,NaN,NaN visible=true fpArmsPos=0.00,0.00,0.00 @ http://localhost:3001/entities/Player.js:742
[   37365ms] [LOG] [Weapon] applyToMesh: recoilAngle=0.1 swayX=0 swayY=0 time=21.34920000000019 baseRot={x:undefined,y:undefined,z:undefined} type=object @ http://localhost:3001/items/Weapon.js:220
[   37374ms] [LOG] [Player] viewWeapon pos=0.25,-0.35,-0.80 rot=NaN,NaN,NaN visible=true fpArmsPos=0.00,0.00,0.00 @ http://localhost:3001/entities/Player.js:742
[   37374ms] [LOG] [Weapon] applyToMesh: recoilAngle=0.1 swayX=0 swayY=0 time=21.35720000000019 baseRot={x:undefined,y:undefined,z:undefined} type=object @ http://localhost:3001/items/Weapon.js:220
[   37383ms] [LOG] [Player] viewWeapon pos=0.25,-0.35,-0.80 rot=NaN,NaN,NaN visible=true fpArmsPos=0.00,0.00,0.00 @ http://localhost:3001/entities/Player.js:742
[   37383ms] [LOG] [Weapon] applyToMesh: recoilAngle=0.1 swayX=0 swayY=0 time=21.36670000000019 baseRot={x:undefined,y:undefined,z:undefined} type=object @ http://localhost:3001/items/Weapon.js:220
[   37392ms] [LOG] [Player] viewWeapon pos=0.25,-0.35,-0.80 rot=NaN,NaN,NaN visible=true fpArmsPos=0.00,0.00,0.00 @ http://localhost:3001/entities/Player.js:742
[   37392ms] [LOG] [Weapon] applyToMesh: recoilAngle=0.1 swayX=0 swayY=0 time=21.376000000000005 baseRot={x:undefined,y:undefined,z:undefined} type=object @ http://localhost:3001/items/Weapon.js:220
[   37392ms] [LOG] [Player] after applyToMesh: rot=NaN,NaN,NaN baseRot=undef @ http://localhost:3001/entities/Player.js:781
[   37403ms] [LOG] [Player] viewWeapon pos=0.25,-0.35,-0.80 rot=NaN,NaN,NaN visible=true fpArmsPos=0.00,0.00,0.00 @ http://localhost:3001/entities/Player.js:742
[   37403ms] [LOG] [Weapon] applyToMesh: recoilAngle=0.1 swayX=0 swayY=0 time=21.386900000000377 baseRot={x:undefined,y:undefined,z:undefined} type=object @ http://localhost:3001/items/Weapon.js:220
[   37414ms] [LOG] [Player] viewWeapon pos=0.25,-0.35,-0.80 rot=NaN,NaN,NaN visible=true fpArmsPos=0.00,0.00,0.00 @ http://localhost:3001/entities/Player.js:742
[   37414ms] [LOG] [Weapon] applyToMesh: recoilAngle=0.1 swayX=0 swayY=0 time=21.39729999999982 baseRot={x:undefined,y:undefined,z:undefined} type=object @ http://localhost:3001/items/Weapon.js:220
[   37422ms] [LOG] [Player] viewWeapon pos=0.25,-0.35,-0.80 rot=NaN,NaN,NaN visible=true fpArmsPos=0.00,0.00,0.00 @ http://localhost:3001/entities/Player.js:742
[   37422ms] [LOG] [Weapon] applyToMesh: recoilAngle=0.1 swayX=0 swayY=0 time=21.40590000000038 baseRot={x:undefined,y:undefined,z:undefined} type=object @ http://localhost:3001/items/Weapon.js:220
[   37432ms] [LOG] [Player] viewWeapon pos=0.25,-0.35,-0.80 rot=NaN,NaN,NaN visible=true fpArmsPos=0.00,0.00,0.00 @ http://localhost:3001/entities/Player.js:742
[   37432ms] [LOG] [Weapon] applyToMesh: recoilAngle=0.1 swayX=0 swayY=0 time=21.415500000000005 baseRot={x:undefined,y:undefined,z:undefined} type=object @ http://localhost:3001/items/Weapon.js:220
[   37441ms] [LOG] [Player] viewWeapon pos=0.25,-0.35,-0.80 rot=NaN,NaN,NaN visible=true fpArmsPos=0.00,0.00,0.00 @ http://localhost:3001/entities/Player.js:742
[   37441ms] [LOG] [Weapon] applyToMesh: recoilAngle=0.1 swayX=0 swayY=0 time=21.424900000000378 baseRot={x:undefined,y:undefined,z:undefined} type=object @ http://localhost:3001/items/Weapon.js:220
[   37452ms] [LOG] [Player] viewWeapon pos=0.25,-0.35,-0.80 rot=NaN,NaN,NaN visible=true fpArmsPos=0.00,0.00,0.00 @ http://localhost:3001/entities/Player.js:742
[   37452ms] [LOG] [Weapon] applyToMesh: recoilAngle=0.1 swayX=0 swayY=0 time=21.435400000000378 baseRot={x:undefined,y:undefined,z:undefined} type=object @ http://localhost:3001/items/Weapon.js:220
[   37461ms] [LOG] [Player] viewWeapon pos=0.25,-0.35,-0.80 rot=NaN,NaN,NaN visible=true fpArmsPos=0.00,0.00,0.00 @ http://localhost:3001/entities/Player.js:742
[   37462ms] [LOG] [Weapon] applyToMesh: recoilAngle=0.1 swayX=0 swayY=0 time=21.444900000000377 baseRot={x:undefined,y:undefined,z:undefined} type=object @ http://localhost:3001/items/Weapon.js:220
[   37462ms] [LOG] [Player] after applyToMesh: rot=NaN,NaN,NaN baseRot=undef @ http://localhost:3001/entities/Player.js:781
[   37470ms] [LOG] [Player] viewWeapon pos=0.25,-0.35,-0.80 rot=NaN,NaN,NaN visible=true fpArmsPos=0.00,0.00,0.00 @ http://localhost:3001/entities/Player.js:742
[   37470ms] [LOG] [Weapon] applyToMesh: recoilAngle=0.1 swayX=0 swayY=0 time=21.453500000000005 baseRot={x:undefined,y:undefined,z:undefined} type=object @ http://localhost:3001/items/Weapon.js:220
[   37479ms] [LOG] [Player] viewWeapon pos=0.25,-0.35,-0.80 rot=NaN,NaN,NaN visible=true fpArmsPos=0.00,0.00,0.00 @ http://localhost:3001/entities/Player.js:742
[   37479ms] [LOG] [Weapon] applyToMesh: recoilAngle=0.1 swayX=0 swayY=0 time=21.461900000000377 baseRot={x:undefined,y:undefined,z:undefined} type=object @ http://localhost:3001/items/Weapon.js:220
[   37488ms] [LOG] [Player] viewWeapon pos=0.25,-0.35,-0.80 rot=NaN,NaN,NaN visible=true fpArmsPos=0.00,0.00,0.00 @ http://localhost:3001/entities/Player.js:742
[   37488ms] [LOG] [Weapon] applyToMesh: recoilAngle=0.1 swayX=0 swayY=0 time=21.471599999999633 baseRot={x:undefined,y:undefined,z:undefined} type=object @ http://localhost:3001/items/Weapon.js:220
[   37488ms] [LOG] [Player] anim: recoilAngle=0.1 swayX=0 swayY=0 time=21.471599999999633 @ http://localhost:3001/entities/Player.js:780
[   37498ms] [LOG] [Player] viewWeapon pos=0.25,-0.35,-0.80 rot=NaN,NaN,NaN visible=true fpArmsPos=0.00,0.00,0.00 @ http://localhost:3001/entities/Player.js:742
[   37498ms] [LOG] [Weapon] applyToMesh: recoilAngle=0.1 swayX=0 swayY=0 time=21.482099999999633 baseRot={x:undefined,y:undefined,z:undefined} type=object @ http://localhost:3001/items/Weapon.js:220
[   37509ms] [LOG] [Player] viewWeapon pos=0.25,-0.35,-0.80 rot=NaN,NaN,NaN visible=true fpArmsPos=0.00,0.00,0.00 @ http://localhost:3001/entities/Player.js:742
[   37509ms] [LOG] [Weapon] applyToMesh: recoilAngle=0.1 swayX=0 swayY=0 time=21.492799999999818 baseRot={x:undefined,y:undefined,z:undefined} type=object @ http://localhost:3001/items/Weapon.js:220
[   37517ms] [LOG] [Player] viewWeapon pos=0.25,-0.35,-0.80 rot=NaN,NaN,NaN visible=true fpArmsPos=0.00,0.00,0.00 @ http://localhost:3001/entities/Player.js:742
[   37518ms] [LOG] [Weapon] applyToMesh: recoilAngle=0.1 swayX=0 swayY=0 time=21.50129999999982 baseRot={x:undefined,y:undefined,z:undefined} type=object @ http://localhost:3001/items/Weapon.js:220
[   37526ms] [LOG] [Player] viewWeapon pos=0.25,-0.35,-0.80 rot=NaN,NaN,NaN visible=true fpArmsPos=0.00,0.00,0.00 @ http://localhost:3001/entities/Player.js:742
[   37526ms] [LOG] [Weapon] applyToMesh: recoilAngle=0.1 swayX=0 swayY=0 time=21.50979999999982 baseRot={x:undefined,y:undefined,z:undefined} type=object @ http://localhost:3001/items/Weapon.js:220
[   37536ms] [LOG] [Player] viewWeapon pos=0.25,-0.35,-0.80 rot=NaN,NaN,NaN visible=true fpArmsPos=0.00,0.00,0.00 @ http://localhost:3001/entities/Player.js:742
[   37536ms] [LOG] [Weapon] applyToMesh: recoilAngle=0.1 swayX=0 swayY=0 time=21.51940000000038 baseRot={x:undefined,y:undefined,z:undefined} type=object @ http://localhost:3001/items/Weapon.js:220
[   37547ms] [LOG] [Player] viewWeapon pos=0.25,-0.35,-0.80 rot=NaN,NaN,NaN visible=true fpArmsPos=0.00,0.00,0.00 @ http://localhost:3001/entities/Player.js:742
[   37547ms] [LOG] [Weapon] applyToMesh: recoilAngle=0.1 swayX=0 swayY=0 time=21.530299999999823 baseRot={x:undefined,y:undefined,z:undefined} type=object @ http://localhost:3001/items/Weapon.js:220
[   37556ms] [LOG] [Player] viewWeapon pos=0.25,-0.35,-0.80 rot=NaN,NaN,NaN visible=true fpArmsPos=0.00,0.00,0.00 @ http://localhost:3001/entities/Player.js:742
[   37557ms] [LOG] [Weapon] applyToMesh: recoilAngle=0.1 swayX=0 swayY=0 time=21.540099999999637 baseRot={x:undefined,y:undefined,z:undefined} type=object @ http://localhost:3001/items/Weapon.js:220
[   37564ms] [LOG] [Player] viewWeapon pos=0.25,-0.35,-0.80 rot=NaN,NaN,NaN visible=true fpArmsPos=0.00,0.00,0.00 @ http://localhost:3001/entities/Player.js:742
[   37565ms] [LOG] [Weapon] applyToMesh: recoilAngle=0.1 swayX=0 swayY=0 time=21.54840000000038 baseRot={x:undefined,y:undefined,z:undefined} type=object @ http://localhost:3001/items/Weapon.js:220
[   37573ms] [LOG] [Player] viewWeapon pos=0.25,-0.35,-0.80 rot=NaN,NaN,NaN visible=true fpArmsPos=0.00,0.00,0.00 @ http://localhost:3001/entities/Player.js:742
[   37573ms] [LOG] [Weapon] applyToMesh: recoilAngle=0.1 swayX=0 swayY=0 time=21.556700000000195 baseRot={x:undefined,y:undefined,z:undefined} type=object @ http://localhost:3001/items/Weapon.js:220
[   37581ms] [LOG] [Player] viewWeapon pos=0.25,-0.35,-0.80 rot=NaN,NaN,NaN visible=true fpArmsPos=0.00,0.00,0.00 @ http://localhost:3001/entities/Player.js:742
[   37581ms] [LOG] [Weapon] applyToMesh: recoilAngle=0.1 swayX=0 swayY=0 time=21.56440000000038 baseRot={x:undefined,y:undefined,z:undefined} type=object @ http://localhost:3001/items/Weapon.js:220
[   37590ms] [LOG] [Player] viewWeapon pos=0.25,-0.35,-0.80 rot=NaN,NaN,NaN visible=true fpArmsPos=0.00,0.00,0.00 @ http://localhost:3001/entities/Player.js:742
[   37591ms] [LOG] [Weapon] applyToMesh: recoilAngle=0.1 swayX=0 swayY=0 time=21.574099999999635 baseRot={x:undefined,y:undefined,z:undefined} type=object @ http://localhost:3001/items/Weapon.js:220
[   37601ms] [LOG] [Player] viewWeapon pos=0.25,-0.35,-0.80 rot=NaN,NaN,NaN visible=true fpArmsPos=0.00,0.00,0.00 @ http://localhost:3001/entities/Player.js:742
[   37601ms] [LOG] [Weapon] applyToMesh: recoilAngle=0.1 swayX=0 swayY=0 time=21.58450000000001 baseRot={x:undefined,y:undefined,z:undefined} type=object @ http://localhost:3001/items/Weapon.js:220
[   37610ms] [LOG] [Player] viewWeapon pos=0.25,-0.35,-0.80 rot=NaN,NaN,NaN visible=true fpArmsPos=0.00,0.00,0.00 @ http://localhost:3001/entities/Player.js:742
[   37610ms] [LOG] [Weapon] applyToMesh: recoilAngle=0.1 swayX=0 swayY=0 time=21.593700000000194 baseRot={x:undefined,y:undefined,z:undefined} type=object @ http://localhost:3001/items/Weapon.js:220
[   37619ms] [LOG] [Player] viewWeapon pos=0.25,-0.35,-0.80 rot=NaN,NaN,NaN visible=true fpArmsPos=0.00,0.00,0.00 @ http://localhost:3001/entities/Player.js:742
[   37619ms] [LOG] [Weapon] applyToMesh: recoilAngle=0.1 swayX=0 swayY=0 time=21.60300000000001 baseRot={x:undefined,y:undefined,z:undefined} type=object @ http://localhost:3001/items/Weapon.js:220
[   37629ms] [LOG] [Player] viewWeapon pos=0.25,-0.35,-0.80 rot=NaN,NaN,NaN visible=true fpArmsPos=0.00,0.00,0.00 @ http://localhost:3001/entities/Player.js:742
[   37629ms] [LOG] [Weapon] applyToMesh: recoilAngle=0.1 swayX=0 swayY=0 time=21.612299999999824 baseRot={x:undefined,y:undefined,z:undefined} type=object @ http://localhost:3001/items/Weapon.js:220
[   37642ms] [LOG] [Player] viewWeapon pos=0.25,-0.35,-0.80 rot=NaN,NaN,NaN visible=true fpArmsPos=0.00,0.00,0.00 @ http://localhost:3001/entities/Player.js:742
[   37642ms] [LOG] [Weapon] applyToMesh: recoilAngle=0.1 swayX=0 swayY=0 time=21.625200000000195 baseRot={x:undefined,y:undefined,z:undefined} type=object @ http://localhost:3001/items/Weapon.js:220
[   37649ms] [LOG] [Player] viewWeapon pos=0.25,-0.35,-0.80 rot=NaN,NaN,NaN visible=true fpArmsPos=0.00,0.00,0.00 @ http://localhost:3001/entities/Player.js:742
[   37650ms] [LOG] [Weapon] applyToMesh: recoilAngle=0.1 swayX=0 swayY=0 time=21.633099999999637 baseRot={x:undefined,y:undefined,z:undefined} type=object @ http://localhost:3001/items/Weapon.js:220
[   37657ms] [LOG] [Player] viewWeapon pos=0.25,-0.35,-0.80 rot=NaN,NaN,NaN visible=true fpArmsPos=0.00,0.00,0.00 @ http://localhost:3001/entities/Player.js:742
[   37658ms] [LOG] [Weapon] applyToMesh: recoilAngle=0.1 swayX=0 swayY=0 time=21.641200000000197 baseRot={x:undefined,y:undefined,z:undefined} type=object @ http://localhost:3001/items/Weapon.js:220
[   37667ms] [LOG] [Player] viewWeapon pos=0.25,-0.35,-0.80 rot=NaN,NaN,NaN visible=true fpArmsPos=0.00,0.00,0.00 @ http://localhost:3001/entities/Player.js:742
[   37668ms] [LOG] [Weapon] applyToMesh: recoilAngle=0.1 swayX=0 swayY=0 time=21.65100000000001 baseRot={x:undefined,y:undefined,z:undefined} type=object @ http://localhost:3001/items/Weapon.js:220
[   37677ms] [LOG] [Player] viewWeapon pos=0.25,-0.35,-0.80 rot=NaN,NaN,NaN visible=true fpArmsPos=0.00,0.00,0.00 @ http://localhost:3001/entities/Player.js:742
[   37677ms] [LOG] [Weapon] applyToMesh: recoilAngle=0.1 swayX=0 swayY=0 time=21.66090000000038 baseRot={x:undefined,y:undefined,z:undefined} type=object @ http://localhost:3001/items/Weapon.js:220
[   37690ms] [LOG] [Player] viewWeapon pos=0.25,-0.35,-0.80 rot=NaN,NaN,NaN visible=true fpArmsPos=0.00,0.00,0.00 @ http://localhost:3001/entities/Player.js:742
[   37690ms] [LOG] [Weapon] applyToMesh: recoilAngle=0.1 swayX=0 swayY=0 time=21.673599999999638 baseRot={x:undefined,y:undefined,z:undefined} type=object @ http://localhost:3001/items/Weapon.js:220
[   37699ms] [LOG] [Player] viewWeapon pos=0.25,-0.35,-0.80 rot=NaN,NaN,NaN visible=true fpArmsPos=0.00,0.00,0.00 @ http://localhost:3001/entities/Player.js:742
[   37699ms] [LOG] [Weapon] applyToMesh: recoilAngle=0.1 swayX=0 swayY=0 time=21.68300000000001 baseRot={x:undefined,y:undefined,z:undefined} type=object @ http://localhost:3001/items/Weapon.js:220
[   37709ms] [LOG] [Player] viewWeapon pos=0.25,-0.35,-0.80 rot=NaN,NaN,NaN visible=true fpArmsPos=0.00,0.00,0.00 @ http://localhost:3001/entities/Player.js:742
[   37710ms] [LOG] [Weapon] applyToMesh: recoilAngle=0.1 swayX=0 swayY=0 time=21.693200000000196 baseRot={x:undefined,y:undefined,z:undefined} type=object @ http://localhost:3001/items/Weapon.js:220
[   37718ms] [LOG] [Player] viewWeapon pos=0.25,-0.35,-0.80 rot=NaN,NaN,NaN visible=true fpArmsPos=0.00,0.00,0.00 @ http://localhost:3001/entities/Player.js:742
[   37718ms] [LOG] [Weapon] applyToMesh: recoilAngle=0.1 swayX=0 swayY=0 time=21.701900000000382 baseRot={x:undefined,y:undefined,z:undefined} type=object @ http://localhost:3001/items/Weapon.js:220
[   37727ms] [LOG] [Player] viewWeapon pos=0.25,-0.35,-0.80 rot=NaN,NaN,NaN visible=true fpArmsPos=0.00,0.00,0.00 @ http://localhost:3001/entities/Player.js:742
[   37727ms] [LOG] [Weapon] applyToMesh: recoilAngle=0.1 swayX=0 swayY=0 time=21.710299999999823 baseRot={x:undefined,y:undefined,z:undefined} type=object @ http://localhost:3001/items/Weapon.js:220
[   37737ms] [LOG] [Player] viewWeapon pos=0.25,-0.35,-0.80 rot=NaN,NaN,NaN visible=true fpArmsPos=0.00,0.00,0.00 @ http://localhost:3001/entities/Player.js:742
[   37737ms] [LOG] [Weapon] applyToMesh: recoilAngle=0.1 swayX=0 swayY=0 time=21.720299999999824 baseRot={x:undefined,y:undefined,z:undefined} type=object @ http://localhost:3001/items/Weapon.js:220
[   37737ms] [LOG] [Player] after applyToMesh: rot=NaN,NaN,NaN baseRot=undef @ http://localhost:3001/entities/Player.js:781
[   37746ms] [LOG] [Player] viewWeapon pos=0.25,-0.35,-0.80 rot=NaN,NaN,NaN visible=true fpArmsPos=0.00,0.00,0.00 @ http://localhost:3001/entities/Player.js:742
[   37746ms] [LOG] [Weapon] applyToMesh: recoilAngle=0.1 swayX=0 swayY=0 time=21.729900000000384 baseRot={x:undefined,y:undefined,z:undefined} type=object @ http://localhost:3001/items/Weapon.js:220
[   37756ms] [LOG] [Player] viewWeapon pos=0.25,-0.35,-0.80 rot=NaN,NaN,NaN visible=true fpArmsPos=0.00,0.00,0.00 @ http://localhost:3001/entities/Player.js:742
[   37756ms] [LOG] [Weapon] applyToMesh: recoilAngle=0.1 swayX=0 swayY=0 time=21.73950000000001 baseRot={x:undefined,y:undefined,z:undefined} type=object @ http://localhost:3001/items/Weapon.js:220
[   37764ms] [LOG] [Player] viewWeapon pos=0.25,-0.35,-0.80 rot=NaN,NaN,NaN visible=true fpArmsPos=0.00,0.00,0.00 @ http://localhost:3001/entities/Player.js:742
[   37764ms] [LOG] [Weapon] applyToMesh: recoilAngle=0.1 swayX=0 swayY=0 time=21.747700000000197 baseRot={x:undefined,y:undefined,z:undefined} type=object @ http://localhost:3001/items/Weapon.js:220
[   37773ms] [LOG] [Player] viewWeapon pos=0.25,-0.35,-0.80 rot=NaN,NaN,NaN visible=true fpArmsPos=0.00,0.00,0.00 @ http://localhost:3001/entities/Player.js:742
[   37773ms] [LOG] [Weapon] applyToMesh: recoilAngle=0.1 swayX=0 swayY=0 time=21.756400000000383 baseRot={x:undefined,y:undefined,z:undefined} type=object @ http://localhost:3001/items/Weapon.js:220
[   37783ms] [LOG] [Player] viewWeapon pos=0.25,-0.35,-0.80 rot=NaN,NaN,NaN visible=true fpArmsPos=0.00,0.00,0.00 @ http://localhost:3001/entities/Player.js:742
[   37783ms] [LOG] [Weapon] applyToMesh: recoilAngle=0.1 swayX=0 swayY=0 time=21.766799999999826 baseRot={x:undefined,y:undefined,z:undefined} type=object @ http://localhost:3001/items/Weapon.js:220
[   37794ms] [LOG] [Player] viewWeapon pos=0.25,-0.35,-0.80 rot=NaN,NaN,NaN visible=true fpArmsPos=0.00,0.00,0.00 @ http://localhost:3001/entities/Player.js:742
[   37794ms] [LOG] [Weapon] applyToMesh: recoilAngle=0.1 swayX=0 swayY=0 time=21.777799999999825 baseRot={x:undefined,y:undefined,z:undefined} type=object @ http://localhost:3001/items/Weapon.js:220
[   37803ms] [LOG] [Player] viewWeapon pos=0.25,-0.35,-0.80 rot=NaN,NaN,NaN visible=true fpArmsPos=0.00,0.00,0.00 @ http://localhost:3001/entities/Player.js:742
[   37803ms] [LOG] [Weapon] applyToMesh: recoilAngle=0.1 swayX=0 swayY=0 time=21.78650000000001 baseRot={x:undefined,y:undefined,z:undefined} type=object @ http://localhost:3001/items/Weapon.js:220
[   37811ms] [LOG] [Player] viewWeapon pos=0.25,-0.35,-0.80 rot=NaN,NaN,NaN visible=true fpArmsPos=0.00,0.00,0.00 @ http://localhost:3001/entities/Player.js:742
[   37812ms] [LOG] [Weapon] applyToMesh: recoilAngle=0.1 swayX=0 swayY=0 time=21.795000000000012 baseRot={x:undefined,y:undefined,z:undefined} type=object @ http://localhost:3001/items/Weapon.js:220
[   37812ms] [LOG] [Player] after applyToMesh: rot=NaN,NaN,NaN baseRot=undef @ http://localhost:3001/entities/Player.js:781
[   37820ms] [LOG] [Player] viewWeapon pos=0.25,-0.35,-0.80 rot=NaN,NaN,NaN visible=true fpArmsPos=0.00,0.00,0.00 @ http://localhost:3001/entities/Player.js:742
[   37820ms] [LOG] [Weapon] applyToMesh: recoilAngle=0.1 swayX=0 swayY=0 time=21.804299999999827 baseRot={x:undefined,y:undefined,z:undefined} type=object @ http://localhost:3001/items/Weapon.js:220
[   37832ms] [LOG] [Player] viewWeapon pos=0.25,-0.35,-0.80 rot=NaN,NaN,NaN visible=true fpArmsPos=0.00,0.00,0.00 @ http://localhost:3001/entities/Player.js:742
[   37832ms] [LOG] [Weapon] applyToMesh: recoilAngle=0.1 swayX=0 swayY=0 time=21.81579999999983 baseRot={x:undefined,y:undefined,z:undefined} type=object @ http://localhost:3001/items/Weapon.js:220
[   37842ms] [LOG] [Player] viewWeapon pos=0.25,-0.35,-0.80 rot=NaN,NaN,NaN visible=true fpArmsPos=0.00,0.00,0.00 @ http://localhost:3001/entities/Player.js:742
[   37842ms] [LOG] [Weapon] applyToMesh: recoilAngle=0.1 swayX=0 swayY=0 time=21.8257000000002 baseRot={x:undefined,y:undefined,z:undefined} type=object @ http://localhost:3001/items/Weapon.js:220
[   37851ms] [LOG] [Player] viewWeapon pos=0.25,-0.35,-0.80 rot=NaN,NaN,NaN visible=true fpArmsPos=0.00,0.00,0.00 @ http://localhost:3001/entities/Player.js:742
[   37851ms] [LOG] [Weapon] applyToMesh: recoilAngle=0.1 swayX=0 swayY=0 time=21.834500000000013 baseRot={x:undefined,y:undefined,z:undefined} type=object @ http://localhost:3001/items/Weapon.js:220
[   37863ms] [LOG] [Player] viewWeapon pos=0.25,-0.35,-0.80 rot=NaN,NaN,NaN visible=true fpArmsPos=0.00,0.00,0.00 @ http://localhost:3001/entities/Player.js:742
[   37863ms] [LOG] [Weapon] applyToMesh: recoilAngle=0.1 swayX=0 swayY=0 time=21.846400000000386 baseRot={x:undefined,y:undefined,z:undefined} type=object @ http://localhost:3001/items/Weapon.js:220
[   37873ms] [LOG] [Player] viewWeapon pos=0.25,-0.35,-0.80 rot=NaN,NaN,NaN visible=true fpArmsPos=0.00,0.00,0.00 @ http://localhost:3001/entities/Player.js:742
[   37873ms] [LOG] [Weapon] applyToMesh: recoilAngle=0.1 swayX=0 swayY=0 time=21.856500000000015 baseRot={x:undefined,y:undefined,z:undefined} type=object @ http://localhost:3001/items/Weapon.js:220
[   37885ms] [LOG] [Player] viewWeapon pos=0.25,-0.35,-0.80 rot=NaN,NaN,NaN visible=true fpArmsPos=0.00,0.00,0.00 @ http://localhost:3001/entities/Player.js:742
[   37885ms] [LOG] [Weapon] applyToMesh: recoilAngle=0.1 swayX=0 swayY=0 time=21.8682000000002 baseRot={x:undefined,y:undefined,z:undefined} type=object @ http://localhost:3001/items/Weapon.js:220
[   37896ms] [LOG] [Player] viewWeapon pos=0.25,-0.35,-0.80 rot=NaN,NaN,NaN visible=true fpArmsPos=0.00,0.00,0.00 @ http://localhost:3001/entities/Player.js:742
[   37896ms] [LOG] [Weapon] applyToMesh: recoilAngle=0.1 swayX=0 swayY=0 time=21.878799999999828 baseRot={x:undefined,y:undefined,z:undefined} type=object @ http://localhost:3001/items/Weapon.js:220
[   37904ms] [LOG] [Player] viewWeapon pos=0.25,-0.35,-0.80 rot=NaN,NaN,NaN visible=true fpArmsPos=0.00,0.00,0.00 @ http://localhost:3001/entities/Player.js:742
[   37905ms] [LOG] [Weapon] applyToMesh: recoilAngle=0.1 swayX=0 swayY=0 time=21.888000000000012 baseRot={x:undefined,y:undefined,z:undefined} type=object @ http://localhost:3001/items/Weapon.js:220
[   37905ms] [LOG] [Player] after applyToMesh: rot=NaN,NaN,NaN baseRot=undef @ http://localhost:3001/entities/Player.js:781
[   37915ms] [LOG] [Player] viewWeapon pos=0.25,-0.35,-0.80 rot=NaN,NaN,NaN visible=true fpArmsPos=0.00,0.00,0.00 @ http://localhost:3001/entities/Player.js:742
[   37915ms] [LOG] [Weapon] applyToMesh: recoilAngle=0.1 swayX=0 swayY=0 time=21.898200000000198 baseRot={x:undefined,y:undefined,z:undefined} type=object @ http://localhost:3001/items/Weapon.js:220
[   37926ms] [LOG] [Player] viewWeapon pos=0.25,-0.35,-0.80 rot=NaN,NaN,NaN visible=true fpArmsPos=0.00,0.00,0.00 @ http://localhost:3001/entities/Player.js:742
[   37926ms] [LOG] [Weapon] applyToMesh: recoilAngle=0.1 swayX=0 swayY=0 time=21.909500000000012 baseRot={x:undefined,y:undefined,z:undefined} type=object @ http://localhost:3001/items/Weapon.js:220
[   37936ms] [LOG] [Player] viewWeapon pos=0.25,-0.35,-0.80 rot=NaN,NaN,NaN visible=true fpArmsPos=0.00,0.00,0.00 @ http://localhost:3001/entities/Player.js:742
[   37937ms] [LOG] [Weapon] applyToMesh: recoilAngle=0.1 swayX=0 swayY=0 time=21.919900000000386 baseRot={x:undefined,y:undefined,z:undefined} type=object @ http://localhost:3001/items/Weapon.js:220
[   37947ms] [LOG] [Player] viewWeapon pos=0.25,-0.35,-0.80 rot=NaN,NaN,NaN visible=true fpArmsPos=0.00,0.00,0.00 @ http://localhost:3001/entities/Player.js:742
[   37947ms] [LOG] [Weapon] applyToMesh: recoilAngle=0.1 swayX=0 swayY=0 time=21.930200000000198 baseRot={x:undefined,y:undefined,z:undefined} type=object @ http://localhost:3001/items/Weapon.js:220
[   37957ms] [LOG] [Player] viewWeapon pos=0.25,-0.35,-0.80 rot=NaN,NaN,NaN visible=true fpArmsPos=0.00,0.00,0.00 @ http://localhost:3001/entities/Player.js:742
[   37957ms] [LOG] [Weapon] applyToMesh: recoilAngle=0.1 swayX=0 swayY=0 time=21.940400000000384 baseRot={x:undefined,y:undefined,z:undefined} type=object @ http://localhost:3001/items/Weapon.js:220
[   37966ms] [LOG] [Player] viewWeapon pos=0.25,-0.35,-0.80 rot=NaN,NaN,NaN visible=true fpArmsPos=0.00,0.00,0.00 @ http://localhost:3001/entities/Player.js:742
[   37966ms] [LOG] [Weapon] applyToMesh: recoilAngle=0.1 swayX=0 swayY=0 time=21.949200000000197 baseRot={x:undefined,y:undefined,z:undefined} type=object @ http://localhost:3001/items/Weapon.js:220
[   37975ms] [LOG] [Player] viewWeapon pos=0.25,-0.35,-0.80 rot=NaN,NaN,NaN visible=true fpArmsPos=0.00,0.00,0.00 @ http://localhost:3001/entities/Player.js:742
[   37975ms] [LOG] [Weapon] applyToMesh: recoilAngle=0.1 swayX=0 swayY=0 time=21.958700000000196 baseRot={x:undefined,y:undefined,z:undefined} type=object @ http://localhost:3001/items/Weapon.js:220
[   37983ms] [LOG] [Player] viewWeapon pos=0.25,-0.35,-0.80 rot=NaN,NaN,NaN visible=true fpArmsPos=0.00,0.00,0.00 @ http://localhost:3001/entities/Player.js:742
[   37984ms] [LOG] [Weapon] applyToMesh: recoilAngle=0.1 swayX=0 swayY=0 time=21.96700000000001 baseRot={x:undefined,y:undefined,z:undefined} type=object @ http://localhost:3001/items/Weapon.js:220
[   37991ms] [LOG] [Player] viewWeapon pos=0.25,-0.35,-0.80 rot=NaN,NaN,NaN visible=true fpArmsPos=0.00,0.00,0.00 @ http://localhost:3001/entities/Player.js:742
[   37991ms] [LOG] [Weapon] applyToMesh: recoilAngle=0.1 swayX=0 swayY=0 time=21.974799999999824 baseRot={x:undefined,y:undefined,z:undefined} type=object @ http://localhost:3001/items/Weapon.js:220
[   37998ms] [LOG] [Player] viewWeapon pos=0.25,-0.35,-0.80 rot=NaN,NaN,NaN visible=true fpArmsPos=0.00,0.00,0.00 @ http://localhost:3001/entities/Player.js:742
[   37999ms] [LOG] [Weapon] applyToMesh: recoilAngle=0.1 swayX=0 swayY=0 time=21.982099999999637 baseRot={x:undefined,y:undefined,z:undefined} type=object @ http://localhost:3001/items/Weapon.js:220
[   38010ms] [LOG] [Player] viewWeapon pos=0.25,-0.35,-0.80 rot=NaN,NaN,NaN visible=true fpArmsPos=0.00,0.00,0.00 @ http://localhost:3001/entities/Player.js:742
[   38010ms] [LOG] [Weapon] applyToMesh: recoilAngle=0.1 swayX=0 swayY=0 time=21.993700000000196 baseRot={x:undefined,y:undefined,z:undefined} type=object @ http://localhost:3001/items/Weapon.js:220
[   38021ms] [LOG] [Player] viewWeapon pos=0.25,-0.35,-0.80 rot=NaN,NaN,NaN visible=true fpArmsPos=0.00,0.00,0.00 @ http://localhost:3001/entities/Player.js:742
[   38021ms] [LOG] [Weapon] applyToMesh: recoilAngle=0.1 swayX=0 swayY=0 time=22.004299999999823 baseRot={x:undefined,y:undefined,z:undefined} type=object @ http://localhost:3001/items/Weapon.js:220
[   38032ms] [LOG] [Player] viewWeapon pos=0.25,-0.35,-0.80 rot=NaN,NaN,NaN visible=true fpArmsPos=0.00,0.00,0.00 @ http://localhost:3001/entities/Player.js:742
[   38032ms] [LOG] [Weapon] applyToMesh: recoilAngle=0.1 swayX=0 swayY=0 time=22.015700000000194 baseRot={x:undefined,y:undefined,z:undefined} type=object @ http://localhost:3001/items/Weapon.js:220
[   38043ms] [LOG] [Player] viewWeapon pos=0.25,-0.35,-0.80 rot=NaN,NaN,NaN visible=true fpArmsPos=0.00,0.00,0.00 @ http://localhost:3001/entities/Player.js:742
[   38043ms] [LOG] [Weapon] applyToMesh: recoilAngle=0.1 swayX=0 swayY=0 time=22.02640000000038 baseRot={x:undefined,y:undefined,z:undefined} type=object @ http://localhost:3001/items/Weapon.js:220
[   38053ms] [LOG] [Player] viewWeapon pos=0.25,-0.35,-0.80 rot=NaN,NaN,NaN visible=true fpArmsPos=0.00,0.00,0.00 @ http://localhost:3001/entities/Player.js:742
[   38053ms] [LOG] [Weapon] applyToMesh: recoilAngle=0.1 swayX=0 swayY=0 time=22.036599999999634 baseRot={x:undefined,y:undefined,z:undefined} type=object @ http://localhost:3001/items/Weapon.js:220
[   38064ms] [LOG] [Player] viewWeapon pos=0.25,-0.35,-0.80 rot=NaN,NaN,NaN visible=true fpArmsPos=0.00,0.00,0.00 @ http://localhost:3001/entities/Player.js:742
[   38064ms] [LOG] [Weapon] applyToMesh: recoilAngle=0.1 swayX=0 swayY=0 time=22.047700000000194 baseRot={x:undefined,y:undefined,z:undefined} type=object @ http://localhost:3001/items/Weapon.js:220
[   38074ms] [LOG] [Player] viewWeapon pos=0.25,-0.35,-0.80 rot=NaN,NaN,NaN visible=true fpArmsPos=0.00,0.00,0.00 @ http://localhost:3001/entities/Player.js:742
[   38074ms] [LOG] [Weapon] applyToMesh: recoilAngle=0.1 swayX=0 swayY=0 time=22.058000000000007 baseRot={x:undefined,y:undefined,z:undefined} type=object @ http://localhost:3001/items/Weapon.js:220
[   38087ms] [LOG] [Player] viewWeapon pos=0.25,-0.35,-0.80 rot=NaN,NaN,NaN visible=true fpArmsPos=0.00,0.00,0.00 @ http://localhost:3001/entities/Player.js:742
[   38087ms] [LOG] [Weapon] applyToMesh: recoilAngle=0.1 swayX=0 swayY=0 time=22.07040000000038 baseRot={x:undefined,y:undefined,z:undefined} type=object @ http://localhost:3001/items/Weapon.js:220
[   38098ms] [LOG] [Player] viewWeapon pos=0.25,-0.35,-0.80 rot=NaN,NaN,NaN visible=true fpArmsPos=0.00,0.00,0.00 @ http://localhost:3001/entities/Player.js:742
[   38098ms] [LOG] [Weapon] applyToMesh: recoilAngle=0.1 swayX=0 swayY=0 time=22.08190000000038 baseRot={x:undefined,y:undefined,z:undefined} type=object @ http://localhost:3001/items/Weapon.js:220
[   38108ms] [LOG] [Player] viewWeapon pos=0.25,-0.35,-0.80 rot=NaN,NaN,NaN visible=true fpArmsPos=0.00,0.00,0.00 @ http://localhost:3001/entities/Player.js:742
[   38108ms] [LOG] [Weapon] applyToMesh: recoilAngle=0.1 swayX=0 swayY=0 time=22.091200000000196 baseRot={x:undefined,y:undefined,z:undefined} type=object @ http://localhost:3001/items/Weapon.js:220
[   38116ms] [LOG] [Player] viewWeapon pos=0.25,-0.35,-0.80 rot=NaN,NaN,NaN visible=true fpArmsPos=0.00,0.00,0.00 @ http://localhost:3001/entities/Player.js:742
[   38116ms] [LOG] [Weapon] applyToMesh: recoilAngle=0.1 swayX=0 swayY=0 time=22.099900000000382 baseRot={x:undefined,y:undefined,z:undefined} type=object @ http://localhost:3001/items/Weapon.js:220
[   38127ms] [LOG] [Player] viewWeapon pos=0.25,-0.35,-0.80 rot=NaN,NaN,NaN visible=true fpArmsPos=0.00,0.00,0.00 @ http://localhost:3001/entities/Player.js:742
[   38127ms] [LOG] [Weapon] applyToMesh: recoilAngle=0.1 swayX=0 swayY=0 time=22.111000000000008 baseRot={x:undefined,y:undefined,z:undefined} type=object @ http://localhost:3001/items/Weapon.js:220
[   38141ms] [LOG] [Player] viewWeapon pos=0.25,-0.35,-0.80 rot=NaN,NaN,NaN visible=true fpArmsPos=0.00,0.00,0.00 @ http://localhost:3001/entities/Player.js:742
[   38141ms] [LOG] [Weapon] applyToMesh: recoilAngle=0.1 swayX=0 swayY=0 time=22.12450000000001 baseRot={x:undefined,y:undefined,z:undefined} type=object @ http://localhost:3001/items/Weapon.js:220
[   38141ms] [LOG] [Player] after applyToMesh: rot=NaN,NaN,NaN baseRot=undef @ http://localhost:3001/entities/Player.js:781
[   38152ms] [LOG] [Player] viewWeapon pos=0.25,-0.35,-0.80 rot=NaN,NaN,NaN visible=true fpArmsPos=0.00,0.00,0.00 @ http://localhost:3001/entities/Player.js:742
[   38153ms] [LOG] [Weapon] applyToMesh: recoilAngle=0.1 swayX=0 swayY=0 time=22.13590000000038 baseRot={x:undefined,y:undefined,z:undefined} type=object @ http://localhost:3001/items/Weapon.js:220
[   38164ms] [LOG] [Player] viewWeapon pos=0.25,-0.35,-0.80 rot=NaN,NaN,NaN visible=true fpArmsPos=0.00,0.00,0.00 @ http://localhost:3001/entities/Player.js:742
[   38164ms] [LOG] [Weapon] applyToMesh: recoilAngle=0.1 swayX=0 swayY=0 time=22.147099999999636 baseRot={x:undefined,y:undefined,z:undefined} type=object @ http://localhost:3001/items/Weapon.js:220
[   38175ms] [LOG] [Player] viewWeapon pos=0.25,-0.35,-0.80 rot=NaN,NaN,NaN visible=true fpArmsPos=0.00,0.00,0.00 @ http://localhost:3001/entities/Player.js:742
[   38175ms] [LOG] [Weapon] applyToMesh: recoilAngle=0.1 swayX=0 swayY=0 time=22.158700000000195 baseRot={x:undefined,y:undefined,z:undefined} type=object @ http://localhost:3001/items/Weapon.js:220
[   38187ms] [LOG] [Player] viewWeapon pos=0.25,-0.35,-0.80 rot=NaN,NaN,NaN visible=true fpArmsPos=0.00,0.00,0.00 @ http://localhost:3001/entities/Player.js:742
[   38187ms] [LOG] [Weapon] applyToMesh: recoilAngle=0.1 swayX=0 swayY=0 time=22.170099999999636 baseRot={x:undefined,y:undefined,z:undefined} type=object @ http://localhost:3001/items/Weapon.js:220
[   38196ms] [LOG] [Player] viewWeapon pos=0.25,-0.35,-0.80 rot=NaN,NaN,NaN visible=true fpArmsPos=0.00,0.00,0.00 @ http://localhost:3001/entities/Player.js:742
[   38196ms] [LOG] [Weapon] applyToMesh: recoilAngle=0.1 swayX=0 swayY=0 time=22.180200000000195 baseRot={x:undefined,y:undefined,z:undefined} type=object @ http://localhost:3001/items/Weapon.js:220
[   38196ms] [LOG] [Player] after applyToMesh: rot=NaN,NaN,NaN baseRot=undef @ http://localhost:3001/entities/Player.js:781
[   38207ms] [LOG] [Player] viewWeapon pos=0.25,-0.35,-0.80 rot=NaN,NaN,NaN visible=true fpArmsPos=0.00,0.00,0.00 @ http://localhost:3001/entities/Player.js:742
[   38207ms] [LOG] [Weapon] applyToMesh: recoilAngle=0.1 swayX=0 swayY=0 time=22.190500000000007 baseRot={x:undefined,y:undefined,z:undefined} type=object @ http://localhost:3001/items/Weapon.js:220
[   38216ms] [LOG] [Player] viewWeapon pos=0.25,-0.35,-0.80 rot=NaN,NaN,NaN visible=true fpArmsPos=0.00,0.00,0.00 @ http://localhost:3001/entities/Player.js:742
[   38216ms] [LOG] [Weapon] applyToMesh: recoilAngle=0.1 swayX=0 swayY=0 time=22.199500000000008 baseRot={x:undefined,y:undefined,z:undefined} type=object @ http://localhost:3001/items/Weapon.js:220
[   38226ms] [LOG] [Player] viewWeapon pos=0.25,-0.35,-0.80 rot=NaN,NaN,NaN visible=true fpArmsPos=0.00,0.00,0.00 @ http://localhost:3001/entities/Player.js:742
[   38226ms] [LOG] [Weapon] applyToMesh: recoilAngle=0.1 swayX=0 swayY=0 time=22.209599999999636 baseRot={x:undefined,y:undefined,z:undefined} type=object @ http://localhost:3001/items/Weapon.js:220
[   38237ms] [LOG] [Player] viewWeapon pos=0.25,-0.35,-0.80 rot=NaN,NaN,NaN visible=true fpArmsPos=0.00,0.00,0.00 @ http://localhost:3001/entities/Player.js:742
[   38237ms] [LOG] [Weapon] applyToMesh: recoilAngle=0.1 swayX=0 swayY=0 time=22.220799999999823 baseRot={x:undefined,y:undefined,z:undefined} type=object @ http://localhost:3001/items/Weapon.js:220
[   38248ms] [LOG] [Player] viewWeapon pos=0.25,-0.35,-0.80 rot=NaN,NaN,NaN visible=true fpArmsPos=0.00,0.00,0.00 @ http://localhost:3001/entities/Player.js:742
[   38248ms] [LOG] [Weapon] applyToMesh: recoilAngle=0.1 swayX=0 swayY=0 time=22.231599999999638 baseRot={x:undefined,y:undefined,z:undefined} type=object @ http://localhost:3001/items/Weapon.js:220
[   38260ms] [LOG] [Player] viewWeapon pos=0.25,-0.35,-0.80 rot=NaN,NaN,NaN visible=true fpArmsPos=0.00,0.00,0.00 @ http://localhost:3001/entities/Player.js:742
[   38260ms] [LOG] [Weapon] applyToMesh: recoilAngle=0.1 swayX=0 swayY=0 time=22.243200000000197 baseRot={x:undefined,y:undefined,z:undefined} type=object @ http://localhost:3001/items/Weapon.js:220
[   38271ms] [LOG] [Player] viewWeapon pos=0.25,-0.35,-0.80 rot=NaN,NaN,NaN visible=true fpArmsPos=0.00,0.00,0.00 @ http://localhost:3001/entities/Player.js:742
[   38271ms] [LOG] [Weapon] applyToMesh: recoilAngle=0.1 swayX=0 swayY=0 time=22.254900000000383 baseRot={x:undefined,y:undefined,z:undefined} type=object @ http://localhost:3001/items/Weapon.js:220
[   38284ms] [LOG] [Player] viewWeapon pos=0.25,-0.35,-0.80 rot=NaN,NaN,NaN visible=true fpArmsPos=0.00,0.00,0.00 @ http://localhost:3001/entities/Player.js:742
[   38285ms] [LOG] [Weapon] applyToMesh: recoilAngle=0.1 swayX=0 swayY=0 time=22.266900000000383 baseRot={x:undefined,y:undefined,z:undefined} type=object @ http://localhost:3001/items/Weapon.js:220
[   38296ms] [LOG] [Player] viewWeapon pos=0.25,-0.35,-0.80 rot=NaN,NaN,NaN visible=true fpArmsPos=0.00,0.00,0.00 @ http://localhost:3001/entities/Player.js:742
[   38296ms] [LOG] [Weapon] applyToMesh: recoilAngle=0.1 swayX=0 swayY=0 time=22.27950000000001 baseRot={x:undefined,y:undefined,z:undefined} type=object @ http://localhost:3001/items/Weapon.js:220
[   38308ms] [LOG] [Player] viewWeapon pos=0.25,-0.35,-0.80 rot=NaN,NaN,NaN visible=true fpArmsPos=0.00,0.00,0.00 @ http://localhost:3001/entities/Player.js:742
[   38308ms] [LOG] [Weapon] applyToMesh: recoilAngle=0.1 swayX=0 swayY=0 time=22.291400000000383 baseRot={x:undefined,y:undefined,z:undefined} type=object @ http://localhost:3001/items/Weapon.js:220
[   38319ms] [LOG] [Player] viewWeapon pos=0.25,-0.35,-0.80 rot=NaN,NaN,NaN visible=true fpArmsPos=0.00,0.00,0.00 @ http://localhost:3001/entities/Player.js:742
[   38319ms] [LOG] [Weapon] applyToMesh: recoilAngle=0.1 swayX=0 swayY=0 time=22.30200000000001 baseRot={x:undefined,y:undefined,z:undefined} type=object @ http://localhost:3001/items/Weapon.js:220
[   38319ms] [LOG] [Player] after applyToMesh: rot=NaN,NaN,NaN baseRot=undef @ http://localhost:3001/entities/Player.js:781
[   38329ms] [LOG] [Player] viewWeapon pos=0.25,-0.35,-0.80 rot=NaN,NaN,NaN visible=true fpArmsPos=0.00,0.00,0.00 @ http://localhost:3001/entities/Player.js:742
[   38330ms] [LOG] [Weapon] applyToMesh: recoilAngle=0.1 swayX=0 swayY=0 time=22.312799999999825 baseRot={x:undefined,y:undefined,z:undefined} type=object @ http://localhost:3001/items/Weapon.js:220
[   38342ms] [LOG] [Player] viewWeapon pos=0.25,-0.34,-0.80 rot=NaN,NaN,NaN visible=true fpArmsPos=0.00,0.00,0.00 @ http://localhost:3001/entities/Player.js:742
[   38342ms] [LOG] [Weapon] applyToMesh: recoilAngle=0.1 swayX=0 swayY=0 time=22.325500000000012 baseRot={x:undefined,y:undefined,z:undefined} type=object @ http://localhost:3001/items/Weapon.js:220
[   38354ms] [LOG] [Player] viewWeapon pos=0.25,-0.34,-0.80 rot=NaN,NaN,NaN visible=true fpArmsPos=0.00,0.00,0.00 @ http://localhost:3001/entities/Player.js:742
[   38354ms] [LOG] [Weapon] applyToMesh: recoilAngle=0.1 swayX=0 swayY=0 time=22.336900000000384 baseRot={x:undefined,y:undefined,z:undefined} type=object @ http://localhost:3001/items/Weapon.js:220
[   38379ms] [LOG] [Player] viewWeapon pos=0.25,-0.34,-0.80 rot=NaN,NaN,NaN visible=true fpArmsPos=0.00,0.00,0.00 @ http://localhost:3001/entities/Player.js:742
[   38379ms] [LOG] [Weapon] applyToMesh: recoilAngle=0.1 swayX=0 swayY=0 time=22.362299999999824 baseRot={x:undefined,y:undefined,z:undefined} type=object @ http://localhost:3001/items/Weapon.js:220
[   38397ms] [LOG] [Player] viewWeapon pos=0.25,-0.34,-0.80 rot=NaN,NaN,NaN visible=true fpArmsPos=0.00,0.00,0.00 @ http://localhost:3001/entities/Player.js:742
[   38398ms] [LOG] [Weapon] applyToMesh: recoilAngle=0.1 swayX=0 swayY=0 time=22.38090000000038 baseRot={x:undefined,y:undefined,z:undefined} type=object @ http://localhost:3001/items/Weapon.js:220
[   38412ms] [LOG] [Player] viewWeapon pos=0.25,-0.34,-0.80 rot=NaN,NaN,NaN visible=true fpArmsPos=0.00,0.00,0.00 @ http://localhost:3001/entities/Player.js:742
[   38412ms] [LOG] [Weapon] applyToMesh: recoilAngle=0.1 swayX=0 swayY=0 time=22.39550000000001 baseRot={x:undefined,y:undefined,z:undefined} type=object @ http://localhost:3001/items/Weapon.js:220
[   38424ms] [LOG] [Player] viewWeapon pos=0.25,-0.34,-0.80 rot=NaN,NaN,NaN visible=true fpArmsPos=0.00,0.00,0.00 @ http://localhost:3001/entities/Player.js:742
[   38424ms] [LOG] [Weapon] applyToMesh: recoilAngle=0.1 swayX=0 swayY=0 time=22.407599999999636 baseRot={x:undefined,y:undefined,z:undefined} type=object @ http://localhost:3001/items/Weapon.js:220
[   38436ms] [LOG] [Player] viewWeapon pos=0.25,-0.34,-0.80 rot=NaN,NaN,NaN visible=true fpArmsPos=0.00,0.00,0.00 @ http://localhost:3001/entities/Player.js:742
[   38436ms] [LOG] [Weapon] applyToMesh: recoilAngle=0.1 swayX=0 swayY=0 time=22.419299999999822 baseRot={x:undefined,y:undefined,z:undefined} type=object @ http://localhost:3001/items/Weapon.js:220
[   38447ms] [LOG] [Player] viewWeapon pos=0.25,-0.34,-0.80 rot=NaN,NaN,NaN visible=true fpArmsPos=0.00,0.00,0.00 @ http://localhost:3001/entities/Player.js:742
[   38447ms] [LOG] [Weapon] applyToMesh: recoilAngle=0.1 swayX=0 swayY=0 time=22.43029999999982 baseRot={x:undefined,y:undefined,z:undefined} type=object @ http://localhost:3001/items/Weapon.js:220
[   38447ms] [LOG] [Player] after applyToMesh: rot=NaN,NaN,NaN baseRot=undef @ http://localhost:3001/entities/Player.js:781
[   38456ms] [LOG] [Player] viewWeapon pos=0.25,-0.34,-0.80 rot=NaN,NaN,NaN visible=true fpArmsPos=0.00,0.00,0.00 @ http://localhost:3001/entities/Player.js:742
[   38456ms] [LOG] [Weapon] applyToMesh: recoilAngle=0.1 swayX=0 swayY=0 time=22.43979999999982 baseRot={x:undefined,y:undefined,z:undefined} type=object @ http://localhost:3001/items/Weapon.js:220
[   38464ms] [LOG] [Player] viewWeapon pos=0.25,-0.34,-0.80 rot=NaN,NaN,NaN visible=true fpArmsPos=0.00,0.00,0.00 @ http://localhost:3001/entities/Player.js:742
[   38465ms] [LOG] [Weapon] applyToMesh: recoilAngle=0.1 swayX=0 swayY=0 time=22.44790000000038 baseRot={x:undefined,y:undefined,z:undefined} type=object @ http://localhost:3001/items/Weapon.js:220
[   38475ms] [LOG] [Player] viewWeapon pos=0.25,-0.34,-0.80 rot=NaN,NaN,NaN visible=true fpArmsPos=0.00,0.00,0.00 @ http://localhost:3001/entities/Player.js:742
[   38475ms] [LOG] [Weapon] applyToMesh: recoilAngle=0.1 swayX=0 swayY=0 time=22.458200000000193 baseRot={x:undefined,y:undefined,z:undefined} type=object @ http://localhost:3001/items/Weapon.js:220
[   38486ms] [LOG] [Player] viewWeapon pos=0.25,-0.34,-0.80 rot=NaN,NaN,NaN visible=true fpArmsPos=0.00,0.00,0.00 @ http://localhost:3001/entities/Player.js:742
[   38487ms] [LOG] [Weapon] applyToMesh: recoilAngle=0.1 swayX=0 swayY=0 time=22.470000000000006 baseRot={x:undefined,y:undefined,z:undefined} type=object @ http://localhost:3001/items/Weapon.js:220
[   38496ms] [LOG] [Player] viewWeapon pos=0.25,-0.34,-0.80 rot=NaN,NaN,NaN visible=true fpArmsPos=0.00,0.00,0.00 @ http://localhost:3001/entities/Player.js:742
[   38496ms] [LOG] [Weapon] applyToMesh: recoilAngle=0.1 swayX=0 swayY=0 time=22.480000000000008 baseRot={x:undefined,y:undefined,z:undefined} type=object @ http://localhost:3001/items/Weapon.js:220
[   38507ms] [LOG] [Player] viewWeapon pos=0.25,-0.34,-0.80 rot=NaN,NaN,NaN visible=true fpArmsPos=0.00,0.00,0.00 @ http://localhost:3001/entities/Player.js:742
[   38507ms] [LOG] [Weapon] applyToMesh: recoilAngle=0.1 swayX=0 swayY=0 time=22.490200000000193 baseRot={x:undefined,y:undefined,z:undefined} type=object @ http://localhost:3001/items/Weapon.js:220
[   38517ms] [LOG] [Player] viewWeapon pos=0.25,-0.34,-0.80 rot=NaN,NaN,NaN visible=true fpArmsPos=0.00,0.00,0.00 @ http://localhost:3001/entities/Player.js:742
[   38517ms] [LOG] [Weapon] applyToMesh: recoilAngle=0.1 swayX=0 swayY=0 time=22.500500000000006 baseRot={x:undefined,y:undefined,z:undefined} type=object @ http://localhost:3001/items/Weapon.js:220
[   38527ms] [LOG] [Player] viewWeapon pos=0.25,-0.34,-0.80 rot=NaN,NaN,NaN visible=true fpArmsPos=0.00,0.00,0.00 @ http://localhost:3001/entities/Player.js:742
[   38527ms] [LOG] [Weapon] applyToMesh: recoilAngle=0.1 swayX=0 swayY=0 time=22.510200000000193 baseRot={x:undefined,y:undefined,z:undefined} type=object @ http://localhost:3001/items/Weapon.js:220
[   38539ms] [LOG] [Player] viewWeapon pos=0.25,-0.34,-0.80 rot=NaN,NaN,NaN visible=true fpArmsPos=0.00,0.00,0.00 @ http://localhost:3001/entities/Player.js:742
[   38539ms] [LOG] [Weapon] applyToMesh: recoilAngle=0.1 swayX=0 swayY=0 time=22.522700000000192 baseRot={x:undefined,y:undefined,z:undefined} type=object @ http://localhost:3001/items/Weapon.js:220
[   38551ms] [LOG] [Player] viewWeapon pos=0.25,-0.34,-0.80 rot=NaN,NaN,NaN visible=true fpArmsPos=0.00,0.00,0.00 @ http://localhost:3001/entities/Player.js:742
[   38551ms] [LOG] [Weapon] applyToMesh: recoilAngle=0.1 swayX=0 swayY=0 time=22.53429999999982 baseRot={x:undefined,y:undefined,z:undefined} type=object @ http://localhost:3001/items/Weapon.js:220
[   38561ms] [LOG] [Player] viewWeapon pos=0.25,-0.34,-0.80 rot=NaN,NaN,NaN visible=true fpArmsPos=0.00,0.00,0.00 @ http://localhost:3001/entities/Player.js:742
[   38561ms] [LOG] [Weapon] applyToMesh: recoilAngle=0.1 swayX=0 swayY=0 time=22.544599999999633 baseRot={x:undefined,y:undefined,z:undefined} type=object @ http://localhost:3001/items/Weapon.js:220
[   38571ms] [LOG] [Player] viewWeapon pos=0.25,-0.34,-0.80 rot=NaN,NaN,NaN visible=true fpArmsPos=0.00,0.00,0.00 @ http://localhost:3001/entities/Player.js:742
[   38571ms] [LOG] [Weapon] applyToMesh: recoilAngle=0.1 swayX=0 swayY=0 time=22.554700000000192 baseRot={x:undefined,y:undefined,z:undefined} type=object @ http://localhost:3001/items/Weapon.js:220
[   38580ms] [LOG] [Player] viewWeapon pos=0.25,-0.34,-0.80 rot=NaN,NaN,NaN visible=true fpArmsPos=0.00,0.00,0.00 @ http://localhost:3001/entities/Player.js:742
[   38580ms] [LOG] [Weapon] applyToMesh: recoilAngle=0.1 swayX=0 swayY=0 time=22.563500000000005 baseRot={x:undefined,y:undefined,z:undefined} type=object @ http://localhost:3001/items/Weapon.js:220
[   38593ms] [LOG] [Player] viewWeapon pos=0.25,-0.34,-0.80 rot=NaN,NaN,NaN visible=true fpArmsPos=0.00,0.00,0.00 @ http://localhost:3001/entities/Player.js:742
[   38593ms] [LOG] [Weapon] applyToMesh: recoilAngle=0.1 swayX=0 swayY=0 time=22.57629999999982 baseRot={x:undefined,y:undefined,z:undefined} type=object @ http://localhost:3001/items/Weapon.js:220
[   38602ms] [LOG] [Player] viewWeapon pos=0.25,-0.34,-0.80 rot=NaN,NaN,NaN visible=true fpArmsPos=0.00,0.00,0.00 @ http://localhost:3001/entities/Player.js:742
[   38602ms] [LOG] [Weapon] applyToMesh: recoilAngle=0.1 swayX=0 swayY=0 time=22.58590000000038 baseRot={x:undefined,y:undefined,z:undefined} type=object @ http://localhost:3001/items/Weapon.js:220
[   38611ms] [LOG] [Player] viewWeapon pos=0.25,-0.34,-0.80 rot=NaN,NaN,NaN visible=true fpArmsPos=0.00,0.00,0.00 @ http://localhost:3001/entities/Player.js:742
[   38612ms] [LOG] [Weapon] applyToMesh: recoilAngle=0.1 swayX=0 swayY=0 time=22.595099999999633 baseRot={x:undefined,y:undefined,z:undefined} type=object @ http://localhost:3001/items/Weapon.js:220
[   38621ms] [LOG] [Player] viewWeapon pos=0.25,-0.34,-0.80 rot=NaN,NaN,NaN visible=true fpArmsPos=0.00,0.00,0.00 @ http://localhost:3001/entities/Player.js:742
[   38621ms] [LOG] [Weapon] applyToMesh: recoilAngle=0.1 swayX=0 swayY=0 time=22.604900000000377 baseRot={x:undefined,y:undefined,z:undefined} type=object @ http://localhost:3001/items/Weapon.js:220
[   38631ms] [LOG] [Player] viewWeapon pos=0.25,-0.34,-0.80 rot=NaN,NaN,NaN visible=true fpArmsPos=0.00,0.00,0.00 @ http://localhost:3001/entities/Player.js:742
[   38631ms] [LOG] [Weapon] applyToMesh: recoilAngle=0.1 swayX=0 swayY=0 time=22.614599999999633 baseRot={x:undefined,y:undefined,z:undefined} type=object @ http://localhost:3001/items/Weapon.js:220
[   38631ms] [LOG] [Player] after applyToMesh: rot=NaN,NaN,NaN baseRot=undef @ http://localhost:3001/entities/Player.js:781
[   38642ms] [LOG] [Player] viewWeapon pos=0.25,-0.34,-0.80 rot=NaN,NaN,NaN visible=true fpArmsPos=0.00,0.00,0.00 @ http://localhost:3001/entities/Player.js:742
[   38643ms] [LOG] [Weapon] applyToMesh: recoilAngle=0.1 swayX=0 swayY=0 time=22.626099999999635 baseRot={x:undefined,y:undefined,z:undefined} type=object @ http://localhost:3001/items/Weapon.js:220
[   38652ms] [LOG] [Player] viewWeapon pos=0.25,-0.34,-0.80 rot=NaN,NaN,NaN visible=true fpArmsPos=0.00,0.00,0.00 @ http://localhost:3001/entities/Player.js:742
[   38652ms] [LOG] [Weapon] applyToMesh: recoilAngle=0.1 swayX=0 swayY=0 time=22.635599999999634 baseRot={x:undefined,y:undefined,z:undefined} type=object @ http://localhost:3001/items/Weapon.js:220
[   38662ms] [LOG] [Player] viewWeapon pos=0.25,-0.34,-0.80 rot=NaN,NaN,NaN visible=true fpArmsPos=0.00,0.00,0.00 @ http://localhost:3001/entities/Player.js:742
[   38662ms] [LOG] [Weapon] applyToMesh: recoilAngle=0.1 swayX=0 swayY=0 time=22.645900000000378 baseRot={x:undefined,y:undefined,z:undefined} type=object @ http://localhost:3001/items/Weapon.js:220
[   38672ms] [LOG] [Player] viewWeapon pos=0.25,-0.34,-0.80 rot=NaN,NaN,NaN visible=true fpArmsPos=0.00,0.00,0.00 @ http://localhost:3001/entities/Player.js:742
[   38672ms] [LOG] [Weapon] applyToMesh: recoilAngle=0.1 swayX=0 swayY=0 time=22.655200000000193 baseRot={x:undefined,y:undefined,z:undefined} type=object @ http://localhost:3001/items/Weapon.js:220
[   38684ms] [LOG] [Player] viewWeapon pos=0.25,-0.34,-0.80 rot=NaN,NaN,NaN visible=true fpArmsPos=0.00,0.00,0.00 @ http://localhost:3001/entities/Player.js:742
[   38684ms] [LOG] [Weapon] applyToMesh: recoilAngle=0.1 swayX=0 swayY=0 time=22.66790000000038 baseRot={x:undefined,y:undefined,z:undefined} type=object @ http://localhost:3001/items/Weapon.js:220
[   38697ms] [LOG] [Player] viewWeapon pos=0.25,-0.34,-0.80 rot=NaN,NaN,NaN visible=true fpArmsPos=0.00,0.00,0.00 @ http://localhost:3001/entities/Player.js:742
[   38697ms] [LOG] [Weapon] applyToMesh: recoilAngle=0.1 swayX=0 swayY=0 time=22.680500000000006 baseRot={x:undefined,y:undefined,z:undefined} type=object @ http://localhost:3001/items/Weapon.js:220
[   38708ms] [LOG] [Player] viewWeapon pos=0.25,-0.34,-0.80 rot=NaN,NaN,NaN visible=true fpArmsPos=0.00,0.00,0.00 @ http://localhost:3001/entities/Player.js:742
[   38708ms] [LOG] [Weapon] applyToMesh: recoilAngle=0.1 swayX=0 swayY=0 time=22.69090000000038 baseRot={x:undefined,y:undefined,z:undefined} type=object @ http://localhost:3001/items/Weapon.js:220
[   38716ms] [LOG] [Player] viewWeapon pos=0.25,-0.34,-0.80 rot=NaN,NaN,NaN visible=true fpArmsPos=0.00,0.00,0.00 @ http://localhost:3001/entities/Player.js:742
[   38717ms] [LOG] [Weapon] applyToMesh: recoilAngle=0.1 swayX=0 swayY=0 time=22.700000000000006 baseRot={x:undefined,y:undefined,z:undefined} type=object @ http://localhost:3001/items/Weapon.js:220
[   38726ms] [LOG] [Player] viewWeapon pos=0.25,-0.34,-0.80 rot=NaN,NaN,NaN visible=true fpArmsPos=0.00,0.00,0.00 @ http://localhost:3001/entities/Player.js:742
[   38726ms] [LOG] [Weapon] applyToMesh: recoilAngle=0.1 swayX=0 swayY=0 time=22.709599999999632 baseRot={x:undefined,y:undefined,z:undefined} type=object @ http://localhost:3001/items/Weapon.js:220
[   38734ms] [LOG] [Player] viewWeapon pos=0.25,-0.34,-0.80 rot=NaN,NaN,NaN visible=true fpArmsPos=0.00,0.00,0.00 @ http://localhost:3001/entities/Player.js:742
[   38735ms] [LOG] [Weapon] applyToMesh: recoilAngle=0.1 swayX=0 swayY=0 time=22.718400000000376 baseRot={x:undefined,y:undefined,z:undefined} type=object @ http://localhost:3001/items/Weapon.js:220
[   38735ms] [LOG] [Player] after applyToMesh: rot=NaN,NaN,NaN baseRot=undef @ http://localhost:3001/entities/Player.js:781
[   38748ms] [LOG] [Player] viewWeapon pos=0.25,-0.34,-0.80 rot=NaN,NaN,NaN visible=true fpArmsPos=0.00,0.00,0.00 @ http://localhost:3001/entities/Player.js:742
[   38748ms] [LOG] [Weapon] applyToMesh: recoilAngle=0.1 swayX=0 swayY=0 time=22.73170000000019 baseRot={x:undefined,y:undefined,z:undefined} type=object @ http://localhost:3001/items/Weapon.js:220
[   38759ms] [LOG] [Player] viewWeapon pos=0.25,-0.34,-0.80 rot=NaN,NaN,NaN visible=true fpArmsPos=0.00,0.00,0.00 @ http://localhost:3001/entities/Player.js:742
[   38759ms] [LOG] [Weapon] applyToMesh: recoilAngle=0.1 swayX=0 swayY=0 time=22.74259999999963 baseRot={x:undefined,y:undefined,z:undefined} type=object @ http://localhost:3001/items/Weapon.js:220
[   38768ms] [LOG] [Player] viewWeapon pos=0.25,-0.34,-0.80 rot=NaN,NaN,NaN visible=true fpArmsPos=0.00,0.00,0.00 @ http://localhost:3001/entities/Player.js:742
[   38768ms] [LOG] [Weapon] applyToMesh: recoilAngle=0.1 swayX=0 swayY=0 time=22.751400000000373 baseRot={x:undefined,y:undefined,z:undefined} type=object @ http://localhost:3001/items/Weapon.js:220
[   38780ms] [LOG] [Player] viewWeapon pos=0.25,-0.34,-0.80 rot=NaN,NaN,NaN visible=true fpArmsPos=0.00,0.00,0.00 @ http://localhost:3001/entities/Player.js:742
[   38780ms] [LOG] [Weapon] applyToMesh: recoilAngle=0.1 swayX=0 swayY=0 time=22.763599999999627 baseRot={x:undefined,y:undefined,z:undefined} type=object @ http://localhost:3001/items/Weapon.js:220
[   38790ms] [LOG] [Player] viewWeapon pos=0.25,-0.34,-0.80 rot=NaN,NaN,NaN visible=true fpArmsPos=0.00,0.00,0.00 @ http://localhost:3001/entities/Player.js:742
[   38790ms] [LOG] [Weapon] applyToMesh: recoilAngle=0.1 swayX=0 swayY=0 time=22.773099999999626 baseRot={x:undefined,y:undefined,z:undefined} type=object @ http://localhost:3001/items/Weapon.js:220
[   38790ms] [LOG] [CameraController] playerPos=46.00,4.04,0.00 targetY=4.19 camPos=46.00,4.19,0.00 @ http://localhost:3001/core/CameraController.js:240
[   38790ms] [LOG] [Cam] pitch=-14.3° yaw=0.0° @ http://localhost:3001/core/CameraController.js:252
[   38800ms] [LOG] [Player] viewWeapon pos=0.25,-0.34,-0.80 rot=NaN,NaN,NaN visible=true fpArmsPos=0.00,0.00,0.00 @ http://localhost:3001/entities/Player.js:742
[   38801ms] [LOG] [Weapon] applyToMesh: recoilAngle=0.1 swayX=0 swayY=0 time=22.783900000000372 baseRot={x:undefined,y:undefined,z:undefined} type=object @ http://localhost:3001/items/Weapon.js:220
[   38811ms] [LOG] [Player] viewWeapon pos=0.25,-0.34,-0.80 rot=NaN,NaN,NaN visible=true fpArmsPos=0.00,0.00,0.00 @ http://localhost:3001/entities/Player.js:742
[   38811ms] [LOG] [Weapon] applyToMesh: recoilAngle=0.1 swayX=0 swayY=0 time=22.794400000000373 baseRot={x:undefined,y:undefined,z:undefined} type=object @ http://localhost:3001/items/Weapon.js:220
[   38825ms] [LOG] [Player] viewWeapon pos=0.25,-0.34,-0.80 rot=NaN,NaN,NaN visible=true fpArmsPos=0.00,0.00,0.00 @ http://localhost:3001/entities/Player.js:742
[   38825ms] [LOG] [Weapon] applyToMesh: recoilAngle=0.1 swayX=0 swayY=0 time=22.808299999999814 baseRot={x:undefined,y:undefined,z:undefined} type=object @ http://localhost:3001/items/Weapon.js:220
[   38836ms] [LOG] [Player] viewWeapon pos=0.25,-0.34,-0.80 rot=NaN,NaN,NaN visible=true fpArmsPos=0.00,0.00,0.00 @ http://localhost:3001/entities/Player.js:742
[   38836ms] [LOG] [Weapon] applyToMesh: recoilAngle=0.1 swayX=0 swayY=0 time=22.8195 baseRot={x:undefined,y:undefined,z:undefined} type=object @ http://localhost:3001/items/Weapon.js:220
[   38849ms] [LOG] [Player] viewWeapon pos=0.25,-0.34,-0.80 rot=NaN,NaN,NaN visible=true fpArmsPos=0.00,0.00,0.00 @ http://localhost:3001/entities/Player.js:742
[   38849ms] [LOG] [Weapon] applyToMesh: recoilAngle=0.1 swayX=0 swayY=0 time=22.832 baseRot={x:undefined,y:undefined,z:undefined} type=object @ http://localhost:3001/items/Weapon.js:220
[   38860ms] [LOG] [Player] viewWeapon pos=0.25,-0.34,-0.80 rot=NaN,NaN,NaN visible=true fpArmsPos=0.00,0.00,0.00 @ http://localhost:3001/entities/Player.js:742
[   38861ms] [LOG] [Weapon] applyToMesh: recoilAngle=0.1 swayX=0 swayY=0 time=22.843900000000374 baseRot={x:undefined,y:undefined,z:undefined} type=object @ http://localhost:3001/items/Weapon.js:220
[   38873ms] [LOG] [Player] viewWeapon pos=0.25,-0.34,-0.80 rot=NaN,NaN,NaN visible=true fpArmsPos=0.00,0.00,0.00 @ http://localhost:3001/entities/Player.js:742
[   38874ms] [LOG] [Weapon] applyToMesh: recoilAngle=0.1 swayX=0 swayY=0 time=22.85670000000019 baseRot={x:undefined,y:undefined,z:undefined} type=object @ http://localhost:3001/items/Weapon.js:220
[   38886ms] [LOG] [Player] viewWeapon pos=0.25,-0.34,-0.80 rot=NaN,NaN,NaN visible=true fpArmsPos=0.00,0.00,0.00 @ http://localhost:3001/entities/Player.js:742
[   38886ms] [LOG] [Weapon] applyToMesh: recoilAngle=0.1 swayX=0 swayY=0 time=22.869400000000375 baseRot={x:undefined,y:undefined,z:undefined} type=object @ http://localhost:3001/items/Weapon.js:220
[   38900ms] [LOG] [Player] viewWeapon pos=0.25,-0.34,-0.80 rot=NaN,NaN,NaN visible=true fpArmsPos=0.00,0.00,0.00 @ http://localhost:3001/entities/Player.js:742
[   38900ms] [LOG] [Weapon] applyToMesh: recoilAngle=0.1 swayX=0 swayY=0 time=22.883799999999816 baseRot={x:undefined,y:undefined,z:undefined} type=object @ http://localhost:3001/items/Weapon.js:220
[   38913ms] [LOG] [Player] viewWeapon pos=0.25,-0.34,-0.80 rot=NaN,NaN,NaN visible=true fpArmsPos=0.00,0.00,0.00 @ http://localhost:3001/entities/Player.js:742
[   38913ms] [LOG] [Weapon] applyToMesh: recoilAngle=0.1 swayX=0 swayY=0 time=22.89620000000019 baseRot={x:undefined,y:undefined,z:undefined} type=object @ http://localhost:3001/items/Weapon.js:220
[   38926ms] [LOG] [Player] viewWeapon pos=0.25,-0.34,-0.80 rot=NaN,NaN,NaN visible=true fpArmsPos=0.00,0.00,0.00 @ http://localhost:3001/entities/Player.js:742
[   38926ms] [LOG] [Weapon] applyToMesh: recoilAngle=0.1 swayX=0 swayY=0 time=22.909400000000375 baseRot={x:undefined,y:undefined,z:undefined} type=object @ http://localhost:3001/items/Weapon.js:220
[   38936ms] [LOG] [Player] viewWeapon pos=0.25,-0.34,-0.80 rot=NaN,NaN,NaN visible=true fpArmsPos=0.00,0.00,0.00 @ http://localhost:3001/entities/Player.js:742
[   38936ms] [LOG] [Weapon] applyToMesh: recoilAngle=0.1 swayX=0 swayY=0 time=22.919700000000187 baseRot={x:undefined,y:undefined,z:undefined} type=object @ http://localhost:3001/items/Weapon.js:220
[   38948ms] [LOG] [Player] viewWeapon pos=0.25,-0.34,-0.80 rot=NaN,NaN,NaN visible=true fpArmsPos=0.00,0.00,0.00 @ http://localhost:3001/entities/Player.js:742
[   38949ms] [LOG] [Weapon] applyToMesh: recoilAngle=0.1 swayX=0 swayY=0 time=22.93209999999963 baseRot={x:undefined,y:undefined,z:undefined} type=object @ http://localhost:3001/items/Weapon.js:220
[   38960ms] [LOG] [Player] viewWeapon pos=0.25,-0.34,-0.80 rot=NaN,NaN,NaN visible=true fpArmsPos=0.00,0.00,0.00 @ http://localhost:3001/entities/Player.js:742
[   38960ms] [LOG] [Weapon] applyToMesh: recoilAngle=0.1 swayX=0 swayY=0 time=22.943400000000373 baseRot={x:undefined,y:undefined,z:undefined} type=object @ http://localhost:3001/items/Weapon.js:220
[   38973ms] [LOG] [Player] viewWeapon pos=0.25,-0.34,-0.80 rot=NaN,NaN,NaN visible=true fpArmsPos=0.00,0.00,0.00 @ http://localhost:3001/entities/Player.js:742
[   38974ms] [LOG] [Weapon] applyToMesh: recoilAngle=0.1 swayX=0 swayY=0 time=22.95720000000019 baseRot={x:undefined,y:undefined,z:undefined} type=object @ http://localhost:3001/items/Weapon.js:220
[   38984ms] [LOG] [Player] viewWeapon pos=0.25,-0.34,-0.80 rot=NaN,NaN,NaN visible=true fpArmsPos=0.00,0.00,0.00 @ http://localhost:3001/entities/Player.js:742
[   38984ms] [LOG] [Weapon] applyToMesh: recoilAngle=0.1 swayX=0 swayY=0 time=22.96720000000019 baseRot={x:undefined,y:undefined,z:undefined} type=object @ http://localhost:3001/items/Weapon.js:220
[   38996ms] [LOG] [Player] viewWeapon pos=0.25,-0.34,-0.80 rot=NaN,NaN,NaN visible=true fpArmsPos=0.00,0.00,0.00 @ http://localhost:3001/entities/Player.js:742
[   38996ms] [LOG] [Weapon] applyToMesh: recoilAngle=0.1 swayX=0 swayY=0 time=22.979599999999632 baseRot={x:undefined,y:undefined,z:undefined} type=object @ http://localhost:3001/items/Weapon.js:220
[   39007ms] [LOG] [Player] viewWeapon pos=0.25,-0.34,-0.80 rot=NaN,NaN,NaN visible=true fpArmsPos=0.00,0.00,0.00 @ http://localhost:3001/entities/Player.js:742
[   39007ms] [LOG] [Weapon] applyToMesh: recoilAngle=0.1 swayX=0 swayY=0 time=22.990700000000192 baseRot={x:undefined,y:undefined,z:undefined} type=object @ http://localhost:3001/items/Weapon.js:220
[   39019ms] [LOG] [Player] viewWeapon pos=0.25,-0.34,-0.80 rot=NaN,NaN,NaN visible=true fpArmsPos=0.00,0.00,0.00 @ http://localhost:3001/entities/Player.js:742
[   39019ms] [LOG] [Weapon] applyToMesh: recoilAngle=0.1 swayX=0 swayY=0 time=23.003000000000007 baseRot={x:undefined,y:undefined,z:undefined} type=object @ http://localhost:3001/items/Weapon.js:220
[   39033ms] [LOG] [Player] viewWeapon pos=0.25,-0.34,-0.80 rot=NaN,NaN,NaN visible=true fpArmsPos=0.00,0.00,0.00 @ http://localhost:3001/entities/Player.js:742
[   39034ms] [LOG] [Weapon] applyToMesh: recoilAngle=0.1 swayX=0 swayY=0 time=23.016200000000193 baseRot={x:undefined,y:undefined,z:undefined} type=object @ http://localhost:3001/items/Weapon.js:220
[   39050ms] [LOG] [Player] viewWeapon pos=0.25,-0.34,-0.80 rot=NaN,NaN,NaN visible=true fpArmsPos=0.00,0.00,0.00 @ http://localhost:3001/entities/Player.js:742
[   39051ms] [LOG] [Weapon] applyToMesh: recoilAngle=0.1 swayX=0 swayY=0 time=23.033500000000007 baseRot={x:undefined,y:undefined,z:undefined} type=object @ http://localhost:3001/items/Weapon.js:220
[   39064ms] [LOG] [Player] viewWeapon pos=0.25,-0.34,-0.80 rot=NaN,NaN,NaN visible=true fpArmsPos=0.00,0.00,0.00 @ http://localhost:3001/entities/Player.js:742
[   39064ms] [LOG] [Weapon] applyToMesh: recoilAngle=0.1 swayX=0 swayY=0 time=23.047000000000008 baseRot={x:undefined,y:undefined,z:undefined} type=object @ http://localhost:3001/items/Weapon.js:220
[   39077ms] [LOG] [Player] viewWeapon pos=0.25,-0.34,-0.80 rot=NaN,NaN,NaN visible=true fpArmsPos=0.00,0.00,0.00 @ http://localhost:3001/entities/Player.js:742
[   39077ms] [LOG] [Weapon] applyToMesh: recoilAngle=0.1 swayX=0 swayY=0 time=23.060599999999635 baseRot={x:undefined,y:undefined,z:undefined} type=object @ http://localhost:3001/items/Weapon.js:220
[   39092ms] [LOG] [Player] viewWeapon pos=0.25,-0.34,-0.80 rot=NaN,NaN,NaN visible=true fpArmsPos=0.00,0.00,0.00 @ http://localhost:3001/entities/Player.js:742
[   39093ms] [LOG] [Weapon] applyToMesh: recoilAngle=0.1 swayX=0 swayY=0 time=23.07550000000001 baseRot={x:undefined,y:undefined,z:undefined} type=object @ http://localhost:3001/items/Weapon.js:220
[   39107ms] [LOG] [Player] viewWeapon pos=0.25,-0.34,-0.80 rot=NaN,NaN,NaN visible=true fpArmsPos=0.00,0.00,0.00 @ http://localhost:3001/entities/Player.js:742
[   39107ms] [LOG] [Weapon] applyToMesh: recoilAngle=0.1 swayX=0 swayY=0 time=23.090400000000383 baseRot={x:undefined,y:undefined,z:undefined} type=object @ http://localhost:3001/items/Weapon.js:220
[   39120ms] [LOG] [Player] viewWeapon pos=0.25,-0.34,-0.80 rot=NaN,NaN,NaN visible=true fpArmsPos=0.00,0.00,0.00 @ http://localhost:3001/entities/Player.js:742
[   39121ms] [LOG] [Weapon] applyToMesh: recoilAngle=0.1 swayX=0 swayY=0 time=23.104099999999637 baseRot={x:undefined,y:undefined,z:undefined} type=object @ http://localhost:3001/items/Weapon.js:220
[   39134ms] [LOG] [Player] viewWeapon pos=0.25,-0.34,-0.80 rot=NaN,NaN,NaN visible=true fpArmsPos=0.00,0.00,0.00 @ http://localhost:3001/entities/Player.js:742
[   39134ms] [LOG] [Weapon] applyToMesh: recoilAngle=0.1 swayX=0 swayY=0 time=23.11750000000001 baseRot={x:undefined,y:undefined,z:undefined} type=object @ http://localhost:3001/items/Weapon.js:220
[   39146ms] [LOG] [Player] viewWeapon pos=0.25,-0.34,-0.80 rot=NaN,NaN,NaN visible=true fpArmsPos=0.00,0.00,0.00 @ http://localhost:3001/entities/Player.js:742
[   39147ms] [LOG] [Weapon] applyToMesh: recoilAngle=0.1 swayX=0 swayY=0 time=23.129700000000195 baseRot={x:undefined,y:undefined,z:undefined} type=object @ http://localhost:3001/items/Weapon.js:220
[   39162ms] [LOG] [Player] viewWeapon pos=0.25,-0.34,-0.80 rot=NaN,NaN,NaN visible=true fpArmsPos=0.00,0.00,0.00 @ http://localhost:3001/entities/Player.js:742
[   39163ms] [LOG] [Weapon] applyToMesh: recoilAngle=0.1 swayX=0 swayY=0 time=23.146000000000008 baseRot={x:undefined,y:undefined,z:undefined} type=object @ http://localhost:3001/items/Weapon.js:220
[   39176ms] [LOG] [Player] viewWeapon pos=0.25,-0.34,-0.80 rot=NaN,NaN,NaN visible=true fpArmsPos=0.00,0.00,0.00 @ http://localhost:3001/entities/Player.js:742
[   39177ms] [LOG] [Weapon] applyToMesh: recoilAngle=0.1 swayX=0 swayY=0 time=23.15940000000038 baseRot={x:undefined,y:undefined,z:undefined} type=object @ http://localhost:3001/items/Weapon.js:220
[   39191ms] [LOG] [Player] viewWeapon pos=0.25,-0.34,-0.80 rot=NaN,NaN,NaN visible=true fpArmsPos=0.00,0.00,0.00 @ http://localhost:3001/entities/Player.js:742
[   39191ms] [LOG] [Weapon] applyToMesh: recoilAngle=0.1 swayX=0 swayY=0 time=23.17429999999982 baseRot={x:undefined,y:undefined,z:undefined} type=object @ http://localhost:3001/items/Weapon.js:220
[   39205ms] [LOG] [Player] viewWeapon pos=0.25,-0.34,-0.80 rot=NaN,NaN,NaN visible=true fpArmsPos=0.00,0.00,0.00 @ http://localhost:3001/entities/Player.js:742
[   39205ms] [LOG] [Weapon] applyToMesh: recoilAngle=0.1 swayX=0 swayY=0 time=23.188200000000194 baseRot={x:undefined,y:undefined,z:undefined} type=object @ http://localhost:3001/items/Weapon.js:220
[   39223ms] [LOG] [Player] viewWeapon pos=0.25,-0.34,-0.80 rot=NaN,NaN,NaN visible=true fpArmsPos=0.00,0.00,0.00 @ http://localhost:3001/entities/Player.js:742
[   39223ms] [LOG] [Weapon] applyToMesh: recoilAngle=0.1 swayX=0 swayY=0 time=23.204700000000194 baseRot={x:undefined,y:undefined,z:undefined} type=object @ http://localhost:3001/items/Weapon.js:220
[   39238ms] [LOG] [Player] viewWeapon pos=0.25,-0.34,-0.80 rot=NaN,NaN,NaN visible=true fpArmsPos=0.00,0.00,0.00 @ http://localhost:3001/entities/Player.js:742
[   39238ms] [LOG] [Weapon] applyToMesh: recoilAngle=0.1 swayX=0 swayY=0 time=23.220799999999823 baseRot={x:undefined,y:undefined,z:undefined} type=object @ http://localhost:3001/items/Weapon.js:220
[   39251ms] [LOG] [Player] viewWeapon pos=0.25,-0.34,-0.80 rot=NaN,NaN,NaN visible=true fpArmsPos=0.00,0.00,0.00 @ http://localhost:3001/entities/Player.js:742
[   39252ms] [LOG] [Weapon] applyToMesh: recoilAngle=0.1 swayX=0 swayY=0 time=23.234500000000008 baseRot={x:undefined,y:undefined,z:undefined} type=object @ http://localhost:3001/items/Weapon.js:220
[   39268ms] [LOG] [Player] viewWeapon pos=0.25,-0.34,-0.80 rot=NaN,NaN,NaN visible=true fpArmsPos=0.00,0.00,0.00 @ http://localhost:3001/entities/Player.js:742
[   39269ms] [LOG] [Weapon] applyToMesh: recoilAngle=0.1 swayX=0 swayY=0 time=23.25190000000038 baseRot={x:undefined,y:undefined,z:undefined} type=object @ http://localhost:3001/items/Weapon.js:220
[   39282ms] [LOG] [Player] viewWeapon pos=0.25,-0.34,-0.80 rot=NaN,NaN,NaN visible=true fpArmsPos=0.00,0.00,0.00 @ http://localhost:3001/entities/Player.js:742
[   39282ms] [LOG] [Weapon] applyToMesh: recoilAngle=0.1 swayX=0 swayY=0 time=23.26540000000038 baseRot={x:undefined,y:undefined,z:undefined} type=object @ http://localhost:3001/items/Weapon.js:220
[   39296ms] [LOG] [Player] viewWeapon pos=0.25,-0.34,-0.80 rot=NaN,NaN,NaN visible=true fpArmsPos=0.00,0.00,0.00 @ http://localhost:3001/entities/Player.js:742
[   39297ms] [LOG] [Weapon] applyToMesh: recoilAngle=0.1 swayX=0 swayY=0 time=23.28000000000001 baseRot={x:undefined,y:undefined,z:undefined} type=object @ http://localhost:3001/items/Weapon.js:220
[   39313ms] [LOG] [Player] viewWeapon pos=0.25,-0.34,-0.80 rot=NaN,NaN,NaN visible=true fpArmsPos=0.00,0.00,0.00 @ http://localhost:3001/entities/Player.js:742
[   39313ms] [LOG] [Weapon] applyToMesh: recoilAngle=0.1 swayX=0 swayY=0 time=23.294599999999637 baseRot={x:undefined,y:undefined,z:undefined} type=object @ http://localhost:3001/items/Weapon.js:220
[   39327ms] [LOG] [Player] viewWeapon pos=0.25,-0.34,-0.80 rot=NaN,NaN,NaN visible=true fpArmsPos=0.00,0.00,0.00 @ http://localhost:3001/entities/Player.js:742
[   39327ms] [LOG] [Weapon] applyToMesh: recoilAngle=0.1 swayX=0 swayY=0 time=23.308700000000197 baseRot={x:undefined,y:undefined,z:undefined} type=object @ http://localhost:3001/items/Weapon.js:220
[   39342ms] [LOG] [Player] viewWeapon pos=0.25,-0.34,-0.80 rot=NaN,NaN,NaN visible=true fpArmsPos=0.00,0.00,0.00 @ http://localhost:3001/entities/Player.js:742
[   39342ms] [LOG] [Weapon] applyToMesh: recoilAngle=0.1 swayX=0 swayY=0 time=23.324599999999638 baseRot={x:undefined,y:undefined,z:undefined} type=object @ http://localhost:3001/items/Weapon.js:220
[   39355ms] [LOG] [Player] viewWeapon pos=0.25,-0.34,-0.80 rot=NaN,NaN,NaN visible=true fpArmsPos=0.00,0.00,0.00 @ http://localhost:3001/entities/Player.js:742
[   39355ms] [LOG] [Weapon] applyToMesh: recoilAngle=0.1 swayX=0 swayY=0 time=23.338400000000384 baseRot={x:undefined,y:undefined,z:undefined} type=object @ http://localhost:3001/items/Weapon.js:220
[   39370ms] [LOG] [Player] viewWeapon pos=0.25,-0.34,-0.80 rot=NaN,NaN,NaN visible=true fpArmsPos=0.00,0.00,0.00 @ http://localhost:3001/entities/Player.js:742
[   39371ms] [LOG] [Weapon] applyToMesh: recoilAngle=0.1 swayX=0 swayY=0 time=23.35409999999964 baseRot={x:undefined,y:undefined,z:undefined} type=object @ http://localhost:3001/items/Weapon.js:220
[   39385ms] [LOG] [Player] viewWeapon pos=0.25,-0.34,-0.80 rot=NaN,NaN,NaN visible=true fpArmsPos=0.00,0.00,0.00 @ http://localhost:3001/entities/Player.js:742
[   39385ms] [LOG] [Weapon] applyToMesh: recoilAngle=0.1 swayX=0 swayY=0 time=23.368000000000013 baseRot={x:undefined,y:undefined,z:undefined} type=object @ http://localhost:3001/items/Weapon.js:220
[   39398ms] [LOG] [Player] viewWeapon pos=0.25,-0.34,-0.80 rot=NaN,NaN,NaN visible=true fpArmsPos=0.00,0.00,0.00 @ http://localhost:3001/entities/Player.js:742
[   39399ms] [LOG] [Weapon] applyToMesh: recoilAngle=0.1 swayX=0 swayY=0 time=23.381400000000387 baseRot={x:undefined,y:undefined,z:undefined} type=object @ http://localhost:3001/items/Weapon.js:220
[   39412ms] [LOG] [Player] viewWeapon pos=0.25,-0.34,-0.80 rot=NaN,NaN,NaN visible=true fpArmsPos=0.00,0.00,0.00 @ http://localhost:3001/entities/Player.js:742
[   39413ms] [LOG] [Weapon] applyToMesh: recoilAngle=0.1 swayX=0 swayY=0 time=23.395799999999827 baseRot={x:undefined,y:undefined,z:undefined} type=object @ http://localhost:3001/items/Weapon.js:220
[   39432ms] [LOG] [Player] viewWeapon pos=0.25,-0.34,-0.80 rot=NaN,NaN,NaN visible=true fpArmsPos=0.00,0.00,0.00 @ http://localhost:3001/entities/Player.js:742
[   39432ms] [LOG] [Weapon] applyToMesh: recoilAngle=0.1 swayX=0 swayY=0 time=23.412799999999827 baseRot={x:undefined,y:undefined,z:undefined} type=object @ http://localhost:3001/items/Weapon.js:220
[   39447ms] [LOG] [Player] viewWeapon pos=0.25,-0.34,-0.80 rot=NaN,NaN,NaN visible=true fpArmsPos=0.00,0.00,0.00 @ http://localhost:3001/entities/Player.js:742
[   39448ms] [LOG] [Weapon] applyToMesh: recoilAngle=0.1 swayX=0 swayY=0 time=23.43100000000001 baseRot={x:undefined,y:undefined,z:undefined} type=object @ http://localhost:3001/items/Weapon.js:220
[   39462ms] [LOG] [Player] viewWeapon pos=0.25,-0.34,-0.80 rot=NaN,NaN,NaN visible=true fpArmsPos=0.00,0.00,0.00 @ http://localhost:3001/entities/Player.js:742
[   39462ms] [LOG] [Weapon] applyToMesh: recoilAngle=0.1 swayX=0 swayY=0 time=23.445299999999826 baseRot={x:undefined,y:undefined,z:undefined} type=object @ http://localhost:3001/items/Weapon.js:220
[   39477ms] [LOG] [Player] viewWeapon pos=0.25,-0.34,-0.80 rot=NaN,NaN,NaN visible=true fpArmsPos=0.00,0.00,0.00 @ http://localhost:3001/entities/Player.js:742
[   39477ms] [LOG] [Weapon] applyToMesh: recoilAngle=0.1 swayX=0 swayY=0 time=23.460700000000198 baseRot={x:undefined,y:undefined,z:undefined} type=object @ http://localhost:3001/items/Weapon.js:220
[   39495ms] [LOG] [Player] viewWeapon pos=0.25,-0.34,-0.80 rot=NaN,NaN,NaN visible=true fpArmsPos=0.00,0.00,0.00 @ http://localhost:3001/entities/Player.js:742
[   39495ms] [LOG] [Weapon] applyToMesh: recoilAngle=0.1 swayX=0 swayY=0 time=23.4757000000002 baseRot={x:undefined,y:undefined,z:undefined} type=object @ http://localhost:3001/items/Weapon.js:220
[   39510ms] [LOG] [Player] viewWeapon pos=0.25,-0.34,-0.80 rot=NaN,NaN,NaN visible=true fpArmsPos=0.00,0.00,0.00 @ http://localhost:3001/entities/Player.js:742
[   39510ms] [LOG] [Weapon] applyToMesh: recoilAngle=0.1 swayX=0 swayY=0 time=23.49359999999964 baseRot={x:undefined,y:undefined,z:undefined} type=object @ http://localhost:3001/items/Weapon.js:220
[   39511ms] [LOG] [Player] after applyToMesh: rot=NaN,NaN,NaN baseRot=undef @ http://localhost:3001/entities/Player.js:781
[   39528ms] [LOG] [Player] viewWeapon pos=0.25,-0.34,-0.80 rot=NaN,NaN,NaN visible=true fpArmsPos=0.00,0.00,0.00 @ http://localhost:3001/entities/Player.js:742
[   39528ms] [LOG] [Weapon] applyToMesh: recoilAngle=0.1 swayX=0 swayY=0 time=23.510000000000012 baseRot={x:undefined,y:undefined,z:undefined} type=object @ http://localhost:3001/items/Weapon.js:220
[   39542ms] [LOG] [Player] viewWeapon pos=0.25,-0.34,-0.80 rot=NaN,NaN,NaN visible=true fpArmsPos=0.00,0.00,0.00 @ http://localhost:3001/entities/Player.js:742
[   39542ms] [LOG] [Weapon] applyToMesh: recoilAngle=0.1 swayX=0 swayY=0 time=23.52400000000001 baseRot={x:undefined,y:undefined,z:undefined} type=object @ http://localhost:3001/items/Weapon.js:220
[   39557ms] [LOG] [Player] viewWeapon pos=0.25,-0.34,-0.80 rot=NaN,NaN,NaN visible=true fpArmsPos=0.00,0.00,0.00 @ http://localhost:3001/entities/Player.js:742
[   39557ms] [LOG] [Weapon] applyToMesh: recoilAngle=0.1 swayX=0 swayY=0 time=23.540799999999827 baseRot={x:undefined,y:undefined,z:undefined} type=object @ http://localhost:3001/items/Weapon.js:220
[   39572ms] [LOG] [Player] viewWeapon pos=0.25,-0.34,-0.80 rot=NaN,NaN,NaN visible=true fpArmsPos=0.00,0.00,0.00 @ http://localhost:3001/entities/Player.js:742
[   39572ms] [LOG] [Weapon] applyToMesh: recoilAngle=0.1 swayX=0 swayY=0 time=23.555200000000198 baseRot={x:undefined,y:undefined,z:undefined} type=object @ http://localhost:3001/items/Weapon.js:220
[   39583ms] [LOG] [Player] viewWeapon pos=0.25,-0.34,-0.80 rot=NaN,NaN,NaN visible=true fpArmsPos=0.00,0.00,0.00 @ http://localhost:3001/entities/Player.js:742
[   39583ms] [LOG] [Weapon] applyToMesh: recoilAngle=0.1 swayX=0 swayY=0 time=23.5667000000002 baseRot={x:undefined,y:undefined,z:undefined} type=object @ http://localhost:3001/items/Weapon.js:220
[   39594ms] [LOG] [Player] viewWeapon pos=0.25,-0.34,-0.80 rot=NaN,NaN,NaN visible=true fpArmsPos=0.00,0.00,0.00 @ http://localhost:3001/entities/Player.js:742
[   39594ms] [LOG] [Weapon] applyToMesh: recoilAngle=0.1 swayX=0 swayY=0 time=23.577000000000012 baseRot={x:undefined,y:undefined,z:undefined} type=object @ http://localhost:3001/items/Weapon.js:220
[   39604ms] [LOG] [Player] viewWeapon pos=0.25,-0.34,-0.80 rot=NaN,NaN,NaN visible=true fpArmsPos=0.00,0.00,0.00 @ http://localhost:3001/entities/Player.js:742
[   39604ms] [LOG] [Weapon] applyToMesh: recoilAngle=0.1 swayX=0 swayY=0 time=23.587500000000013 baseRot={x:undefined,y:undefined,z:undefined} type=object @ http://localhost:3001/items/Weapon.js:220
[   39616ms] [LOG] [Player] viewWeapon pos=0.25,-0.34,-0.80 rot=NaN,NaN,NaN visible=true fpArmsPos=0.00,0.00,0.00 @ http://localhost:3001/entities/Player.js:742
[   39618ms] [LOG] [Weapon] applyToMesh: recoilAngle=0.1 swayX=0 swayY=0 time=23.600000000000012 baseRot={x:undefined,y:undefined,z:undefined} type=object @ http://localhost:3001/items/Weapon.js:220
[   39629ms] [LOG] [Player] viewWeapon pos=0.25,-0.34,-0.80 rot=NaN,NaN,NaN visible=true fpArmsPos=0.00,0.00,0.00 @ http://localhost:3001/entities/Player.js:742
[   39629ms] [LOG] [Weapon] applyToMesh: recoilAngle=0.1 swayX=0 swayY=0 time=23.6127000000002 baseRot={x:undefined,y:undefined,z:undefined} type=object @ http://localhost:3001/items/Weapon.js:220
[   39642ms] [LOG] [Player] viewWeapon pos=0.25,-0.34,-0.80 rot=NaN,NaN,NaN visible=true fpArmsPos=0.00,0.00,0.00 @ http://localhost:3001/entities/Player.js:742
[   39642ms] [LOG] [Weapon] applyToMesh: recoilAngle=0.1 swayX=0 swayY=0 time=23.625900000000385 baseRot={x:undefined,y:undefined,z:undefined} type=object @ http://localhost:3001/items/Weapon.js:220
[   39653ms] [LOG] [Player] viewWeapon pos=0.25,-0.34,-0.80 rot=NaN,NaN,NaN visible=true fpArmsPos=0.00,0.00,0.00 @ http://localhost:3001/entities/Player.js:742
[   39653ms] [LOG] [Weapon] applyToMesh: recoilAngle=0.1 swayX=0 swayY=0 time=23.636799999999827 baseRot={x:undefined,y:undefined,z:undefined} type=object @ http://localhost:3001/items/Weapon.js:220
[   39667ms] [LOG] [Player] viewWeapon pos=0.25,-0.34,-0.80 rot=NaN,NaN,NaN visible=true fpArmsPos=0.00,0.00,0.00 @ http://localhost:3001/entities/Player.js:742
[   39668ms] [LOG] [Weapon] applyToMesh: recoilAngle=0.1 swayX=0 swayY=0 time=23.650799999999826 baseRot={x:undefined,y:undefined,z:undefined} type=object @ http://localhost:3001/items/Weapon.js:220
[   39680ms] [LOG] [Player] viewWeapon pos=0.25,-0.34,-0.80 rot=NaN,NaN,NaN visible=true fpArmsPos=0.00,0.00,0.00 @ http://localhost:3001/entities/Player.js:742
[   39681ms] [LOG] [Weapon] applyToMesh: recoilAngle=0.1 swayX=0 swayY=0 time=23.663400000000387 baseRot={x:undefined,y:undefined,z:undefined} type=object @ http://localhost:3001/items/Weapon.js:220
[   39692ms] [LOG] [Player] viewWeapon pos=0.25,-0.34,-0.80 rot=NaN,NaN,NaN visible=true fpArmsPos=0.00,0.00,0.00 @ http://localhost:3001/entities/Player.js:742
[   39692ms] [LOG] [Weapon] applyToMesh: recoilAngle=0.1 swayX=0 swayY=0 time=23.67529999999983 baseRot={x:undefined,y:undefined,z:undefined} type=object @ http://localhost:3001/items/Weapon.js:220
[   39704ms] [LOG] [Player] viewWeapon pos=0.25,-0.34,-0.80 rot=NaN,NaN,NaN visible=true fpArmsPos=0.00,0.00,0.00 @ http://localhost:3001/entities/Player.js:742
[   39704ms] [LOG] [Weapon] applyToMesh: recoilAngle=0.1 swayX=0 swayY=0 time=23.687400000000387 baseRot={x:undefined,y:undefined,z:undefined} type=object @ http://localhost:3001/items/Weapon.js:220
[   39716ms] [LOG] [Player] viewWeapon pos=0.25,-0.34,-0.80 rot=NaN,NaN,NaN visible=true fpArmsPos=0.00,0.00,0.00 @ http://localhost:3001/entities/Player.js:742
[   39716ms] [LOG] [Weapon] applyToMesh: recoilAngle=0.1 swayX=0 swayY=0 time=23.700000000000014 baseRot={x:undefined,y:undefined,z:undefined} type=object @ http://localhost:3001/items/Weapon.js:220
[   39726ms] [LOG] [Player] viewWeapon pos=0.25,-0.34,-0.80 rot=NaN,NaN,NaN visible=true fpArmsPos=0.00,0.00,0.00 @ http://localhost:3001/entities/Player.js:742
[   39727ms] [LOG] [Weapon] applyToMesh: recoilAngle=0.1 swayX=0 swayY=0 time=23.710099999999642 baseRot={x:undefined,y:undefined,z:undefined} type=object @ http://localhost:3001/items/Weapon.js:220
[   39737ms] [LOG] [Player] viewWeapon pos=0.25,-0.34,-0.80 rot=NaN,NaN,NaN visible=true fpArmsPos=0.00,0.00,0.00 @ http://localhost:3001/entities/Player.js:742
[   39738ms] [LOG] [Weapon] applyToMesh: recoilAngle=0.1 swayX=0 swayY=0 time=23.721200000000202 baseRot={x:undefined,y:undefined,z:undefined} type=object @ http://localhost:3001/items/Weapon.js:220
[   39746ms] [LOG] [Player] viewWeapon pos=0.25,-0.34,-0.80 rot=NaN,NaN,NaN visible=true fpArmsPos=0.00,0.00,0.00 @ http://localhost:3001/entities/Player.js:742
[   39746ms] [LOG] [Weapon] applyToMesh: recoilAngle=0.1 swayX=0 swayY=0 time=23.729500000000016 baseRot={x:undefined,y:undefined,z:undefined} type=object @ http://localhost:3001/items/Weapon.js:220
[   39754ms] [LOG] [Player] viewWeapon pos=0.25,-0.34,-0.80 rot=NaN,NaN,NaN visible=true fpArmsPos=0.00,0.00,0.00 @ http://localhost:3001/entities/Player.js:742
[   39754ms] [LOG] [Weapon] applyToMesh: recoilAngle=0.1 swayX=0 swayY=0 time=23.73779999999983 baseRot={x:undefined,y:undefined,z:undefined} type=object @ http://localhost:3001/items/Weapon.js:220
[   39768ms] [LOG] [Player] viewWeapon pos=0.25,-0.34,-0.80 rot=NaN,NaN,NaN visible=true fpArmsPos=0.00,0.00,0.00 @ http://localhost:3001/entities/Player.js:742
[   39768ms] [LOG] [Weapon] applyToMesh: recoilAngle=0.1 swayX=0 swayY=0 time=23.75129999999983 baseRot={x:undefined,y:undefined,z:undefined} type=object @ http://localhost:3001/items/Weapon.js:220
[   39778ms] [LOG] [Player] viewWeapon pos=0.25,-0.34,-0.80 rot=NaN,NaN,NaN visible=true fpArmsPos=0.00,0.00,0.00 @ http://localhost:3001/entities/Player.js:742
[   39778ms] [LOG] [Weapon] applyToMesh: recoilAngle=0.1 swayX=0 swayY=0 time=23.761099999999644 baseRot={x:undefined,y:undefined,z:undefined} type=object @ http://localhost:3001/items/Weapon.js:220
[   39786ms] [LOG] [Player] viewWeapon pos=0.25,-0.34,-0.80 rot=NaN,NaN,NaN visible=true fpArmsPos=0.00,0.00,0.00 @ http://localhost:3001/entities/Player.js:742
[   39786ms] [LOG] [Weapon] applyToMesh: recoilAngle=0.1 swayX=0 swayY=0 time=23.769700000000203 baseRot={x:undefined,y:undefined,z:undefined} type=object @ http://localhost:3001/items/Weapon.js:220
[   39795ms] [LOG] [Player] viewWeapon pos=0.25,-0.34,-0.80 rot=NaN,NaN,NaN visible=true fpArmsPos=0.00,0.00,0.00 @ http://localhost:3001/entities/Player.js:742
[   39795ms] [LOG] [Weapon] applyToMesh: recoilAngle=0.1 swayX=0 swayY=0 time=23.778599999999646 baseRot={x:undefined,y:undefined,z:undefined} type=object @ http://localhost:3001/items/Weapon.js:220
[   39807ms] [LOG] [Player] viewWeapon pos=0.25,-0.34,-0.80 rot=NaN,NaN,NaN visible=true fpArmsPos=0.00,0.00,0.00 @ http://localhost:3001/entities/Player.js:742
[   39807ms] [LOG] [Weapon] applyToMesh: recoilAngle=0.1 swayX=0 swayY=0 time=23.78990000000039 baseRot={x:undefined,y:undefined,z:undefined} type=object @ http://localhost:3001/items/Weapon.js:220
[   39817ms] [LOG] [Player] viewWeapon pos=0.25,-0.34,-0.80 rot=NaN,NaN,NaN visible=true fpArmsPos=0.00,0.00,0.00 @ http://localhost:3001/entities/Player.js:742
[   39818ms] [LOG] [Weapon] applyToMesh: recoilAngle=0.1 swayX=0 swayY=0 time=23.801099999999646 baseRot={x:undefined,y:undefined,z:undefined} type=object @ http://localhost:3001/items/Weapon.js:220
[   39826ms] [LOG] [Player] viewWeapon pos=0.25,-0.34,-0.80 rot=NaN,NaN,NaN visible=true fpArmsPos=0.00,0.00,0.00 @ http://localhost:3001/entities/Player.js:742
[   39827ms] [LOG] [Weapon] applyToMesh: recoilAngle=0.1 swayX=0 swayY=0 time=23.80990000000039 baseRot={x:undefined,y:undefined,z:undefined} type=object @ http://localhost:3001/items/Weapon.js:220
[   39835ms] [LOG] [Player] viewWeapon pos=0.25,-0.34,-0.80 rot=NaN,NaN,NaN visible=true fpArmsPos=0.00,0.00,0.00 @ http://localhost:3001/entities/Player.js:742
[   39835ms] [LOG] [Weapon] applyToMesh: recoilAngle=0.1 swayX=0 swayY=0 time=23.818599999999645 baseRot={x:undefined,y:undefined,z:undefined} type=object @ http://localhost:3001/items/Weapon.js:220
[   39843ms] [LOG] [Player] viewWeapon pos=0.25,-0.34,-0.80 rot=NaN,NaN,NaN visible=true fpArmsPos=0.00,0.00,0.00 @ http://localhost:3001/entities/Player.js:742
[   39843ms] [LOG] [Weapon] applyToMesh: recoilAngle=0.1 swayX=0 swayY=0 time=23.826200000000203 baseRot={x:undefined,y:undefined,z:undefined} type=object @ http://localhost:3001/items/Weapon.js:220
[   39851ms] [LOG] [Player] viewWeapon pos=0.25,-0.34,-0.80 rot=NaN,NaN,NaN visible=true fpArmsPos=0.00,0.00,0.00 @ http://localhost:3001/entities/Player.js:742
[   39851ms] [LOG] [Weapon] applyToMesh: recoilAngle=0.1 swayX=0 swayY=0 time=23.834500000000016 baseRot={x:undefined,y:undefined,z:undefined} type=object @ http://localhost:3001/items/Weapon.js:220
[   39859ms] [LOG] [Player] viewWeapon pos=0.25,-0.34,-0.80 rot=NaN,NaN,NaN visible=true fpArmsPos=0.00,0.00,0.00 @ http://localhost:3001/entities/Player.js:742
[   39859ms] [LOG] [Weapon] applyToMesh: recoilAngle=0.1 swayX=0 swayY=0 time=23.842599999999642 baseRot={x:undefined,y:undefined,z:undefined} type=object @ http://localhost:3001/items/Weapon.js:220
[   39871ms] [LOG] [Player] viewWeapon pos=0.25,-0.34,-0.80 rot=NaN,NaN,NaN visible=true fpArmsPos=0.00,0.00,0.00 @ http://localhost:3001/entities/Player.js:742
[   39871ms] [LOG] [Weapon] applyToMesh: recoilAngle=0.1 swayX=0 swayY=0 time=23.854500000000016 baseRot={x:undefined,y:undefined,z:undefined} type=object @ http://localhost:3001/items/Weapon.js:220
[   39879ms] [LOG] [Player] viewWeapon pos=0.25,-0.34,-0.80 rot=NaN,NaN,NaN visible=true fpArmsPos=0.00,0.00,0.00 @ http://localhost:3001/entities/Player.js:742
[   39879ms] [LOG] [Weapon] applyToMesh: recoilAngle=0.1 swayX=0 swayY=0 time=23.862900000000387 baseRot={x:undefined,y:undefined,z:undefined} type=object @ http://localhost:3001/items/Weapon.js:220
[   39889ms] [LOG] [Player] viewWeapon pos=0.25,-0.34,-0.80 rot=NaN,NaN,NaN visible=true fpArmsPos=0.00,0.00,0.00 @ http://localhost:3001/entities/Player.js:742
[   39889ms] [LOG] [Weapon] applyToMesh: recoilAngle=0.1 swayX=0 swayY=0 time=23.873000000000015 baseRot={x:undefined,y:undefined,z:undefined} type=object @ http://localhost:3001/items/Weapon.js:220
[   39890ms] [LOG] [Player] after applyToMesh: rot=NaN,NaN,NaN baseRot=undef @ http://localhost:3001/entities/Player.js:781
[   39898ms] [LOG] [Player] viewWeapon pos=0.25,-0.34,-0.80 rot=NaN,NaN,NaN visible=true fpArmsPos=0.00,0.00,0.00 @ http://localhost:3001/entities/Player.js:742
[   39898ms] [LOG] [Weapon] applyToMesh: recoilAngle=0.1 swayX=0 swayY=0 time=23.881500000000017 baseRot={x:undefined,y:undefined,z:undefined} type=object @ http://localhost:3001/items/Weapon.js:220
[   39907ms] [LOG] [Player] viewWeapon pos=0.25,-0.34,-0.80 rot=NaN,NaN,NaN visible=true fpArmsPos=0.00,0.00,0.00 @ http://localhost:3001/entities/Player.js:742
[   39908ms] [LOG] [Weapon] applyToMesh: recoilAngle=0.1 swayX=0 swayY=0 time=23.891000000000016 baseRot={x:undefined,y:undefined,z:undefined} type=object @ http://localhost:3001/items/Weapon.js:220
[   39916ms] [LOG] [Player] viewWeapon pos=0.25,-0.34,-0.80 rot=NaN,NaN,NaN visible=true fpArmsPos=0.00,0.00,0.00 @ http://localhost:3001/entities/Player.js:742
[   39916ms] [LOG] [Weapon] applyToMesh: recoilAngle=0.1 swayX=0 swayY=0 time=23.899500000000018 baseRot={x:undefined,y:undefined,z:undefined} type=object @ http://localhost:3001/items/Weapon.js:220
[   39926ms] [LOG] [Player] viewWeapon pos=0.25,-0.34,-0.80 rot=NaN,NaN,NaN visible=true fpArmsPos=0.00,0.00,0.00 @ http://localhost:3001/entities/Player.js:742
[   39926ms] [LOG] [Weapon] applyToMesh: recoilAngle=0.1 swayX=0 swayY=0 time=23.909599999999646 baseRot={x:undefined,y:undefined,z:undefined} type=object @ http://localhost:3001/items/Weapon.js:220
[   39936ms] [LOG] [Player] viewWeapon pos=0.25,-0.34,-0.80 rot=NaN,NaN,NaN visible=true fpArmsPos=0.00,0.00,0.00 @ http://localhost:3001/entities/Player.js:742
[   39937ms] [LOG] [Weapon] applyToMesh: recoilAngle=0.1 swayX=0 swayY=0 time=23.92000000000002 baseRot={x:undefined,y:undefined,z:undefined} type=object @ http://localhost:3001/items/Weapon.js:220
[   39945ms] [LOG] [Player] viewWeapon pos=0.25,-0.34,-0.80 rot=NaN,NaN,NaN visible=true fpArmsPos=0.00,0.00,0.00 @ http://localhost:3001/entities/Player.js:742
[   39945ms] [LOG] [Weapon] applyToMesh: recoilAngle=0.1 swayX=0 swayY=0 time=23.928599999999648 baseRot={x:undefined,y:undefined,z:undefined} type=object @ http://localhost:3001/items/Weapon.js:220
[   39953ms] [LOG] [Player] viewWeapon pos=0.25,-0.34,-0.80 rot=NaN,NaN,NaN visible=true fpArmsPos=0.00,0.00,0.00 @ http://localhost:3001/entities/Player.js:742
[   39953ms] [LOG] [Weapon] applyToMesh: recoilAngle=0.1 swayX=0 swayY=0 time=23.93709999999965 baseRot={x:undefined,y:undefined,z:undefined} type=object @ http://localhost:3001/items/Weapon.js:220
[   39965ms] [LOG] [Player] viewWeapon pos=0.25,-0.34,-0.80 rot=NaN,NaN,NaN visible=true fpArmsPos=0.00,0.00,0.00 @ http://localhost:3001/entities/Player.js:742
[   39965ms] [LOG] [Weapon] applyToMesh: recoilAngle=0.1 swayX=0 swayY=0 time=23.948799999999835 baseRot={x:undefined,y:undefined,z:undefined} type=object @ http://localhost:3001/items/Weapon.js:220
[   39973ms] [LOG] [Player] viewWeapon pos=0.25,-0.34,-0.80 rot=NaN,NaN,NaN visible=true fpArmsPos=0.00,0.00,0.00 @ http://localhost:3001/entities/Player.js:742
[   39973ms] [LOG] [Weapon] applyToMesh: recoilAngle=0.1 swayX=0 swayY=0 time=23.95709999999965 baseRot={x:undefined,y:undefined,z:undefined} type=object @ http://localhost:3001/items/Weapon.js:220
[   39982ms] [LOG] [Player] viewWeapon pos=0.25,-0.34,-0.80 rot=NaN,NaN,NaN visible=true fpArmsPos=0.00,0.00,0.00 @ http://localhost:3001/entities/Player.js:742
[   39982ms] [LOG] [Weapon] applyToMesh: recoilAngle=0.1 swayX=0 swayY=0 time=23.96550000000002 baseRot={x:undefined,y:undefined,z:undefined} type=object @ http://localhost:3001/items/Weapon.js:220
[   39991ms] [LOG] [Player] viewWeapon pos=0.25,-0.34,-0.80 rot=NaN,NaN,NaN visible=true fpArmsPos=0.00,0.00,0.00 @ http://localhost:3001/entities/Player.js:742
[   39991ms] [LOG] [Weapon] applyToMesh: recoilAngle=0.1 swayX=0 swayY=0 time=23.974900000000392 baseRot={x:undefined,y:undefined,z:undefined} type=object @ http://localhost:3001/items/Weapon.js:220
[   40001ms] [LOG] [Player] viewWeapon pos=0.25,-0.34,-0.80 rot=NaN,NaN,NaN visible=true fpArmsPos=0.00,0.00,0.00 @ http://localhost:3001/entities/Player.js:742
[   40001ms] [LOG] [Weapon] applyToMesh: recoilAngle=0.1 swayX=0 swayY=0 time=23.984700000000206 baseRot={x:undefined,y:undefined,z:undefined} type=object @ http://localhost:3001/items/Weapon.js:220
[   40012ms] [LOG] [Player] viewWeapon pos=0.25,-0.34,-0.80 rot=NaN,NaN,NaN visible=true fpArmsPos=0.00,0.00,0.00 @ http://localhost:3001/entities/Player.js:742
[   40012ms] [LOG] [Weapon] applyToMesh: recoilAngle=0.1 swayX=0 swayY=0 time=23.995599999999648 baseRot={x:undefined,y:undefined,z:undefined} type=object @ http://localhost:3001/items/Weapon.js:220
[   40021ms] [LOG] [Player] viewWeapon pos=0.25,-0.34,-0.80 rot=NaN,NaN,NaN visible=true fpArmsPos=0.00,0.00,0.00 @ http://localhost:3001/entities/Player.js:742
[   40021ms] [LOG] [Weapon] applyToMesh: recoilAngle=0.1 swayX=0 swayY=0 time=24.00409999999965 baseRot={x:undefined,y:undefined,z:undefined} type=object @ http://localhost:3001/items/Weapon.js:220
[   40031ms] [LOG] [Player] viewWeapon pos=0.25,-0.34,-0.80 rot=NaN,NaN,NaN visible=true fpArmsPos=0.00,0.00,0.00 @ http://localhost:3001/entities/Player.js:742
[   40031ms] [LOG] [Weapon] applyToMesh: recoilAngle=0.1 swayX=0 swayY=0 time=24.014700000000207 baseRot={x:undefined,y:undefined,z:undefined} type=object @ http://localhost:3001/items/Weapon.js:220
[   40042ms] [LOG] [Player] viewWeapon pos=0.25,-0.34,-0.80 rot=NaN,NaN,NaN visible=true fpArmsPos=0.00,0.00,0.00 @ http://localhost:3001/entities/Player.js:742
[   40042ms] [LOG] [Weapon] applyToMesh: recoilAngle=0.1 swayX=0 swayY=0 time=24.02509999999965 baseRot={x:undefined,y:undefined,z:undefined} type=object @ http://localhost:3001/items/Weapon.js:220
[   40049ms] [LOG] [Player] viewWeapon pos=0.25,-0.34,-0.80 rot=NaN,NaN,NaN visible=true fpArmsPos=0.00,0.00,0.00 @ http://localhost:3001/entities/Player.js:742
[   40050ms] [LOG] [Weapon] applyToMesh: recoilAngle=0.1 swayX=0 swayY=0 time=24.03309999999965 baseRot={x:undefined,y:undefined,z:undefined} type=object @ http://localhost:3001/items/Weapon.js:220
[   40061ms] [LOG] [Player] viewWeapon pos=0.25,-0.34,-0.80 rot=NaN,NaN,NaN visible=true fpArmsPos=0.00,0.00,0.00 @ http://localhost:3001/entities/Player.js:742
[   40061ms] [LOG] [Weapon] applyToMesh: recoilAngle=0.1 swayX=0 swayY=0 time=24.044400000000394 baseRot={x:undefined,y:undefined,z:undefined} type=object @ http://localhost:3001/items/Weapon.js:220
[   40070ms] [LOG] [Player] viewWeapon pos=0.25,-0.34,-0.80 rot=NaN,NaN,NaN visible=true fpArmsPos=0.00,0.00,0.00 @ http://localhost:3001/entities/Player.js:742
[   40070ms] [LOG] [Weapon] applyToMesh: recoilAngle=0.1 swayX=0 swayY=0 time=24.05309999999965 baseRot={x:undefined,y:undefined,z:undefined} type=object @ http://localhost:3001/items/Weapon.js:220
[   40078ms] [LOG] [Player] viewWeapon pos=0.25,-0.34,-0.80 rot=NaN,NaN,NaN visible=true fpArmsPos=0.00,0.00,0.00 @ http://localhost:3001/entities/Player.js:742
[   40078ms] [LOG] [Weapon] applyToMesh: recoilAngle=0.1 swayX=0 swayY=0 time=24.06150000000002 baseRot={x:undefined,y:undefined,z:undefined} type=object @ http://localhost:3001/items/Weapon.js:220
[   40088ms] [LOG] [Player] viewWeapon pos=0.25,-0.34,-0.80 rot=NaN,NaN,NaN visible=true fpArmsPos=0.00,0.00,0.00 @ http://localhost:3001/entities/Player.js:742
[   40088ms] [LOG] [Weapon] applyToMesh: recoilAngle=0.1 swayX=0 swayY=0 time=24.071299999999834 baseRot={x:undefined,y:undefined,z:undefined} type=object @ http://localhost:3001/items/Weapon.js:220
[   40098ms] [LOG] [Player] viewWeapon pos=0.25,-0.34,-0.80 rot=NaN,NaN,NaN visible=true fpArmsPos=0.00,0.00,0.00 @ http://localhost:3001/entities/Player.js:742
[   40098ms] [LOG] [Weapon] applyToMesh: recoilAngle=0.1 swayX=0 swayY=0 time=24.08150000000002 baseRot={x:undefined,y:undefined,z:undefined} type=object @ http://localhost:3001/items/Weapon.js:220
[   40107ms] [LOG] [Player] viewWeapon pos=0.25,-0.34,-0.80 rot=NaN,NaN,NaN visible=true fpArmsPos=0.00,0.00,0.00 @ http://localhost:3001/entities/Player.js:742
[   40107ms] [LOG] [Weapon] applyToMesh: recoilAngle=0.1 swayX=0 swayY=0 time=24.090900000000392 baseRot={x:undefined,y:undefined,z:undefined} type=object @ http://localhost:3001/items/Weapon.js:220
[   40115ms] [LOG] [Player] viewWeapon pos=0.25,-0.34,-0.80 rot=NaN,NaN,NaN visible=true fpArmsPos=0.00,0.00,0.00 @ http://localhost:3001/entities/Player.js:742
[   40116ms] [LOG] [Weapon] applyToMesh: recoilAngle=0.1 swayX=0 swayY=0 time=24.099299999999833 baseRot={x:undefined,y:undefined,z:undefined} type=object @ http://localhost:3001/items/Weapon.js:220
[   40123ms] [LOG] [Player] viewWeapon pos=0.25,-0.34,-0.80 rot=NaN,NaN,NaN visible=true fpArmsPos=0.00,0.00,0.00 @ http://localhost:3001/entities/Player.js:742
[   40123ms] [LOG] [Weapon] applyToMesh: recoilAngle=0.1 swayX=0 swayY=0 time=24.107000000000017 baseRot={x:undefined,y:undefined,z:undefined} type=object @ http://localhost:3001/items/Weapon.js:220
[   40131ms] [LOG] [Player] viewWeapon pos=0.25,-0.34,-0.80 rot=NaN,NaN,NaN visible=true fpArmsPos=0.00,0.00,0.00 @ http://localhost:3001/entities/Player.js:742
[   40131ms] [LOG] [Weapon] applyToMesh: recoilAngle=0.1 swayX=0 swayY=0 time=24.11490000000039 baseRot={x:undefined,y:undefined,z:undefined} type=object @ http://localhost:3001/items/Weapon.js:220
[   40139ms] [LOG] [Player] viewWeapon pos=0.25,-0.34,-0.80 rot=NaN,NaN,NaN visible=true fpArmsPos=0.00,0.00,0.00 @ http://localhost:3001/entities/Player.js:742
[   40139ms] [LOG] [Weapon] applyToMesh: recoilAngle=0.1 swayX=0 swayY=0 time=24.122700000000204 baseRot={x:undefined,y:undefined,z:undefined} type=object @ http://localhost:3001/items/Weapon.js:220
[   40146ms] [LOG] [Player] viewWeapon pos=0.25,-0.34,-0.80 rot=NaN,NaN,NaN visible=true fpArmsPos=0.00,0.00,0.00 @ http://localhost:3001/entities/Player.js:742
[   40146ms] [LOG] [Weapon] applyToMesh: recoilAngle=0.1 swayX=0 swayY=0 time=24.129799999999832 baseRot={x:undefined,y:undefined,z:undefined} type=object @ http://localhost:3001/items/Weapon.js:220
[   40156ms] [LOG] [Player] viewWeapon pos=0.25,-0.34,-0.80 rot=NaN,NaN,NaN visible=true fpArmsPos=0.00,0.00,0.00 @ http://localhost:3001/entities/Player.js:742
[   40156ms] [LOG] [Weapon] applyToMesh: recoilAngle=0.1 swayX=0 swayY=0 time=24.139400000000393 baseRot={x:undefined,y:undefined,z:undefined} type=object @ http://localhost:3001/items/Weapon.js:220
[   40164ms] [LOG] [Player] viewWeapon pos=0.25,-0.34,-0.80 rot=NaN,NaN,NaN visible=true fpArmsPos=0.00,0.00,0.00 @ http://localhost:3001/entities/Player.js:742
[   40164ms] [LOG] [Weapon] applyToMesh: recoilAngle=0.1 swayX=0 swayY=0 time=24.14800000000002 baseRot={x:undefined,y:undefined,z:undefined} type=object @ http://localhost:3001/items/Weapon.js:220
